PG.ProteinAccessions	NCD1	NCD2	NCD3	NCD4	HFD1	HFD2	HFD3	HFD4	HFD+LEf-M1	HFD+LEf-M2	HFD+LEf-M3	HFD+LEf-M4	HFD+LEf-H1	HFD+LEf-H2	HFD+LEf-H3	HFD+LEf-H4
A0A0B4J1G0	21.9926281	0	0	0	26.21913147	63.21511841	112.3825836	47.51195145	57.26134491	24.51990318	37.66942215	0	0	78.70339203	31.26231003	0
A0A0G2JDV3	45.14503098	78.30323792	0	0	68.13237	34.02627563	55.19091034	74.15913391	0	0	0	62.93530273	45.38018036	111.2344666	0	279.7221985
A0A140LIF8	30.56372452	89.116539	66.90239716	57.10767365	184.9984894	49.3697052	29.3743248	201.3688202	0	76.53734589	0	14.66457748	54.78929138	91.07824707	65.33673859	217.9844666
A0JNU3	590.2568359	746.7251587	783.5441284	641.3045654	550.201355	543.6970215	338.3148193	736.7105713	403.8614807	589.6847534	615.0627441	565.5291748	558.3007813	551.1337891	669.4769287	640.168396
A1IGU4	0	0	0	0	0	0	73.50246429	0	0	0	0	0	0	0	0	0
A1L314	94.27809143	48.50188065	0	69.08752441	184.27771	82.28082275	520.7374878	162.0167999	0	74.28314209	99.94900513	160.631012	44.04050446	137.8019867	103.9916534	188.9545288
A2A432	86.42655182	72.46793365	80.06925964	94.58301544	175.3759918	64.509758	192.308075	93.84390259	52.32975388	59.10778427	50.64780426	74.08560944	78.55089569	130.1079712	104.2277908	212.7180328
A2A4P0	0	0	0	15.24974823	0	50.82891083	68.64276886	0	79.13813019	45.23257065	0	0	0	0	0	0
A2A5R2	84.77206421	97.20532227	73.6565094	114.3172684	98.58411407	60.45314407	65.89093018	113.874733	69.92739868	80.55444336	89.12767792	50.05641937	82.11747742	72.54998779	71.85588074	123.7221756
A2A8L5	26.05946541	33.11969757	21.44692802	19.12991905	13.04212761	16.09289932	0	0	21.86117744	73.24594116	0	10.17035389	20.54661369	34.13697815	10.50382328	0
A2A8U2	0	0	37.95252228	36.49411774	30.08336258	67.30748749	41.05997849	56.84373474	17.44891548	64.0664978	2.217855453	35.58064651	47.06229019	26.26281357	0	0
A2A8Z1	88.76218414	149.6569672	100.3258438	49.03544998	131.4054718	106.8699722	149.5976868	102.6313553	118.5484772	93.78359985	50.91094971	60.55363846	63.41197968	58.81109619	63.71869659	306.0696411
A2A974	2961.42749	6444.085938	5022.22998	5375.601074	4160.82666	6177.933105	3373.306885	5671.466309	5122.152832	4687.363281	3850.177979	4428.705078	4792.334473	3007.238281	6713.168945	4985.800781
A2AAJ9	625.5210571	271.453064	256.5435486	439.5226135	446.0559998	884.6480103	290.2687988	580.4862061	323.0472412	543.8704224	558.8004761	777.7316895	514.3370361	429.2240906	421.7167358	0
A2AAY5	0	0	0	0	15.81681919	0	162.8130493	23.21360779	56.82886505	0	0	15.53835201	0	55.89877701	0	0
A2ADY9	935.7147827	1145.24231	893.9129639	708.3251343	765.3049927	866.7114868	846.4158325	696.2038574	868.4836426	854.6644897	828.7456055	1060.358276	895.1500854	796.4123535	898.8827515	970.7435303
A2AGT5	75.11116028	142.2120209	92.4333725	108.8524857	54.43357468	94.43963623	147.4705963	92.71355438	136.9159851	105.6701355	168.3168793	77.34368896	125.8372269	46.4648819	85.18084717	65.17539215
A2AIL4	147.088913	144.1858673	320.9549561	198.8096924	109.6638947	106.7357635	136.5409241	188.0990295	154.4979553	272.655365	79.99146271	161.1166382	154.0588379	300.4691162	177.3105011	140.6623688
A2AJ88	23.94563675	0	57.56222916	0	15.1583519	4.190680504	28.05734634	65.30737305	12.81259823	0	73.11425781	0	63.26372528	0	12.04613304	0
A2AJL3	599.4003906	486.3618164	683.1867676	577.440918	661.9562378	639.8414307	427.3579712	542.5800781	595.1077271	595.7834473	565.354248	697.7803955	541.109375	577.3702393	535.4865723	835.8787842
A2AKG8	0	0	34.81319809	19.10969543	52.97486877	67.96960449	77.44124603	31.93093491	47.13144302	76.80836487	59.63459778	22.81836891	0	59.41173172	50.31917191	0
A2AKK5	279.0982666	400.6482849	403.9116516	286.8941345	617.6115112	438.1105347	428.8495789	509.8220825	327.0488892	383.7776184	269.3572998	475.8847046	349.6147156	408.0384216	329.0134888	457.3582764
A2ALW5	0	0	23.30565453	0	0	0	0	0	29.71678352	0	58.24044037	0	0	0	0	0
A2AN08	216.7432251	171.9020844	180.6088104	193.9240417	224.3861694	276.1558533	241.0029144	211.560318	205.3606262	215.2045746	213.1939697	237.3882599	196.4076538	223.0264587	176.738678	164.4291992
A2APY7	14.53655529	51.23661041	29.26645851	55.57131577	11.79623413	0	0	36.86328888	0	0	35.17440414	22.94114113	72.81607819	52.66143417	36.783741	0
A2AQ07	64.50106049	131.6943207	0	73.71538544	76.91249084	69.25414276	166.6488495	35.22189713	131.1429749	109.1166611	62.37093735	203.4264069	65.91609955	82.03103638	90.04401398	0
A2AQ25	0	0	0	38.36257553	0	43.88558578	76.315979	32.28551865	43.06348038	0	20.23350143	44.92350006	20.36416435	14.37958622	0	0
A2AR02	29.70177078	56.83359146	81.94734192	0	101.763443	77.85985565	142.9416656	79.24938965	35.73062515	92.37662506	105.9534073	135.3072205	47.22119141	52.12998199	151.2094269	0
A2AS89	3563.212158	3440.578857	2585.31543	4235.946289	2037.934082	3060.77124	1911.969849	1971.823975	2843.884033	3315.188477	3259.233887	3044.568604	2718.422363	3415.950684	3706.953857	1889.611938
A2ASQ1	70.28102112	222.1493225	33.45458221	54.72460556	58.60622787	52.97547531	73.26579285	17.98279381	20.11243248	64.5588913	28.23173714	39.81511307	60.12670898	55.16284943	18.88117218	0
A2ASZ8	153.4101563	179.5654449	171.3425293	171.0626831	97.73215485	105.5588303	61.096035	126.3405304	102.8812943	140.4684143	127.5514603	121.0089417	143.4680481	123.920723	141.3802795	172.5755463
A2AT37	63.84353256	62.98046112	79.53401184	80.21566772	132.759613	190.3263245	167.7668152	59.46428299	153.186142	149.8481445	143.5307465	144.39328	83.50623322	75.65315247	156.5310669	0
A2ATU0	1340.628418	1198.878418	1198.745483	1200.90979	754.546936	655.7768555	730.1351318	418.2561646	734.0432739	665.9415894	600.8946533	630.8668823	844.866272	652.9840088	802.6702881	1126.276001
A2AWA9	44.26890564	32.80441284	15.30882454	37.33786011	64.897995	34.98720932	57.19479752	57.36920929	64.87949371	24.73464394	69.08110046	57.46546555	54.32939529	20.9287281	49.47484207	45.65348816
A2BDX3	25.90261269	144.7886658	63.33861542	22.10231018	82.86995697	93.03875732	79.91277313	79.83961487	105.2226868	56.42811584	87.05531311	18.15862846	57.83002472	76.48252106	68.6574173	180.8094482
A2BE28	25.87551689	63.29396439	60.21748734	46.85228729	11.31388187	116.1081009	54.5002861	3.753415346	22.58628654	7.805018902	27.25496864	0	39.08043289	23.66649628	52.3884697	0
A2BIM8;P02762;P04938	60667.95313	61971.28516	56341.28516	63901.20313	18626.33203	142832.1563	17389.50586	79725.77344	134105.3594	63563.30469	59056.91406	104116.7813	61928.58984	59854.58203	80002.98438	55684.75391
A2RSQ0	28.12841606	0	57.96643829	16.03808403	36.62155533	48.62648392	36.82848358	9.202223778	30.27440453	9.398168564	3.225827456	51.61172867	22.86785698	65.96759033	20.9469471	0
A3KGB4	66.23343658	44.0789566	53.83327103	99.28665924	75.34626007	53.27124786	94.31536102	57.80834961	74.5502243	103.5443344	59.61309433	46.50960159	57.95556641	100.9220657	73.17995453	160.2787323
A3KMP2	2199.201904	2060.280762	1850.886841	1983.944824	1929.380493	1633.723633	1520.671387	1528.563843	1567.399048	1560.625	2289.658447	1708.631226	1643.886597	1540.805908	1741.456177	1580.164917
A4FUP9	0	0	0	0	40.02006149	0	0	0	0	62.44342041	0	0	0	0	0	0
A4UUI3	63.86565781	29.04350471	95.11656189	77.47842407	188.4413452	103.5847397	206.1271667	222.2468414	96.23931885	113.1054077	86.30131531	217.1339569	135.4413147	0	224.634903	0
A6H584	34.23680878	0	0	8.530890465	48.56293869	42.14056396	0	31.49794006	19.78160858	12.69634724	48.04045868	26.07179451	17.79833412	7.175686836	0	0
A6H611	229.9806519	225.7010651	161.7817688	160.4032135	169.9233551	225.876297	124.0106049	150.9318695	166.9109192	201.3038025	214.2940979	122.1541367	195.469162	125.3164368	226.6077576	204.4894104
A6H630	62.95650101	43.23970795	49.41340637	103.8743515	77.79147339	89.76972961	63.96440506	85.12974548	54.63287354	62.43081284	70.16555786	95.33016968	69.62180328	56.85089493	95.64699554	0
A6H8H2	93.22641754	176.6660004	84.85040283	77.82032013	145.588089	64.61515808	146.7189636	88.32421112	69.21257019	85.83441162	90.72296906	86.04447174	62.22247314	80.12866974	63.59243393	125.1830978
A6X919	28.81028557	0	76.51985931	59.81721878	70.37731171	49.22034836	79.72883606	156.9055328	68.01931763	235.4020081	66.52184296	61.62051392	132.2098694	113.5293427	126.4654999	173.6444702
A6X935	483.9185486	532.1394653	549.3840332	504.611145	626.0238647	581.1801147	1504.914307	702.7836914	520.6523438	483.9055481	586.1786499	907.2991943	490.7477722	483.233551	364.437439	454.7055054
A7MCT6	180.5207367	302.942688	157.8221741	151.5750275	293.3768616	166.6308594	53.52025986	98.80187988	56.50660706	108.878624	189.1520233	108.041481	116.5892792	187.0179596	129.8068085	60.78991318
B1AR13	57.61803055	199.5209045	155.9788666	12.02835083	62.12074661	157.0140839	66.20050049	39.08804321	127.5372772	105.7008209	186.4994354	77.82770538	27.17723465	140.4026794	90.94786835	62.24198151
B1AXP6	232.5898743	299.260376	162.2695618	164.8268433	123.3443604	72.14677429	90.44338226	123.7830811	139.6983948	137.9885864	84.1979599	118.7599869	211.5269928	122.9687729	192.5635529	139.852066
B1AY13	68.9599762	53.18925476	66.43926239	77.05580902	39.7209549	105.3544083	136.9798584	66.82807159	52.13789749	55.1319809	70.35844421	67.5087204	71.74596405	52.63369751	66.66635132	495.9179382
B1AZI6	134.9239655	70.90512085	57.93318939	115.5686874	161.1946106	117.2706909	225.0318298	112.7864761	130.0672913	135.5798035	109.9086456	62.12841797	98.13843536	94.18941498	123.6472702	115.5499725
B1AZP2	17.60256004	15.72250843	76.34580231	37.12774277	6.384338379	152.2201385	80.9048996	63.03593826	19.63362694	18.92586517	32.87111282	21.36232948	56.91930389	31.82526016	0	0
B2RQC6	173.9137268	132.1040649	151.8171387	189.2564545	168.7235413	206.5137177	319.9897156	222.4723663	191.8235168	158.9548645	165.5507965	158.1057892	106.8260574	135.9300842	153.0789185	392.5714417
B2RR83	0	0	31.67165184	26.80029106	50.24355316	16.49876213	32.27373886	46.50224304	10.07710838	21.46336365	5.806417942	16.96521759	0	27.44509506	12.31071854	0
B2RRE7	0	0	53.64022064	0	0	26.72571373	0	0	0	14.35025787	15.98884869	0	0	0	0	0
B2RSH2	0	0	37.68283463	0	0	40.83416748	92.5921936	44.40970612	32.06145477	0	35.91618729	41.32971954	0	17.97665787	0	0
B2RX12	211.5269165	275.9314575	207.8646851	293.3549194	280.8336792	186.2309723	363.0895996	360.1751099	232.0458374	229.3279877	271.1469421	243.8876953	217.1401978	252.9278107	206.5330658	457.8719788
B2RXC1	40.61281586	37.5491333	32.09116364	54.00067902	40.74019241	58.66283417	104.0423431	41.66980743	47.52347946	62.31040573	35.62966537	64.82436371	77.06164551	76.31905365	86.43449402	0
B2RXS4	109.6488495	172.947113	145.0222168	159.6361847	127.9297409	147.5754547	140.99823	166.2953339	106.4951172	176.5623169	107.8352127	121.8436584	142.5993042	137.8902893	146.6144409	230.9468689
B2RY56	206.3425903	154.3894043	142.6758881	99.12290955	180.1648102	129.603653	214.9821777	135.2601929	127.2144775	92.04824829	86.96252441	126.7286758	194.7261658	155.1494751	78.32693481	174.774292
B7ZMP1	299.3488159	373.4584351	271.9985352	284.0571289	220.701889	340.8982544	235.4694519	279.2254639	255.6579895	200.6156158	266.8017578	289.9152527	246.3938599	272.7929077	356.1672974	336.3682556
B8JK39	79.64808655	22.0369606	75.71704865	32.93208313	92.93469238	69.8864975	115.4408417	57.14823914	47.90895462	52.81147385	41.28525162	92.71062469	59.96712112	74.1554718	90.92586517	0
B9EJ80	92.47271729	25.35557365	0	85.63082123	111.3246536	38.43429947	107.6531677	95.73326874	0	81.08338928	58.201931	90.68076324	51.01200104	85.83267975	38.40419006	0
B9EJ86	136.9776154	151.89328	184.3000336	121.508316	175.8700562	146.8415985	181.3331299	178.1190491	151.0683594	167.6644592	159.7548065	113.4416733	122.0632629	100.5177536	136.3134003	236.8484802
C0HKD8;C0HKD9	0	0	0	0	0	0	253.160141	58.88554001	121.9805908	4.250685692	0	0	12.36079502	0	0	0
C0HKE1;C0HKE2;C0HKE3;C0HKE4;C0HKE5;C0HKE6;C0HKE7;C0HKE8;C0HKE9;Q8BFU2;Q8CGP5;Q8CGP6;Q8CGP7;Q8R1M2	43904.9375	48388.13672	47588.76953	46610.61328	60658.64063	51826.23047	102678.5938	46929.41797	41861.32422	56723.29297	46595.60938	54379.00391	48437.16016	47324.8125	45677.85547	77583.03125
C0HKG5;C0HKG6	396.6185303	369.7796326	440.8937683	529.3052979	423.9674377	433.015686	389.6819458	439.5018005	403.4242859	432.54245	516.8583374	355.29245	478.4756775	547.8085327	594.3612671	361.5965881
C0HLV9	22.79351807	55.92142105	0	32.76464081	23.86471176	0	0	13.87842751	10.81892395	0	0	12.15768242	0	0	6.651502609	0
D0QMC3	99.51122284	0	51.04888153	115.6491699	200.1744537	77.0565033	384.6150513	212.9515076	98.56511688	111.0926895	94.21369171	92.58705139	81.44478607	86.43722534	115.6003342	0
D3YXF5	67.97743988	141.9929047	56.37903595	25.69940948	189.168335	93.21313477	108.8657913	23.8860302	107.1548157	82.68954468	52.4419136	94.75743866	43.40658188	77.95508575	75.09011841	0
D3YXK2	183.1590271	105.2176208	168.4105835	133.6897278	172.4748688	122.913826	206.820755	130.1353455	94.94867706	168.1278992	191.2205963	143.4438782	129.5382843	149.4653625	89.45555115	143.193222
D3YYU8	0	0	0	0	3.269473314	0	15.03304577	5.390264034	0	0	0	0	0	15.6848793	0	25.66259766
D3Z4S3	37.07004547	19.13301849	21.45401573	62.93548584	41.63866806	7.045453548	38.92049789	10.98671913	40.63628769	0	24.32535744	41.31048965	27.81378746	18.39357376	45.31617355	0
D3Z6P0	0	0	0	0	68.77468872	0	162.6520386	0	46.98055649	0	0	0	0	0	0	0
D3Z6Q9	19.44280434	0	0	36.51775742	54.24224091	37.75724411	163.8641205	75.99666595	48.99669647	51.80594254	40.37431717	52.29352951	39.66932297	42.1270256	126.4460907	0
D3Z7P3	53.4221611	34.6713562	98.46329498	0	75.22725677	0	138.3975983	82.32408142	0	0	0	68.13278198	114.7141342	41.08215332	8.808990479	0
E9PV24	2627.070801	3811.12793	3713.497559	2760.263428	3278.934814	3626.240479	7163.912598	4539.592285	3478.25293	3731.274414	4122.398926	4330.79834	3581.638672	4324.826172	3390.56665	3774.814941
E9PVA8	245.4531555	279.0392151	255.7043152	281.6653748	260.2651978	329.4853821	211.9376373	285.3803101	287.3905029	246.0045166	277.1237488	297.2484131	293.481842	254.8438873	281.168396	441.4824829
E9PY61	91.26907349	108.6847534	138.0436554	194.2415161	10.08124161	184.6017914	70.45464325	85.61684418	19.71047401	195.3830109	128.8323364	10.78419876	148.1322632	7.712955475	80.32896423	0
E9PYK3	128.9325562	190.9924164	149.5895233	141.5406799	147.6995239	154.240509	212.4649658	168.5256195	159.2553864	174.8629761	136.8448944	159.3684082	163.7451935	121.2819824	87.98081207	274.3397217
E9PZJ8	77.06410217	57.65478897	75.98977661	64.64608765	88.35405731	87.98583984	73.03533936	115.4594421	34.16167068	57.11004639	55.76461792	67.86292267	97.66420746	85.62587738	56.32927704	0
E9Q0S6	286.4794617	175.4567871	167.733429	171.0478058	228.5085297	261.2771301	280.3180237	154.1190643	229.5959625	183.4570923	223.226181	208.7758484	181.1265411	211.0762177	227.2457886	252.2340088
E9Q137	32.26139069	140.6502991	68.95114899	142.3455048	50.8260994	188.1441345	134.1641083	210.6304016	45.08565521	188.6948547	128.4372253	46.41970444	75.76720428	116.5720139	236.2138062	115.8899384
E9Q236	63.92329025	36.86655045	115.6772003	0	60.38983536	57.82474136	127.7693939	67.10334778	53.43687439	60.72945023	93.80381012	51.13357925	95.30428314	73.32106781	24.79715347	0
E9Q238	26.22272491	27.25398445	59.57179642	68.17103577	58.92372513	29.19598389	56.31760025	59.12099075	44.30904388	0	39.6217804	44.20593262	50.76974106	79.23886871	56.36190414	0
E9Q394	15.99194622	0	0	63.42757416	35.10542297	46.61797714	50.08846283	18.83292198	0	34.22653961	22.81941795	8.522702217	40.87643051	63.75563049	43.35398483	0
E9Q3C1	146.4249268	156.3473663	178.025589	140.6361847	140.4423218	200.3726807	156.6725616	181.0011444	132.9178162	146.7837372	159.3946533	194.1651154	217.4321747	214.5223236	169.402298	148.0833893
E9Q3E1;J3QMK6;Q80VQ0	0	0	0	0	0	0	99.36995697	10.54326153	0	0	0	0	0	0	0	0
E9Q3L2	52.98059464	47.92556381	39.63509369	83.49810791	80.96970367	65.77926636	39.88007355	99.32556152	69.37519836	55.3919487	97.27611542	76.87406158	54.03308868	109.0600204	93.99780273	187.048996
E9Q414	1102.911987	1129.578003	1180.266113	1285.480957	1697.500122	1330.407837	1507.872192	1410.504028	1267.087036	1235.809692	1068.40979	1306.97583	1120.41272	1195.457153	1194.013184	1244.944336
E9Q4Z2	271.0106506	204.3886414	324.4639893	293.7224121	163.2091675	118.2696609	76.23368073	185.5417633	88.83141327	105.6826706	130.43013	104.1096191	110.1107712	105.5036011	206.4298706	82.80078125
E9Q555	77.06147003	135.7025452	131.2002258	129.0467682	151.9213715	164.6782684	304.447113	223.0815735	151.7767181	86.40081787	140.9281311	114.3403473	114.5183716	170.5427856	181.8593292	305.5911255
E9Q557	246.3657684	270.9570007	269.1593018	304.6741028	364.8266907	273.7965393	479.276886	354.279541	340.5713501	288.0744934	272.2990112	270.5184937	348.8821716	363.1807556	357.6399841	471.7851868
E9Q5C9	593.3015137	474.095459	344.2225952	237.6021729	218.0875092	282.9830017	498.6937866	80.10743713	150.0632019	118.4506836	156.8745117	120.4381256	209.8689728	355.8452148	245.7219086	291.2125854
E9Q5K4	2096.656738	2337.29126	2058.869873	2493.536133	1780.12561	2350.304443	1094.781616	856.5630493	1811.147095	2234.560547	1779.503784	1569.205078	2280.406982	1931.288452	2372.3396	2436.946777
E9Q634	88.3525238	79.23799133	165.2526855	132.1861267	180.0188446	117.6066589	168.7497711	127.4099579	77.41891479	131.2645416	72.83052063	115.2369614	85.55544281	119.3840942	90.2395401	128.7594604
E9Q6D8	85.39605713	150.0574646	162.2082825	152.480011	236.620224	294.7910156	172.9377594	168.3820038	205.9370575	177.4739532	165.4141693	173.7194977	188.5523071	158.8867645	173.8286285	188.9833679
E9Q735	165.9617462	147.6580353	111.9717102	149.6524963	147.3173523	192.6000061	244.1299896	224.4863586	135.1737518	140.9488983	177.2044373	178.5951996	153.1905518	172.655777	144.7732086	122.8899231
E9Q7G0	112.7740097	98.66999817	98.20302582	148.3157654	163.6253967	112.5269623	224.4374084	123.7024231	109.3355484	112.6766968	130.0024872	91.02300262	85.54261017	111.5485916	138.4928589	106.8310089
E9Q912	62.27372742	32.52161026	24.24135399	42.96492004	93.12223816	35.49729538	142.56427	139.1064758	70.03958893	97.79262543	52.81328583	68.86980438	55.06420898	71.40667725	47.8102951	123.7065887
E9QAM5	74.17536926	110.8731766	79.08208466	94.60462952	84.89810944	80.31884766	59.14662933	81.37552643	69.83133698	61.80298996	75.17678833	81.840271	72.67276001	54.88298035	56.90239334	181.7961426
E9QAT4	189.0953979	100.1275177	149.0997467	145.7392883	256.4562988	161.7398834	160.2012787	235.8074951	197.3990326	155.9142609	229.9919586	207.7566223	202.0023193	200.4945526	174.2942047	248.8612671
F6ZDS4	341.0029602	269.7136536	361.0209351	335.3289795	388.1559143	356.1046143	436.3249817	297.6135254	353.7911987	267.2211914	396.8226318	323.772583	291.5134277	295.8277283	274.0812683	279.175293
F8VPK0	114.2905807	187.5420685	123.1382217	105.7537308	84.35567474	115.5061417	176.9089203	105.5845337	119.8404312	99.98104095	101.0955658	133.7890778	89.30990601	113.9159775	140.2785645	275.0341187
F8VPU2	87.34313202	135.1596832	148.4472961	144.4578552	170.5638428	95.1032486	163.867157	116.7081985	141.7137604	215.6938934	262.0586548	128.4117279	143.5251465	147.4994354	185.7558136	263.9106445
G3X8U3	579.8117676	475.5125732	639.6572876	629.0990601	652.5547485	517.4829102	842.7219238	555.3242798	503.0760803	671.5150146	577.0742188	569.8215332	497.6748047	573.9584961	686.4333496	647.4414063
G3X982	3872.978516	4122.581543	4924.130859	4682.945801	3993.241699	5778.850098	2356.815918	3021.827637	6335.151855	5285.012695	4419.255371	5619.501465	4568.00293	5237.830078	5315.568359	5906.999512
G3X9K3	228.919632	168.6382904	241.1754608	176.7986755	232.3351898	269.2797546	230.1395721	249.5030975	146.8793488	224.305191	152.4947205	239.2387695	115.0687714	150.9398956	187.1515961	38.90710449
G5E829	172.8916626	166.6040955	161.5509491	172.1825714	272.2315979	217.4240875	296.8422546	228.0432434	176.8158417	193.6852264	125.203537	187.2491455	184.9040527	161.6396484	193.8843536	175.4366302
G5E870	96.08566284	49.07966232	51.51987839	103.2091751	98.94393921	69.45037079	178.0895386	116.6719055	120.435463	79.07455444	84.27502441	98.77716064	52.66046143	74.96592712	77.59181976	73.42307281
G5E872	0	0	0	0	138.3499756	0	0	156.5050964	0	538.8383179	0	0	209.526535	179.4853668	0	0
G5E897	84.11400604	29.61124611	63.96325684	35.75101089	107.7340622	63.49082947	79.60121918	96.41342163	91.54471588	54.98479462	83.26854706	75.71444702	80.37152863	120.3796463	84.82928467	175.4120483
G5E8K5	173.7397766	175.0494232	223.0294189	163.440094	305.494812	180.5728455	200.6126556	167.2091827	118.4064484	148.379837	201.3105774	155.9869385	158.2454376	178.4954529	203.285141	414.6487427
G5E8V9	407.5725098	252.7373505	173.2473907	277.3171997	537.3126221	452.1871643	520.1860962	427.5854797	307.2751465	359.6970825	191.288269	325.3232117	307.1539001	442.0108643	249.0007172	277.5735779
O08528	74.25295258	58.70773697	59.55353165	49.69137192	205.5289307	99.20189667	397.6737061	204.6240234	71.76147461	107.2889633	89.8679657	155.322998	89.85623932	90.73919678	129.3827972	140.2827454
O08529	237.6334839	294.8667908	221.6958466	253.0948486	355.4246826	323.77005	530.6856079	291.7238159	222.9810333	273.6815491	349.9599609	269.4741211	325.5123291	281.1146545	341.3947449	466.0577087
O08539	88.49069214	196.8304901	139.1042786	58.82697296	115.547821	133.4567413	261.1237488	175.3055878	90.97714233	129.3055267	175.6584473	212.0604401	154.3437042	154.939682	130.3831787	203.2626801
O08547	606.8243408	658.9510498	507.3214111	677.5241699	958.6651611	590.7150879	788.2860718	674.5715332	661.1681519	576.6176147	712.2547607	644.7113037	971.2697754	886.4782715	514.2629395	1109.010132
O08553	504.9208679	453.8404541	589.1188965	570.4341431	667.7423706	547.8627319	991.6226196	610.2564087	415.140625	510.4319763	531.0404663	595.8459473	814.1282959	532.468811	462.4154358	718.8395386
O08573	882.0898438	1239.992554	1121.575562	1179.900635	1099.951782	727.1003418	669.9519043	355.1950073	813.0258789	646.237854	1000.07251	1045.974731	1150.918701	559.6362915	1053.533813	821.8111572
O08579	70.51528168	43.02405548	37.78475189	55.7036438	81.63861847	91.91629791	191.2395782	103.7514496	55.14637375	68.17208862	48.76617813	67.85066223	65.58150482	86.88163757	142.5844727	69.01262665
O08582	65.28231812	32.60979843	0	40.35724258	50.19226074	61.05733871	87.30751038	18.00383377	59.74065018	15.54560661	34.22484207	27.15953445	82.53730011	46.49229813	39.45370865	0
O08583	698.1687012	493.8499756	633.2571411	465.4899292	572.8582764	643.1482544	1153.008179	509.4586182	366.041748	313.2611084	525.1745605	380.8954773	397.5892639	381.9012146	431.6127625	915.4790649
O08585	690.4779053	679.4782104	642.5231323	196.8437347	101.578949	729.0620728	531.3092651	379.2572632	262.2359619	925.1029663	511.6620178	912.7720337	602.2615356	543.1459961	712.1021729	761.6134644
O08586	71.17997742	73.6208725	42.11006165	80.77897644	60.0079689	68.26602173	65.26365662	42.83407593	57.5209465	70.55198669	46.05512238	10.41183662	40.16048813	40.44187927	40.39722824	177.7426758
O08600	1622.271973	1849.125488	1569.781006	1410.671875	773.5571899	763.8248291	616.8674316	630.5007935	915.550415	826.4390259	1034.536133	773.4182739	713.6033325	838.0645142	1278.036621	945.2784424
O08601	7295.354492	6778.680176	7269.975098	7235.407227	9906.954102	9101.933594	8575.09375	10455.38379	9271.619141	9016.598633	8160.075195	9555.637695	9204.325195	8797.896484	9145.845703	11074.13281
O08609	27.00632095	30.36289406	16.4027977	28.76587105	31.89966965	37.58610916	33.7316246	30.44190216	34.31342697	25.43525505	10.58473682	5.111495018	28.08369064	9.178162575	23.8067894	83.2467041
O08638	359.263855	747.5405273	447.0419006	441.7937317	893.2305908	730.3654785	507.0744934	321.9447632	275.8526001	405.1729736	308.8834839	528.6535645	401.8420105	694.7666626	584.703186	729.9915771
O08663	187.64534	165.0827179	128.8208771	121.0937653	257.5788269	205.8434906	278.3363037	107.8958206	159.6483612	173.2446899	164.2869415	218.2250977	110.8043518	177.7438507	135.3134155	77.556633
O08664;Q921K9;Q9CXE2	0	0	0	85.86799622	0	0	122.8830109	11.88481045	0	12.41463089	12.32865715	18.46611404	57.96829224	0	0	13.09646702
O08677	1341.611572	2174.572754	1391.357544	1214.664063	1207.009888	1048.932007	1325.236694	585.3630981	876.1401978	1289.594482	1351.147827	1082.719238	1178.845581	1015.458618	857.8016357	1048.357788
O08692	40.09839249	172.3772583	93.88222504	103.6027756	147.0806732	32.77229691	1232.776611	460.427002	107.4905396	66.64253998	169.8174744	40.75294495	53.37339783	64.62377167	119.1988525	52.39427567
O08705	354.5540771	684.529541	908.215271	144.518692	624.1859741	811.9661865	215.4551697	239.5770264	13.95018673	585.1410522	300.9078064	437.0027466	84.49422455	481.0246277	359.0848694	558.854126
O08709	17060.42969	20431.51563	19468.98438	17302.5332	14195.41797	17350.69922	15484.63965	16617.61328	19179.26367	16738.42188	16994.55859	19506.54688	17207.29492	15546.45703	17141.11328	25371.28711
O08715	315.2893066	287.1299438	320.8051453	291.1534729	257.5596313	216.436676	242.3246613	134.8931427	142.019516	198.8320618	243.8991089	295.0507507	333.0234985	314.1282043	295.1622925	303.7587585
O08734	55.57763672	79.31895447	92.36585999	149.3695068	79.38728333	45.23017883	197.8905182	192.1496277	97.61077881	50.10116577	100.1021652	0	105.4051971	124.5154953	182.0347748	62.89132309
O08738	181.8179779	156.4974823	112.8597107	139.5526276	171.6086731	175.6278534	243.5711517	142.0056305	186.5701904	187.4079285	185.5805359	164.1563568	209.7578278	134.8517456	104.5544281	308.8532715
O08740	0	0	40.89482117	0	53.26595306	29.88432121	0	0	10.10907078	0	50.55776596	33.04655075	11.29367352	14.30923939	33.35165405	0
O08749	8488.458984	8770.848633	8142.808105	7794.961426	7562.629883	7011.122559	5536.418457	6037.834473	7880.250977	7013.280762	6275.807617	8461.571289	6599.895996	7291.32959	6898.747559	7419.280273
O08756	9230.577148	10660.35547	7060.279785	6704.658691	2972.927002	8855.125977	5170.919434	5269.777832	7026.085938	5232.399902	6054.498047	6714.505371	6653.888184	7310.021973	5891.459473	9128.995117
O08759	83.26343536	137.0740051	82.21486664	143.1960754	131.9619904	98.74056244	127.0541306	123.3048172	87.82917786	89.08572388	125.7246475	98.59513855	94.49003601	83.06652832	127.4245987	198.4640198
O08788	100.9624176	98.29693604	110.5921021	93.3463974	115.1262741	122.3104935	172.0051422	93.35865021	80.3718338	93.33961487	122.1736755	99.72704315	107.0045319	69.98880005	53.84354401	176.7576141
O08795	915.2113037	1104.421387	1163.721069	1262.819336	1566.170776	1403.163452	1436.123413	1522.89563	854.9256592	1216.004395	1160.482666	1143.826538	977.4151611	846.0456543	1407.655273	979.0372925
O08807	1129.159546	863.5012817	1150.74292	958.8180542	2081.323486	1606.134277	1230.598145	1084.407104	1035.928833	951.1409302	1413.886353	993.9481201	1278.067871	1304.536133	1374.411987	1291.458618
O08808	102.3062897	135.6213837	138.3890839	93.99602509	161.1308136	152.4389496	141.481842	105.7457657	89.5202179	84.47945404	184.0861359	137.2014465	125.4584274	96.95101929	106.7936783	131.5448303
O08810	1779.787476	1778.672241	1887.370605	1886.626709	2006.637817	1873.915405	2364.271484	1967.048706	1388.859253	1955.875244	1451.536865	2024.693115	1706.733887	1609.733032	1663.073364	2218.603271
O08912	0	0	10.93978596	86.57641602	68.24173737	24.62591934	115.0644608	56.85438538	35.7646637	81.899086	119.9712677	0	58.26078796	45.01939774	69.35309601	0
O08914	976.3597412	827.7797241	683.2550659	895.2023315	1085.344604	935.2113647	856.2259521	880.2282715	865.1470337	871.0670776	912.9628906	716.2741699	835.5766602	856.2062988	847.1056519	492.6240234
O08915	146.5305328	153.7570953	64.33757782	205.4041748	131.4407196	221.3926544	395.8243713	193.6425476	173.5803223	150.0960541	173.6413269	117.0259247	169.9040375	178.3926239	137.3950043	59.52907562
O08917	222.9988708	215.2724915	224.7230377	226.4899292	237.1478424	222.7647705	310.8290405	228.6390839	172.5869598	248.5019836	234.8911743	229.552475	217.6709137	188.4930878	197.9391327	151.4890137
O08966	426.181366	385.0131531	527.5248413	529.2672119	838.2036743	837.5401001	434.3195801	1413.457153	682.6870117	794.6184082	750.0692139	874.3231812	804.4533691	969.3711548	1014.147827	863.8863525
O08992	37.45487976	27.55603218	23.72414017	70.45397186	41.54073715	33.89321518	252.1047516	53.81716919	48.32838058	18.12768555	36.65625763	24.79844284	39.50030899	80.26853943	32.61032104	0
O08997	2196.949951	2025.331665	1835.795166	2692.168457	4090.363525	2128.000732	4122.412109	2051.83252	1947.726929	2492.9021	1591.44397	2756.991455	2056.705566	1728.910034	2378.875488	2123.976807
O09005	140.5024261	144.2142029	80.3167572	95.1533432	114.4497223	50.59192657	183.565506	102.2729721	53.48173523	66.79421997	138.3126831	117.7433472	47.63087463	40.59089661	90.52088928	0
O09012	275.065918	237.7066956	341.1222534	286.4317017	254.1923218	277.0677185	268.8258057	291.9441223	233.5843353	291.8946838	331.0330811	330.8336792	303.6771545	312.8350525	252.0275116	293.5125427
O09043	67.46929169	101.2362976	33.32781982	361.9594421	509.7969055	532.5220337	1106.727783	218.9375458	289.835907	217.4778595	112.5482101	376.2183228	255.9176178	333.3508301	278.0908813	300.321106
O09044	55.31602859	177.2584686	130.3463745	103.3509369	144.7266693	104.9783096	198.2647095	48.52358246	164.7536316	120.0388718	218.4210663	177.0814514	124.5853958	166.2800598	170.9460297	238.3536987
O09061	1518.147217	1504.889038	1300.671997	1498.86377	1848.054565	1902.512451	2364.917236	1630.12561	1582.498657	1584.806885	1768.624634	1610.975342	1290.278564	1495.133301	1676.972778	2179.217285
O09106	184.9748383	326.5767517	166.6546783	267.5471802	297.6352844	256.1682129	542.3765259	353.25354	300.0070801	214.2157898	217.3650818	256.0004883	221.8874054	232.7893219	162.9155884	171.6337738
O09110	138.586792	105.647583	115.6159286	101.1947021	92.53723145	134.3165436	133.539032	91.40876007	91.4557724	87.83733368	67.63166809	92.89320374	117.064415	158.1307983	122.4005585	169.2776642
O09111	1657.110718	1695.510376	1097.045898	1605.646973	969.3406372	1173.551392	904.3901367	994.0507202	1355.125244	1170.037354	1417.043945	1088.681885	1003.789673	1293.381958	1366.657349	1146.989136
O09131	5012.759766	4643.04248	6108.209961	5992.657715	5470.472656	4983.145996	3654.689697	4989.213379	4536.641602	4588.336426	5709.323242	5854.486816	4871.837402	8138.45166	5398.212402	5536.091309
O09158	1218.374146	1304.311768	1417.19104	1684.150635	1100.705688	1039.520264	672.9431152	1019.63916	1014.508667	878.3264771	1028.376343	766.9417725	1075.154907	1048.992798	1127.864746	970.0501099
O09159	356.4624939	398.138092	347.9471436	353.1026001	425.3304749	361.3068848	378.763092	385.1532288	276.1960754	283.9730225	266.1897278	356.4002075	339.2851563	287.1739807	347.3790283	361.9753113
O09164	134.0988464	120.0989227	86.27646637	65.74594116	176.153183	146.5394287	136.9533081	34.67089462	162.4559784	95.54824829	132.3224487	157.7092743	120.5256348	93.55986786	195.4402466	380.0623169
O09167	2245.586426	2394.162109	1461.457031	1736.060669	2252.343262	1931.000854	2375.715088	2379.964111	2353.109619	1347.280273	967.1083374	2131.485352	2018.259277	2100.015625	1658.694092	2548.353027
O09172	990.9108887	1281.653442	1239.592651	829.6447754	1115.166626	1163.532471	1579.963989	1553.021484	934.5834351	942.932251	1123.025146	2066.916992	1380.45752	1204.299927	1933.090454	1213.962036
O09173	11589.85449	11474.39355	12330.29102	12150.86914	10193.79883	12196.83203	8052.367188	9400.851563	11120.33203	12150.47656	10718.5957	10923.89355	10880.9082	9574.612305	10188.21973	14578.93652
O09174	2829.535889	2603.963867	2611.50708	4063.555664	3697.789795	2408.814941	3093.591553	3088.275146	3043.700928	2935.088135	2877.302979	3219.033691	2978.799316	2602.746338	3319.007568	2738.235596
O35071	155.5583801	10.71513271	55.90182877	51.37934113	23.954916	22.29031372	62.26539612	29.97783279	58.31339264	42.60495377	49.2701416	29.40693092	83.99848938	0	30.20423126	0
O35074	60.03084183	20.53277206	34.33296204	48.72633743	108.446312	47.64811707	153.7810974	57.02817535	27.96250534	57.31083679	22.74588585	37.38700867	35.06109238	45.24397278	59.72645569	0
O35075	109.7964935	180.40448	196.4102325	145.7091675	161.8182373	108.8883362	120.5643005	106.0716934	182.374588	182.4176178	127.1591797	181.7302246	113.9010773	93.6937561	114.0396423	116.0738068
O35099	0	10.82661057	0	0	13.31608868	30.2144413	38.47904205	48.68868637	0	0	0	31.09110451	64.22914124	8.431650162	0	0
O35114	615.3717651	460.1827087	682.8397827	574.7838135	772.4203491	1251.748657	1158.41626	974.1068115	949.5514526	1096.64563	993.8268433	1022.72644	1258.784912	1103.877197	849.0125122	1221.797241
O35127	77.47714233	21.99031067	55.8325882	73.79460144	86.94776154	77.49979401	91.53437042	73.88245392	67.20196533	70.94596863	89.90787506	84.53864288	89.56934357	39.7272644	56.0093689	0
O35129	8266.670898	7645.965332	7996.432617	8599.024414	5280.922852	6726.649414	6943.916504	6679.410645	7608.120605	8313.058594	7361.936035	6852.849609	8344.335938	8713.173828	8649.394531	7317.369141
O35166	85.37838745	180.384079	111.4379807	193.8386536	177.3858948	181.8509827	241.1927795	194.6476898	196.1735382	115.9121933	189.8477936	174.5490265	214.9987793	158.5378571	135.8395844	167.4083252
O35206	14.88538265	6.045739651	0	0	153.6934509	0	226.3987885	11.01744938	2.573408127	60.82293701	7.18439436	65.53372192	17.53961372	49.09018707	79.52844238	0
O35215	34043.69922	32354.11523	31935.02734	32686.02539	22428.68164	21837.00391	20677.23047	23928.30859	25824.75977	20087.29297	25702.14063	24813.31836	24553.19922	24083.00781	25650.25781	33003.27734
O35218	0	38.99751663	104.0237961	21.68690109	53.77044296	42.37619019	11.34193325	22.19396782	0	54.22211075	25.57047272	63.89414978	20.67568207	17.95150948	42.36253738	0
O35226	706.9289551	691.2572021	508.7841187	684.4165039	553.0390015	766.6700439	800.696106	782.5952759	580.0479126	540.0143433	855.6240845	644.9509888	664.2606201	768.8270874	583.8950806	670.5924072
O35239	0	0	0	0	0	0	0	0	0	19.75193977	0	47.4798851	0	40.37401962	0	0
O35250	93.41739655	102.4242859	70.9229126	74.75994873	66.41027832	74.69824982	145.3207397	65.14872742	104.4534531	147.490799	93.62445831	79.47689819	113.5323105	88.19944763	173.7225189	337.4934692
O35286	446.4073486	350.6525269	477.8330078	475.6798706	509.4324341	466.1783752	638.1524048	487.1078186	481.8252869	363.8178101	460.1038208	531.6940308	483.0163879	508.7656555	481.928772	574.2353516
O35295	65.66035461	157.2656097	113.7853775	87.22116852	106.2220154	124.8947754	71.12657928	102.1686325	74.27482605	54.0056572	135.2892914	210.9835052	212.1358948	91.93292236	127.1944122	147.9532471
O35309	179.3262482	271.069458	178.9659119	182.1475983	367.3206787	211.4910736	391.8779602	340.9421387	98.30970764	285.6910095	210.8352509	235.0737	230.6072388	181.3214111	218.4624786	191.0431824
O35326	401.8793335	352.0834961	427.5707092	504.8583374	400.0688171	389.76651	794.4945679	285.1137695	394.8956909	524.7734985	532.3748779	573.37323	464.8882141	334.7997437	327.6463623	750.12146
O35343	0	0	39.7273407	32.96233749	43.14441299	96.89193726	96.66062164	110.0711899	0	0	27.73306847	128.7981873	46.40709686	116.572464	166.953064	0
O35344	170.2067108	320.3670349	303.5083313	155.3237762	240.5636139	317.7890015	257.0803528	227.8532257	267.1319885	147.2534027	235.5122375	289.3783875	279.1180115	238.2321014	204.6899719	276.5661011
O35350	133.8035278	166.7929077	163.4354858	138.9802246	201.8492126	230.3096008	251.5817566	216.9272614	217.6687469	174.188446	205.2547455	191.1322632	191.3733978	170.9710693	200.2514801	253.6557465
O35381	1649.068848	1263.106812	1385.094849	1709.712646	1628.156128	1641.155762	821.59729	1316.174805	1088.396729	1111.761719	911.0113525	1213.610962	1025.364502	1081.685181	865.3942261	1648.650269
O35382	48.01665878	107.3108292	54.15932465	70.34981537	97.98933411	59.71159744	95.72751617	37.52911758	79.09065247	105.2086182	99.25721741	76.9240799	74.42549896	78.44713593	71.98345947	0
O35386	1478.63269	1569.932983	1406.650391	1687.573853	1346.492676	1757.985474	1101.02002	809.984436	1365.929932	1511.348755	1632.418823	1514.813721	1568.350464	1417.799316	1089.472412	1050.198242
O35387	167.9809265	150.8479767	232.2241974	246.5771942	279.9438477	158.3485565	70.18991852	149.9718018	93.67887878	189.0753479	184.3602142	210.1815033	202.7749329	123.8430557	116.4518585	311.5158691
O35405	170.4783783	229.5905457	144.6809998	183.8860474	449.378418	406.1295471	624.1760254	588.7868652	354.9014282	406.451416	371.0421753	375.071106	298.5842896	436.5270996	275.1439209	332.6817627
O35423	5254.637207	4747.711426	4498.262207	4812.117676	5355.608398	1423.684326	2029.408936	1322.757568	2252.067627	2610.40332	2410.580566	1633.294556	2021.769775	2190.145264	2033.483032	2474.541748
O35435	61.65725327	135.2227936	91.79517365	50.92319489	78.20159912	0	91.00780487	103.4852982	61.03451157	152.2449799	56.43758011	96.89643097	64.67347717	86.1309433	123.6735229	0
O35448	261.6404419	211.3738251	128.1809692	345.6470947	169.9176636	239.5092621	151.2462311	201.917511	175.4634552	246.2606506	243.5233459	121.0836182	260.7352295	190.5117645	251.1973267	297.8848877
O35453	98.74002838	58.38439178	22.98703575	55.84218597	0	61.15885925	5.595295429	38.92287064	75.27417755	65.71568298	44.70252228	15.48474312	92.0502243	50.87817001	95.20654297	0
O35459	3362.977783	3103.49707	2752.722656	3146.239014	3468.94165	3257.751953	2652.307617	3442.373779	2936.743164	3303.071533	2882.533936	4299.23584	3283.82251	2796.763672	3253.506104	4499.936523
O35465	652.0078125	534.0304565	547.8890991	564.06073	476.7048035	690.4527588	492.9749146	340.2824402	519.2567139	629.1396484	419.6689148	544.9307251	608.8899536	767.1744385	406.3926392	338.2528381
O35488	10179.68164	10645.47168	9731.591797	8827.479492	12253.5957	12000.88379	11343.30664	11706.87012	10395.61816	10444.40234	11120.85156	10996.88379	11477.18457	12373.18848	9523.729492	11847.36816
O35490	103986.875	105011.7813	94568.42188	77328.45313	46806.57422	52755.59375	68470.54688	28377.19727	63607.02344	48484.75781	67182.03125	51914.46094	57674.85547	49513.61328	55914.00391	86892.48438
O35522;P28076	233.8128357	111.3474121	224.6401062	173.4461365	232.5565033	303.8275757	743.1002197	512.0970459	280.124054	234.5632782	426.1389465	363.0371094	337.0761414	356.5397034	397.41745	678.1846313
O35593	593.4169312	675.5343018	925.6609497	563.3864136	888.4139404	836.5834351	958.6778564	646.749939	712.4424438	649.196228	699.8453369	969.2297363	566.2333374	839.2126465	939.585144	729.8676758
O35598	104.1127548	0	60.72153854	80.04416656	42.61878204	31.03414345	76.80277252	54.49707413	34.4199791	153.8911285	28.61267471	92.6175766	0	81.10478973	41.58867645	0
O35604	95.1319809	237.2681732	144.3805542	111.3877792	153.3369293	121.0152206	210.6252594	128.9881287	200.2304077	204.0236359	219.3740387	166.7129974	232.3023224	176.3501587	189.4144745	229.3110962
O35609	31.08725739	113.5333939	41.1267662	77.62699127	136.447998	92.53305817	218.3788147	33.91908646	70.71740723	90.36437988	83.16728973	95.32546997	118.97155	94.78594208	43.65068436	156.1139832
O35623	26.90600204	220.5597687	44.63313675	14.31663036	215.3634644	16.95323181	25.37861633	39.88640976	254.3002777	44.5890274	2.501618862	96.27779388	0	48.3131752	75.0018158	33.58598328
O35632	215.3384399	166.1352386	162.7212982	113.9606705	87.67854309	62.32292557	66.31786346	0	30.14530563	69.37389374	141.477005	98.78338623	20.46239281	106.0596542	44.93253708	0
O35638	104.0332718	137.3822937	95.97285461	63.61738968	166.8961639	113.7293167	192.4063568	137.1517944	88.63684082	141.5788422	97.53716278	139.05896	159.4914703	98.13319397	64.63930511	0
O35639	145.3795624	134.7509766	115.7497406	113.8205795	320.2175598	158.4279175	691.0750732	176.0471497	184.6261292	147.2809296	177.8318024	152.5236969	133.9466095	97.16192627	153.7608032	233.753891
O35643	907.2589722	1033.265625	1264.187012	1059.753662	1165.2146	988.9065552	1220.874512	966.5288696	893.0219116	1046.299316	972.8303833	1079.488647	1005.538513	1024.096313	1041.458496	1181.667725
O35657	65.66996765	165.0100098	151.2969971	172.2616119	142.4916534	152.2052612	142.5585175	120.1877823	135.9757233	154.4393463	156.7235413	131.9480743	191.0994873	177.8374023	167.1100006	216.4528809
O35658	1958.378052	2347.14209	1998.741821	2220.568604	1448.564941	1240.611816	1076.360352	1512.529053	1333.617676	1366.5177	1585.401855	1688.185181	1269.161621	1708.838257	1314.972046	1667.266479
O35660	1376.880249	1362.109619	1486.845215	1323.470459	1240.877808	749.8355713	1068.979614	1006.938721	744.5582886	703.9041748	930.8251953	720.1052856	774.5278931	897.9469604	1019.475037	746.7756958
O35678	389.8490601	417.631012	356.9197998	312.1894836	490.0203857	657.3011475	517.3184814	738.8091431	673.2412109	707.1798706	761.6231079	591.8249512	1021.74115	711.8991089	669.1816406	559.5177612
O35682	0	0	9.689209938	19.41791344	0	0	47.07419968	0	0	40.29004669	0	4.150811672	20.26628494	0	0	59.00788116
O35683	802.3045654	631.8403931	605.2020264	935.4283447	704.7643433	712.8747559	364.8869324	216.8386383	426.5579529	183.2974243	615.19104	507.7766418	342.2000732	650.9013672	607.7496338	419.4518433
O35685	175.8982391	132.4350891	143.147522	156.6436462	152.0559692	163.9245453	210.4794617	196.2947998	118.9789124	140.6981201	173.5407867	215.1070099	155.4759674	107.1054916	196.1531219	164.2658997
O35691	150.8994751	56.94373703	109.0444641	65.07250214	182.7217407	150.1247711	214.7684021	154.5201416	175.145813	165.5761414	147.2134552	192.931839	94.70823669	71.5276947	76.00096893	155.0660706
O35704	21.27284241	0	22.63414764	21.75679398	126.7229538	50.98602295	257.3314514	85.03956604	88.38976288	0	68.62858582	58.93979645	43.3535881	73.66547394	45.94563293	0
O35711	91.5485611	92.99032593	72.35288239	66.71737671	107.5945816	115.8255615	89.65028381	114.0578537	100.1946716	95.18891907	94.95358276	65.0519104	84.92947388	71.96472931	93.6843338	158.1925964
O35728	6401.800293	6629.383301	4800.01416	6692.321289	3906.701416	5128.374023	3090.253418	6221.081055	4618.351074	4346.038574	4444.043945	7363.231445	5417.655273	4538.974609	6788.094727	5978.399902
O35737	1698.778076	1136.141235	1223.374512	1069.388428	1934.161743	1646.922852	2255.063232	1604.467163	1161.94104	1139.761108	1335.227417	1514.708984	1685.34436	1353.841797	1572.101685	1044.160278
O35744	660.6179199	421.6941833	363.4085693	418.4450073	740.0374756	362.3721619	3287.178955	558.2467651	331.4180298	361.3070679	418.4611816	405.4034119	409.2331238	421.2438965	453.5626831	759.4727783
O35841	321.9575195	319.6990967	447.5146484	373.5259094	466.1393127	423.3459473	460.6643677	410.6078491	318.423645	435.9300537	423.3909912	352.8752441	346.6351929	231.4415131	465.7793274	396.9970703
O35855	0	0	0	57.64406967	30.60692215	0	122.1873856	0	17.64340019	0	0	35.57857513	9.522856712	18.71896553	30.54467201	0
O35857	806.5978394	795.4729614	841.4420166	751.3012085	520.5993652	631.2553101	573.942688	506.5844116	533.3432617	580.6635742	667.1931763	551.4737549	717.8634644	647.5043335	827.1386108	863.8966675
O35864	358.0860901	487.1724548	371.7547302	286.147522	336.5541382	359.7378845	444.9793701	365.5229797	440.5315552	286.4531555	486.4461365	372.0847168	327.5822449	337.7983704	320.5525513	553.0522461
O35887	712.7285156	750.6866455	576.1555176	544.359436	872.2937622	782.2202148	1148.439087	948.9160767	809.0358887	548.8735352	477.652771	784.5739746	821.5304565	560.161438	603.7177734	623.3312988
O35892	403.5768127	259.3094482	234.0693054	484.3580933	257.6860657	363.5759888	1083.758057	381.881012	339.988678	430.2624512	270.1586304	331.348175	449.0178223	339.8594666	443.3410645	485.6196289
O35900	233.5870209	116.8510513	133.6121063	113.059227	339.3244324	154.8609314	278.880127	219.8968811	139.298584	261.6716309	199.4934998	266.237793	160.1001892	232.6881409	176.5444031	458.9831543
O35943	173.6624756	94.90060425	189.1382141	131.3320923	100.9603806	278.6069641	67.28483582	130.318512	165.2346954	124.8807907	99.10189056	120.4757538	108.468811	103.0360565	86.88695526	137.0037231
O35945	29759.44336	27889.32227	31914.30859	29466.04883	30136.92383	28629.49023	22542.05273	32567.33594	25681.4668	24737.78516	27665.72656	24510.44531	31294.41992	31209.36719	29245.27148	33869.64063
O35955	158.4832764	220.8725586	207.9633179	105.062645	242.2642822	156.318573	393.6920776	450.7750854	348.4211426	440.6574097	147.3917084	128.9759369	221.3575745	339.0787354	724.4194946	127.6127014
O35969	2024.070068	2346.232178	1471.856445	1639.612671	1681.420044	1554.389038	953.3144531	1021.088196	1382.476074	1074.89856	1781.41687	1177.031494	1376.209473	1705.740479	1403.512451	1689.147583
O35972	326.5176697	229.3140411	188.4844055	285.3508911	315.0686035	298.6504211	231.9600067	259.9779968	266.8133545	218.8523865	473.9471741	282.3701782	196.6270599	282.0567627	357.2410889	356.2808533
O35988	79.21166992	200.608551	138.0142822	150.5516968	124.1018448	159.9728241	351.3022156	225.3040619	155.360321	277.835022	60.26092148	353.5492249	193.4607391	301.0354309	173.2315369	508.4215088
O54692	78.01998901	67.56929779	99.03323364	106.8283539	144.2717896	120.493309	131.6031647	70.38077545	73.79606628	114.475975	62.00816345	56.46403885	79.80867004	80.39466858	66.20082092	468.5913391
O54724	97.5157547	81.39723969	106.1057816	123.9654999	135.0671844	159.0393066	48.06383896	100.27491	183.9185333	88.24250031	142.4429779	87.13817596	63.56952667	74.62631989	122.1370544	125.389328
O54734	4080.857178	4931.167969	5802.407227	5306.277344	4979.429199	6583.38623	4925.57373	5075.349609	5815.249512	5033.155762	4733.719238	5441.771973	6216.088379	5830.901855	4169.164551	4771.572266
O54749	1549.039307	1340.137207	1385.648193	1501.000732	880.4465332	1006.239441	691.024353	935.5103149	1033.635132	935.5233154	1304.632202	1034.845947	1131.501099	1293.347168	1379.362915	1157.147461
O54750	63.40628052	56.91899109	20.85051918	97.83946228	96.17417908	116.462532	77.16392517	43.77573013	33.44787979	0	108.2672424	0	56.6074791	32.22362137	62.34315109	0
O54754	388.5868225	386.66922	364.4041138	371.4544067	730.6693115	704.1508179	627.5318604	991.3865356	699.7364502	664.4539795	750.2507935	749.4661255	776.7904663	635.0863647	639.2826538	904.3197021
O54774	99.05737305	184.242981	125.0991211	88.37966919	194.7989807	188.6146393	226.892334	179.3608704	171.625351	134.6463165	48.95641708	123.7136307	143.4195862	126.9379654	115.4213104	333.0567932
O54782	162.8633881	220.980484	171.7741394	239.4440155	240.7353973	209.5962067	144.7693024	255.6166992	267.7808838	201.4882507	206.1904144	195.7351379	174.907135	169.5498657	283.8712769	93.18500519
O54824	650.2808838	720.9963379	240.6498871	523.6342163	377.0353394	459.7155762	1473.368408	974.4312134	689.8128052	471.2876282	793.5576782	674.9349976	722.1085205	0	291.2071838	0
O54825	54.02443695	55.07576752	39.89743805	129.6015778	88.68402863	118.1107635	107.1056137	75.63010406	67.60017395	21.91437721	102.589241	73.19213104	76.94890594	55.72740555	63.72568512	88.07266998
O54833	268.2898865	144.3457794	200.6276093	180.0700073	284.4263	191.97966	328.1346436	192.3578644	188.3751373	276.867981	174.5174561	231.2140808	265.0988159	312.897522	232.0591583	115.3752518
O54865	85.88464355	59.82701111	161.8774261	77.81705475	111.3444519	150.6352997	148.9730988	109.1805725	130.8291626	143.1869202	104.9656219	173.8170013	81.18764496	115.6064682	113.7192841	164.9574127
O54879	79.96185303	147.5682068	98.93718719	148.4481812	142.3918152	93.93785095	192.8713531	139.8591919	124.0994568	63.18712616	107.6339417	173.4494324	185.6649628	109.3967667	98.30711365	71.79508209
O54890	32.25430298	84.04156494	0	0	75.45487976	74.50637054	68.29090118	71.91338348	82.58689117	28.50885201	64.10795593	184.2090912	22.63361549	67.58624268	97.1683197	0
O54909	1329.568237	1374.178345	1034.660767	1185.310303	1242.953369	942.8792725	1754.797852	1067.166992	1627.835083	910.7183228	1643.865967	1387.004272	1629.099121	1446.350342	1257.883545	1349.973267
O54931	60.52140045	81.09203339	0	38.32349777	69.08528137	27.49821663	97.69639587	43.15644073	66.39450073	48.02264023	24.06432152	62.22746658	30.90608788	58.29224777	37.33184814	0
O54941	38.03938293	54.15442657	60.80069733	53.39611435	50.7585144	61.84009933	119.4267654	37.94067001	77.605896	71.61492157	63.92083359	51.9043808	58.27205276	63.09245682	52.04149628	97.55270386
O54946	116.2165451	167.8163757	103.2302475	11.07589626	37.10998154	67.87779999	69.01260376	83.71690369	84.91242218	44.16931152	160.0763397	115.494278	128.3135376	77.27991486	70.29400635	0
O54950	66.22032928	86.62365723	68.00072479	88.72202301	76.80029297	58.54614258	150.7816772	102.1904907	94.43356323	75.443573	104.1279984	92.64990997	85.85877991	113.8104095	76.90547943	102.8479156
O54962	989.5687256	857.8951416	703.9710693	819.6181641	1057.720947	659.4483643	1955.301636	934.993042	940.0521851	942.5514526	760.6917725	1268.661377	1051.266113	961.5200195	824.7435913	860.4047852
O54984	417.0109863	361.614563	391.7871704	448.8501282	633.8056641	551.2659302	713.7810669	539.5904541	462.4562988	484.480072	341.9355164	581.9276123	542.1662598	468.5149231	496.7286072	829.8348389
O54988	51.59749222	57.44319534	79.21279907	77.02432251	80.18199921	74.18034363	160.3665161	53.87381363	74.35657501	55.50800705	68.81690979	75.51337433	73.45767975	40.10436249	81.53251648	71.65232086
O55003	40.53209305	82.57152557	70.10386658	55.84450912	38.68292236	112.1846161	202.7651367	64.02054596	22.48534393	62.65751648	121.1970673	124.0178757	50.73765945	24.60391808	152.9632263	38.5340004
O55013	204.9207764	119.8957901	239.3932037	113.857872	166.669632	107.2929382	170.730896	274.0483398	181.6886139	264.7202759	198.3579407	185.0892334	296.9901733	192.2225494	120.281929	220.8578644
O55022	12565.31055	16644.12305	13105.78125	10401.56641	13857.63672	13928.84668	16705.83398	17430.36328	10864.62988	14710.24805	18309.19922	9174.151367	16359.84082	14600.00781	12864.84668	18646.85352
O55023	438.6246643	558.7489014	402.4957581	519.4987793	614.6567383	859.0819702	749.4052124	774.6685791	544.4075928	595.0470581	578.9741211	1026.131592	573.8373413	400.5813599	442.9855652	598.2890625
O55028	52.87895203	80.92827606	39.27277756	65.17009735	0	43.10995102	48.3705368	65.29718781	109.2327805	98.42725372	97.6811676	37.58207321	0	36.14718246	72.05146027	183.4836731
O55029	939.9373779	736.1400757	878.4047241	891.8512573	1110.917603	1035.208618	940.5883789	895.5999756	708.239624	867.9977417	764.7128906	949.9072876	839.9401855	920.1613159	906.3917847	933.3045654
O55060	1496.738037	1323.712646	1607.836182	1106.855347	1613.019531	1307.903687	1395.678223	993.3143311	1507.993652	1545.586304	1210.470581	1480.946777	1305.849854	1517.619019	1444.6604	2269.047119
O55071	9080.676758	5902.773926	6287.443848	6352.945313	5789.199219	2875.957031	3187.164795	3659.430176	4818.04541	3987.355469	3508.980713	3332.440674	2709.64624	3101.926025	4943.87207	1099.148804
O55091	15.16204453	0	45.93153763	0	102.4236069	0	29.0932827	66.49607849	3.897435665	12.79858017	32.28310776	55.47777557	0	15.2204113	12.55674934	0
O55098	0	0	0	0	889.9624023	579.3012085	811.3903809	707.9176636	339.6503296	512.6105957	0	1136.034058	915.7855225	0	0	0
O55102	152.8789825	107.6707764	32.08294678	94.87051392	121.8270493	30.35580254	93.69476318	52.08807755	55.86636353	77.26768494	17.18920135	31.28891754	50.51875305	11.38308907	45.67485046	0
O55106	38.11901093	26.17278099	24.18856621	16.23208237	33.32030106	83.28405762	114.5236969	42.82082748	22.6541729	62.96996307	29.49073029	60.58011627	44.35512924	84.79402161	30.9227829	0
O55111	285.6465454	295.7936096	228.3892365	207.2749176	263.9606323	305.3721008	324.171051	271.4591675	229.0887299	317.5543823	240.9144897	282.1123962	333.1404724	263.9069824	202.8090973	390.4683228
O55125	6557.422852	7460.658203	5548.133301	8039.795898	4636.620117	4782.86084	3687.4729	4749.859863	5889.894531	5742.152344	5829.394043	5486.411133	6249.855469	6423.98877	6526.165039	10347.90039
O55126	54.38237762	111.8792343	112.4451599	110.6541595	184.3166199	89.25162506	95.66857147	124.1421585	66.39601135	66.82454681	136.3564758	91.91936493	139.8496857	72.81008148	71.60313416	122.1160049
O55128	92.51667786	185.504425	110.423317	195.4260864	138.1199036	131.4560089	160.5398865	182.9727478	166.839859	224.7463989	147.6141663	187.8641205	152.7115479	121.8482132	167.4499817	157.7911072
O55131	971.8817139	1317.828003	795.7352905	1018.190125	1216.118286	1040.081299	1766.187012	864.5457153	1339.27002	1152.312012	990.9108887	1101.124878	1061.147827	975.0568848	1095.253418	1090.805176
O55135	745.543457	662.8987427	829.3879395	419.6849976	990.3953857	562.6681519	1468.677002	728.6225586	673.6986084	859.6348267	622.781311	1029.522217	539.7381592	536.706604	1049.16748	659.0315552
O55137	4534.105469	4634.877441	4016.389648	4501.312012	6884.512207	4564.317871	3999.137451	5794.683594	5468.166504	5190.911621	4563.741211	6244.722656	5531.532227	4513.371582	4081.955811	5615.906738
O55142	1655.011353	2085.043945	2018.28186	1064.784302	2047.337524	2186.978516	2120.548584	1973.28064	1350.714966	1694.44812	1698.116821	1284.558716	1915.200684	1630.103394	1892.568481	2521.914795
O55143	1619.251953	1434.783325	1455.795898	1333.162354	1883.012451	1512.35498	1628.792725	1549.727417	1425.069458	1301.144043	1710.283813	1303.167969	1620.478516	1435.814331	1346.360718	1588.382568
O55201	95.70027924	80.28543091	88.58557129	101.4212265	117.7992249	74.82794952	128.2930603	112.6186218	77.03276062	118.114418	123.518364	127.6723251	67.03297424	76.7939682	101.84478	66.0605545
O55222	433.1003723	500.2545471	492.473877	491.9459534	579.663208	435.1766968	764.3305664	441.4057922	656.5755615	597.3010864	621.15271	526.7657471	388.1551514	433.0941162	420.868103	608.6143188
O55229	118.0053406	106.6502838	94.82266998	119.2346649	88.29660797	89.90539551	147.049057	169.8617249	136.1964417	121.8076553	58.27241135	95.22088623	115.1247177	82.85251617	132.1192474	147.8298492
O55234	692.2348022	859.7879028	519.2988892	430.9073181	338.3141174	327.874054	558.9512939	399.4689026	306.2749023	538.9378052	633.7192993	673.4455566	587.9966431	651.0801392	473.487793	472.3031006
O55239	593.3926392	499.9016724	437.1233215	372.796051	432.4317627	503.5269165	148.6971588	183.4584656	221.4295349	331.048645	257.2358398	308.9950867	267.8207703	295.1555176	200.9179688	162.8730621
O55242	277.4176941	349.8625793	404.5535583	274.3919067	192.1338654	299.0871582	387.0788269	139.1677551	178.3167114	391.5646057	258.4946289	226.9560394	337.9364929	149.6387787	366.2285156	239.2757416
O70131	50.29161453	149.2168579	0	32.01111984	59.066185	39.38428879	38.44147491	0	43.04478836	94.436409	55.4955864	20.58425331	32.29734802	46.56140518	39.00850677	0
O70133	790.1985474	744.3413086	793.8528442	851.6157227	960.1934814	1077.187378	1376.567017	1179.168213	828.9057617	1052.221802	822.2284546	1109.969238	926.499939	923.8378296	902.3201294	1058.97522
O70145	16.95107651	0	39.39884567	52.92866135	196.6528931	90.15271759	829.1390991	167.2760162	37.35383606	62.95471191	58.10029984	0	21.1460743	64.88821411	18.3224926	0
O70152	259.803772	289.6378784	237.8932648	250.5989838	411.9671326	206.8717041	445.0431213	450.6315308	327.3944092	239.8053589	346.2445679	297.0086365	502.262207	307.7803345	238.8538971	218.2618256
O70165	51.01966476	81.54801941	0	0	20.93166733	38.80886841	38.75559616	19.89060402	23.46733284	38.730793	0	68.60723114	13.00284481	69.69553375	18.84982491	78.70742035
O70172	56.36037064	48.63001251	58.45862198	55.29693985	99.59520721	107.642128	134.9381409	66.91340637	58.82703781	45.65076828	53.67105865	56.39240265	43.86471558	42.96773911	116.3692703	96.40808868
O70194	418.8960266	359.808197	422.3715515	343.012146	610.5928345	620.3638916	625.7819214	565.1047363	479.3712158	555.741394	402.7478943	500.9071655	456.6810608	440.6370239	407.5544434	451.1923523
O70200	71.16192627	82.81884003	148.3445892	181.7415466	189.7306061	139.8067169	450.3565063	574.6143799	178.317337	49.49143219	58.47412491	134.355423	77.91335297	100.0769043	161.7560272	259.8910522
O70228	28.18926048	26.38630486	91.30735779	58.59019089	135.7402649	109.8577728	141.8639832	107.7264481	96.25708771	0	0	109.4568939	61.03748703	173.6519775	108.3547974	0
O70250	893.6025391	1471.79834	1308.614258	1432.433228	1994.959229	193.2254486	1569.435669	1824.013062	882.5162354	222.1700897	678.4767456	3028.318359	234.5247803	53.61179733	1554.945313	391.0374756
O70251	3504.392578	3180.758789	2934.118896	3419.984863	3494.943359	3193.708008	3200.387451	3911.988037	2741.138672	3156.556152	3355.621826	3297.830322	3095.463623	2528.831055	2838.145752	4949.712402
O70252	176.8415527	213.9862976	143.5103149	130.2765961	159.8200836	189.9543762	223.1686554	205.4476624	236.6631165	200.1184998	160.7523651	128.3279266	199.8040771	164.2680206	201.0813446	260.9012451
O70274	30.89035034	23.59329796	0	0	148.3473969	0	0	0	45.4917717	119.9991302	71.80774689	93.29518127	140.0359192	35.81840897	66.46087646	81.35636902
O70305	66.01681519	79.1159668	51.52688599	75.92974091	61.71455765	110.6890335	29.68416214	57.60051727	80.43770599	59.23664474	105.564949	53.5362854	63.5149498	56.7240448	58.82832718	14.21597481
O70310	373.0913696	291.8703613	419.6221008	414.6837463	481.1948853	447.059906	548.6304932	434.7888794	308.2001648	309.9849243	399.7778931	342.8882141	333.2756653	315.9892273	357.9184265	544.6699829
O70311	57.77597809	98.20453644	92.20165253	74.85288239	106.3928223	114.3426819	55.35173035	93.92095184	112.2643585	93.43482208	95.81163025	70.68835449	76.45901489	65.23930359	79.80964661	0
O70318	99.03001404	126.7511292	113.286232	102.5519791	144.9050293	93.29302979	276.3848267	138.3113861	115.0525742	153.6520844	69.66381073	182.2307281	80.11129761	125.3218842	71.49681854	218.0680084
O70325	526.109436	482.5730591	626.4552002	354.2571106	1164.116333	646.3933716	1703.190674	1090.629395	733.1925659	579.2841187	528.8358765	431.4360962	729.4252319	528.3435669	422.0779419	816.9458618
O70362	475.0805664	583.1297607	323.8046875	585.0061035	219.1784363	331.564209	487.8313293	410.9277039	435.6499023	250.2177429	322.6504822	308.874176	243.8372803	438.5181274	375.4268188	260.9529114
O70370	386.1876831	855.4455566	645.6956787	332.6363525	1324.554688	610.5415649	3748.875488	1130.537842	1143.842651	429.4557495	837.2059937	482.1159973	532.6428223	444.1578064	485.1385193	1368.90271
O70378	258.8044128	117.5218124	164.4517975	237.0233002	238.9246826	368.4523315	396.4303284	172.8764648	160.6424713	294.6717224	294.9576721	264.872406	276.8208008	292.1582336	424.7293091	164.336853
O70400	372.0424194	369.6256714	579.4041138	354.0636292	444.3020325	367.9328918	608.4498291	528.8853149	303.5499878	523.1848755	261.5030212	288.199707	419.7069702	379.3015442	387.1139221	315.7591553
O70404	116.1294327	61.26471329	44.04187393	88.53810883	151.6394653	508.5052795	78.54523468	79.15319061	76.39513397	51.93749237	48.75466156	0	102.4216919	118.8263168	102.5324402	276.8983765
O70435	1258.158813	914.0755005	1203.344849	954.9962769	1635.530518	965.5939941	1527.904907	1487.210205	1470.095215	1327.320557	1119.954346	1387.16394	1279.536499	1277.353882	1002.259583	828.237915
O70439	82.77745056	74.9580307	60.65768433	64.50156403	134.2788696	106.9429169	190.45578	98.97977448	110.2858276	113.393074	125.3661652	87.99407196	108.0290222	95.66586304	111.0856552	152.8998871
O70451	0	0	0	84.63749695	0	0	0	87.25675201	0	61.59241486	0	5.540882111	105.2117996	0	0	0
O70475	4508.259277	5190.996094	4412.797363	5043.659668	8305.522461	7335.217773	7993.318359	11780.65039	5999.556641	5933.116699	7546.55957	7719.152832	7057.114258	7521.303711	7428.357422	7203.673828
O70492	507.8292236	852.8879395	825.7228394	691.0916138	689.9337158	491.9711609	911.0951538	593.6914063	499.1559753	744.447937	825.6503296	763.7765503	708.1873779	746.8122559	624.3735352	1251.59375
O70493	230.2287903	278.4854431	181.138916	187.0177155	353.527832	257.740448	249.3647919	397.6421204	210.27211	168.8525696	185.9208221	292.812439	279.3648682	198.6931763	263.649231	344.6568298
O70503	2156.302246	2682.452393	2135.479736	2474.244629	2855.03833	3580.480957	3027.766113	3708.912354	2844.467773	2623.553223	2788.587891	2091.81665	3089.673584	3347.340088	2914.629639	3015.080566
O70566	75.5198822	71.99274445	94.27754211	50.0199585	44.99679947	51.16337204	100.5401688	52.03079987	38.88399887	57.60419846	48.88605499	30.73722649	59.46623993	47.89258194	43.36492538	0
O70570	270.6420288	327.4297791	343.8529968	458.4983826	270.7485962	131.5732727	230.9646759	260.338623	259.2558594	187.3721771	197.3920135	334.1643677	293.9983826	334.4291077	208.7362366	257.9524231
O70571	138.3410797	64.85897827	80.76865387	74.45571136	228.6688538	207.4089661	71.89155579	370.7817993	185.7820129	209.420105	42.69764709	235.9407501	88.34712219	59.11946869	149.258667	284.0483704
O70572	158.3150482	229.0003815	309.5144348	247.1425323	283.7758789	246.6263428	223.4651947	109.8373718	213.7764282	145.7903442	198.4334717	127.8745041	161.9103546	103.1724014	190.0305328	262.398407
O70579	240.6851807	213.1837158	218.8100281	241.2229919	320.9013672	243.5294495	178.3560486	116.6025391	128.6385803	116.6845169	216.752594	307.5844727	234.3412933	265.6560364	72.02748871	717.5621338
O70585	44.79912949	146.9420929	35.29644012	59.76335907	143.1629639	75.18777466	79.81834412	81.16651154	109.3831635	75.09246826	23.52732277	44.54800034	76.76174927	50.82682037	92.24239349	35.35566711
O70589	100.2104874	164.6878967	128.0173798	118.0079727	135.8170624	161.9579773	103.1052246	147.8574829	114.6926651	122.787529	85.88752747	114.9802017	168.0772552	76.24575043	136.2772369	130.9857941
O70591	134.0002136	135.9600067	182.5047607	202.0862274	218.5587311	228.9823303	270.9856567	114.9795837	136.9098663	134.2238617	177.2974091	124.5690155	171.3649445	117.521698	187.5903473	141.3231354
O88271	44.56595993	59.09547043	22.44930649	0	84.79973602	26.81016731	48.98840332	34.22044754	0	45.17812347	82.83246613	83.66810608	54.8935318	56.43553543	42.54474258	0
O88322	162.06633	168.0710602	162.5073853	138.3266602	336.5688171	304.5411682	316.4023132	204.4207611	157.0549164	183.797348	212.2617188	272.4516907	230.6183777	204.2893524	227.1349792	311.5984497
O88342	1150.791626	978.7952271	1038.162964	1129.839478	1923.889282	1517.125122	2488.408691	1453.103394	1308.548706	1323.261353	1468.09668	1319.528809	1240.698242	1445.107544	1401.066284	1450.765625
O88343	216.0529785	126.5877304	181.5663757	222.1116028	266.5718689	298.7157288	310.3374634	330.4329834	137.483551	275.1482849	227.8371124	328.9495544	298.4187012	276.6506958	230.0582733	432.5551453
O88351	318.0688477	335.0499573	464.6001892	375.3470459	270.2073059	285.9614868	438.9256897	591.5334473	452.95578	447.2599792	289.1051025	391.4302063	415.5479126	331.2522278	231.5802002	496.8759766
O88384	103.8559799	124.9533157	93.24930573	76.6544342	153.9123535	43.42630005	154.1633301	111.6339035	101.5259399	58.67487335	53.84941483	86.67942047	131.7001495	119.9582214	107.2068939	56.0139122
O88396	0	0	0	0	0	0	18.36476707	0	0	19.05982399	0	0	0	0	12.33317089	0
O88425	58.08670425	207.8295746	91.80831146	77.88011169	132.294754	86.11669922	14.77768326	82.80851746	118.4050217	0	0	0	141.3089752	80.30860901	0	0
O88428	2421.866455	2156.67627	2230.540283	2046.074829	1487.404175	1067.192993	1260.884033	1291.062744	1297.861816	1295.798828	1712.541382	1190.919556	1366.546631	1261.335693	1517.383789	1532.846558
O88441	566.9439697	793.3175659	540.8428955	633.59375	395.7809143	499.2097778	460.7201843	658.4013672	531.1184082	774.3745728	647.0771484	669.2435303	462.6711426	649.354187	576.5578003	491.9450378
O88447	57.76748657	40.94429398	87.655159	69.53366089	83.88278198	74.37499237	47.43876266	76.50270844	109.5733566	53.80895233	40.4995842	11.02812004	90.10678864	21.69816589	95.68162537	0
O88451	10514.16016	12139.16797	13573.5625	13127.7041	15864.77734	15757.8877	13244.36719	13953.83008	11473.77246	13796.99609	14382.44727	13466.33594	12781.57031	13042.5332	13221.15137	10393.50879
O88455	561.0653076	626.8502808	949.7404175	697.4120483	483.8647766	76.88420105	224.2853546	163.0601807	159.2461548	210.8808289	265.5245667	139.5886383	154.3084869	170.0519562	124.9448547	201.2630157
O88456	395.7651978	428.2931824	408.1783142	558.4317627	835.0806885	464.0636292	1037.822144	848.7844849	489.4382629	535.0407104	829.9631348	820.9475098	795.0438232	358.089447	348.1827087	367.7493591
O88487	220.9306488	200.2254333	143.4122925	143.0378265	226.4207153	166.2000885	195.334549	155.7520599	93.62620544	207.3659058	138.8553619	99.89820099	207.8462524	95.25163269	174.6463928	123.3045807
O88508	0	0	93.52845764	69.20193481	78.37268066	62.16777802	91.63327789	61.57989502	0	0	46.16621399	0	41.46561813	87.4381485	92.88529968	0
O88520	49.0906601	71.80541229	41.34279251	89.26725006	24.04507256	33.91321945	49.75111008	23.64346695	80.10353851	142.3515778	55.44824982	46.13811874	59.5617218	32.87437439	72.11485291	0
O88522	63.549366	0	31.4326992	107.694725	71.99765778	75.22265625	177.7987671	70.27009583	52.83230972	68.29904938	62.6440239	60.03540039	130.7601776	82.36522675	107.7626648	0
O88531	1054.980713	747.9906616	949.7630005	910.9320679	1274.802979	2225.743652	3556.364502	1859.05127	1805.127075	1613.086182	2001.797485	1486.250366	1669.912598	1433.427856	1283.428589	807.9614868
O88532	66.0918808	32.32692337	0	35.0852623	63.84142303	32.16186523	20.28011322	8.631814003	16.16159439	23.139534	18.07352257	7.481050014	26.37578392	53.60597229	24.56332016	0
O88533	1079.950317	1069.621338	670.6894531	791.2983398	1030.867554	1250.708496	863.8999023	929.5992432	1364.311279	1167.65686	1023.309082	972.1621704	960.59729	769.9665527	832.9076538	1317.222046
O88543	345.023468	344.5342712	144.7487335	319.0528564	293.106781	276.6931152	332.5863647	378.6113586	313.9989624	247.7230835	424.3396606	279.0779114	326.6816711	189.2432709	306.8577881	607.3399048
O88544	404.1831055	328.3741455	357.8989868	282.4406738	397.7765503	447.6444092	413.1854248	309.6542664	326.2791748	340.7638855	439.7449951	423.0500793	380.6288452	258.1930542	304.6342163	493.0366516
O88545	314.3559265	213.3408051	246.0028229	292.1879272	438.8522949	357.1387939	392.1567383	262.163208	347.155365	408.5274658	385.0320129	305.882019	368.7166443	406.2750854	327.5921326	229.0615234
O88569	10635.74219	6711.825195	9492.841797	12008.0918	11355.03711	11811.10938	11236.00977	12098.68066	7459.84668	11174.9834	9430.148438	14501.40234	10827.33203	11921.51563	10318.00586	8480.083984
O88587	5974.708008	5263.349121	7697.004395	7046.722168	7844.930176	4670.90625	6543.011719	7971.723145	5821.385254	7804.412598	6222.041504	7859.519043	8365.81543	6953.667969	7649.836426	6372.834473
O88630	98.75843811	28.33645248	4.03926897	32.75771713	35.17107391	15.25024128	10.79658127	12.29283047	16.72995567	28.46040154	75.32813263	65.09880066	45.84043121	69.96817017	25.57712364	0
O88653	208.0440216	211.7071228	98.52841949	260.0282898	294.4637451	283.4648132	320.1938477	381.3115234	283.2996521	368.4087219	311.0003052	421.1874695	272.745636	405.953125	218.4287567	553.9836426
O88668	1224.660278	2789.465332	2099.68457	2711.810791	2564.43457	2335.295166	2472.165283	4459.922363	2228.271973	2504.14917	2161.006592	3348.208252	2638.343018	2683.335938	1874.351074	3267.937256
O88685	1817.692261	2094.740479	2038.224854	2318.471436	2142.686768	1989.427246	2599.720703	2021.479492	1911.077881	1878.389771	2212.153076	1742.659546	1831.033203	1966.113281	1924.85376	2087.433594
O88696	819.0280762	1091.354614	859.2018433	951.4710693	727.9251709	939.1275024	531.7250366	865.2540894	649.8686523	1020.724243	1144.446655	632.1385498	754.6983032	722.8921509	984.7591553	1092.640381
O88697	51.66916275	35.30347824	65.7258606	53.23482513	48.93642426	129.5655212	110.0909271	67.07144165	70.9562912	85.46717834	54.58087158	86.08779907	22.55529213	125.2714767	26.93848991	0
O88712	68.96061707	80.87769318	105.6682281	50.6350975	60.30464554	85.30175018	106.3115234	86.74876404	103.8360825	65.96266174	75.61769867	92.33287811	126.3966599	34.78121185	70.97670746	108.3663406
O88736	366.927063	215.381424	254.997818	434.157959	291.0771484	293.1427612	216.1665192	258.8809814	213.9363098	249.8512268	230.2584229	274.180481	223.0658264	248.0430603	295.9035339	109.1111755
O88738	143.1739502	98.03704071	172.7386017	148.5651245	165.3783264	146.830658	149.9259644	118.6600494	121.3050766	90.99095917	139.9921265	124.1086349	155.3474731	81.60440063	108.9112701	205.8002472
O88746	200.5644531	119.880394	134.4734039	176.4007111	213.6687012	190.317627	265.4064941	135.7909698	169.5480957	155.9463501	168.1806335	174.891037	179.396286	198.0386658	158.6103821	62.27799988
O88783	56.55936432	20.77623177	16.92321014	34.61473465	58.78519058	49.12614059	60.62893677	43.96996307	46.38089371	77.98983002	16.78243256	55.79280853	42.98119354	111.0053864	72.77913666	89.92404175
O88792	274.9343567	135.884903	147.0542603	113.2541733	123.3662872	119.3126373	241.6742554	83.95765686	135.5982819	25.4272213	0	195.5970001	68.49478149	92.84477234	70.98461914	265.0980835
O88811	41.37518692	41.27101135	80.23223114	0	55.58915329	59.66438675	87.70850372	31.31458664	8.406271935	55.36843109	54.21347809	50.55713272	53.14402008	37.58917999	51.28834915	0
O88822	158.4140472	98.00010681	66.55843353	68.41460419	256.8318176	85.37649536	100.2349014	8.984654427	109.987442	102.0902557	186.2299652	131.9487	45.66256332	51.88689423	79.53143311	0
O88829	156.3958435	62.37696075	143.4251556	179.5796661	122.6448517	166.8684692	73.68954468	157.0988464	131.2346649	181.6428375	149.8792114	115.1685791	126.8507462	79.19243622	113.6123657	149.2332153
O88833	2316.949219	1664.676392	1646.770386	2129.605469	1419.500732	2538.9646	1811.064575	1876.969727	2917.796875	2601.05542	2958.090576	2787.530518	2540.341309	2510.15625	2722.881836	1634.618896
O88843	51.20331573	68.72361755	76.7175293	39.41584015	32.09269333	115.0043259	54.69934845	58.5634613	37.11100388	63.97993851	49.42532349	29.0870285	65.87905884	124.8265686	65.31276703	0
O88844	17821.875	17985.76953	19312.23242	17518.41992	16180.0459	17095.6875	15298.53223	20586.74414	17687.38281	16245.0791	17188.2207	20005.91602	16884.80664	17875.07617	18191.2207	18784.01953
O88851	719.368042	485.3469849	529.3132324	576.8129883	948.1679077	639.5707397	250.5842133	802.6928711	588.3756714	842.3883057	418.1176147	966.5328979	694.0778809	549.5571899	511.7891846	649.7221069
O88876	110.8636627	90.98524475	85.9825592	55.75887299	152.5985107	65.22711945	55.09054565	155.3202209	78.50926208	185.9489746	180.5201416	158.3226166	220.1422424	230.3927765	127.6748276	565.8318481
O88908	304.5397034	337.065155	353.2025452	361.7067871	383.4284363	170.69664	477.9079285	439.9976501	422.2151489	392.8282166	227.3647308	397.9651489	462.7921448	571.0914917	303.0728455	286.7333069
O88939	46.37693405	0	44.88262939	0	43.98270798	39.69667435	35.6686821	47.14643097	40.44923782	40.41780853	0	0	44.57267761	86.51557159	0	0
O88947	193.8717957	187.0741882	118.3269119	158.914093	115.7989578	81.28491211	100.8872681	88.71753693	185.5493011	83.99269867	80.80651855	174.4328461	134.9947662	90.25778198	27.24508286	92.71831512
O88952	212.7483978	97.01093292	148.3121033	167.9827728	193.1397247	196.274765	175.1840057	112.6622086	217.743866	227.4611969	108.7703705	132.3595734	171.4320679	163.1465302	218.4341583	108.4682312
O88958	204.2207489	236.9719086	222.5573883	278.5078735	295.2721863	204.6959229	253.9342804	216.6044464	163.6181183	104.5131531	226.6321716	294.4083252	217.9398499	191.3016205	113.0434799	445.2403564
O88962	1514.614502	1200.936401	899.0383301	883.0147705	233.3857117	1434.492676	135.2554016	862.8314819	1336.095947	1384.84436	1040.963013	1601.963379	1233.223999	1294.532959	1401.196777	715.0540161
O88967	117.1406937	101.9823074	121.4751511	140.9793091	175.2312164	163.2237244	212.5690308	105.5245285	87.30163574	164.3647308	120.5262375	132.7965546	115.5865936	134.0722504	161.8515167	191.0079651
O88983	75.3062439	99.35061646	96.25687408	81.02624512	49.23154449	123.6495132	156.2371216	128.1994324	93.22183228	40.83016968	152.1407318	55.79701996	80.99580383	65.04785156	70.1508255	116.4459915
O88986	1933.224731	2190.95166	1727.178589	2860.725586	821.4943237	976.2230835	859.4419556	1064.75	1147.519043	1123.946533	1348.831177	848.399292	1266.462402	955.3631592	1439.058716	1442.573853
O89017	1946.37915	1732.953979	1637.815674	1705.619385	2802.791504	1842.727783	2899.110596	2889.392334	2218.401611	2411.936279	2690.856445	2617.685791	2276.252441	2313.661621	2128.078369	1553.322754
O89020	160.7622681	91.85629272	108.6625595	121.5601883	108.4392471	171.9668274	80.81768036	119.6047363	128.6646271	92.82128143	78.35398102	135.739563	96.30019379	144.0113983	94.32401276	0
O89023	969.5628052	467.8877258	643.8799438	1828.006592	1945.216064	2263.270752	1668.563965	2226.760498	1176.190674	1625.928345	779.0952148	2999.667969	628.1518555	1718.418823	2410.481445	2359.879395
O89050	0	0	0	0	0	0	66.25843048	0	35.0043602	0	22.91832924	0	35.92059326	0	0	0
O89051	140.1110229	105.8782043	85.84159088	86.36414337	222.8545227	79.26220703	55.12957382	82.06889343	87.96082306	62.95937729	95.46772003	126.7053452	138.8717957	125.0286636	111.6154251	89.46573639
O89053	183.7222595	169.8703918	164.7064667	268.7994385	748.854126	236.3887329	2772.193359	636.8557129	195.1080017	185.712738	182.3214111	409.0046997	254.3087158	284.6269226	149.5821533	333.0093079
O89079	715.1746216	583.1644287	551.7039795	531.1647949	734.1387329	658.1184082	739.8908691	734.710144	811.4003906	782.3878784	897.8763428	652.0657349	565.8156128	578.302002	720.4008789	749.9002686
O89086	348.967865	378.0609436	328.0805359	372.6223145	424.5076904	263.3582153	868.6915283	365.0029907	369.0971069	328.9203186	219.2098846	224.1130676	285.5015564	344.9324951	273.9284363	232.6767883
O89106	73.22566986	134.1249695	152.3025665	102.9897079	71.42141724	69.64009857	69.17437744	80.21431732	52.25810623	44.39905167	60.98482513	73.168396	122.9349213	122.9579468	113.3289948	210.0008392
O89110	83.1842041	89.84022522	100.2546082	62.33236694	99.35662079	122.7831421	168.6457367	117.1878204	67.05678558	66.07975769	90.47143555	123.486145	97.31064606	113.5265656	71.44050598	113.1250381
O89112	138.9996033	137.2161713	94.62604523	172.4156647	109.4620132	156.745575	120.1310883	139.6340179	99.48197937	231.6031952	114.74646	72.41890717	88.67714691	97.86224365	105.8433762	64.56690979
P00158	513.5449829	703.2062378	263.0171814	234.2144012	65.65792084	334.2781982	97.80523682	111.5908203	461.1248474	130.8166809	425.6282349	181.6939697	316.7311096	256.2250977	299.6524963	332.9358826
P00186	5815.71582	6215.844727	4995.558594	5641.485352	2200.006104	4481.820313	2393.170654	4880.964844	4240.583984	3626.661377	4541.433105	4134.94873	3601.747803	4152.016113	4356.660645	4193.956055
P00329	57367.71875	63934.01563	65470.97656	60873.54297	69395.32031	55644.18359	47457.30859	61345.125	57945.95703	67566.49219	61780.93359	62843.06641	63665.21875	60788.94531	62423.76953	70154.96094
P00375	2220.177002	1615.868652	1796.749634	1864.203125	2283.047119	1863.743652	1809.919312	1884.337158	2171.42334	1835.045654	2014.236572	1969.185669	1704.990479	1776.722778	1835.70105	2151.843506
P00397	233.8512573	117.8005447	294.4233704	237.8028412	239.0093536	159.2479553	112.5240021	92.26165009	318.549408	195.5934448	333.30896	295.6661987	238.3753357	205.7766266	207.622467	319.9293518
P00405	29196.66406	28201.60938	23140.22656	21953.29102	18437.38867	19342.85156	14765.52344	14103.65918	18984.57227	20765.73633	23994.24023	15137.58887	15369.71289	18813.78516	21518.04102	24203.67188
P00493	1536.114868	1484.864136	1486.21875	1480.217285	1956.730957	1860.481812	2396.674805	2167.333984	1816.787476	1490.487183	1821.667603	1842.731201	1650.153076	1389.332886	1451.267944	1880.845703
P00687	200.2630615	115.1833878	143.6793823	90.13421631	260.7182312	174.8070831	427.0731506	112.9973145	140.043396	124.3944016	188.6802521	135.9915466	104.3101425	160.2184296	199.1889191	106.8376389
P00688	139.1350708	119.2763367	0	52.33934021	162.4007874	34.34426117	797.2529907	92.32935333	64.81027222	17.0760231	101.8226471	100.0910416	44.97937393	137.3831024	123.2271423	0
P00920	2430.844727	3286.790283	1973.847778	1940.453491	2015.442627	3671.838379	3203.422119	2150.763916	4215.398926	2732.148438	1935.488281	4766.969727	2194.145508	1455.820801	2233.084961	1621.945068
P01027	2433.217773	3265.596436	2568.060547	2210.162598	4417.552734	2421.418701	5661.23584	3860.669678	2606.18042	2444.842285	2606.006348	2740.675049	2812.87793	2399.244629	2087.898926	3062.243652
P01029	407.8799744	385.2932434	337.7536011	390.315033	541.9285278	604.8322754	841.9144287	796.637207	453.115509	409.3051453	461.8533936	529.5540771	469.506012	462.7696838	404.6447754	582.0637207
P01592	186.0905609	697.7736816	241.2890625	197.6101532	724.4967651	324.1413574	78.77298737	354.9339294	1043.253296	389.5416565	324.9317017	267.9789429	234.995575	224.5879211	527.798584	729.0917969
P01630	13.28820133	71.10578918	10.20625687	48.26770401	6.861753941	0	0	0	0	13.41418266	56.41807938	23.49923706	58.073349	28.5279808	0	0
P01631	278.789032	968.5247192	546.0369263	171.3166656	151.0169525	291.3240662	620.8982544	639.9468384	575.8711548	387.4524231	238.7509003	157.9532166	448.1227417	267.0086975	691.4429321	467.7204285
P01633	185.0535736	105.04319	41.50231552	0	83.39652252	78.48130798	112.3647537	351.4865112	271.2352905	575.2649536	333.7723999	596.3526611	566.0786743	61.91534805	536.5302124	0
P01635	93.45816803	198.5616913	52.09262466	16.7226162	169.725647	90.74718475	275.2032166	50.29906845	46.32743835	115.8564453	47.53116608	76.79095459	67.47210693	102.7540817	69.78894806	22.36276245
P01636	171.7792664	31.17982864	61.74692917	80.56796265	150.8455658	44.31675339	38.20786285	175.8182678	70.1370163	51.07754135	58.08009338	30.40147018	98.85941315	190.6343079	150.7046814	79.69809723
P01638	204.7830505	115.001236	142.870697	213.1374512	212.1971588	15.26974773	135.1036072	38.5719223	85.59507751	203.9923401	106.3595734	157.5254974	111.6725388	219.0955505	250.1369781	0
P01639	63.39959335	85.18930054	62.41654205	136.8929596	121.3561859	35.65950394	44.98886108	88.22825623	45.30273438	21.28026581	65.90670776	184.30867	67.00201416	57.63934326	108.3328094	524.4680176
P01642	28.1061306	8.314284325	0	8.763240814	55.63096237	101.5983734	66.42384338	69.26194763	19.30636406	48.16288376	0	80.84720612	20.86818886	90.69046783	54.65587234	0
P01644;P01645	134.4979706	142.02742	267.6763611	322.1652222	223.7163696	398.4857178	372.4831238	338.1096191	183.7833405	270.1734314	271.3910828	348.795166	576.2388306	212.3887787	262.1966858	186.0664063
P01654;P01655	204.3638916	335.8185425	376.5973511	128.4808044	203.7834473	190.6835938	278.6342163	116.475235	108.7226715	224.3018188	132.1921844	328.5011597	422.571106	237.7431641	390.8746033	345.4893188
P01665;P01666	90.47038269	133.3284912	80.42854309	53.69885635	0	35.58818817	136.5235291	75.24291229	31.91116333	150.2851105	40.41725922	42.36105728	0	80.56449127	207.4087982	303.0655212
P01670;P01671;P01672	0	153.1296234	0	16.9097805	119.1179047	85.61717224	107.7907562	23.27267647	0	0	0	92.17605591	117.2439423	80.28928375	0	0
P01680	0	64.34790802	0	21.25822258	56.3485527	0	0	8.412329674	6.076731205	0	69.8404541	71.10562897	0	0	221.4172668	0
P01753;P01754;P06328	304.7296448	494.2872925	496.8022766	262.6156006	326.4296265	397.4241333	292.6757813	589.3120117	540.9771118	515.1158447	118.9163666	226.1778107	322.798645	333.8916016	384.3018188	153.7413635
P01786	26.00872993	277.2950745	190.6859894	83.50437927	432.9254456	101.6836624	553.0977173	53.6437149	81.42724609	143.6092224	97.68315887	116.7767487	72.58618927	91.84334564	157.8873444	674.0311279
P01796;P01797;P01799;P01801	53.7168045	155.3001404	92.94567871	63.11953735	39.82181549	128.1568756	123.7692337	124.0426788	107.6632538	64.42424774	194.2376862	69.74983978	32.92024994	202.5243683	103.8992538	319.7697449
P01806;P01807;P01808;P01810;P01812	0	0	0	0	22.37298393	0	5.574615955	11.75811672	0	12.80608082	0	0	0	0	0	0
P01819;P01820	0	0	46.32229996	0	0	0	0	0	0	0	0	0	0	0	0	0
P01831	47.59351349	0	21.14927673	20.64970016	0	0	116.4009323	59.53392792	0	9.962615013	0	0	8.253081322	0	30.7889576	0
P01837	1970.034302	3441.743652	1242.653809	1306.7771	2179.437744	1395.056763	2194.298828	3046.652832	2171.683105	1586.500732	2018.333008	1670.334229	1914.764404	2722.62085	2499.834717	2058.805176
P01843	103.0386658	66.00547028	35.59315872	126.5868149	179.6078644	216.4616241	275.591156	173.5165558	104.60215	195.9937134	208.1813507	50.49217606	125.098526	193.8172455	48.22311783	90.01660919
P01844	94.49181366	0	0	0	97.14685059	0	64.71327972	37.31303787	0	0	0	46.88167953	0	104.6421585	29.67262077	0
P01864	2015.01062	3654.368652	2171.753662	1916.233521	3216.364746	1735.632446	3687.741943	2776.228516	3074.441406	2043.901611	1942.011353	3545.170166	2801.553467	2133.55542	2706.879395	1994.645264
P01867	2416.697754	4312.657227	2878.033691	2040.339355	2711.901855	2312.808594	4150.123047	3209.286377	2843.121094	2953.056641	2609.772949	2856.44751	4999.327637	1890.236572	2011.269043	1316.489502
P01868;P01869	534.7493286	1108.314453	328.0237122	457.9207458	312.4523621	1521.31604	2203.626953	2474.731934	754.4656372	530.0768433	520.1377563	1072.104004	1429.926636	1372.149536	1438.902588	1963.297241
P01872	259.3467102	353.6138916	189.1476746	218.1094971	445.687561	319.0883179	884.4177246	508.4108582	328.2303162	240.8953094	330.4803467	729.7454834	320.5672913	509.509613	453.6174622	202.0496979
P01878	179.6331024	908.3789673	403.2125854	276.2905273	761.7929688	647.5817871	760.7492065	351.8311768	569.5552979	391.5369263	898.538269	299.3598938	570.9505615	299.0498047	978.4176025	906.6992798
P01887	962.7451782	806.6873779	873.3452148	1026.357666	777.3526611	729.2627563	1145.90332	1776.626587	690.8944702	1058.828247	1342.993286	975.8414307	441.5357361	1094.410767	984.939209	1456.253906
P01898	487.3325195	370.9519958	390.7480469	508.8748779	423.1013794	604.8074951	400.4272156	577.1414795	597.2233887	340.9269104	592.9190063	445.3779602	518.9588013	614.1226196	576.4846802	449.3295288
P01899	1006.537781	1404.806519	1347.689697	1413.219604	2151.227539	1260.567505	2435.702637	3566.936768	1252.170044	1893.421387	1602.362793	1540.116333	1650.018555	1572.668091	1984.933228	1683.618286
P01901	1448.003906	915.8330078	1376.809937	1720.673218	1555.341919	1525.617065	2534.106201	4091.445557	1471.699341	2040.793457	1677.546265	1169.415649	1676.246338	1982.141357	2219.656494	1232.648438
P01942	134947.6875	174499.7188	141600.5313	102779.1016	99322.10156	164352.4844	143915.3594	110540.5078	166085.7031	157672.2344	129558.4063	242127.4219	129769.3516	83778.3125	138752.25	137799.7344
P02088	284479.1563	395752.5313	315588.0625	203254.875	231071.3906	305624.875	270708.5938	229692.7031	333345.625	302479.75	229769.3906	497331.5625	239277.6563	166022.4063	266786.8125	285328.0938
P02104	110.2619476	154.1240997	41.35583115	8.600513458	121.1310577	90.23098755	119.9914932	211.9951935	213.4497528	93.91959381	129.0228271	71.40000153	42.89110947	64.27606964	105.1234512	0
P02301;P68433;P84228;P84244	14427.80859	23344.51758	14895.50879	12976.07324	21481.48633	11633.7832	38057.88672	20770.7207	20009.29688	11973.44922	14178.54102	21979.78516	17327.34375	9111.996094	21800.76172	9990.204102
P02463	168.2015381	180.7859039	485.8952637	479.1075134	562.0742798	423.3382874	199.0192566	471.286438	588.8224487	387.8896484	345.9578857	250.4686737	378.4252625	233.328125	440.138031	192.5005188
P02468	61.71863174	80.67962646	131.4907684	100.7419815	166.1685333	61.92202377	179.8714905	115.72332	80.92472076	97.99338531	78.66410828	110.2949982	86.34592438	92.22693634	94.82100677	334.2185059
P02535	1047.765869	837.1363525	617.527771	641.4329224	960.5195923	619.7266846	523.2271118	524.9118652	1375.598755	503.4468689	521.1004639	1274.321777	821.4439087	230.297348	325.7268677	699.7061157
P03888	218.6530609	248.9766083	258.4354248	297.37323	204.1307526	222.9247742	128.4639282	154.5169678	218.0479736	250.0009155	225.9838104	197.4592438	232.4183044	252.3725891	206.7298431	275.6376038
P03911	227.0726776	180.9591827	299.6166077	160.8178253	180.8081665	157.188385	137.8119202	141.9884186	211.4530334	199.1166077	146.309021	149.4296112	151.7293701	300.6392212	210.2056427	38.02040863
P03921	367.4277954	178.3763885	484.0600586	641.4649658	221.7958527	314.346405	299.6006165	379.7662048	320.1708679	490.852478	488.8672485	526.7091675	455.7801819	423.4024353	568.5753174	515.3043213
P03930	1396.350098	1780.535156	1112.627808	470.4305115	626.1865845	814.1868896	803.5827026	849.7434692	1052.4646	741.703064	427.0143127	453.9466248	1115.950684	888.6882324	456.3083496	1082.10498
P03953	132.0028076	594.8256226	178.7953796	144.2946167	324.1000366	312.8607788	272.4937744	180.2315063	500.4105225	443.1152649	321.7140503	285.8101196	318.6636353	135.6712189	212.8456573	0
P03958	154.90802	261.3129578	237.5400696	121.0746994	131.6642609	209.9394684	270.5254517	258.5814819	162.92659	186.4813232	145.137085	273.2720947	222.1111908	304.7934875	242.718399	388.8015747
P03976	0	112.3916092	13.89373016	0	0	63.93826675	247.3477631	19.42033386	0	20.05626297	0	43.87234879	18.91880608	44.29950714	22.69763947	0
P03987	857.4221191	1054.578979	1003.440918	710.9013062	3822.509766	1832.420776	1571.153809	911.7732544	992.4880981	1080.31311	768.5512085	1168.231445	760.7035522	269.3340759	718.6898804	1564.774658
P04104	1307.15625	1150.899048	1420.031372	728.3336182	666.8013306	651.6091309	1366.775635	679.0162964	727.4127197	651.7816772	942.8334351	1011.837341	560.4842529	654.0991821	906.9660645	1002.568542
P04117	862.0371704	760.6000366	754.9544678	829.0108643	1890.428711	910.3141479	1089.059082	976.75	958.1784058	1117.337524	1345.472778	2053.383057	942.6931152	903.7619629	989.1528931	1086.564209
P04186	156.4152527	217.223465	207.5120544	211.1399689	242.9311523	260.1786804	499.0559998	354.7712402	222.6911163	231.8227234	191.0703735	248.5895386	209.8624878	208.4176788	152.4788361	275.9501648
P04231;P18468;P20040	0	27.42951584	22.55156326	0	47.11523819	85.50681305	277.5491333	146.7770844	102.1079865	12.42135906	67.56410217	124.7074356	0	12.70598602	49.658741	0
P04247	118.9249573	323.5490723	0	0	319.8442078	0	580.9215088	67.35881042	667.7229004	87.8499527	121.2164536	0	124.6352005	0	0	0
P04441	46.24011612	0	32.08296967	43.80697632	141.5853577	45.95978165	223.6696014	203.098053	91.05905914	29.21302032	25.06453133	87.54974365	77.80432892	60.06001282	60.81821442	169.9211731
P04443;P04444	199.3997803	90.69197083	113.8579941	113.1731491	67.55464172	192.7785339	192.5100555	186.6949158	186.7944946	101.7929688	235.0998688	552.1235962	153.2230682	144.5697021	185.640976	293.2059631
P04627	125.0585175	148.6273956	95.49741364	202.1531219	165.8630524	248.9709015	179.4536743	188.3109436	97.93145752	139.1290894	152.9839172	126.7155075	189.0790253	128.5208282	142.282074	185.716095
P04919	596.8370972	837.647583	453.9072876	454.5018311	476.6697998	670.774353	727.1882324	472.1286621	636.4512939	653.7121582	512.1810303	1085.85437	661.4609375	495.8779907	592.3125	556.708313
P04939	5459.484863	5279.192871	5790.424805	5232.987305	2280.321777	5599.133301	2068.841797	2843.830811	7290.803711	5109.940918	4268.644043	4887.499512	4727.386719	5232.494141	4834.678711	4066.425781
P04945	143.3386383	16.32780075	0	53.08834839	88.64164734	130.0418396	233.4056091	213.3502197	48.32973099	116.0387268	193.6325073	113.1778717	173.8934326	785.3666382	487.1969604	272.161438
P05063	266.9353027	242.2841034	326.334137	288.0432129	36.52099228	79.79834747	111.3064728	69.04450989	112.9045715	66.61238861	62.17499924	95.57821655	81.42424774	37.34722137	102.7839813	0
P05064	5236.148926	4088.765381	5089.802734	4315.541992	8856.722656	5549.604492	13436.29102	6905.585449	4674.916992	4254.704102	3831.578857	6261.086426	4014.639893	4425.368652	5210.150391	5415.066895
P05132	61.39408493	107.1461716	83.09776306	105.2101593	60.69094849	84.47580719	212.9613342	66.21731567	70.60561371	81.59155273	143.2673187	94.97501373	115.5840607	175.9622803	65.15486145	0
P05201	18418.17773	14605.9541	17996.49805	14708.99805	14424.59961	8698.623047	8192.666016	8007.996094	8483.399414	13346.2959	10452.03223	8396.463867	8359.298828	9151.307617	8684.418945	14373.87402
P05202	27471.76953	25643.92969	25538.76953	24242.18945	21883.56445	27237.42578	20550.05859	26464.76172	26762.01172	21219.48828	26448.25586	24619.70703	24433.72461	28172.33594	27673.45898	32622.08008
P05213	11667.76758	12248.4707	11224.60547	12208.41992	17535.89844	12383.49902	15255.4541	13392.05078	11123.49707	13139.80859	11556.66016	12892.89453	14412.44922	12908.49805	11598.99414	14289.39746
P05214	109.9253616	21.05150414	26.71967888	19.5904026	118.2432632	44.16452026	72.45435333	38.86484528	58.61859512	84.26235199	37.25904846	68.50317383	113.0442581	75.41660309	117.6759262	70.46239471
P05555	16.8963604	29.50331879	0	0	31.16895485	29.80335236	259.6175537	37.48648071	0	0	25.08010864	40.52163696	40.54151917	0	11.10712528	0
P05784	18206.45703	13845.46484	17878.02148	13953.21777	21913.81055	14181.60254	29645.07031	15367.6875	13295.72656	17770.89648	18109.04297	15541.18555	17706.23828	16710.67383	14897.96289	16682.2832
P06151	13907.75586	17974.04883	17622.0332	15641.48242	21665.36133	21323.53516	24234.03711	25886.82031	20341.86523	21629.33789	20378.33398	25411.66406	18778.53125	19653.62305	18572.82422	29631.76172
P06327	0	84.9730835	0	0	0	0	0	58.11292648	0	0	31.90896034	0	25.73153114	0	39.74445724	501.9470825
P06330	369.4744263	499.1007385	325.9868469	266.2226563	436.5154114	598.5107422	644.4796143	385.8763733	643.2213745	186.8239594	148.4958191	384.4534607	397.540863	473.2500916	213.3297577	435.6145325
P06339	113.8777084	262.268219	350.383667	271.8508911	361.1721191	140.5341034	237.5245972	224.6221771	113.2128601	275.5795288	161.4138794	157.5685577	144.167511	100.0031357	184.3393097	507.6089783
P06683	138.3624115	90.2443924	64.59887695	94.82579803	153.5468903	190.1302643	91.34328461	124.907074	176.5485077	110.6132126	202.893631	172.9321594	161.0155487	129.0906372	118.8881454	0
P06684	170.7986145	136.6328735	152.9287109	149.9929199	182.406189	233.1721191	152.5625763	216.4962158	128.5005951	142.844101	139.4865417	215.300293	155.2158508	150.2604523	137.1710052	189.7664948
P06728	1113.64624	1356.009399	923.7937622	712.0015259	4190.587891	2410.838135	8007.514648	2725.6875	1942.394165	1888.083374	1765.078003	2713.55127	1853.738525	1291.943848	1310.53772	1538.765259
P06745	3991.543457	4489.222656	4217.759277	4214.446289	5548.088379	4980.225586	7578.761719	5606.075684	5557.895508	5666.37207	5422.639648	6995.931152	5828.346191	5291.535645	4410.154785	6248.84668
P06795	0	67.53163147	33.01442719	82.49754333	67.37042999	30.55702782	175.7120819	47.69103622	0	0	17.60183144	45.13486862	22.03425217	27.48085785	36.52503204	0
P06797	236.3632965	272.7966003	188.41716	294.2209778	308.2955627	291.4288635	460.9769897	343.5167847	287.3338013	201.7314911	196.2731171	307.5466309	215.0311584	168.6446381	191.4453888	206.860611
P06800	138.6309509	21.82056808	91.73603821	155.9810028	290.2446594	188.3645172	935.2640381	255.9792938	135.6159515	175.5001068	129.7532043	203.8707733	156.1829987	158.4762573	159.9683075	92.09993744
P06801	3292.811768	2897.621582	2935.914551	3306.825684	3664.909424	3134.349121	2450.706543	4714.368164	3817.648193	3374.298584	4362.516602	5853.793945	4918.475098	3033.67627	4970.016602	3366.550049
P06802	124.988884	174.0380554	188.4341583	182.477066	214.0089874	176.9324036	184.0654907	195.4384308	181.7664795	147.0756531	181.124054	204.6465607	194.8490295	193.9664764	183.312027	213.5902252
P06909	310.8690491	445.1678772	289.4588318	332.6097107	490.408905	532.1289063	815.4599609	649.6286011	561.0496216	425.4447937	616.3261108	706.0699463	413.6184387	429.4438782	323.4164124	535.8328857
P07091	42.88298416	0	164.8114014	39.39241409	145.319809	73.47154999	2963.275391	266.1491699	37.4929924	105.0997162	74.61798096	219.22789	97.94493866	99.02520752	58.37898254	0
P07309	2804.512207	4551.596191	3381.005371	3552.082764	2583.366455	3871.995117	3013.142578	3664.463623	3936.791992	3538.901367	3695.057617	3398.839844	3509.682861	3424.162109	4007.160645	4300.356934
P07310	114.3811111	208.9104309	44.35196686	80.31195068	471.5933533	109.542778	748.7695313	151.7903748	290.9804688	17.50640106	84.93914032	51.44807434	67.59320831	139.8034515	0	0
P07356	1074.465088	800.7532349	1228.235352	1038.815308	3392.087402	1362.127686	10829.67871	1456.905884	1521.207031	1561.325073	2080.768066	1367.856201	1653.185791	1232.976318	1201.647827	1774.723145
P07361	137.7799988	136.1021576	141.1960449	88.88491058	156.1313324	132.944397	335.4307556	198.640213	146.7098389	193.5767975	154.4608307	180.4364777	75.8079071	117.0777359	149.5413208	241.6656952
P07724	68816.22656	122970.5469	61079.50781	57423.69141	63810.03906	69237.88281	89893.54688	56610.76172	71405.71094	55901.35547	58719.67969	74354.36719	63104.62109	59747.62109	55077.10547	74769.60156
P07742	40.57329559	41.93590164	41.07627106	88.54276276	28.44812775	61.39864349	69.54245758	85.04364777	17.0060215	26.41168594	48.45138931	26.60485268	20.63380432	36.23757172	37.84535599	74.16125488
P07758	8282.804688	12778.93359	8802.770508	7301.008789	6768.489258	7919.874023	8510.469727	8379.12207	9994.466797	7291.877441	6498.480957	11007.97363	7014.271484	6015.499512	8203.566406	7113.794922
P07759	5908.735352	7813.024414	6335.535156	5529.911133	5352.926758	7595.276367	5153.371582	5283.366211	5732.071777	6466.338379	4269.464355	6386.709473	4955.373535	5647.151855	5116.660156	3145.553955
P07901	5872.479004	6713.785156	6875.289551	6360.355469	7070.13916	9779.989258	8423.731445	8748.453125	7367.044922	7259.983887	6823.881836	6540.58252	7024.748535	6323.453125	7786.870117	6320.669922
P08003	3669.661621	3825.998779	3363.687256	3881.745605	6760.622559	5863.464355	6064.498535	6295.143555	4852.685547	5093.744141	5183.075684	4627.120117	4546.12207	4932.627441	4196.675781	5029.424805
P08030	994.3460693	967.8209229	900.0666504	1386.00708	1622.32312	737.012207	1236.849243	896.3764648	877.7802124	870.65271	822.4783936	570.5341187	479.3556824	830.9627686	951.1456909	1074.442505
P08032	407.8926392	651.4602051	392.4554443	203.877121	370.0319214	406.0463257	448.7857666	422.399292	518.0412598	418.6856079	416.5481262	537.3039551	361.330658	361.5340271	315.6904907	705.0176392
P08071	28.30662155	24.09725571	28.39511871	41.27497864	105.8327103	50.13567352	542.3415527	91.65112305	31.18642426	26.26330948	104.883667	36.22492218	59.52642822	38.35140991	38.08138275	79.32246399
P08101	954.868103	1241.142212	494.1222534	514.0092773	649.2138062	1210.568237	2060.375732	1362.852905	867.6835938	508.4547729	868.651001	1037.076172	588.3875732	1238.753784	844.177124	926.9151611
P08103	15.07546425	22.94477463	0	66.45318604	56.6868782	35.66102982	185.8826141	145.9660492	6.358756542	19.18860817	0	52.05665207	29.68204689	76.69571686	23.12742424	0
P08113	12122.7666	12125.46094	11184.80762	11321.44336	14921.26172	17051.0957	17381.93555	17046.10547	12976.71484	13612.05957	12551.65918	12429.47656	12234.73438	11807.52832	13061.69141	14871.5791
P08122	238.0973053	448.2757263	289.9415588	261.6722717	595.6248169	258.0019226	264.591095	169.736908	287.0532532	512.8555908	197.9420929	239.1236267	327.5022888	258.2744751	489.6325684	149.6184387
P08207	634.3771973	415.1599121	443.2481384	223.2590942	1326.821777	441.8901672	4014.626709	508.9417419	625.4727783	650.4993286	681.0446167	679.3435669	606.7375488	427.4671326	250.2896576	1016.921753
P08226	3165.134033	3879.94458	3121.543701	3571.214355	5207.544434	4821.066895	5664.458496	5158.317383	6387.132324	5184.343262	4560.279297	5470.641602	3555.60791	4883.959961	4234.530273	5151.374023
P08228	34290.44531	20383.62695	29007.05859	35234.08594	22191.625	38805.4375	30522.85547	27633.22461	27328.08984	36032.37891	29965.20313	27036.16602	34047.07422	34403.64063	28121.53125	30038.31836
P08249	25013.00977	26225.43359	25485.23047	24332.69336	21006.32617	19873.56445	19369.58008	18339.61523	18296.31445	20214.9082	20533.51563	18596.14258	21939.09375	23267.56055	20694.24219	26340.52344
P08556	259.9725647	563.8236084	332.8611755	638.0994873	558.4370117	409.7936401	497.8114929	507.244873	911.0426636	408.9878235	632.1068115	406.1542053	391.9012756	492.1753845	353.9338074	622.9164429
P08607	0	92.73311615	51.42951584	46.60513306	41.61091232	93.03575897	120.1000061	109.0309143	73.25822449	21.72062302	98.65403748	30.81196976	74.19369507	70.83906555	38.38316345	0
P08752	611.3980103	783.7711182	632.3029175	523.6400146	767.9003296	643.7041626	1246.245605	775.4672852	539.4231567	639.5186157	747.0145264	525.8952026	563.675354	597.9794922	696.5823975	1348.689819
P08775	908.7589722	1021.44104	800.3768311	332.2762451	645.6393433	995.5343018	1743.928223	1261.94104	1691.748169	720.2863159	1248.849976	1351.356567	976.7888184	1122.835693	687.0911255	861.8789673
P08905	251.9202118	174.421463	105.0867996	146.0053253	574.2214355	185.9762421	2151.093506	353.4664001	124.9178543	199.2637482	175.4995117	95.61766052	297.9439392	165.3796844	182.3280945	400.244873
P09055	908.0485229	862.0513916	796.2393799	884.7416992	1038.694092	889.2764282	1578.092773	1047.171265	1037.073486	1038.857178	930.838501	858.0280151	927.8052368	780.3914795	994.2347412	1171.932373
P09103	28494.01367	28145.26563	31072.62305	30834.15234	51142.70313	40487.03125	42202.33203	41967.35547	32741.10547	32785.25	31502.91016	30005.85156	35183.82422	36201.01953	31612.24805	33457.01172
P09242	29.97611237	21.45865631	45.48197937	0	18.76920509	15.99322987	43.24507904	21.09432602	0	28.22688103	14.30346775	0	21.33764458	44.15039444	0	0
P09405	3022.196289	3874.459961	3269.061523	3712.554443	5268.561035	3600.883057	6215.911621	4724.581543	2875.558105	3588.485352	3262.244385	3665.189697	3947.716553	3645.713623	3563.935547	4570.441406
P09411	16657.50781	18401.35156	20819.74414	17717.24609	18740.80859	16000.51758	18151.73633	16080.34961	17326.81641	15080.25684	16688.18359	18983.7793	15257.27539	16966.04688	16148.8125	24107.61523
P09528	2606.576416	3034.86377	2498.468262	1798.53418	1980.790771	1883.196533	3662.545898	1436.420532	1339.836548	2381.406982	1435.691895	2036.626953	2173.82373	1950.931396	1020.518738	3176.311768
P09581	55.04122543	24.31931114	89.98493958	56.05510712	95.38240814	59.0491066	122.1123276	164.8040466	88.24269867	59.4413414	116.4418411	92.00930786	59.23276901	74.43183136	28.69054031	0
P09671	7076.63916	8736.59082	8627.686523	6973.179688	4311.780273	5960.866211	5756.254883	6363.555664	7831.354492	6001.672852	7061.531738	6321.375977	6522.955566	6557.262207	8028.772461	6704.317871
P09803	174.995163	189.4489899	214.2753448	218.4897766	489.7585754	146.7827148	313.3853455	199.6766052	232.3777313	151.0366974	152.8852386	97.9025116	130.5852814	145.2977142	160.5146942	281.7348328
P09813	1365.626587	1757.052979	676.1116333	1796.582886	204.3300781	810.9993896	522.1812744	298.3330383	1610.789429	995.5811157	330.4997253	971.5016479	797.4684448	1327.608887	1704.058716	2508.713867
P09925	390.3424072	345.6792603	216.0756378	503.1073608	302.1361084	331.0055847	423.1081238	377.1329041	385.1492004	336.2136536	381.6907349	336.1919861	381.5285339	388.2358398	291.4865417	259.6720581
P0C0S6;Q3THW5	2703.064209	1509.96521	2504.83252	3231.401367	3411.214355	2183.271973	5108.307617	3094.932129	936.850769	1391.742188	1992.527954	1503.626465	2126.339844	1760.626343	2046.328369	3857.157959
P0CG49;P0CG50;P62983;P62984	4369.142578	2969.468506	3418.445068	2803.861572	3181.625244	4757.370605	4372.84668	6495.197754	4062.882324	4833.027832	4422.488281	4612.044434	5096.158203	4094.789063	4233.99707	5618.103516
P0DJF2	45.32484818	98.9883728	35.51384735	58.96015167	0	23.79821396	74.72257233	57.26674652	55.43492508	83.06776428	115.5698929	9.690977097	12.54539776	37.24019241	42.04560089	0
P0DN34	839.2269287	620.0623169	1159.735352	1502.002075	1006.067749	1048.137451	971.2050781	1139.233276	1209.813965	2015.690063	1294.872803	1363.067017	1454.467773	763.3686523	1740.640625	584.5319824
P0DN89	105.8309937	70.88195038	34.87798309	192.4817657	24.66962433	135.769104	161.6382141	44.57365417	40.79953384	149.4551849	55.64068604	17.29803276	76.56954956	104.297905	23.34260368	0
P0DOV1	67.45046234	109.1551361	55.70618057	18.32085037	126.5516663	73.94316864	284.1481934	158.1425018	57.45871735	61.45559311	52.72506332	22.30015755	95.0456543	49.00674438	52.11611557	224.0095062
P0DOV2	66.18146515	57.25003433	71.57402802	32.36339569	78.9743576	64.29231262	157.7192688	126.325531	22.15154266	78.07463074	59.20199203	36.73230362	43.80023193	69.19613647	86.22455597	39.2445755
P0DP26;P0DP27;P0DP28	13041.92578	11826.87988	13468.10645	14206.80273	19004.16406	14374.3291	21993.48438	14921.7168	13673.88281	14588.78223	15475.03613	13557.00293	16747.79102	13249.21973	15857.80176	15039.66113
P10107	158.3234558	151.2037964	155.603714	120.0764771	371.2292786	159.6774597	2129.852295	224.4267883	186.0475464	209.7348785	216.5022125	211.5620422	201.1175079	130.8422394	107.3545151	438.3487549
P10126	32933.79297	38880.76172	38488.66016	32708.45703	30488.85742	30878.75977	29860.63672	23226.42773	30951.55273	29844.48047	38243.91016	41334.16016	29956.35352	32371.13477	31639.15039	45890.85938
P10493	168.4751282	127.0185394	182.8960724	170.3236847	203.8867798	116.4072495	270.8746033	122.2060547	96.58768463	142.5739746	117.7369232	160.5070496	125.9484177	109.0555573	108.5563202	164.3551178
P10518	4087.985596	3421.544189	3367.127686	3341.415039	2864.953857	3493.504395	3322.595703	3675.273926	4316.131348	3265.805664	4102.085449	3989.844971	2956.791016	3204.126953	3077.954834	2408.469727
P10605	1840.55542	2329.183105	2363.644775	2514.024658	4954.122559	2269.44751	5483.97168	4193.825684	2019.247803	2717.76709	2165.109863	3095.689697	2688.866211	2104.688965	3218.193848	4016.20166
P10630	552.4024658	589.4485474	558.020874	520.975708	486.2339783	291.5793152	519.7178955	700.1489868	933.3078613	496.5440369	704.6853027	568.7140503	707.9368896	538.3796387	596.8085938	382.3597717
P10639	5675.331543	4575.973145	6232.001465	6212.992188	5737.943359	5819.893066	5935.029785	6703.273926	4974.361816	5994.147461	4814.611328	5387.080566	5369.187012	3493.104736	5880.32666	4223.51709
P10648	3891.751465	3551.11084	2747.276367	6737.581055	12045.62402	3344.712402	12461.9707	11503.88574	4496.288574	3787.8125	10248.79199	3396.303223	4155.62207	7177.675781	6738.658203	4165.104004
P10649	40942.65234	35222.69922	57147.78125	43371.64063	110721.2813	69559.78125	72074.5	149224.7031	64019.21875	93193.82813	129786.6797	77519.82031	102320.7266	106445.8906	150652.625	108754.1953
P10711	453.1658325	244.4501038	517.0628662	585.6463013	578.0390015	808.6225586	1002.119934	595.5269165	385.4913635	399.5852051	540.2735596	804.3006592	525.6502686	515.5703125	662.9922485	405.9859009
P10810	53.40636826	21.22532654	0	32.23299789	19.1082325	22.62552071	128.1829987	27.08819771	64.20548248	26.8333149	10.65866089	35.49492645	16.62746811	0	44.26290512	0
P10833	508.0878601	262.5669556	337.1902466	321.5414124	356.8002319	401.1886292	586.4813232	374.1035461	440.4623413	466.7549133	383.1410828	518.295166	344.2584229	431.4679871	593.7817383	137.2698669
P10852	137.2682037	185.4870148	94.62863159	135.9671783	217.7957306	256.3051453	445.2897034	259.0471191	140.3779755	193.4667969	171.6281128	222.787384	160.9836578	172.8932648	140.5144501	161.5379486
P10853;P10854;Q64475;Q64478;Q64525;Q6ZWY9;Q8CGP1;Q8CGP2	73046.60156	54152.43359	53116.44922	63652.33594	77742.04688	63406.21094	141298.5156	65519.60156	62114.15625	58174.85938	67665.64063	63668.58984	68568.58594	62158.73828	61710.43359	86193.14844
P10922	4396.835449	5240.879883	6041.467773	4292.204102	3363.346436	4203.3125	5303.669922	5680.016113	5927.14209	6402.208984	4949.891113	3648.485107	5139.172363	3893.763428	4375.595703	2914.234863
P11031	203.6849823	311.2945557	282.5409546	265.0264893	357.030365	356.9396973	710.6625366	456.0194397	223.8930511	330.3781128	222.9762421	356.3969727	286.7819519	288.7615662	304.1554871	185.7359161
P11087	66.45183563	163.6315308	149.8383179	173.6717072	389.6506653	96.68598175	301.1996765	50.19372559	223.980896	294.7668152	163.9609375	123.9842834	203.7600403	283.7383423	96.48169708	166.5144196
P11103	182.9566345	183.6719666	216.436554	102.9200439	186.6525879	188.8218842	252.3921967	216.4621277	153.5700531	195.3320618	246.2585449	173.3234406	204.3092957	133.5654297	172.3666534	227.4708557
P11247	0	0	30.04098129	0	157.8687744	40.91213989	1612.923584	67.04019928	0	21.81846046	68.71375275	137.4719238	59.67625427	39.89524078	49.9581337	132.0647278
P11276	1004.230286	1205.993896	851.7246094	915.0181274	1596.919067	1234.62146	3793.114502	1390.693237	1239.987671	1381.035889	1313.086792	1305.696167	1158.473511	1246.399414	1236.253784	1258.50354
P11352	16017.32422	18148.07422	20135.99805	22103.99219	16057.94043	20261.11523	12636.74414	13393.62012	17690.36328	18631.31445	16598.39453	16040.77539	14582.64063	14533.48926	13539.99023	14540.88477
P11404	100.1802979	583.4130249	183.6418457	1014.885437	1683.826294	130.4727325	1285.880249	203.4650726	828.4300537	0	158.8076324	310.7933655	417.9680786	66.8691864	0	0
P11438	100.9931564	143.7347717	218.0292969	299.3501587	504.2880859	405.4717712	326.9931335	347.5264893	363.5086975	167.1684418	326.8691101	244.2211609	431.7678833	189.5560913	188.4551849	340.368988
P11499	19379.91602	17460.83398	16976.85742	16576.15625	21120.53516	19085.83203	20835.98633	20508.69727	16831.73047	17746.82422	16870.41602	18909.98047	18625.0957	18222.07617	18387.09766	19198.28906
P11531	106.745163	135.2964935	161.4272156	114.6389313	197.9968262	119.3446121	118.6815033	107.4239883	117.1668167	125.8413925	141.6344452	113.6907349	156.9636536	121.0450439	158.4712677	173.0171661
P11588	0	0	152.9132385	22.4720993	0	120.5518646	0	169.9961243	21.48257446	0	113.1236267	11.57532692	0	4.848960876	254.627121	0
P11589	24071.54492	28381.61328	26860.74219	24571.56055	14100.95313	27884.0332	13097.45215	20275.87695	29562.88086	23676.70313	25340.46289	29380.55664	24042.84375	26989.77539	38219.58203	38476.19531
P11609	289.9796143	172.5050659	205.6024017	184.8573456	159.7405396	181.3323059	222.1723938	159.1295624	145.2328339	167.2306213	144.2024536	257.0400085	228.7635345	219.5287933	148.4545288	165.9799042
P11672	97.41051483	25.27639771	51.62059402	36.82584	266.9365234	52.18752289	1088.001343	211.4472809	72.0970459	64.24983978	124.0594635	23.19722176	69.23473358	62.0882225	33.41235352	0
P11679	24777.19141	20646.30469	25710.79297	19578.09766	29935.71094	19211.21289	42514.59375	19795.62109	21413.63281	26660.12305	29599.41992	19666.09375	25661.73438	22018.88672	23071.47461	26146.20313
P11688	142.779953	192.6438293	138.4471283	179.0042877	220.9949036	130.131546	195.2401886	186.1170197	173.1542053	250.5673523	158.4363251	158.4160156	222.2624054	193.345932	167.9946289	262.0631714
P11714	10082.14648	9631.939453	10765.85254	9309.834961	6905.711426	14140.98047	8723.789063	10977.6709	11138.85547	11250.63477	11873.70313	12024.99023	11846.96875	13301.83594	10563.58105	14513.86719
P11725	31199.48828	31943.63477	31811.46875	32170.39648	18491.39258	21344.31445	12364.2207	16967.88477	25419.13086	21239.06445	18863.38281	21212.18164	20851.06445	25384.12109	28264.03516	27697.30469
P11835	64.1947937	43.34371567	25.528965	51.17840576	219.6048889	81.52277374	655.201416	155.1463623	72.08182526	103.9232864	62.93649292	100.045929	77.73110199	87.81281281	95.03269196	275.4142151
P11859	296.6255798	237.6729126	306.9345093	328.2322693	375.019989	382.9845581	243.1368103	238.1263428	338.583252	234.1972351	271.8972473	248.9614258	251.2148743	370.771637	297.8933716	295.1784973
P11862	93.03014374	183.9438629	103.2275391	114.7942734	371.9273376	118.711853	250.0741882	67.45180511	134.329895	102.1957703	99.96229553	71.89684296	129.1479187	129.905365	84.18789673	126.2391052
P11881	204.4286804	157.3910675	119.7350769	126.3398361	118.3611145	128.6138153	147.6919861	149.2102509	198.8951111	199.880722	104.8512344	140.5288696	77.6686554	138.4475403	177.2223206	232.6701355
P11928	17.7436924	0	0	39.57574081	139.7220154	49.62680817	175.5949554	59.70561981	219.5565033	0	59.81244278	66.53231049	0	36.45063782	10.47049999	0
P11930	815.335083	655.4781494	849.6448975	742.5571899	925.5576172	596.4207153	819.3962402	615.5467529	444.2341309	613.402771	565.5634766	602.4579468	784.9349976	776.8712158	730.3874512	567.0719604
P11983	974.3519287	1253.471558	1585.653687	1060.401733	1394.908203	1083.615723	1418.204712	1351.882324	1315.5	1201.669434	1211.616089	1339.726563	1170.284912	1154.14624	1018.534912	1709.889282
P12246	40.45382309	43.67595673	49.99684525	0	28.54214096	46.80606461	183.6563263	64.37252045	0	30.2559948	51.30325699	92.71088409	22.04024887	27.44024277	26.10495186	0
P12265	642.1912842	667.6052246	681.1266479	800.8699951	942.100769	1002.202515	1128.662354	1293.421021	885.0435181	1038.322021	1071.435547	999.0507202	924.8461914	969.5509033	898.6533203	876.6260986
P12367	807.0912476	563.3471069	667.2444458	707.8658447	632.3325195	776.3964844	688.5509644	882.8018188	638.8552246	739.399292	725.0978394	817.2991943	765.2488403	790.9367065	860.6121826	731.786499
P12382	195.1806183	203.2868042	226.4587708	187.9638824	300.7214661	261.254364	369.2157593	244.248703	200.0406647	201.2581787	250.8448029	142.6994476	195.135437	192.8107758	231.4489746	250.881424
P12710	136816.3125	151220.8125	154282.9063	160321.3438	141865.875	151773.375	105822.1875	143173.5781	169601.3125	130535.6172	154789.9844	155241.7656	174873.6094	134243.5156	135349.2031	217153.125
P12787	18797.89063	14951.68555	17296.36133	20860.85156	11924.55859	16804.81641	9646.923828	13112.60352	12661.88477	14469.21289	15924.57422	11682.90137	11771.625	13714.83984	13252.56055	17481.45508
P12790	15.61217594	50.64589691	0	0	0	0	0	0	0	0	0	0	0	0	0	0
P12791	155.4078979	323.0978699	297.2383728	253.7909698	329.7059937	190.1105194	0	108.7813339	218.7525482	194.7158661	84.1858139	114.7733383	105.989151	24.06217003	0	0
P12815	955.2357788	964.5078125	847.3449707	1059.092285	1178.344238	1052.139038	1264.425293	989.2799683	738.6203003	756.5940552	847.3797607	924.9226685	975.9594116	1071.179321	1093.968872	996.1105347
P12970	3357.008789	3880.75415	2837.4375	3970.912598	3839.658203	3797.576904	3808.586182	3080.666748	4568.121582	3535.005371	4614.838867	3886.376221	3176.152588	2836.670654	3222.950439	5205.463867
P13020	274.7000427	469.3045959	344.4352417	258.4576721	481.5251465	344.7351074	1154.67688	248.1302643	427.2650146	368.9887085	329.1446228	398.247345	256.2718201	271.1482849	195.8672638	448.8016663
P13405	2234.684326	1430.956665	2302.509277	577.203064	1239.579834	1454.327637	1536.826416	1788.85376	1999.843872	567.0987549	538.859436	1872.843628	1146.941162	2418.92334	649.9648438	0
P13439	361.0525818	279.1593323	285.798584	336.7176208	304.8315735	361.0500793	323.5692444	193.4334564	326.7312622	201.2220612	381.9301453	256.7729187	193.3798065	214.5936737	282.443512	294.3061523
P13504	447.0631714	67.54880524	204.02948	384.4030457	292.8408813	320.7481384	412.5700989	414.5118408	130.2857513	283.7820435	232.246582	183.9896851	420.9345093	333.201416	342.0115356	0
P13516	1065.628296	816.6693726	738.734314	1214.438843	1109.661255	1236.077148	1344.06543	1951.958862	1497.328369	907.5123901	1853.228638	931.1765137	1346.789795	1537.171997	1463.480225	1321.755981
P13597	179.6397552	201.2206879	171.1208801	182.5902557	280.3111267	230.9759827	603.0537109	410.1875305	305.3737183	293.5240479	305.1870422	347.4738159	245.2602844	197.6119843	223.2157135	213.7300873
P13634	927.1082153	1215.721069	812.7241211	541.3257446	482.6194458	845.3192139	1126.025024	634.8777466	688.6182251	658.366394	649.2590942	837.1403198	618.1176147	586.7087402	567.4107666	365.7157593
P13707	5714	6617.220703	6832.605957	5305.555664	7766.637207	10208.91797	7751.350586	8872.96582	7901.460938	8071.256348	7808.0625	11600.36035	9692.038086	7402.694336	6957.50293	12769.63965
P13864	0	0	22.2178688	0	26.2839489	25.00204849	89.82843781	62.57915115	20.67576027	0	34.3256073	3.420156002	19.29134369	22.22735977	41.03673553	0
P14069	137.3345337	294.110321	287.5118713	46.781353	68.00409698	587.4104614	3380.016846	0	66.8595047	241.7973328	223.1200256	388.9161682	103.8651886	203.0891113	49.48625183	0
P14094	3341.861816	2330.233643	3244.589844	2946.037598	2742.275879	2389.080078	2211.793213	1466.046509	2037.980591	3019.636475	2017.447632	2428.966553	2777.779053	2762.536621	3279.591309	2842.686768
P14115	7080.833008	7268.064453	7001.089844	8625.173828	5984.641113	6660.566895	7584.061035	6533.969238	7208.814453	5862.820313	5594.61084	6081.924805	6780.037109	7407.556641	4561.595703	9206.137695
P14131	6885.499023	7078.095703	7375.837402	5344.904297	7129.414063	9701.936523	8498.743164	6998.901367	7151.740723	6607.752441	7489.225586	6930.187988	7827.594727	6872.994629	7384.340332	9505.985352
P14148	3747.997803	3943.307129	3526.262695	3683.606201	3940.867188	5390.797363	4155.537109	3900.853271	4610.142578	4014.298584	4654.322754	4336.28418	5217.683594	4405.232422	4098.268555	4146.013672
P14152	34577.39453	27773.64258	29302.52148	36466.91406	27281.96094	27633.46484	24148.08789	22987.44336	24461.20898	24765.53711	24592.12695	28155.18164	34686.70313	26342.14453	30461.33203	32845.6875
P14206	7936.370605	9171.620117	7886.234863	6888.018555	7632.203125	10918.31543	7899.85791	8371.010742	8306.366211	7548.522461	8973.419922	8050.991211	7005.479492	7577.714844	8514.458984	9818.488281
P14211	9373.542969	9396.772461	11323.93555	9959.744141	13326.96777	12368.28027	13189.85352	15800.93848	11771.91797	10949.13477	12245.72363	13390.92578	12809.30762	11739.71094	11022.10449	10628.21387
P14246	1366.58606	1726.756714	1396.973755	1878.270508	976.9629517	1440.59314	1180.293335	511.5447083	1491.592407	1215.618408	1756.628418	927.3275757	1045.58667	1508.15686	1088.393188	1208.339111
P14429	122.4253845	113.5303192	0	96.79677582	133.9832001	107.5340042	185.5335846	121.4322128	206.2621765	151.9925232	49.45941925	90.07624054	45.62921524	114.7343292	281.6533508	68.30648041
P14434;P14438	67.90589905	85.74058533	63.24080276	80.0837326	98.44777679	58.10020828	981.9914551	313.601532	0	103.1724243	56.45069885	48.06907272	116.2137375	71.5689621	75.93379211	0
P14483	30.72280121	30.77443504	53.2830925	120.201889	109.9947968	66.72557831	764.3005981	255.6338501	52.13263702	104.6214218	73.96030426	61.17172623	82.22635651	129.7667847	72.69742584	27.21883011
P14576	552.069519	596.8535767	666.6164551	637.4918213	766.2609863	837.1522827	732.4210205	815.7639771	654.1749878	650.2501831	693.7412109	692.4518433	762.7426147	667.2061157	595.3447266	738.7636108
P14602	274.8870544	253.554184	258.2223206	246.2521362	1016.812012	1530.599243	2856.658447	2545.494873	1220.984009	1047.757568	1184.967407	695.5578613	1292.141968	1046.150391	794.9146118	1314.307617
P14685	1097.884399	1105.321411	982.5709229	1187.886108	1063.356812	1274.564209	1586.603394	1262.250122	1105.757446	1213.128296	1365.865234	1143.866211	1141.30249	1176.595825	1054.766846	797.0806274
P14733	389.8329163	372.6099548	394.6765137	315.1513367	384.2460632	430.2667847	858.6762695	365.9941101	346.1176758	355.0591736	383.7539673	388.1161194	422.0391235	420.7410889	411.2069702	570.4147339
P14824	3406.14917	3787.698486	3832.3396	3634.691895	4019.166016	2919.971924	4570.343262	3367.832031	3412.54541	3461.333496	4227.564941	3191.218262	3234.625244	3577.493896	3438.411377	3852.40918
P14847	52.83908081	71.89992523	101.4491577	27.96275139	77.00564575	105.5657272	125.0474243	135.3298492	28.10678482	53.81097412	68.73389435	92.89944458	55.09428024	75.92357635	77.26838684	77.26529694
P14869	7273.07666	7632.097168	7966.504395	6790.430664	6080.526855	7086.605469	8101.603027	6701.779785	8017.161621	7554.17627	8805.020508	7124.87207	7440.790527	7812.029785	7238.308105	10009.28516
P14901	158.3633118	141.1026764	127.1062469	152.9481964	245.6610565	171.3498383	876.6425171	255.5032654	233.3970032	157.4371948	193.7036438	225.9850922	162.3669128	164.024231	146.7303314	227.4581146
P15105	11840.05176	9743.837891	7708.820313	9722.175781	3219.534424	11664.90332	9088.46582	7215.40332	11604.63672	9910.265625	14513.82715	11646.72168	8645.361328	7687.527344	8992.12793	9370.550781
P15116	936.515686	966.8849487	925.5039673	851.6976929	658.7639771	795.7524414	719.6523438	990.8157349	748.3243408	930.2365723	887.906189	887.7191162	959.0883179	877.3392334	832.2416382	1119.379517
P15208	82.50688934	102.959938	71.67580414	82.2122345	45.74251556	115.6322479	46.29924011	49.15371323	48.95999146	39.22278595	44.41412354	100.5225143	93.82264709	92.49768066	100.9921417	47.01472855
P15327	199.7823639	341.8611145	124.0829849	130.2567596	320.9821777	309.359314	158.5754242	269.5430908	117.9544449	124.505043	291.3919373	365.5131531	151.7560272	92.35381317	296.0422974	248.9142303
P15379	59.88785934	0	0	91.44355774	95.58731842	60.79698944	474.8019409	95.2093277	255.533905	27.26932335	158.869873	42.71974945	168.866394	38.3560257	89.93273163	0
P15508	166.68927	224.9794312	130.0070038	148.3846436	152.9708862	237.6644745	177.7337341	133.3274994	138.9141541	179.4372406	156.7647552	305.2912903	176.0057373	114.5961533	114.0738983	204.822937
P15532	3370.482422	3763.837402	2833.982178	3473.819092	3741.199707	2635.140381	3764.476074	3524.985107	3216.401123	2999.650391	3872.891602	3431.751953	2726.76123	2540.826416	3388.099609	3359.718262
P15535	87.2869339	54.58882904	100.6017685	95.03870392	197.7302399	132.6820984	209.9080658	97.36791992	152.3677826	148.1479797	129.607132	111.8724136	126.3587723	122.6390457	144.8474884	256.834259
P15626	92404.14844	61269.97656	79070.96875	77275.72656	124699.4375	62133.42969	102774.7266	102223.9297	74768.0625	81870.02344	119517.4531	74919.32813	100693.3594	101634.8828	124442.7891	109550.3281
P15864	513.0695801	203.845459	569.802002	1015.270142	1491.501221	785.4672852	2457.04541	927.4419556	1035.833374	298.1709595	1042.076782	334.3977661	911.2885742	834.937439	373.8564758	740.8723755
P16015	44115.71484	41815.82813	43168.32422	36312.21875	24325.11328	75907.03906	28094.09766	37956.43359	65544.15625	40556.13672	48201.56641	62760.41406	53630.41797	55414.34766	30849.28516	66478.80469
P16045	512.2550659	1120.70752	646.3344116	629.3031616	1821.811523	1171.446411	3604.280029	1305.638062	1657.860229	1230.78772	1814.032715	1444.317139	931.887085	1426.895142	1270.919189	1622.270874
P16056	64.5588913	94.11312103	124.5943069	49.09883881	0	38.02468872	69.14746094	35.65811539	119.5706635	35.45812225	40.51490402	41.88846207	41.31863403	43.85040283	78.60451508	73.89646149
P16110	76.93523407	90.61991119	49.51356125	131.2348785	534.3773804	133.8809052	3698.015869	429.7794189	162.506485	132.1962738	144.5052643	269.658905	158.7450104	156.40065	181.7476501	215.3224487
P16125	161.3627014	76.76474762	87.60543823	86.91271973	159.7565002	113.1301422	137.7595673	115.447525	125.8599625	106.1615143	114.2022858	140.5550079	113.5103607	47.83712006	90.80593872	40.47237396
P16254	267.7827148	340.5482483	504.021698	277.22052	240.8704376	316.6694946	305.5281067	247.4015808	327.5077515	245.07341	288.7838745	191.8439941	225.6547852	242.7042999	270.8577576	216.964798
P16294	71.5713501	83.59993744	69.68204498	30.14925957	47.31953049	46.40736389	63.31429291	99.47692108	117.5000534	58.85946274	68.82201385	70.6650238	100.6639633	92.70043945	81.93397522	133.6514893
P16301	81.02157593	164.1717377	81.43598175	131.2009583	131.359375	198.1876984	129.0102081	151.5004883	103.5269012	134.5708008	135.3064575	238.4535675	160.3222656	135.6545105	167.5190125	0
P16330	75.00324249	16.83084106	5.902294636	64.62205505	24.02256966	13.80295658	76.17494202	95.86392212	70.79650879	53.77193451	0	69.67597961	11.18409348	43.47996902	80.19438171	0
P16331	14621.99512	16594.42188	14041.12012	12190.39355	10843.7334	10366.60547	7157.968262	8103.456543	12419.4082	9370.439453	10934.89453	8088.973633	9886.513672	9633.183594	11801.40918	8928.770508
P16332	2293.0979	2261.998291	2064.758301	2347.886963	1271.020996	1537.154663	1250.493286	1071.664429	1569.953247	1534.512451	1261.115234	1601.450806	1707.683105	1632.762207	1515.637085	1805.28479
P16406	415.6265259	419.5431213	369.2341309	445.6617432	287.0542603	411.1134033	317.088623	335.6192017	375.6943054	462.5955505	486.1585388	483.9596558	436.9117737	394.9214172	434.181366	466.5445251
P16460	97546.39063	78398.19531	84725.60938	97534.71094	65697.52344	35867.9375	35938.80469	31215.56055	40060.39844	40459.66406	46688.14453	33741.93359	40294.17969	40729.86328	46700.59375	38653.3125
P16546	876.5296021	982.1272583	878.6691895	895.446228	975.5137329	885.5360107	1166.332764	788.3449707	824.2462158	787.5657349	848.3637695	822.5479126	813.2077637	775.5925903	868.9822388	1049.466919
P16675	781.9197388	732.0892334	541.4708862	406.9950256	686.4373779	1048.782837	1263.359497	1270.158203	795.5413208	791.253418	1062.969604	910.9172974	1027.098755	722.9865112	580.076355	527.9799194
P16858	52714.41797	51898.72656	51199.64063	42917.55078	43372.57031	46454.58203	56513.97656	45049.07422	50850.17969	51396.65234	44958.42188	48834.32422	48581.02734	45340.98828	44144.91016	62482.82031
P17047	2622.320068	2768.059814	2195.4021	3053.339355	2679.021973	2263.025879	2304.342285	3997.907715	2456.841797	3044.012451	3127.23584	2805.791748	2152.628906	2398.477783	2506.527344	3370.817139
P17095	6.728258133	0	23.21279335	0	6.958927631	0	16.12868309	0	0	0	0	0	19.85175323	0	3.771477461	0
P17156	15965.44922	15239.88672	14816.08789	16014.77441	16909.92578	14386.0166	16712.40039	19808.3418	17011.4707	16108.40234	17335.35547	18438.22266	16787.07422	17897.26563	15313.23926	20438.47266
P17182	22783.47852	26739.92188	29724.92383	27131.14844	27541.38281	21313.35352	28830.79297	27746.5332	27774.375	24541.53711	23388.50391	28927.10156	25778.6875	23384.34375	24055.58594	36442.21484
P17225	2069.123535	1811.563599	1835.302124	1865.863159	1958.836914	1947.631592	2191.009277	1820.438354	2010.283569	1967.149902	1714.63269	2100.970703	1904.965576	1930.85498	1834.836304	1994.906372
P17426	3117.852051	3853.416992	4319.81543	3504.43457	4106.29248	4290.772949	4220.896973	3895.794678	4050.36499	3713.156006	3290.802002	4615.195313	3347.831055	3266.894043	3597.672607	4351.978027
P17427	1093.008179	1015.139832	1051.052002	962.9266357	1253.643677	1078.484131	1126.533447	1172.271851	843.8718262	1018.015991	1156.117554	1195.687134	1065.878418	1119.628418	1048.300781	1017.400696
P17439	286.9962769	426.1839905	328.0925293	417.5462341	260.9205627	213.1836853	248.7042236	341.1730652	223.087677	347.1132507	240.0815582	303.2939148	236.7224121	266.7294312	371.8920288	445.8179626
P17563	8329.356445	7124.856934	7942.585938	7821.767578	3845.182373	4879.1875	3963.402588	3333.604004	6474.995117	5625.087891	6987.436523	3723.525146	4453.968262	4877.070801	6282.966797	6449.894043
P17665	6643.227539	4332.348145	4586.908691	2824.690186	3639.954834	1261.097168	4030.595459	4103.534668	4592.606445	4104.726563	5466.006348	1370.894165	2499.268555	4938.264648	1706.224854	1991.244385
P17710	34.00950241	61.17090225	48.6884613	39.38249207	87.98304749	45.51675034	107.084259	40.70342255	38.00265121	91.27751923	44.12809372	74.58592224	66.86035919	76.5585022	54.88342667	237.2887726
P17717	21077.18555	21687.25	19352.56836	24809.94922	21712.19141	28742.44336	19777.29688	37877.98047	25751.41016	28074.1875	23853.24414	30106.6543	27983.04688	26348.24609	28154.27539	14258.47266
P17742	24542.27734	22319.55469	25561.96875	18400.77539	24846.21875	20524.13281	25801.5332	25429.36719	20849.08594	21898.31641	20645.67383	22361.78711	24100.9707	20599.92969	23228.38281	22983.37695
P17751	13093.84863	13089.28711	14562.54199	16307.74609	17743.67969	12642.84082	13029.64063	13813.30469	11909.18848	14280.28125	14581.22852	16349.93359	13336.83398	13650.36719	11923.28809	13720.04785
P17809	19.26771355	95.95237732	57.29217911	39.18777466	82.90579987	55.5136528	176.8187866	21.63976669	41.35381317	24.18748665	0	35.16878891	0	0	67.47216034	0
P17879;Q61696	2152.119629	2104.036865	2278.095947	2660.179688	2818.753662	3333.015381	2486.930908	4540.635254	3199.109863	3776.606934	3698.807129	4069.476074	4319.90332	3277.322266	3730.844482	2804.972412
P17918	43.14189148	107.046524	72.78835297	78.76753235	105.2288742	100.1906815	245.4803619	183.5710754	77.04555511	52.78035736	116.5952454	92.64456177	108.0962219	52.65715408	145.4531708	150.6114807
P18052	72.6920929	114.2212677	74.41368103	80.95683289	56.96006775	77.15421295	148.1973572	106.8770828	119.332695	98.0496521	81.87580109	72.93193817	125.0691528	114.6274796	73.22253418	153.5901184
P18242	3904.437988	5142.626953	3763.012451	4654.078125	7869.208496	6264.930664	15004.08594	7021.790039	4942.018555	6398.706543	8103.384766	8985.428711	4631.443848	4865.865723	5373.274902	9801.674805
P18419	0	0	0	0	0	0	0	0	18.31543922	440.5882263	0	0	0	44.66761017	0	0
P18524;P18526	46.2240181	78.34146118	21.85457039	0	74.43689728	87.48268127	86.09698486	0	21.97088432	67.4630661	72.02368927	82.93249512	0	83.67089081	112.6539841	0
P18525	0	0	25.14753532	49.73757935	87.8788147	0	0	0	22.81383133	0	92.30950165	22.50399017	62.17582703	56.55038071	39.69638443	0
P18528	111.7264252	191.9777679	95.90107727	107.3791122	77.04001617	83.69312286	73.63124847	188.5461121	115.8941422	193.3657227	96.0581131	123.6670303	227.1903687	58.80206299	216.469101	135.0249023
P18572	910.5661621	576.8460083	588.6381836	1102.12561	1858.610718	1594.108154	1743.679321	1453.630371	968.4898071	672.0014038	310.7954407	631.6588745	1089.227661	925.4746094	1094.126343	1141.400757
P18581	148.2138214	131.4960022	107.9487915	159.1087036	197.4873505	139.6495209	6.986337185	125.2513504	167.744278	139.9053802	126.4974289	130.1816711	93.47830963	158.9992981	87.74965668	121.3264618
P18653	49.88881302	80.59922028	74.08568573	101.7763519	122.1440659	38.98891068	246.9257507	131.0872955	49.32029343	115.7307816	144.1958771	70.99871063	75.63050842	58.07968521	87.10884857	245.1256409
P18654	27.40117073	64.91217804	23.21354675	54.139328	63.08633423	42.41691971	151.7240906	55.18778229	66.15463257	77.55841827	50.03654861	76.8928299	66.04018402	52.64332581	83.00966644	0
P18760	12849.48047	8047.616211	8225.042969	10170.9873	14403.96973	13813.94922	29126.97266	12661.99023	10012.2373	11235.46582	9650.754883	13361.12207	9908.871094	10177.30176	10815.78223	8538.416016
P18826	61.57409668	0	40.55686188	27.50247955	86.51197815	35.42073059	0	0	0	0	0	0	47.55126953	0	0	0
P18828	12.05703831	71.61375427	0	104.3478622	0	0	96.37161255	38.86682892	0	0	12.94935036	0	50.04384232	0	38.54489517	0
P19001	9974.435547	6574.42627	12785.47363	6687.226074	17998.17578	5272.28125	13550.58008	5378.907227	9172.450195	9505.050781	10520.87402	9584.366211	6481.265625	7961.538086	6047.870605	5455.845703
P19096	9431.332031	7053.260742	10698.81152	9882.005859	6643.8125	5682.360352	4810.263672	5657.615723	7605.960938	6615.811035	11116.9248	7061.255859	7923.549316	6964.690918	11836.87012	8024.256348
P19157	50997.82031	72665.98438	69704.44531	61097.87891	64192.93359	86057.32813	54496.88672	106636.6563	94606.23438	93647.79688	65985.64063	90355.29688	69319.89844	78858.83594	79740.04688	79062.71094
P19221	536.1811523	863.1236572	437.1148682	425.9692383	785.3096924	588.6245117	886.737854	710.1543579	909.7067261	575.843689	556.3646851	570.1062622	516.5866089	832.7047119	690.8275757	732.2338257
P19253	3355.544922	2651.417969	3125.937012	3236.843994	4321.716797	4276.5	3865.995117	4248.363281	2916.911133	3616.442627	4324.744629	3553.092529	3628.892334	3506.680664	4252.222656	3066.15332
P19258	285.4901733	255.0614014	472.0419617	226.0044098	632.0101929	435.7902222	283.0436096	583.4203491	321.9855042	431.4812622	406.5834351	340.1134644	541.4944458	530.6695557	489.1526794	358.4961548
P19324	318.4232178	372.2079468	303.1503601	399.2327576	1088.538574	332.3573914	1172.847656	435.0437317	433.1332397	330.3494263	435.1339417	348.4928284	363.3894043	381.7055969	354.5134583	437.3619385
P19536	4187.318359	4107.605957	3316.097656	4839.585938	2881.587891	3034.71167	2344.850342	3179.129883	3805.282959	5309.408691	3447.912109	2717.95459	4637.968262	4075.079346	4216.26416	3552.948242
P19639	4287.83252	4007.046143	4073.470703	3849.057861	30595.67969	2995.650146	19541.42188	19893.5332	4838.336914	5985.220215	16957.61328	3170.976074	9949.948242	11938.89258	19506.08203	8486.893555
P19783	17263.82617	15471.28906	18109.09766	19956.07031	14623.61035	16372.94141	10443.26953	12774.89355	12989.44824	9663.416992	14788.2002	12552.06152	13500.63379	14190.66895	12530.40234	15761.33105
P19973	243.3700104	0	0	26.25562477	121.494957	0	284.6593323	146.7212982	37.89259338	0	114.3161392	139.8817902	223.7436829	127.9671555	0	0
P20029	22392.94922	21403.83984	22775.04883	19391.18359	32736.54102	30963.89648	30911.82813	30553.69922	27511.14258	25655.11328	24276.16211	26352.33789	26182.39844	23960.19727	24365.99023	27389.02539
P20060	431.0408325	432.2778625	429.8924561	471.6673279	659.5725098	407.6264954	767.4507446	619.3461304	489.0119629	275.1710815	494.0542908	517.4042969	542.0720825	528.0559082	418.9300842	398.4060364
P20065	29.70521736	62.6269722	0	0	222.7662659	74.47387695	289.1495972	32.56797028	66.98685455	32.39957047	0	69.04930115	0	33.50878906	24.51743698	0
P20108	8212.485352	11733.85645	8151.862793	8402.78125	10434.62891	8581.878906	8655.568359	7513.27832	9248.429688	8686.926758	8120.526367	7003.59375	10263.82813	7776.919434	10305.53027	9986.707031
P20152	2426.103027	1496.991333	2002.459473	1393.41333	4464.484375	2507.619873	8317.220703	2583.085693	2628.054199	3407.142578	2830.462646	2782.468994	2891.180176	2259.301514	2011.041626	3619.601318
P20293	74.81217194	56.62424469	32.22296906	50.88459778	177.8983765	103.0620041	63.82484818	0	86.99616241	64.73171234	0	57.30379105	64.0986557	112.1228027	36.09710312	0
P20444	39.57752228	41.62676239	39.14646149	44.90717697	53.08746719	55.32906342	74.19792938	55.48842621	54.78077698	39.53377151	77.50701904	69.68257904	30.54719925	57.2038269	22.77211189	0
P20491	0	0	0	0	0	0	162.7894135	0	0	0	0	0	0	0	0	0
P20852	6966.807617	9307.424805	5820.827148	8058.178223	8396.265625	5157.895508	8852.321289	17095.71484	6840.625488	5594.26123	8142.394043	7591.536133	5253.654785	5221.614258	4568.579102	7297.486328
P20918	868.5	1035.771851	499.5106506	782.6419678	663.2589111	808.1296387	1216.643433	695.1852417	462.8786316	442.8554993	817.5435791	611.973938	560.0881348	522.7617188	590.6765137	733.0411987
P21107	819.5524292	1008.450623	788.2268066	782.1704102	1232.772339	843.5979004	2334.062988	545.0327759	974.1414795	1242.20459	1154.291504	1275.739136	1569.612061	1621.118408	886.2236938	1003.064819
P21126	106.4621506	85.61532593	110.1296387	99.43481445	175.70961	25.1470108	110.9486923	70.12437439	75.67443848	51.10824585	60.0473938	40.51300049	77.35172272	58.91992188	88.83248901	71.59140015
P21278	555.3546753	497.8994446	473.0555725	414.1871643	419.6918335	643.7623901	704.8517456	503.0120239	474.5763245	482.0410461	447.0100403	569.4977417	773.5385742	382.4178772	565.4718018	395.1011963
P21279	141.6474762	226.7623749	227.4388733	218.3438416	264.1952209	249.491333	296.2352905	243.2331696	188.2763214	328.5120239	130.7698059	227.2921448	277.0467834	220.4192352	288.2076111	176.4761963
P21300	110.5463638	20.40920258	87.88633728	205.6063385	50.02573395	69.52609253	252.4888	158.7627106	84.07649231	33.5515213	39.55935287	91.09357452	124.704628	180.8399658	209.6540833	45.69229126
P21440	316.6125183	378.9777222	323.713562	346.4875183	407.9730835	413.0629272	369.9684753	415.2984009	346.7437439	372.4147949	383.1170654	343.5799561	431.1863098	387.76297	370.0492859	411.2363281
P21460	0	0	48.36026001	19.92586327	119.6544647	95.50376892	196.4579468	46.12137985	55.69970322	66.7901001	31.5312748	28.03119278	65.37861633	74.67063141	62.81846619	0
P21550	56.77919006	32.51423645	21.51538658	6.584308147	42.62495804	4.461409092	91.65589905	32.83886337	28.68786621	15.24488068	24.67969894	11.05382919	30.94049454	9.954888344	12.2620039	0
P21614	1067.47229	1664.915283	918.272522	679.1461792	1765.088257	1209.772461	1853.515625	1484.137329	1065.386719	959.2050781	1523.283447	960.3600464	1028.268311	1086.746216	1211.621826	1163.500854
P21619	296.9728394	322.5643616	271.5782776	347.2291565	323.2298279	341.1591797	430.389801	426.0256958	300.6799316	338.1834106	324.8186951	402.7375488	362.4423523	348.8158569	347.4951477	547.7973633
P21958	142.2071991	87.06587982	47.41379547	95.15830231	244.6184692	120.3577957	156.0074615	280.6925354	129.1491852	220.1277466	114.3866806	117.4416122	167.0749817	130.248764	137.67453	187.0909882
P21981	3030.820557	2630.618896	3374.120605	3024.969238	7597.716797	4894.763184	11188.4707	6993.862305	3541.473877	4764.385742	4388.40918	3836.87793	4038.65625	3700.626953	3668.528564	4439.983398
P22227;Q00899;Q3TTC2	80.90132904	21.50934029	0	0	66.81015015	58.71517181	162.325058	148.5514984	13.02303982	110.9146729	0	159.6639557	82.14455414	88.84533691	106.5293121	0
P22315	1804.138794	1485.397583	1804.466919	1831.484985	1173.754272	1763.730591	1151.118042	1233.172607	1183.550781	1549.881104	1292.600464	1611.992065	1280.8302	1768.308105	1445.144409	1615.505249
P22366	43.79230118	74.34552002	78.04152679	59.81878662	124.1447906	94.77494049	112.9954453	83.28307343	63.96478653	72.63422394	44.71775436	133.8815155	79.10450745	34.16464615	75.32229614	40.96151352
P22437	114.0121918	69.60829163	67.41506195	119.6267166	105.682785	96.81132507	144.1596069	170.263855	97.1925354	66.78962708	70.00257874	88.9464798	100.2014923	83.58371735	92.82324219	115.2233734
P22599	592.8162231	1323.79187	686.7821045	822.7306519	413.3304749	1238.360718	684.4112549	531.583374	517.2276001	638.2418823	422.3364563	760.8279419	998.0680542	850.8376465	452.9867554	315.7461243
P22892	377.0372314	283.9658813	325.4464417	384.550415	404.0009155	364.2983398	465.7281189	370.911499	382.1214294	319.9926758	280.357605	370.3585205	416.8525085	348.7228699	490.3485718	314.2990723
P22907	96.14831543	134.8300781	155.6856384	181.0687866	196.129776	241.4219818	143.8042603	192.9313049	152.2052307	171.2328033	213.022995	233.6572113	224.1768799	165.5314941	191.2160187	176.9388733
P23116	1535.273315	1440.895264	1101.323975	1413.07019	1266.158691	1518.144653	1990.948486	1773.928345	1452.146484	1361.249268	1437.662231	1473.545044	1561.780884	1351.374634	1330.378296	1691.797119
P23198	514.6212158	218.3986359	402.9367065	494.6806641	731.8841553	268.8096313	1049.556763	461.8401794	369.4746399	393.6283569	646.1097412	524.0162964	608.7970581	534.0663452	511.383667	364.5285339
P23249	396.1300964	399.6306763	352.8834229	531.5390625	533.6376953	393.0953674	421.7492981	504.7997742	319.9338989	333.35495	439.4312439	371.2997437	291.3611145	332.7481995	356.823822	526.0368652
P23475	67.97589874	105.0557861	89.99489594	88.38698578	102.1353226	88.80407715	134.8487701	90.31903839	86.96646881	72.23487091	84.56453705	148.0977631	150.6570129	142.9271088	96.66040039	334.9254761
P23492	4850.749512	4788.036133	6207.225586	6470.71875	4950.708008	4345.344238	6983.120117	6386.100098	4253.501953	5606.462891	4818.991211	6441.355957	5000.241211	5173.405273	5514.233398	3503.006836
P23506	178.0217438	199.8127747	141.5257721	126.4940262	224.0934143	197.8795319	326.15625	139.7960052	236.8236847	151.9728394	201.727066	211.1826019	156.6808014	205.5874634	136.7502136	130.364212
P23589	1611.622559	1556.576538	1234.614258	1395.079224	553.8723755	763.4932861	437.9570313	469.2108154	803.239563	531.0830688	743.6499023	632.6630249	763.7366333	677.8010864	932.7468262	940.5606079
P23591	626.9111328	499.7175903	481.495636	628.2116699	715.7601929	743.4937134	865.7925415	862.4869995	700.5512085	610.7451782	591.9336548	620.6844482	732.7639771	704.2335815	694.583252	684.2750244
P23780	375.8654785	329.1686707	351.611084	272.9548645	320.4855347	525.4743652	638.1498413	649.324707	496.9955444	554.1719971	510.0810852	644.1140137	513.7845459	611.1664429	517.868103	711.7006836
P23881	13.48878098	60.82701492	90.51364899	45.56806946	0	0	67.53153229	69.47967529	17.26522446	0	69.35812378	26.52644157	7.632318974	0	27.72531509	144.4414215
P23953	1930.039185	3128.395752	1875.474365	1609.550903	2453.951904	2167.269775	2524.128174	2545.67041	2060.337158	1872.214233	1826.864868	2344.922852	1982.483032	1583.960205	2296.350586	2438.155029
P24063	432.6951294	286.3992615	292.7652283	363.1109314	384.3701172	551.6287231	999.7272949	744.3167114	482.6322937	350.9697266	429.8459473	757.5319214	212.3036194	245.7418213	329.5240784	0
P24270	44528.98438	40773.26563	44970.625	40400.3125	42679.73438	36790.39063	36445.66406	44420.16016	34634.33984	44218.26563	43650.75	40948.19141	44589.02734	42543.35547	40809.55078	40415.08984
P24369	7263.080078	7340.258301	7431.045898	8203.814453	11458.45703	9710.681641	9201.827148	8813.572266	7864.303223	9654.401367	8776.241211	8481.902344	8703.777344	9252.204102	8929.799805	9714.791016
P24452	108.7236633	51.83742905	48.54766464	74.36279297	544.6556396	153.6558228	1523.320068	258.211792	155.298996	271.9334412	164.8727722	130.8736572	120.199028	119.7852097	81.96677399	300.9212646
P24456	9975.147461	12862.13965	11109.9082	10734.31934	10433.2334	11492.40527	10509.87988	10816.98828	12531.59082	12314.37891	10910.64258	11014.01563	11353.15527	12996.77441	11181.21191	11931.49414
P24457	337.265686	564.961792	331.7822876	997.0562134	764.0883179	1141.345093	417.4925537	62.10397339	859.7023926	599.1448364	901.0041504	667.4989624	515.6452026	1011.107971	225.7309418	0
P24472	4312.541016	3823.772217	3943.575439	6389.320801	7345.849609	3476.775146	7044.735352	6259.540527	2749.560059	3378.841309	5417.473633	4534.405273	4670.665527	5095.166016	5523.392578	3943.225586
P24527	1314.030151	1346.9729	1582.351074	1529.824707	1439.872681	1651.932129	2790.035645	1411.974976	1356.885986	1329.085693	1196.654785	1396.073853	1378.696655	1290.218506	1227.873413	1379.510986
P24547	265.2806396	310.2843018	232.1690674	261.3169861	335.3650513	358.3866882	548.7241211	231.2850037	256.6254272	214.9656677	304.2752991	367.8321838	328.0007629	346.8257141	282.9414063	298.8768921
P24549	27273.46484	30459.50781	23588.16016	24412.4707	22138.9043	27663.07617	21495.56641	28323.30469	33764.50391	22008.05664	28916.46484	32886.89453	30889.16406	26736.81641	27812.2168	34121.69141
P24638	111.9488907	129.2755432	68.69694519	102.6386948	185.6051483	113.4161987	185.8150177	198.9350586	184.5855408	114.9030533	92.83935547	164.1430054	161.8702698	140.0545044	161.4801178	136.0009308
P24668	242.8170013	468.791748	301.246582	185.6358948	169.3831635	163.0040741	438.7906799	235.5671539	214.8444519	261.1955872	78.59767914	222.6365051	291.8579102	118.260704	278.4276428	190.6096039
P24721	290.3671265	210.329895	387.2566528	248.4096375	107.6564102	241.1548462	189.9680481	147.3519592	206.8204041	202.811554	196.2015991	167.6070709	179.338089	185.6921539	253.2124939	407.5718079
P24788	53.28810501	22.13963699	33.85750198	11.35800743	130.4704742	29.75383759	74.07376862	23.41336632	41.33457184	42.57690048	14.44572449	22.93369484	0	61.41214371	126.6347122	69.848526
P25085	0	24.06963348	0	76.66201019	240.8336334	37.28980255	189.2454834	0	28.98490524	89.17625427	37.52173233	40.84325409	36.70918655	68.22815704	19.55765152	0
P25206	38.46810532	0	109.7702332	0	146.1112061	43.36265182	102.4852829	56.72972107	0	17.61175156	100.9654007	38.91709518	13.89060116	36.41215515	90.23724365	0
P25444	6964.654785	6683.391113	7235.015137	7109.761719	6227.708496	8322.870117	6415.15625	8574.327148	8259.87207	7605.841309	7347.51709	7776.863281	7153.804688	7208.412598	6592.585449	7190.996582
P25446	29.21670532	44.26271439	13.68711185	42.85987854	102.7964325	69.56637573	21.19110298	20.35433769	34.03699493	62.96063232	33.45235443	22.725914	67.93301392	5.511718273	49.82091904	0
P25688	68169.21094	58078.48438	68289.66406	62022.71094	78936.59375	64118.69922	52752.04297	58350.09766	50644.77734	67468.51563	50213.60156	43103.98438	57589.91406	52179.88281	49404.08203	51286.21094
P25799	44.76331711	37.88295746	136.4246521	79.19602966	82.94754791	66.46853638	170.0953979	104.3618927	65.89364624	50.92909622	86.36475372	55.26145935	65.01006317	47.0474472	118.5877457	0
P25911	205.6308289	205.0348358	197.608963	188.7405243	202.8994904	227.4318085	351.4588623	248.6218719	174.1334076	178.6710968	190.8748779	247.6614532	184.8209381	240.6276703	240.6370392	76.78418732
P25976	56.79124069	48.01306152	58.9717598	44.41534042	69.6724472	101.3250275	166.1554565	63.53623962	35.38840103	57.83639145	69.53603363	51.83229446	68.24185181	56.82049179	86.35124969	0
P26039	1438.474731	1299.463379	1300.210693	1331.650879	1842.029175	1544.0448	3318.097412	1825.662476	1616.481934	1419.653687	1565.272949	1981.3927	1589.081421	1450.151611	1616.3396	1829.16394
P26040	92.87789917	109.9033966	66.07141113	87.87574768	162.9874878	80.12496948	364.4781799	85.57048035	102.0262527	137.248764	88.29405975	114.3937378	123.96064	93.72631073	68.72192383	104.8596802
P26041	667.7025146	543.3065796	491.2376404	694.9477539	1114.861938	674.8189697	2610.666992	894.0463257	704.8786011	607.4490356	678.8740845	664.5769653	686.4337769	714.6394653	625.7527466	720.8155518
P26043	8171.973633	7514.813965	5686.794922	7533.60791	6613.208496	8336.357422	7455.537598	6765.480957	7588.667969	7143.633789	6936.720703	8113.808594	6825.616699	7448.865723	6873.271484	7980.473633
P26150	2264.002197	2412.767578	2726.201416	2412.925781	2852.485352	2582.099365	2180.38623	2082.373291	1935.499878	2710.908936	2577.137695	2371.627197	3092.73584	2552.704102	2552.679688	4580.681152
P26231	491.1069031	485.0097656	586.5796509	458.6306458	581.1304932	392.776825	610.3084106	557.4028931	433.808136	482.465271	471.4093323	507.7400818	488.9139099	467.9625244	469.2754822	624.1203003
P26262	157.9156189	293.0690918	78.85211182	130.1867523	115.1520157	114.9364166	104.9382172	139.6817017	123.0326157	98.5861969	76.3755188	124.9971695	109.9669571	145.2099457	122.7201385	87.28374481
P26350	897.812561	496.7149048	358.1459045	644.4328003	1652.642212	1830.869263	2094.344482	751.8416748	484.9402161	1265.530762	1124.087036	676.8952637	747.5809937	619.0280762	856.5489502	839.8493042
P26361	0	196.9825134	190.3601685	0	0	0	145.0258789	133.5035858	195.9966888	141.4152832	275.5541077	125.7858963	84.65731812	162.5547028	111.9331665	0
P26369	839.0393066	848.9008789	607.0027466	882.1260986	746.9918823	777.2366333	1209.575195	847.1143188	1003.354065	714.9707031	894.8357544	826.1394043	809.1887817	953.913147	768.1199951	984.7650146
P26443	43579.84375	43521.35938	38692.03516	43920.18359	36209.61719	45652.46094	37456.64453	42084.08594	50718.81641	49593.61328	48937.57422	44396.625	49474.89844	50231.00391	49309.61719	59836.89844
P26450	36.4996109	45.31072617	61.77869034	95.31710815	26.94403458	32.44836044	69.30483246	48.29130936	28.1879406	51.57339478	16.62952805	47.16420364	40.04363632	21.47373772	20.78919983	50.30817032
P26516	756.6344604	938.2003174	974.7665405	801.2093506	776.0343628	690.8262329	1098.773315	863.6606445	695.3636475	784.3498535	817.3748169	961.2036743	831.8294067	771.4631348	872.0473633	461.0883789
P26638	977.3430786	939.3255005	1064.028687	785.3540649	1067.008911	1219.984497	1763.955933	1324.394287	1105.364746	958.0269775	1109.558228	1270.530396	1232.988037	1101.400146	916.0194092	1305.894165
P26883	386.1796875	597.3952026	834.8864136	373.7746277	1227.05249	936.7046509	881.4846802	754.128479	731.6411133	609.1434326	613.9755249	762.8272095	1204.318237	890.8131714	445.8340759	521.6987305
P27005	46.46459198	87.72607422	99.68260193	137.078125	276.3407898	56.71833038	4959.401367	324.2306824	74.27008057	97.5821228	129.3174591	101.8413467	100.4949646	69.8740387	91.25492096	137.3235474
P27046	629.6531982	676.5571289	571.1584473	629.1725464	752.3762207	638.0651245	838.3140869	840.9713745	690.2574463	704.9110107	725.3740234	664.7419434	661.6091309	698.1385498	631.0397949	744.7695923
P27048;P63163	1142.769409	1057.168945	1284.649414	959.9498901	1410.579224	953.1698608	1418.629639	1115.619507	594.5756226	878.871521	546.0671997	1293.35498	1408.594604	824.572937	1565.768066	723.145752
P27546	219.036087	193.8426514	210.6605377	194.9756927	230.6583099	181.4201965	260.0492859	201.5103149	195.5038452	197.6932831	192.8215332	281.1145325	252.8482971	243.3156891	214.6734314	247.2160645
P27601	102.9823456	174.5922089	145.677124	192.6253815	227.6955109	198.703949	164.0903168	150.427597	92.90734863	117.565834	110.7399979	153.1492004	180.2542877	137.7181549	143.1753693	183.9017334
P27612	124.0296555	148.728714	105.3322906	167.3421783	140.3388824	205.3722229	175.178833	151.3873749	135.3249664	121.5520401	150.0910797	197.0501404	119.2338638	146.4957275	118.1677933	176.4202423
P27641	193.8137512	129.6882019	216.4247284	136.40625	184.0523834	157.7386475	149.8931732	200.9392853	191.3011627	152.4514008	89.77869415	159.2825317	161.3661194	139.0549469	218.700058	195.0966797
P27659	3746.506836	3357.302734	3491.776855	3436.491943	3930.175293	3648.280762	3567.353027	4313.258789	3486.811523	3855.606445	3443.977051	3814.116699	2904.499268	3600.278564	3822.168945	3403.917236
P27773	10813.41797	12711.23535	14750.76758	13314.05957	18995.88281	15991.69727	19119.11914	20021.02148	12461.00195	16190.6709	13609.45703	14785.50293	15993.03711	15842.81641	15131.06055	15249.96582
P27786	83.12644196	141.4001312	91.20814514	95.85399628	128.6833038	47.04297638	48.55158615	0	114.7462234	89.38915253	23.77464485	127.4212189	49.73057938	0	153.7678528	0
P27808	115.8136368	70.43650055	105.286171	101.8725128	143.0138397	93.759552	205.2733765	137.442688	117.5989838	168.6843567	116.8894958	151.7228851	134.7342377	183.7603302	133.0112915	0
P27870	13.27632713	38.42366791	37.31412888	33.89053345	71.23391724	18.84846878	160.7980499	51.28897095	60.73711014	0	15.60186291	68.17446136	63.66907501	50.69101715	34.99061966	0
P28028	0	0	14.97638226	0	0	0	14.5789175	0	8.343482971	22.15728569	0	0	0	8.213181496	30.5851326	0
P28033	122.5469666	37.74069214	5.1510849	50.42772675	8.000513077	16.78778839	138.7662201	163.5584106	85.78284454	33.2544632	138.0435638	38.33485794	54.7650795	75.19984436	0	0
P28063	425.000946	370.0250854	376.9545593	541.6312256	357.2496033	450.3950806	883.956543	672.6911621	527.8357544	442.0778198	637.5819702	548.9522705	452.9067383	658.628479	824.1431885	759.4139404
P28230	117.8121948	155.2755127	81.94020844	171.7169647	88.01856995	93.66405487	101.196373	135.402832	108.3807297	72.19824219	188.4849243	104.5367584	127.2392426	123.2362213	136.4856415	179.4904175
P28271	5926.292969	5696.012207	6342.450684	5200.86377	5985.599121	5794.216309	4410.400391	5066.878418	6312.334473	5712.180664	5722.658691	5770.58252	6335.990723	5199.950195	5747.121094	6029.875977
P28293	0	0	0	22.64767456	18.14637566	0	341.8041992	13.86920643	0	0	18.91754341	0	12.59991837	42.78697586	55.30092239	0
P28352	290.4984741	186.6650543	210.1248169	340.5544128	345.6314697	231.2551575	327.7042847	287.9055176	252.7284241	233.286377	297.3614197	370.1608276	158.0801697	209.1219177	252.5439911	256.6722412
P28474	5978.245117	7669.92041	8126.632324	7393.301758	5480.785156	6724.492676	4982.320801	5234.339355	5223.564453	4782.272461	5813.849121	7650.174805	5262.782715	7079.474121	5761.92627	7496.656738
P28571	33.95310211	13.86003494	33.73778915	0	62.71746445	70.26971436	23.40820694	79.51667786	32.72656631	27.77047539	52.6336937	34.01894379	21.17668343	15.56842232	0	0
P28650	275.0332947	308.3204651	271.8443909	375.1783142	303.5334778	235.7318573	536.7801514	296.4058228	123.7563553	369.787384	297.3029785	372.7868958	256.4582214	285.865387	293.1518555	250.2720947
P28651	393.9364929	301.3911743	330.9796448	262.102478	190.9628906	219.1098633	173.4669495	135.2007904	178.7844086	161.0455017	191.1350098	164.4841156	293.7732239	366.6288757	224.7510376	297.7541809
P28653	495.7296143	347.8822021	442.5317993	381.4939575	1508.387817	450.9308472	1285.8125	424.7823486	476.797699	614.3824463	382.9917603	623.2480469	781.8140259	338.9014587	147.9825592	813.7955322
P28654	267.0668945	203.2257843	295.026123	169.901947	652.0999146	179.2994843	1091.237427	326.8525085	428.3018799	429.8665466	263.9844971	332.8266296	694.0083618	207.1581573	96.80735016	382.1651611
P28656	314.1075745	814.5682983	415.5542297	287.1580811	645.3135376	590.2036133	976.7525635	599.8609619	677.6673584	520.0969849	651.0142212	548.2930298	465.088562	402.8339233	388.0331116	1693.656006
P28658	74.9628067	135.0486603	112.8447189	65.8297348	137.4508514	93.54231262	264.0175476	162.5998993	78.43023682	104.685051	92.70522308	91.38210297	89.66025543	90.47344971	72.51435089	180.786972
P28659	214.2069092	140.4295197	205.5759583	246.0791779	225.361145	315.256073	331.7936096	270.914093	244.1250916	345.0524902	318.3361816	278.129303	255.2741089	180.8041534	398.4314575	193.4345856
P28660	87.10617828	103.5174942	86.86032104	88.03922272	161.0666656	59.41954422	140.3433838	130.7200012	73.46653748	92.15467072	94.13221741	95.31115723	85.19434357	116.4330826	109.2388306	350.5683594
P28661	75.50180817	62.15688324	72.61519623	60.52804565	206.3757172	90.72112274	90.20622253	99.01315308	80.55561066	102.6034775	79.52394104	84.58795166	113.1530838	56.57457352	120.3105621	761.2531738
P28665	4203.393555	5513.432129	3769.812988	3287.82666	2990.485352	4179.152344	5764.379883	3400.89624	4671.950684	4331.145508	4102.215332	3897.654785	3412.226318	4080.655518	3941.087402	4288.272949
P28666	142.875824	144.1924133	188.4874573	124.8845825	335.2122498	110.3959503	285.16745	200.8861389	162.7329254	157.3897858	118.7825623	131.2743988	180.8042145	161.4729919	97.76976013	149.2719879
P28700	170.3948669	105.0460358	72.50820923	67.06706238	100.327652	180.4346161	140.4293976	112.1479721	155.2880707	165.9063873	125.1587982	137.7987823	131.3295593	163.3068848	178.2275848	0
P28704	0	0	75.62692261	0	0	0	14.41560173	0	19.46345901	0	17.76007271	21.91436768	70.10282898	0	0	0
P28740	72.73477173	31.02219963	45.17747116	39.6572113	42.52426529	35.70815277	68.66989899	14.66933918	55.31812668	63.84814453	49.55130768	61.20402908	27.45456696	42.64424515	61.31556702	0
P28843	3541.877686	2528.234131	3076.127686	3067.613281	2406.227295	3327.364746	2503.142578	2587.652344	2555.006592	2380.596436	2957.125	2583.557129	2687.8396	2961.862549	2457.876709	2706.60498
P28867	40.23573303	56.48594666	71.72912598	107.4587021	43.11002731	32.36445999	340.3680115	104.6290588	28.68097878	117.5801926	33.21662903	36.40026474	40.76508713	53.97839737	37.37534332	58.0241394
P29341	4298.434082	4449.447266	4919.84668	4428.393066	4395.29834	5128.5625	6337.839844	5475.673828	5189.966309	4301.604004	4118.089844	4964.570313	4444.051758	6178.124023	4761.309082	3823.641602
P29351	321.0144348	232.4163971	231.0477142	245.8466644	530.3875732	350.6939087	1002.580261	439.4755249	268.651001	231.7780609	215.3031464	271.7326965	293.6850586	149.4268951	367.129364	213.012085
P29391	13249.51563	12138.4502	10782.92773	6686.906738	10942.13574	8429.47168	9875.129883	9978.3125	7236.723633	9777.655273	7073.83252	9832.929688	8310.959961	7001.730469	7314.581543	7976.330566
P29416	294.7286682	256.6383057	136.8980408	338.0223694	317.2599792	277.3855591	405.0087585	263.6263123	336.3901672	307.7551575	290.149353	312.9651184	189.4611053	336.8275452	293.1719055	337.9179382
P29452	43.21190262	37.51565933	0	72.35475922	85.33490753	90.87181854	117.381012	120.0200653	36.52581406	55.20998001	53.84625244	64.3790741	61.99234772	62.11953735	33.33482361	0
P29533	88.74248505	79.66822815	47.06464005	83.34724426	193.7197876	87.98210907	210.4523468	102.4468384	32.87164688	76.01488495	30.9382782	110.491066	94.8277359	36.2322998	63.99740982	516.6380615
P29595	243.0749512	324.9177551	305.7581787	412.1703186	394.8753967	318.2302551	583.2376099	410.1950378	282.7369385	478.4151306	360.8096924	397.2345276	189.6835785	306.2769165	255.8201904	509.9215088
P29699	134.2899933	635.8807373	164.059494	97.50799561	506.8113098	409.8106995	366.0050964	117.9703903	198.5146942	230.134201	175.1708221	231.2913971	103.8212585	109.7688217	160.1100464	76.5460434
P29758	15297.43848	18220.32422	11626.19531	16272.63281	4802.954102	11773.52637	9511.166016	9207.769531	10340.78906	10161.86914	18197.67188	8434.578125	10664.41895	11825.76953	13094.04004	13746.73535
P29788	320.9154358	453.0236206	273.9941711	334.5853882	589.8462524	484.9461975	1182.780518	372.4909363	271.5239258	397.2685242	504.9916687	362.0481262	149.937027	291.729248	370.8216553	355.4316406
P30115	63299.05859	48757.25	51141.03125	57035.98438	42266.96484	42416.69141	38843.55469	46383	47124.5625	45893.41797	52070.23047	43920.30078	46571.77344	47642.70703	44185.73828	69928.94531
P30204	109.5237579	153.2154846	101.121048	86.27939606	32.40916443	111.4460297	42.74991226	162.9118042	30.73882866	30.41715622	23.31595039	20.27204132	117.8801346	74.86247253	260.848175	86.76150513
P30355	60.37290192	58.31366348	0	37.04154205	3.605931282	0	609.7721558	95.21127319	57.28393555	0	42.64201736	197.8938293	33.3184967	0	22.28742027	42.22545624
P30416	604.300415	709.0018921	568.2133789	804.4111328	762.7064819	750.8966064	963.1749878	719.9396362	672.5014038	630.1524048	874.5749512	532.9867554	596.411499	652.8226929	592.5704346	676.5975952
P30681	94.75500488	261.9143677	106.1653061	41.79255676	137.7592316	77.07398224	1234.342163	281.3368835	177.0284424	192.624649	152.772583	149.6680145	162.9395905	217.7054443	209.3231659	117.7045135
P30999	655.3937378	593.989624	388.333252	664.2190552	831.6563721	529.682251	764.666687	668.2685547	627.9421387	534.7446289	536.2503662	510.4650879	641.3405151	689.8009644	597.772522	826.0673218
P31001	410.3471375	286.3763428	350.2096558	198.7484131	587.789978	361.7618713	1041.015991	417.0944214	282.0870361	414.348053	263.2072144	356.5354614	407.9303894	238.8232727	222.3064423	771.7982788
P31230	592.4622803	622.0276489	760.4956055	653.1835327	621.6317139	536.6373901	613.6643066	705.9752808	742.6246948	634.5657959	718.7484131	780.652771	573.9700928	618.3448486	867.5316162	734.5108032
P31428	63.16728973	98.91860962	85.51169586	52.5175209	86.85484314	100.5866241	159.315567	118.9508438	115.3692017	127.2627182	97.17776489	137.7205048	114.4910583	79.4933548	0	259.2111511
P31651	365.6434937	295.2265015	250.7286072	222.3783264	240.6689301	337.3423767	147.1496582	226.5197144	255.8252258	232.8799744	126.0882034	171.6260071	321.1445923	398.6692505	170.8737793	142.0160828
P31725	516.9924316	431.6218567	447.7266846	930.2114868	3217.744385	1225.168823	32366.66602	2102.707764	615.6011963	418.6114197	2308.32959	636.0310059	1118.721558	750.9331665	758.796814	1284.03125
P31786	35096.01563	34309.39453	39138.98438	39602.03906	51093.6875	32426.16406	32087.47266	39643.97656	28806.27539	31670.60156	34046.4375	39445.89063	39020.49609	30599.375	42343.91797	43207.71484
P31809	766.3765259	671.3234863	499.7051086	684.1969604	400.976593	783.8657837	365.6651306	631.9981689	666.9334717	805.3729858	551.3652954	673.736145	732.857666	505.8098145	772.9443359	638.2335205
P31938	306.8109436	177.3058014	266.1128235	112.1355209	214.0947266	318.7483521	301.3736572	293.3570557	297.0522461	208.7520905	164.8169708	189.6662598	268.500946	293.7519836	234.2537079	198.5679779
P31996	108.5127869	140.7217865	87.13059235	120.3644104	621.2441406	105.9655304	1000.59259	246.3616943	60.45150375	206.690033	156.5892944	297.5922241	187.8862457	108.2071457	274.3410339	186.8879395
P32020	31253.03125	28881.66016	33039.46875	34774.97656	42206.59375	45406.13281	45596.96094	32630.29883	38567.31641	42407.73438	40306.19531	39333.12891	44987.52344	29200.05273	38850.59375	33939.77734
P32037	0	0	0	0	0	10.54972363	174.0680695	0	0	0	23.13038445	41.44417191	47.00200272	0	0	0
P32067	868.6253052	598.380127	739.557373	823.8630981	1008.78363	959.3285522	1687.407104	905.1369019	849.4486084	752.3095093	906.3766479	897.8569336	827.6356201	891.4006958	807.5775757	961.1798096
P32233	321.5991516	276.9265747	277.3699646	432.3395691	426.0467529	396.2192078	422.9094543	338.0187683	300.7455139	424.2566528	322.7049255	390.732605	350.5798645	196.660675	370.0565186	391.3907166
P32261	863.3356323	1122.880249	915.4681396	894.8751831	1019.500671	860.578064	1182.647705	948.507019	1097.971436	717.7473145	1022.30835	951.4204102	1113.398071	933.2141724	855.9825439	1018.376526
P32507	112.4759827	178.8216553	132.455719	116.59021	85.07003021	149.6454468	67.18907166	198.3209534	143.5928955	159.7381134	143.8345642	192.5740204	140.2285614	139.2214508	166.9270325	169.7435455
P32883	52.50417328	43.53530884	32.97444153	147.2605286	57.38972473	37.92432404	57.80501556	78.70178223	56.07313919	88.42560577	69.49472046	35.69851685	62.66976547	0	87.04033661	0
P32921	429.4438477	377.005249	402.2051697	420.2584839	542.8910522	507.4645081	795.0392456	783.3172607	478.6853638	606.1383667	571.7181396	491.7515869	464.9486694	520.746521	624.8660889	852.5491943
P33267	9289.884766	9240.398438	10559.67871	13494.25781	13173.34375	10205.39941	4456.584473	14342.16309	10755.5791	11097.07129	8227.552734	6628.006836	7924.644043	10863.60547	15138.61328	10358.00391
P33587	82.69571686	149.5664215	91.50967407	111.6955643	100.8721161	104.3677597	222.2228241	98.44381714	67.38905334	82.36985779	103.7583084	86.01283264	108.7684326	110.0400162	63.33992386	102.0003052
P33622	469.6880493	420.9433594	265.9866333	443.625885	153.5436707	165.6571808	163.9722748	156.1962738	348.2573242	203.9081726	288.180481	251.5096741	162.6194763	171.9401245	181.9416351	304.8572083
P34022	465.335083	709.8256836	151.374115	454.2969971	515.6558228	681.9259644	784.2896118	626.2907104	445.3270569	235.7881775	371.4703369	764.8933105	326.4762573	544.8403931	557.1113281	555.7978516
P34152	59.25720215	86.7000885	49.69199753	51.2985878	72.78054047	57.20378113	104.8848038	63.84606171	143.2469025	63.97292328	145.8429718	72.61219025	72.29072571	46.57564163	109.062294	0
P34884	4230.833008	2755.279785	4979.02002	3834.880615	3729.797607	4936.545898	5928.236816	2982.983398	3422.678467	5187.23291	2842.758545	4385.705078	5643.736328	4493.785645	4973.205078	6418.64502
P34914	19483.66992	21016.45898	20168.42773	18703.33398	15306.4668	23347.25195	20999.33789	23480.73633	25371.87695	21655.50391	22345.12305	22634.32031	21104.33008	22498.41992	20109.01367	26504.62695
P34927	1733.546387	1960.994751	1815.743286	2032.864258	2136.588135	1642.039307	864.024231	1132.275391	2014.721436	1540.219116	1400.665527	1322.029297	2052.574707	2338.475586	1807.908447	1590.716309
P34928	1626.664063	1937.137817	2915.710693	1694.281616	1008.514771	1557.855835	2359.43457	3070.70459	2346.896729	3018.483643	1606.690308	2066.63623	1253.01355	2725.943115	1900.627319	1592.413452
P35123	111.4366074	156.2880554	185.9554596	153.1108398	172.5975189	193.6985016	172.983139	162.5894318	91.33605194	165.0724182	99.73086548	127.2731857	135.4889832	133.2136383	128.2944641	196.0379333
P35235	128.7879333	81.30918121	90.92959595	131.9124146	131.3406219	124.0915298	161.4115906	123.8245621	132.2193451	112.5208359	100.7134323	118.2659836	117.1580276	110.9344711	137.944458	142.4884644
P35278	526.3582764	480.6425781	775.3414307	759.7669067	948.5422974	692.3692627	1190.650757	1005.51355	568.7965698	698.9364624	635.6304932	721.1321411	695.0586548	709.7702026	662.7896118	559.5368652
P35279	394.4796143	481.086853	563.3696289	299.0133362	758.3804321	464.8744812	650.4282227	557.7019043	473.8405457	492.5513916	351.1988525	465.4726563	354.4423828	432.0381775	384.427002	733.6807251
P35282	203.4733582	214.1878357	323.1655273	378.3857422	387.5578613	351.8655396	402.2293091	325.4969788	196.0186157	264.5699158	251.7159576	156.3059387	262.7063293	233.6413879	269.2210999	464.8722229
P35283	24.34359932	0	0	0	58.83620071	70.15302277	164.9525757	79.55220795	102.209259	0	0	91.77629852	47.57456589	49.85707474	46.90258026	0
P35285	102.1847916	73.615448	118.4546127	71.75611115	25.17568779	115.0858154	133.0170441	71.94876099	90.49829102	132.9670563	121.5723419	71.80023956	83.03058624	94.19396973	124.7938843	0
P35292	79.2427597	74.19429016	83.25674438	81.86667633	80.38341522	48.3083725	40.97296143	76.1236496	76.98461914	79.04734039	51.6292038	77.25272369	84.93842316	79.02558899	78.83052826	0
P35293	777.7905884	765.3186646	850.3270264	912.4923706	1208.69812	1159.793091	1605.734985	1055.735596	1175.03064	928.5420532	929.8561401	1486.719238	1036.036987	953.2127686	801.5140381	1293.933105
P35441	125.206192	74.93301392	73.80847931	70.11421967	71.99800873	118.8025742	252.5582733	106.905365	99.03375244	122.3147049	107.6782837	153.9327393	98.30496979	46.34225464	131.0404205	184.6162109
P35486	2657.528076	2663.428955	2450.010986	3494.885986	1948.898315	2450.909912	2534.163818	1991.013062	2569.580078	2396.868652	2681.952393	2681.666016	2830.334229	2883.145508	2662.444092	3192.513428
P35492	6421.594727	5898.38916	6977.297852	7367.259277	5757.979492	2761.24292	2735.626221	2703.354492	3188.171875	2928.279541	3511.581787	2437.116455	3077.657715	4102.554199	3856.602783	3822.216553
P35505	20250.19922	17019.16797	20013.41016	18005.52148	14109.25488	17405.72461	12597.51465	15387.36035	15340.99121	15841.95703	15417.39941	16369.41895	16226	16135.60547	15868.49316	12730.35059
P35550	641.5918579	580.4936523	745.5019531	636.2020874	710.9716797	735.0144043	710.7922974	465.6911316	765.0241699	654.1390991	515.810791	490.4189148	615.4348755	622.5502319	672.0092773	569.3019409
P35564	3682.680176	3362.270752	3776.906982	3334.528076	4243.153809	4332.981934	4928.459961	4420.24707	3810.435059	3741.222656	3193.961426	4109.495605	3716.267822	3630.227783	4146.174316	3491.284668
P35576	841.9197388	816.520813	691.0457764	827.0709229	697.7155151	864.3084717	727.852356	914.7634277	965.8706055	908.3597412	1076.254272	844.6392822	774.7244873	695.0899048	1013.863892	309.4909058
P35585	620.5020142	575.5039673	476.5779114	482.6322327	562.4458618	619.2110596	847.6209717	557.6620483	530.2389526	651.99823	573.1523438	499.5491333	474.5472107	681.8615112	676.5630493	498.1064758
P35601	34.01799011	0	18.67307663	16.11487198	34.86177063	63.92868423	38.93828583	75.13896179	20.13472748	0	26.3161602	0	0	26.27474213	25.3488903	0
P35700	33728.625	43470.03125	35495.92578	37122.84375	40276.16406	37968.72266	47737.76953	43351.25391	42653.90234	48468.36328	41230.60938	46251.91797	47758.84766	36668.125	39941.34375	60223.67969
P35762	196.8227081	485.2024231	93.64164734	394.5224915	17.37825966	248.0025024	183.0080109	211.77742	194.8274536	114.8900528	414.3649292	224.0503693	136.3684082	89.2647171	160.9569702	534.8516846
P35821	170.0655975	252.7443848	161.1668549	226.4312592	278.6271362	209.9900055	555.4504395	413.9188538	148.7207947	171.2198792	145.500824	189.6224823	166.8418121	200.1850281	148.1022949	244.1758423
P35822	33.07108307	69.63869476	53.9906311	0	49.99084473	107.2096252	259.088562	21.29784203	0	13.08444691	80.81851196	25.44221687	35.72224426	13.43029404	21.09000587	0
P35922	26.85799026	47.74192429	6.82178688	19.2153759	47.39132309	56.68167114	68.21882629	32.42313766	43.86589813	18.62615013	50.6401329	45.67459869	43.87331009	34.36797714	48.82998657	0
P35951	168.8155365	182.2831268	137.3059692	167.2803802	162.7527313	187.524826	112.0342865	231.4660187	200.6980286	176.1608734	239.5103455	177.4794769	221.8593903	237.1188202	273.9254456	176.5330353
P35979	6286.939941	8367.480469	8204.216797	7563.351074	7955.890137	9025.280273	6943.853516	7135.777832	6832.463379	7340.867188	8315.038086	9181.391602	7972.980469	6907.339844	8522.113281	10229.12598
P35980	3307.203613	4281.088867	4058.729736	5261.374512	5842.568848	5912.554199	6419.327637	7483.001953	7656.036133	6228.95166	4906.663086	6922.864258	8474.688477	3947.422119	6122.139648	2856.459717
P36371	39.06540298	31.40717316	75.70044708	106.7262344	99.80732727	109.6554184	259.9800415	260.6664734	98.973526	114.0689011	77.69029999	110.520546	118.4789047	139.4433136	121.878479	50.09816742
P36536	250.1538696	242.0380096	139.5355835	197.3250122	264.1251831	241.5814362	368.2820129	262.4115906	196.0559082	157.4196167	164.0427704	181.7576752	347.2398071	203.1967621	170.0655212	0
P36552	1782.413818	2042.411865	1820.547607	1727.802124	1349.615112	1290.532227	1181.121338	1112.91394	1071.133423	1278.934937	1211.067749	1409.834229	1357.920288	1392.80896	1522.217163	2508.07959
P36916	70.83296967	76.52886963	64.9606781	74.83981323	115.0527878	66.28083801	124.7378693	121.1545944	71.38168335	119.9726715	105.4224014	102.1066742	73.42388916	113.2311401	97.73080444	158.5043488
P36993	248.8222198	268.5003967	221.7710724	278.7220154	216.3344574	236.4805603	184.8037567	204.9382172	253.5403442	208.1309967	212.1366272	170.7156067	260.1928101	211.289444	155.4229431	141.7270813
P37040	5809.979004	6916.864746	6132.956055	5205.568359	8385.498047	7712.539551	7915.337402	7961.921875	5773.508789	8281.84375	8033.434082	7950.616699	7959.137207	7669.959961	5816.463379	9233.956055
P37804	140.812561	180.7261658	138.4350433	52.68249512	250.6998138	222.1871033	381.5375061	156.0845184	136.5061646	144.2852936	202.1592102	292.9243469	157.5614166	125.6584702	86.50947571	263.9979248
P38060	7093.416504	6226.288574	6464.104492	7874.079102	5527.912109	6974.071289	7406.794922	7796.680176	7971.642578	6746.160156	7966.17334	8603.650391	8145.312012	9056.389648	7727.094238	11436.99609
P38647	17197.38281	19342.78711	17884.13672	17315.23047	16421.0332	15692.03223	14134.00195	16053.37109	14591.3125	15976.29395	15816.33301	15079.50684	18498.39453	16440.82227	15476.02051	19677.9707
P39039	135.5121918	400.6850891	303.9694824	342.1615295	209.1846771	592.8069458	253.2140503	266.3717346	309.4290771	224.1640167	267.2987366	235.1663208	418.8724976	173.8287811	398.7795715	532.6791992
P39054	598.2594604	491.3472595	472.5236816	543.2821655	645.4285889	565.0195313	729.8760986	587.9955444	526.2573853	631.9595947	534.2770386	568.8363037	607.9974365	639.7075806	602.3979492	950.3076782
P39061	255.5119476	141.5663605	301.4920654	219.1218262	320.0323792	273.2451782	325.7086792	309.5495911	271.0354004	269.0020142	322.5511169	284.8661194	315.3765869	299.5259705	347.6992798	546.083374
P39098	127.6452484	84.06574249	48.48397064	61.13393021	103.7686386	58.96648407	98.75502777	81.81220245	87.09394836	34.03872681	71.17001343	42.45046997	65.18730927	38.57423401	100.5407486	162.2015228
P39447	244.6819611	265.4476624	211.9604797	236.5995789	216.3162537	166.8959198	256.9368591	248.1674805	245.549057	191.4822693	232.8456268	256.9780579	225.1662292	230.9728394	142.0964355	251.153183
P39654	0	11.63743591	0	48.80295563	51.326931	51.82004547	410.105011	0	7.604623795	0	89.68362427	0	49.37935257	223.6630554	0	0
P39749	30.21447372	0	65.28726959	79.01714325	77.31305695	28.45819283	73.02330017	70.55274963	37.67862701	35.56402588	43.42059326	63.14904404	40.11075974	19.50826645	52.11012268	0
P40124	897.2532349	894.5652466	704.2147217	783.6724243	1000.169922	789.829834	1993.591797	1195.843872	824.9002686	878.6557007	996.2858887	965.9127197	815.4036255	911.9650269	842.5757446	725.1727905
P40142	10034.74414	9625.888672	9545.81543	9706.151367	9464.231445	8823.675781	12972.05176	13183.42969	9585.692383	8765.8125	9781.654297	12513.99121	9774.18457	9225.97168	10675.51172	8874.009766
P40237	304.5567932	386.6039124	177.7249603	481.1398315	131.9858093	230.8139343	329.2537537	321.8607788	469.7706909	401.9681702	288.0916748	427.7612305	335.4616089	422.6086121	305.3392639	299.4525452
P40336	884.1172485	847.7279053	700.8233032	877.7022705	1155.641968	1104.79895	1339.927124	1139.554443	1112.118286	1019.177795	851.3916626	1071.439575	999.4996948	972.3305664	991.5388184	856.7468872
P40630	375.5068054	401.5334473	404.6418762	299.5489197	281.8547363	342.2379456	170.5899506	321.8218079	362.3499756	220.644989	319.3373718	236.0940857	262.1394348	362.6494446	352.2777405	262.9745178
P40936	10837.37988	11255.60742	15381.66016	11923.0127	11182.25586	13916.55566	6388.714844	11169.64063	12772.85156	12147.4668	7789.774902	10956.80176	15382.10645	10221.15039	9801.767578	20809.96094
P41105	1114.626221	1897.571289	1145.780029	614.1904907	1583.237549	1587.032837	1121.258667	1308.3396	1382.779907	538.8562012	1694.567505	906.5720215	714.2484131	1347.919922	835.9379272	786.6584473
P41216	16110.98047	17878.46484	16281.34473	14927.99121	12121.55469	19744.98633	10907.14355	16425.48828	17018.1582	16699.32813	16570.89453	17898.81836	16407.59961	19044.24023	17560.18945	20043.61719
P41233	24.17140579	51.33485031	49.58571625	42.59717178	56.28647995	84.48442841	91.68824005	114.046463	69.30099487	54.21661377	58.21732712	64.49414825	74.48110199	46.46226883	41.96207047	53.02072144
P41241	342.3157654	352.1069641	348.2374573	310.0489807	381.7037048	346.9553528	628.6871338	571.9483643	409.5134583	353.4814758	347.878479	392.9861755	266.3272705	315.9822693	379.9161682	513.6071777
P41245	33.6775856	0	0	753.8887939	29.46421623	0	237.1437378	34.54951477	0	0	18.5335865	0	0	0	0	53.8158989
P41317	458.2762756	583.0699463	292.1895447	209.9631042	373.5261841	460.690033	120.9887924	399.7997131	659.5877686	393.0501404	272.3740234	382.5368652	424.3775024	324.2615356	353.6262207	560.8616333
P41731	0	0	0	0	9.492555618	0	190.7846222	0	0	0	0	0	0	0	0	0
P42125	12301.06836	14026.71875	13010.74902	11378.51953	10209.05371	10796.37207	9896.731445	9529.952148	11186.12793	12721.27246	11474.66406	11274.67773	13704.58301	11993.03516	10024.25684	9785.899414
P42128	90.16077423	52.55756378	0	26.35003471	30.12368965	20.04899597	76.34396362	0	88.27651215	31.47079468	55.95052338	44.32130051	35.20341873	47.49807739	65.56941223	0
P42208	762.4454956	819.4037476	694.5339966	780.866394	1345.324097	901.2520142	1342.775391	876.8361206	753.8440552	738.005127	801.6033936	885.5654907	886.4855957	761.2739868	825.3096924	1057.222168
P42225	351.1978455	308.6660767	331.399292	725.4194336	1028.443604	538.8282471	1363.045044	2436.148193	384.117981	433.0325012	424.4319763	471.6465759	426.156189	462.245575	526.9520874	832.8000488
P42227	260.9127197	301.7429199	372.6750793	446.7159119	321.6082458	434.952301	534.1912231	521.81427	255.636322	325.399292	335.8139954	444.2429199	241.818985	347.6055298	343.1924744	279.9030457
P42232	75.84169006	63.01866913	92.94184875	76.81956482	107.7321091	82.38928986	128.1625824	98.50654602	92.12280273	108.5860825	113.1161652	98.52066803	93.79355621	90.0999527	103.1103897	156.8713531
P42567	187.688858	173.2967834	195.0341949	144.321701	234.4207001	211.4712067	252.3264465	184.5543671	136.2019501	219.3533936	208.1348724	191.7635651	172.8842163	212.0688171	173.8591309	240.1398621
P42669	1742.501099	1454.99939	1865.835815	1863.377563	2365.056885	2263.468994	1938.487305	1930.600098	2162.407715	1964.897949	1626.645508	2579.97876	2483.993164	2275.700684	1842.630615	2005.978638
P42703	99.06720734	78.11219788	92.05017853	68.60877228	23.64896202	66.75737762	64.61854553	38.39551926	32.21626282	0	13.66027164	71.83033752	45.40142441	0	87.67035675	0
P42867	57.24417114	10.90215397	88.7323761	3.960333824	57.84853745	102.3685303	29.4987812	49.24584579	83.82970428	57.66566467	24.11345291	37.97950745	67.57505035	69.61968231	62.31293106	0
P42925	1291.288452	672.4032593	744.5891724	729.9448853	673.0184326	364.8299866	915.0994873	571.8226318	524.3738403	656.505127	515.1430664	786.4799805	788.0146484	634.8540649	847.9153442	491.4511719
P42932	1992.508179	2301.107178	2093.122803	2102.840576	1890.748291	2064.726318	2639.754395	2080.376221	2240.903809	1881.832764	1958.053223	2100.772705	2047.44751	1879.635498	1682.239014	2733.303223
P43006	181.1612549	91.28590393	44.70536041	113.566185	132.575058	141.5871124	57.97694778	192.4902191	110.2408905	133.5011749	58.64918137	139.6783752	130.9107971	89.67869568	85.40248108	118.5847244
P43024	1320.347412	1266.828613	1532.973511	1326.216309	810.7537231	1226.589844	554.8032837	1359.126831	1312.856445	1522.638062	962.0909424	910.4645996	1774.237671	1445.391357	1323.649414	0
P43025	405.1318054	320.0439453	148.9837189	157.4743958	578.7283936	487.5810852	512.0988159	142.7799988	487.1611633	616.0794067	443.3910217	478.0491028	338.0774841	344.0372925	352.3061523	387.1375427
P43247	116.7814102	0	0	0	35.97383118	34.92518997	102.9541626	34.51692963	90.34102631	20.50386429	61.3655014	0	0	33.77997971	47.85392761	0
P43274	4884.132324	3902.575928	4855.324707	4179.361328	6005.397949	5518.522461	7582.451172	6848.312988	4776.323242	6704.020996	5643.285645	3980.54248	5811.62793	4471.09375	3645.17749	7564.220215
P43275	96.10738373	115.4615631	89.71736908	45.63455582	324.5884399	54.74660492	969.874939	255.4403229	196.0031891	76.659729	184.8310394	287.5571899	209.3859558	208.1035767	113.420433	279.7263184
P43276	192.8892517	137.0560303	128.7692871	152.9750366	940.7358398	182.7604675	2195.699463	402.7830505	253.9487457	447.8240662	306.5602417	390.2160339	189.8513184	213.8782349	135.6528625	260.0787659
P43277	8232.484375	6809.289063	7564.418457	6704.23877	10876.21289	6166.549316	21215.38867	8346.585938	8809.84375	5663.646484	7150.480469	9457.505859	12895.71582	6914.61084	7338.341309	7385.389648
P43406	34.9674263	68.42012787	60.88238907	51.1264267	111.1893768	49.99241257	142.7288666	84.67133331	119.1866608	73.25101471	33.09300995	77.10551453	90.48894501	43.03044128	110.5598221	0
P43883	2084.504395	1698.54187	1748.837769	1599.755493	3097.473633	3982.671631	3081.899414	3878.594971	3173.8396	3605.405762	2390.717285	3638.127441	4544.033203	3271.293701	2556.552246	4017.697266
P45376	403.6436157	307.4581299	419.9960632	377.4269714	667.4039307	443.6923523	602.1168823	556.914917	540.5110474	477.4060059	533.920166	541.8596802	460.1556702	341.5075073	465.8217468	224.609314
P45377	472.0134277	288.7893372	299.3103943	507.8001709	298.7090454	183.3937225	511.3362122	264.3726807	485.6968994	326.1271362	401.6814575	268.0474854	449.1719971	392.2844238	376.1525879	0
P45591	1256.449341	928.0494995	1464.15979	582.149353	1595.337769	963.8573608	1206.660889	1241.18396	894.9671631	1265.479004	955.7285767	939.2144165	893.7489624	892.3297119	915.0111084	1013.995728
P45700	290.1045837	321.8434143	340.7014465	414.4138489	374.1929016	320.4961548	354.4829407	404.6485901	408.1646118	403.3369141	351.9338074	411.5232239	271.5247192	355.4660034	322.5274963	315.1124573
P45878	1456.574585	876.6582031	927.0385132	1417.996704	1769.235229	1463.075195	1985.934937	1895.077393	1613.84668	1211.338867	2095.655029	1615.69458	2124.616943	1187.164185	1568.835815	2575.847656
P45952	14968.76465	15535.23242	12536.80273	14457.24121	13633.625	15831.97363	11765.22168	15393.86133	15658.05762	12631.83398	14234.23535	14971.22656	16957.37695	16318.19238	14649.7959	17024.83203
P46061	169.212616	197.6206818	128.8869476	146.6100464	210.7241669	144.0078888	188.2964783	181.1894073	155.5578156	181.5926514	162.2861786	207.4355011	118.5461655	129.6958466	162.2355194	175.4288483
P46412	365.7358704	416.7582092	211.7495422	332.0343018	696.4910278	310.5813293	330.7778931	289.5540466	288.053772	360.3760376	213.9498291	310.961731	332.5013733	312.727417	350.4537048	272.5709534
P46460	166.3675232	250.6493378	192.7180481	173.3677063	231.0270996	227.5160828	267.7440796	165.2474518	213.4553223	208.8945313	191.9135437	205.3559265	170.0788879	178.5255737	210.6857147	290.7594299
P46467	228.9955444	144.2757263	228.0563812	186.3865204	214.4812317	221.7006073	349.5617371	211.7540894	187.7308197	186.3901367	151.2807465	104.6012268	169.0244446	157.3427582	172.8202209	248.504303
P46471	1005.921814	965.7962646	867.6862183	968.7330933	1107.730103	1013.043457	1233.959717	1047.194946	922.0612793	812.6490479	1045.813843	838.8320313	1013.804443	866.0608521	980.2428589	1117.822266
P46638	1680.169312	1514.203003	1676.687622	1306.479004	2023.070068	1970.941284	2675.643311	1919.589844	1614.748657	1680.487915	1762.39624	2057.624756	2028.612549	1669.061646	1482.357544	3187.798584
P46656	963.2601929	423.4975586	1055.708984	1074.012085	539.250061	634.387085	234.6045227	262.8826294	488.6389465	878.0352173	836.456665	781.1605225	513.1864014	571.0726318	1164.201904	842.9506836
P46664	417.0979309	412.6976624	472.2820435	364.9172974	634.5576172	445.2310791	718.2155151	358.1774292	459.9886475	522.9804077	432.3922424	505.3750916	495.7702942	428.7799377	415.0185547	292.6955566
P46718	31.52235985	103.1636581	0	0	31.0788765	90.24610138	0	11.27044582	85.52031708	0	0	40.3951416	22.42816734	48.66820526	47.79073715	0
P46735	536.1016235	538.7445679	546.7872314	642.6721191	514.9452515	563.133728	438.4893799	561.7693481	527.4870605	602.7954712	553.6016235	500.6753235	560.7335205	619.8815308	556.7154541	583.0582886
P46737	61.91111755	61.00779724	104.240181	105.8009033	87.11116028	84.58209991	89.75715637	121.2103882	56.49571228	74.9101944	67.4363327	66.40638733	35.57266235	63.39744186	84.52036285	0
P46935	221.5122833	241.2090759	248.0731659	260.6939087	314.5462341	309.5791626	530.7089844	269.3345947	321.6239319	325.5785217	332.3216553	326.114624	304.5915833	268.228363	257.0846558	451.8912964
P46938	35.18078995	60.83784866	33.39233398	79.10005188	57.91032791	85.77396393	65.79862976	79.08808899	131.6906433	49.3433876	21.35413933	0	106.7564011	23.64870453	56.00558472	51.79955292
P46978	2101.805908	2670.765381	2641.48291	2948.553467	2936.251709	2543.888184	2984.2146	2304.983887	2458.809082	2289.633789	2674.056152	2658.342285	2336.883789	3225.574463	2899.010254	2289.394531
P47199	2361.982666	2743.724854	2968.899902	3048.593994	2893.071533	2488.836426	3067.125244	2619.588867	2375.617432	2942.016602	2793.822021	3050.372314	2970.423828	2722.24585	2724.666016	2787.322266
P47738	69175.13281	71315.72656	72841.14063	75034.04688	56795.40234	74990.3125	52860.81641	64200.11328	59257.82813	69946.46875	71370.26563	63717.44531	68175.10156	74692.78906	69944.96875	73355.75781
P47740	5695.491211	7898.824707	5431.810547	5814.302734	12002.35254	11645.29297	13757.82617	13460.16016	11315.73535	9119.347656	13304.77148	10328.54688	14693.38379	11139.24414	9469.080078	15958.74414
P47753	434.4022827	531.6486816	509.4699097	629.5801392	609.1469727	551.8426514	881.2998657	671.8040161	490.1533813	722.2410278	415.4472656	614.3311768	448.4798584	609.8451538	527.8892212	478.2119141
P47754	2182.260254	2160.728271	1789.001953	1913.791016	2914.875488	2447.218262	3667.270752	2564.074219	2418.62085	1893.850098	2151.686523	2415.181152	2460.652832	2071.926514	2101.386963	2031.977661
P47757	588.0736694	627.9356079	676.4434204	575.3417969	607.9522095	413.7772217	863.8884888	680.0319824	722.5279541	591.2601929	690.7719727	718.4471436	840.5133667	570.567749	683.2479248	801.3737183
P47758	234.9775848	275.9707642	260.7853699	150.6558228	306.3681946	263.4954224	367.6282043	312.7892456	308.7720337	205.5045013	375.6166077	263.4525452	312.7937317	344.1919861	216.239975	633.8633423
P47791	1152.31311	1265.21814	913.807373	1045.903076	1487.694946	1226.267212	2580.903564	1859.562378	1036.776001	1485.109375	1322.438843	1098.227051	1452.136963	1170.22522	1264.529053	1130.109863
P47802	548.8619995	492.1063843	482.6766357	567.4222412	483.9579468	626.8137817	484.2642212	583.2174683	364.1901855	581.2399902	326.7418823	494.3458252	475.5099487	570.8530273	544.4415283	319.05896
P47809	54.71886826	158.4205322	128.5830231	54.89935684	144.1657715	87.57035065	73.01405334	89.30975342	146.4001312	115.7514877	125.0713043	108.3943481	91.48356628	116.5400238	102.8668594	202.2786255
P47811	214.5346222	129.0202942	102.3501892	214.6945038	238.2888184	286.8018494	510.2937317	256.2616577	162.6078644	230.2814331	226.9976501	195.4945526	185.7257385	205.7688446	170.3718262	228.9376221
P47856	128.0818634	145.3577118	95.53179932	130.1854248	184.7547913	114.3708801	186.3377991	93.19941711	106.7388535	138.6572723	121.4964066	101.2200851	98.51546478	88.63587952	82.24687958	110.0704651
P47857	115.4944763	127.2639771	118.5881958	183.9472961	62.62181473	71.8731308	164.3024445	79.41718292	110.9514771	109.8670731	127.530159	146.5709076	51.3346138	57.28985977	90.27932739	49.6680603
P47911	5837.958008	6473.008789	6411.772461	6212.441406	6666.102539	8059.347168	6787.188965	6837.017578	5942.231934	7021.718262	5922.499023	6543.855957	7554.061035	6317.55127	7668.602051	10581.37891
P47915	822.5072632	564.62323	582.4301147	1094.034912	264.6157837	404.8233948	1890.71936	1305.421631	0	874.1296387	0	470.4401855	1394.756592	114.5648651	250.853775	0
P47934	345.5405884	383.8887329	312.3935852	343.0042114	761.0441284	542.7729492	603.0327148	683.6154175	445.6053772	563.4423828	572.1485596	516.7593384	566.9823608	496.6345215	438.0836182	477.8016968
P47941	300.1378784	288.0317688	337.9769287	291.6223145	314.2690125	345.9620056	250.3611755	387.6311646	346.9586792	280.1253357	323.7668762	306.6703491	331.6904602	359.5101624	326.111084	329.2153625
P47955	12578.87207	8747.222656	9317.15625	10630.31738	9989.508789	13159.00879	13022.21777	12696.28906	11753.14453	11297.70117	11113.29688	12417.31055	11008.0127	12041.66992	13058.28809	11520.65332
P47962	3071.441895	3380.75	3347.376221	2833.523193	2971.846191	2752.560547	2927.79126	3424.71582	3376.722412	2502.375488	2870.507568	2860.223877	2920.050293	2827.114746	2337.480469	3089.294922
P47963	5475.483887	7531.913574	6456.591309	7972.584961	7830.009766	6130.35791	5839.600586	7670.06543	7461.710449	5189.961426	6075.793457	7578.348145	5779.247559	5817.327637	8181.175293	9109.886719
P47964	1064.458862	1381.770508	1299.018188	1535.394775	1579.289917	1899.879395	2062.59375	2870.878662	1303.874634	1669.579834	2492.110352	1963.078857	1321.381348	1811.044067	1705.691895	1341.742188
P48024	524.6066895	621.5859375	271.3270264	355.8401489	570.6865234	298.2854614	537.1783447	353.7157593	373.6930237	447.9877625	364.1580505	673.8169556	759.4912109	360.6834412	353.4305115	539.4614258
P48025	16.90398598	88.65384674	0	0	54.23902893	0	173.4737091	43.79049683	0	60.74960327	43.1349144	38.20001984	18.59615707	54.1366806	28.94980621	0
P48036	6563.716797	5562.751953	6671.560547	6535.855957	17984.75	8158.072266	21716.25195	8097.34375	8333.274414	8060.070801	9072.109375	9390.910156	9978.699219	7077.576172	6717.044922	10602.53223
P48193	391.8048401	521.7528687	409.982666	351.7671509	422.9639587	563.5350342	553.4788818	383.4248047	405.4880981	355.1750488	419.0024414	534.8417969	383.169281	370.3046875	354.8377991	398.4472046
P48410	108.3184128	135.1655579	69.31135559	38.18527603	39.69045639	50.72731018	147.3263855	36.78302383	92.95743561	32.09791565	150.4334869	46.25236893	101.9779892	139.4221802	84.43186188	0
P48428	160.0373383	67.89495087	71.24276733	198.7873993	197.2456818	136.2047119	209.55867	123.1858902	79.19451141	128.2338867	114.5052948	122.9325714	147.8165436	197.3115845	154.2222595	0
P48437	96.17571259	112.6058197	145.773468	64.09983826	137.4009857	84.74334717	115.9817276	113.0573654	84.25946045	55.13869095	116.0287399	66.2156601	105.7399063	92.86846924	75.52042389	300.2306519
P48441	27.44262695	58.77234268	33.85542297	47.97951889	28.44483757	14.78985596	79.77279663	24.07218361	15.17623806	62.26356125	52.32884598	29.62851524	29.53231621	62.3440094	0	0
P48678	1253.74707	1175.963379	1130.083984	1004.988586	1585.391846	1161.905273	2568.510986	1445.522583	1695.181152	1689.671021	1467.119629	1508.50354	1381.920654	1382.101318	1407.6698	1246.462158
P48722	193.0252686	185.0702362	198.6124115	181.0112915	196.0159149	237.7492218	228.4759216	224.9313507	205.5344849	163.4519806	166.4972687	175.4195099	194.425293	184.3537292	216.8026428	306.4031982
P48758	3200.186279	3383.729492	3305.393555	3296.353271	6813.815918	3684.426514	3853.439209	8486.071289	3047.852783	4776.971191	4882.757324	3972.429932	5165.365234	3062.249023	5171.485352	5852.112793
P48771	6492.446289	7754.907715	5645.872559	6309.334473	4182.383789	4364.608887	2696.111816	2799.071533	2782.09375	6178.341309	6276.928711	2769.67627	4220.727051	4693.689453	4658.710449	3968.634766
P48774	89.75565338	137.7602386	139.0868835	143.2867432	236.1100464	114.0063858	154.8949127	89.88497925	180.807785	154.0115967	142.7357635	214.4624634	134.0576324	175.5074615	135.7367554	325.7737122
P48776	1210.528076	1493.140991	1109.26355	1330.832031	1655.727295	1107.813843	506.4920654	1563.711914	1092.048584	1418.930054	1405.437988	1113.955444	1066.829834	1019.457825	1160.518066	1306.511841
P48962	6709.993164	11749.65137	9179.976563	5977.818848	11501.16113	7681.334961	11624.6709	7069.71582	9379.091797	6040.352539	6914.226074	6233.055664	7210.516113	6558.348633	6037.010254	22515.08008
P49138	102.6968536	99.13554382	0	0	73.83222961	66.55059052	113.8261795	55.99265289	70.3496933	88.65579224	46.59521484	112.3204575	83.09044647	75.78498077	56.98843384	100.8432693
P49182	172.3570862	252.2200775	243.3569031	204.8730469	202.7931366	110.3897324	214.4545593	117.3603439	128.8079071	94.64403534	177.88797	179.717453	132.1918793	161.6562042	103.0132065	105.3167725
P49290	48.12496185	0	27.42915154	70.13378906	136.6347351	50.7910614	2405.28833	95.02022552	47.33252716	48.92477036	65.73334503	0	75.34814453	23.16871834	42.98706055	143.4706116
P49312	1511.412964	1948.631958	1585.189331	1505.87561	1813.893066	1807.785767	3291.278076	1763.358521	1515.876343	1694.061646	1675.171021	1579.62915	1673.709351	1482.834473	1709.991211	2256.402344
P49429	31557.72852	32312.34375	29919.07227	30089.04688	16739.64063	23667.41016	18212.31445	15130.38184	28079.31836	26080.35938	24277.28711	23455.85352	24988.53711	26064.46094	20599.26563	29509.1543
P49442	153.9388428	121.4390259	116.2619553	156.9129028	229.9378662	111.7049332	125.1029358	278.7593994	208.1325073	189.3510895	203.7788849	141.0937653	156.7486877	130.5931244	170.3265686	334.0556946
P49443	215.0772705	244.1712646	283.0605774	248.654541	249.2349854	354.7905273	244.9282227	241.5861511	328.3545837	266.7865601	448.7436218	275.1916199	300.240509	209.6576385	253.2611084	331.0805054
P49586	290.5246582	311.5474548	296.9672241	377.5026245	585.4927979	322.6825562	546.4050903	505.4159546	321.9407043	314.775116	252.9013214	302.5275269	436.34552	330.805603	430.4944153	364.7722473
P49615	127.5953445	78.50823975	146.0213623	151.9558868	132.5575104	108.3153839	115.5150452	133.6221924	110.4384232	165.5099182	159.3088989	175.0029755	151.0241089	125.5177155	103.5314941	430.205658
P49698	70.98329163	154.7038116	197.1308899	160.0695953	120.2498703	114.5901413	130.6362457	121.2437744	80.43532562	227.2529297	49.87181091	171.1938019	150.9541473	198.8824768	174.2829895	175.6277618
P49710	13.37748909	40.75996017	57.22156525	32.94482803	81.5741272	40.50614548	145.9226532	108.4559402	67.39377594	19.06766701	93.4441452	34.22693634	40.98900604	10.49428654	17.21767426	46.2728157
P49718	35.15214157	0	0	35.31098175	112.9682693	23.89645004	71.68209076	26.02965164	17.21063232	41.6437912	74.11906433	39.34013367	31.71588326	0	50.23986816	48.2054863
P49722	1873.172485	1892.635498	1970.459351	1946.989624	1896.990356	1849.992554	2197.539551	2362.829834	2210.750488	1736.819946	1935.700317	2089.658691	1983.45752	1930.457275	1746.817383	1391.329956
P49935	1448.806885	2343.230225	1874.025146	1812.297363	1832.356567	2329.388184	2236.064697	2485.099365	2891.572266	2255.222168	2582.766113	2537.037598	1954.836548	2544.834717	2556.906494	2981.639404
P49962	384.4757385	333.6831665	253.2195129	470.4139099	411.6968384	523.977356	229.1417389	474.4333801	145.4052582	250.6198883	252.8955231	438.2565613	324.8147278	178.2675934	446.627533	159.8798523
P50136	2696.167236	3324.211182	2926.942627	2886.523926	1878.847656	2437.865967	1594.74231	2103.932861	2274.046387	2194.72583	1840.304443	2135.608643	2138.935547	2348.408203	1839.536621	2445.977295
P50171	1133.709229	1302.417725	1119.326904	779.6436157	872.8911133	904.9613647	676.9993896	812.5799561	871.918457	935.5214233	1157.24939	796.3266602	924.1957397	1099.661011	1051.136597	1501.265991
P50172	10106.39746	8757.851563	8444.324219	10567.58008	5882.79248	6852.329102	5267.338867	8685.253906	9228.393555	7051.334961	8399.47168	7172.975586	6395.398438	10253.03809	8179.224121	10225.9668
P50247	67936.65625	61162.84766	69792.39063	64231.4375	42841.15625	44762.17188	35914.12891	38471.47656	51396.41016	53010.20313	45579.01563	53040.4375	44189.69531	43239.80859	45066.32813	46280.83594
P50285	3465.919434	3472.551758	2977.351563	2993.818848	3651.469727	3441.07666	3632.63916	3702.390137	3882.05957	3828.157715	3663.429199	3537.619873	4524.543457	3417.072021	4700.317383	4226.568359
P50295	548.1505127	440.3556519	421.6009521	506.3117981	616.7523804	480.3638916	541.8041382	522.0452271	507.6273499	528.298584	361.5862732	497.9524536	400.150177	607.8343506	429.5400085	489.2919312
P50396	501.1615601	460.486084	415.9225464	493.6166077	489.7422485	509.7788696	546.3911743	604.6785278	617.5137329	430.8476257	435.2440796	584.7521973	442.2056885	539.1499634	612.2341919	510.3370667
P50427	566.1363525	517.0949707	468.6296997	625.9672852	922.9147339	850.2408447	1172.002319	881.1672974	498.874176	762.9979248	786.2523804	714.1534424	1016.189331	860.1918335	594.8764038	961.032959
P50428	167.4406433	187.0431213	219.0407867	128.1595612	172.4980469	281.0833435	314.5419006	102.2586441	218.5186462	246.0914459	307.1143188	231.2848969	275.1947021	233.062088	175.5769958	156.9342194
P50429	195.1099701	400.7730103	256.9228516	409.2035522	409.5808411	734.7806396	701.1625366	960.5450439	779.109436	668.0172119	717.4262695	819.4401855	943.2307129	777.0761108	843.5238037	996.8355103
P50431	3833.794434	3553.944824	3392.052979	3046.30127	2380.842529	2986.470703	2145.809326	2529.775879	3438.367432	2841.748047	2655.268311	3086.723633	2293.082764	2624.916748	2905.383301	4096.669922
P50446	8650.619141	9217.713867	16298.97168	7181.379883	8596.28418	4478.620117	9047.702148	8973.501953	8150.138184	6040.84375	4383.270508	8179.012207	8152.676758	4646.189941	4486.315918	8651.424805
P50516	442.5065308	502.1686707	447.7790527	570.4500122	684.6826782	608.397522	1091.680298	676.529541	473.3041382	538.2503052	612.8457642	622.1339111	511.625061	585.3307495	523.7579346	611.1511841
P50518	613.1818237	510.3436584	527.5792847	704.7533569	700.5108032	566.9658203	1248.534668	735.1699829	685.6456909	636.6326294	505.785553	527.6368408	690.3565674	674.9220581	644.9959106	523.8327026
P50543	276.943512	81.4282608	213.7626495	243.8883362	1338.933838	404.3483582	4239.62207	460.7032166	360.0778809	521.628479	368.7114258	517.7211304	451.0795288	143.0235443	319.085022	271.9324646
P50544	6871.975586	7748.109863	6299.530762	6594.443359	5775.230469	7123.119629	6267.944336	6805.956543	6146.047363	7119.716797	7011.164551	6721.073242	7305.896484	7138.692871	6262.071289	7461.128906
P50580	1579.885376	1529.588379	1882.557983	2168.922363	1864.762329	1710.194824	1880.498535	1846.258301	1906.003296	1489.430176	1578.31604	2175.937256	1837.47583	2331.062012	1523.486816	3523.816406
P51125	61.99224854	175.6641998	76.54855347	60.31711197	196.2119598	121.3736115	156.199646	122.9435272	84.65515137	87.03779602	75.19304657	137.776535	94.35663605	75.21220398	85.43919373	244.349823
P51150	1563.486694	1492.84668	1546.644043	1428.357666	2213.056396	1912.281494	2958.300049	1742.696899	1532.274902	1710.540894	1703.453369	1584.251465	1728.336304	1764.583984	1811.152466	2639.624023
P51163	101.1487656	83.91205597	63.93803787	106.9829407	92.21277618	81.5943222	85.7870636	138.6192474	45.83441925	103.4744568	182.7183838	78.30098724	102.8841095	92.55841827	137.8979187	140.8333435
P51174	12334.99316	10962.88379	11919.31348	12692.48535	9137.704102	9647.766602	8596.264648	10032.8916	9909.022461	10939.09668	9741.80957	10544.49023	10301.20508	11078.37402	10245.4375	7187.620117
P51175	234.5613251	192.993042	242.9369049	157.09758	196.5652466	185.4862823	181.4790955	245.9456635	161.9035797	211.9128723	196.4083099	242.2474518	264.6207581	248.3254089	237.1408081	252.2007751
P51410	2107.985352	2979.818848	3009.375977	2611.325684	2988.327881	2699.032715	2852.911133	2685.884521	2681.312744	2644.643311	2352.361572	2875.205566	2766.658203	2580.740234	2478.336914	2795.458008
P51437	20.24378967	0	12.03007603	4.118898869	23.82896423	24.0338192	709.9355469	77.80967712	14.89030266	0	44.7838974	0	30.81097794	62.73624039	14.74055386	0
P51569	48.17095566	79.21206665	31.60952568	77.36053467	152.2020111	121.4674225	222.9750977	142.6851196	86.21461487	63.19753647	87.17940521	91.77945709	94.09376526	69.9207077	82.63090515	50.36252975
P51655	0	0	0	84.35025787	0	0	0	20.82325935	39.46848679	4.231865406	67.92560577	0	89.4626236	0	28.51322556	99.89624786
P51658	2199.636475	1872.445923	1753.982056	1926.592285	2256.497559	2860.912109	1955.716553	1661.321655	2763.85791	2556.39209	2011.004761	2032.801636	2248.27832	2447.961426	2167.686768	3072.439697
P51660	13500.69922	13200.375	15599.32129	11271.13281	24641.78125	20300.34766	20030.09766	24101.39844	17619.12695	19181.38477	19992.28711	19824.70508	19977.50195	18518.1543	15799.6582	14963.82617
P51807	0	45.5525589	0	0	65.93223572	41.90506363	93.22977448	24.07242966	3.220411539	0	0	0	0	0	5.0370574	0
P51855	1802.844727	2320.450928	2040.930054	2086.229248	4335.691895	2821.491699	3002.62915	3078.445313	2561.092529	3125.809814	3176.393799	2836.239502	2883.518799	2723.126221	2750.422119	3709.196777
P51859	1707.797729	1469.178833	1763.350464	1820.830933	1634.067749	1543.871094	1839.403687	1674.331299	1617.918091	1571.973022	1463.067749	1975.227905	1830.525269	1673.84021	1429.512085	2192.337891
P51863	569.2655029	900.2470703	512.503479	428.8894348	716.0198975	845.0316772	769.8451538	792.4523926	791.3262939	823.7059937	686.5715942	714.3869019	622.62323	857.4559326	729.1692505	1217.276733
P51880	56.78297424	39.13001633	64.86690521	52.74557114	124.0052643	26.41970634	109.8748093	82.97873688	53.15794754	46.85531998	25.84458542	60.14641953	12.01202011	170.4401245	34.99611664	111.7692642
P51881	51930.35938	46364.06641	47559.80859	52370.89844	40654.99609	41585.13672	40505.88672	37561.57031	45144.10938	41458.01563	43701.05078	45431.60156	43558.41016	47798.53125	44365.66797	49544.26563
P51885	478.2494812	418.0849304	564.9127808	316.7114563	968.6652832	488.9217224	1247.627441	445.4632874	617.4262695	513.9787598	432.4236145	557.1273804	606.7186279	405.6993408	219.6614227	626.329834
P51910	0	10.65482426	38.06697083	0	19.60540199	31.28782845	28.89973068	0	17.23283005	103.9603043	49.95830536	33.78914642	58.73090744	14.00419426	0	0
P52019	81.52085114	75.66257477	66.52062988	41.40755463	0	0	0	0	0	0	0	0	0	0	0	0
P52196	20992.64258	18222.78906	18405.12305	16697.94531	11692.39941	15355.14258	9632.039063	9394.78418	15004.33496	13879.56641	14473.14648	11779.71973	12464.41602	14337.30566	13094.77734	13490.50293
P52293	32.24918747	104.7165527	73.58940125	81.52680969	136.8642578	104.7825317	109.0580215	125.694313	41.2991066	105.2619324	58.44298553	119.6839218	63.71603012	65.04330444	57.70948792	43.39005661
P52332	88.26669312	58.04789734	112.8734894	60.03568649	60.65641785	56.98472214	149.1118317	84.13149261	86.51089478	80.09288025	61.25997162	93.54637909	58.92699051	111.87957	70.03104401	284.4659119
P52430	5401.833008	5235.01709	6137.958496	5189.04834	3704.87793	7168.387207	3425.228027	3678.419678	6529.14209	5267.342773	6920.331543	4779.310547	5861.010254	5596.194336	5265.072266	7557.558105
P52432	165.8762665	62.04471588	228.554245	223.1492767	229.1555481	88.30603027	508.0795898	193.3675232	131.370224	111.7937088	202.3628845	184.4626617	104.1648407	184.4023895	134.2121429	360.7043457
P52479	509.6268616	484.6744995	365.1614685	507.0328674	415.2789001	445.9268799	456.7843018	617.1929321	508.3564148	374.9445496	578.3275146	452.8225403	542.0962524	451.9542847	469.1413574	566.2484741
P52480	684.2852173	676.2664795	785.7739868	730.4071655	1586.957275	924.8078613	4313.129395	1685.675781	1049.671143	696.2880249	689.0949097	1151.01416	835.1157837	721.888916	933.6849976	1143.7854
P52482;P52483;Q91W82	0	70.52127075	0	162.8948669	140.6085815	0	108.9511795	20.37206268	90.00151062	0	164.1192932	224.7893982	0	36.32859039	0	0
P52503	1091.188354	896.7941895	989.1085815	1169.030518	938.0820313	1327.859497	872.894104	952.8590088	843.4190063	1246.853638	939.5372314	929.3737183	836.5148315	1139.407104	754.5933838	856.5414429
P52623	90.77812958	118.5689926	63.35331726	114.727684	53.10662842	203.5330963	64.25828552	102.0732651	218.664093	103.4361954	227.4987793	78.17910767	142.8465576	135.2355347	79.4942627	263.5885315
P52633	36.07425308	49.75658417	20.35479355	87.679245	51.30654907	63.67093658	112.4070663	94.30780029	140.8183136	168.3282623	58.27156448	110.0882568	79.81019592	47.55664063	77.58721161	0
P52760	22002.25977	22287.85938	24135.92969	28467.98633	24280.27148	23711.22461	15756.49805	24534.62695	25064.5	24469.80859	23473.9043	25362.77539	23695.64063	25050.82617	28683.25977	24215.12695
P52792	582.5698853	382.1221619	508.5955811	578.34552	623.9495239	544.642395	460.5502625	370.9672852	541.3097534	460.7190247	562.6569214	559.6438599	667.8293457	517.953125	523.2935181	693.9238892
P52825	7303.464355	8595.84082	6412.960938	8134.447754	5581.467285	7317.271973	5290.481445	5986.675781	7108.53418	6583.217285	6316.244629	7291.552246	5948.596191	7952.058594	6619.697266	5599.049316
P52840	9079.695313	6788.73877	8701.160156	8018.719727	7618.865234	3437.200684	7241.967773	2594.42334	4586.746094	3700.479492	5876.865723	4114.307129	4040.970947	5027.391113	4508.22998	4926.161133
P52912	157.6046448	266.2711182	194.0423889	161.3231049	108.653183	156.2296295	128.5573578	73.48764038	108.8509903	171.3044739	147.5692596	132.6982117	152.9115295	23.32576561	54.46586227	36.35985184
P53026	3730.953613	3087.181885	4182.317383	3613.661377	4115.534668	5185.908691	3742.298584	4628.081543	4159.075195	3789.512695	4160.316895	4209.537109	3736.49292	4102.838379	3995.953613	3492.459473
P53395	5889.731934	5721.074707	5236.186523	6430.569824	4150.674805	3995.816162	2954.8125	3861.056885	3418.355225	4383.83252	3747.881836	3512.55957	4250.101074	4245.588867	4643.494629	5283.20459
P53612	190.8732147	90.17412567	128.7429962	74.14624023	105.6641617	140.368103	194.8629456	227.2787933	58.21111298	176.0045319	212.9999237	196.466156	83.41821289	93.17475128	127.480896	298.3713989
P53657	5446.30957	4307.578125	6366.55127	6461.937012	4252.574219	5140.026367	5185.440918	4789.223145	6233.675293	6859.935547	6976.242188	7340.088867	6278.931641	6081.036621	8149.556152	7345.388184
P53702	96.7562561	127.3511124	132.8720093	118.0496521	83.73014069	120.1456375	78.91578674	104.1750793	186.9629822	97.53544617	128.8642426	106.9418945	93.78856659	115.6364517	84.73348236	142.3049316
P53808	855.8519897	647.3065796	800.036499	703.0288086	609.4274292	542.5976563	511.9010925	761.0288086	810.1965332	551.824646	812.0750122	634.107605	834.9528809	882.6467896	752.8408813	454.8930664
P53810	185.8816376	423.7874451	228.2799072	206.3675385	471.7127991	229.276535	649.0040283	335.0790405	229.588974	300.6411438	219.2138824	383.144104	235.1735077	249.4753876	292.6372375	408.307312
P53811	352.0189514	347.0643311	348.3715515	369.7253113	332.9112854	431.3031616	447.1173706	289.005249	425.2244568	358.3323059	279.0213013	332.6268005	388.8889771	284.7968445	291.6156921	520.6817627
P53986	192.2456818	88.46292877	118.1973038	181.4239197	167.6074829	247.5752869	152.238327	193.1696167	206.0553894	107.7650223	105.8999252	147.3214569	156.7283936	68.68583679	48.28046799	0
P53994	785.635437	677.6833496	652.4668579	669.2386475	949.807251	772.6600342	1397.99292	815.7230835	834.8554077	714.6602173	697.0186157	863.1311035	730.1664429	773.3605347	693.28302	873.5020142
P54071	9474.498047	10215.16797	8787.644531	8872.026367	7314.164063	7218.478516	7412.19043	6547.718262	6983.772949	7099.675781	7841.69043	7363.70166	8849.169922	9050.262695	6904.041016	10796.29883
P54103	42.02076721	99.32720947	73.99802399	17.42675781	167.5664368	19.59123993	152.5844879	119.2675476	35.83810425	76.91001129	80.73396301	142.704361	0	35.59299088	0	198.9434662
P54116	135.8401031	127.984993	110.0880127	133.0129547	203.7972412	131.4826355	200.405777	115.4369049	122.0363922	108.46595	84.71775818	217.5081177	156.5147095	134.7490692	97.5012207	122.0101166
P54227	13.6176281	32.79613876	49.34401703	108.6095276	140.0593109	63.17261887	241.3316956	186.8225708	113.8715668	118.7109528	87.30509186	43.85875702	29.54824257	67.123703	174.612381	203.8488159
P54310	46.88518906	60.26700211	17.87127495	56.53606415	28.49412155	83.93756104	38.21824646	60.20265579	64.06106567	79.12346649	60.86912537	71.93586731	71.52927399	73.51857758	67.12218475	0
P54726	93.65249634	78.99912262	157.8749847	57.84510803	61.16230774	89.60384369	114.4521179	81.61652374	135.6099854	70.46165466	104.5558853	163.9041595	110.0310059	83.70262146	128.9987946	85.86578369
P54728	1199.117554	1096.213745	956.4854126	969.8565063	962.9187012	1045.418335	1123.078003	983.2988892	794.5728149	796.9248657	1059.609497	879.9703369	751.9668579	808.5032959	575.9643555	1032.277466
P54729	60.85181427	46.23804855	28.4616642	23.18617439	48.89593887	26.57192993	38.52853012	36.21733856	23.82684135	40.02450943	19.05002213	45.69305038	42.61105347	27.18430328	40.90855408	99.01847839
P54731	69.61316681	106.8697968	64.92182159	110.5833969	80.46392822	65.5687561	127.5621033	68.90502167	82.94688416	68.29775238	65.94197083	81.51491547	59.06054688	69.26508331	84.21562195	158.0826263
P54751	53.43092728	83.42956543	153.0072174	81.69385529	50.25754547	33.48178482	66.00891113	25.71800995	48.93521118	10.85227489	89.84944153	35.07736969	32.2075386	96.37285614	46.94226456	252.2030182
P54775	862.1356812	995.0281982	1053.040161	909.0946655	858.984375	823.1883545	1092.548828	969.8461914	957.1381226	871.6887817	724.7263794	806.9469604	908.8490601	980.0305786	778.267334	1548.842041
P54797	123.4416885	138.9687042	180.4131927	132.0857086	110.7021332	121.5680771	106.2355957	75.63600922	92.07964325	134.3792114	125.1510773	103.8043823	95.55913544	104.1139603	87.17365265	151.2901306
P54818	47.80999756	94.9139328	46.5186348	77.47457123	64.80327606	73.95948029	187.1619873	86.89458466	41.50314331	64.15538025	82.72657013	133.6501923	49.52991486	92.84178162	203.1825562	53.03381348
P54822	203.6934204	262.8927002	227.3670044	215.0119476	260.4438782	241.5652924	266.0901794	197.0577545	235.6168823	176.6350403	191.6401367	255.3689575	160.964447	233.502594	176.9308167	289.5960083
P54823	549.4663086	537.9761963	244.5255737	585.8830566	700.1919556	708.1989746	747.7584229	533.1765137	618.9642334	561.9016724	651.2442627	644.2723389	536.4274902	531.15802	543.9173584	453.2693176
P54869	51233.60938	51847.21875	43418.9375	49131.29297	42570.21094	53695.81641	49867.25391	48361.89844	54844.63672	56811.15625	56917.90234	63037.15234	60990.66016	54546.46094	50379.47656	74408.6875
P54923	75.08948517	65.05566406	53.12052536	67.89765167	83.25134277	98.90441132	187.8076324	85.59671783	103.8692627	161.9660645	58.62766647	75.8656311	45.54415512	85.02597809	70.60205841	312.0954895
P55050	349.5179443	315.2261047	345.4127502	513.555542	751.998291	802.5220947	908.1196899	728.9312744	675.2366943	620.6941528	1074.294067	602.7918091	822.9329834	575.078186	909.0768433	1236.146729
P55065	0	0	139.2317352	118.0981216	77.25699615	55.37493515	98.75695801	246.7781372	146.0309143	0	0	0	46.40683746	83.92938995	165.4471741	0
P55096	7973.42041	7749.17041	6484.508789	6189.166992	8105.003906	7883.858398	6829.856934	8023.186523	7351.259766	7963.865234	6562.001953	8122.374512	7752.838867	7968.584473	6327.174805	7434.489746
P55258	293.8324585	411.7446594	394.1286011	342.788269	498.9814453	247.9612885	511.5853882	361.7574463	334.2255249	219.2844696	392.2136841	351.6951294	321.7644653	312.5137024	322.9399109	556.6856079
P55264	9220.047852	7329.291016	7590.289551	7437.071777	8522.200195	6483.161133	5227.297852	7245.650391	7942.914063	7394.256836	8579.895508	8158.147949	7528.130859	7379.258301	6291.62793	6887.959473
P55284	0	61.15122223	0	20.48884583	15.2793293	15.71035957	39.09032059	55.01892853	0	0	28.9857502	56.61809158	26.26745796	45.6711235	44.44435501	0
P55292	146.6249237	176.1411591	93.64464569	171.9072723	159.0607147	93.28404999	227.5737457	209.9887695	207.6535645	150.5243225	135.0406494	144.7962952	144.9810791	73.90299225	123.1288757	134.528183
P55302	176.5168152	338.6846313	313.8532715	119.9652252	362.0297546	439.203125	249.2266998	240.8882751	348.2267151	196.6240234	320.9025574	235.2528687	323.2719116	225.542984	261.9185486	373.033905
P55772	0	161.8061981	0	52.60335159	104.1484375	55.58141708	180.3056793	47.39165497	0	42.28022003	89.59188843	57.24044037	56.78754807	74.8482132	115.6258469	0
P55937	0	43.71483231	17.23491478	36.99349976	47.30708313	11.70082188	45.25531006	54.38482666	58.39239883	66.67754364	31.44872856	30.93084526	7.525671959	26.71627808	47.44358826	0
P56135	21703.23242	23451.5625	20355.30859	16567.19922	14253.76074	12549.72559	13874.5332	15441.21582	18773.41992	14915.33984	15057.57227	12904.69238	14130.4707	16589.28125	18235.53516	25326.85742
P56212	102.1232681	106.803978	66.90879059	98.20347595	203.4759216	91.38607025	144.4516754	134.848938	84.36186981	96.78321838	43.04428864	116.3229446	69.93117523	75.9101181	50.87110901	0
P56213	255.009491	265.880188	224.3714905	131.3450317	170.5513153	224.0210876	236.1912079	191.0904541	228.287674	224.1564484	236.3486786	191.7498169	298.4103699	181.1137848	356.4782104	333.8931885
P56371	50.21697617	64.86749268	75.495224	59.80874252	96.97761536	81.94109344	46.95817947	40.44178772	57.81092834	89.6630249	45.47272491	48.84844208	36.21717453	0	67.29051971	0
P56376	320.2683716	265.2452087	345.4221802	220.3816223	174.8369751	353.4655762	312.552063	366.9125366	324.8518372	245.477066	248.83638	197.3162384	194.0345917	240.3165588	366.5374451	176.1623077
P56379	1852.057861	1418.033569	1108.796631	1853.627686	1039.301025	1386.020508	932.7106934	917.4688721	1396.646118	1066.264038	1020.913208	1301.142212	809.4312744	1101.182739	754.1265259	725.2280273
P56380	218.1581573	209.2959442	188.7346191	185.529892	183.3103027	154.1066132	161.5787659	85.95927429	196.2880096	126.3085785	239.3378906	184.8451538	179.3054199	215.531189	229.1641083	261.7079468
P56382	2524.279785	3807.92749	1827.523438	3902.483398	541.3352661	1352.037476	4975.899902	581.0446777	2081.13208	1395.484497	1225.905518	1084.298706	1180.393555	1103.777222	285.0042419	1227.503174
P56389	153.5642395	176.4195709	123.0774841	81.49871063	223.1388702	88.80290222	216.6673126	135.1122131	170.0560608	271.8830872	189.1360016	132.4670563	198.2315216	109.4019852	139.0727386	171.3925629
P56391	2563.023438	3818.550293	3300.359619	2705.647705	1782.212891	1815.034302	1856.644653	2384.726318	2599.545898	2030.989258	2970.554932	1626.927002	4549.480957	2613.240479	3880.157471	1906.473511
P56392	104.9986572	115.3890915	103.5255966	226.4106903	20.16088104	51.03624344	12.86235142	79.27327728	107.2723465	133.4099121	44.64849472	102.6367569	107.6987228	114.7674942	119.6467743	0
P56395	30262.76758	26347.35352	28986.11719	19823.17188	17780.54688	34267.75781	34966.90625	32272.25977	19799.87695	36664.25	22172.64063	26058.02148	32104.39453	37817.67578	16346.79395	32168.25781
P56399	1344.160522	1419.893311	1252.897217	1345.606934	1201.543213	1266.727905	1383.407715	1244.039917	1348.341431	964.6984863	1407.224731	1211.387085	1141.04126	1219.818359	1275.533936	1605.408325
P56480	79181.35938	70607.04688	71949.10156	80003.89844	48658	59362.14063	44147.57422	53332.53125	56484.12109	59021.47656	54460.14063	54515.98047	52431.66016	63101.67188	62832.47266	65634.92969
P56528	118.2846527	75.57019806	85.15642548	119.9617233	98.0658493	134.606369	192.9893036	117.2648468	162.0153351	90.84317017	151.0224304	125.3742447	39.54421997	77.63263702	117.259346	95.30960083
P56542	106.6253586	129.4260254	200.6732483	105.0156326	242.5300293	253.815979	665.130188	354.8911743	145.9719238	290.7944641	263.1233826	281.7644653	301.9483948	229.5290222	135.8763428	116.7785187
P56565	95.64723206	347.5030212	186.5382996	152.6902313	192.3421326	141.2146606	211.8388062	211.7146606	253.0412903	218.6986084	123.3596115	294.1897278	301.0103149	103.1386566	153.5730743	342.2875061
P56593	4354.789551	4162.55957	4242.378418	4497.695313	5329.38916	4479.379395	3083.565186	3460.578369	4189.333984	3407.027588	4033.230469	3599.162842	3713.354736	4152.29248	4261.720703	5164.108398
P56654	3093.064941	3510.866211	3247.015625	3533.881592	442.9346619	2750.782471	1267.812866	1865.38562	2531.541016	2128.721436	2574.549561	2272.523682	2374.529785	2909.840576	2903.99292	2483.373779
P56656	331.5516968	681.0213623	327.246521	1056.968262	293.6860962	172.4354858	98.98582458	420.3632813	280.3314819	712.9681396	264.5374756	613.0717773	642.7978516	517.7683716	520.8688354	514.5688477
P56657	1240.495605	1163.434204	941.5767212	1107.217529	1068.453125	706.6136475	631.9813232	969.3084717	703.1273193	960.4695435	1050.115967	782.2515259	986.9286499	810.2717285	1309.859375	849.8066406
P56812	415.3429565	351.9743652	242.4249268	194.6512604	225.4951019	332.2157288	378.1841125	422.6998291	329.2568665	400.654541	361.2854309	403.6325378	434.8873596	342.1040039	240.9789276	283.3562012
P56873	50.68570328	102.3953171	164.7585907	194.2246552	154.0394287	58.95159912	127.1875458	50.22037888	74.55708313	48.20424652	128.3725891	140.6977234	143.5153198	97.18256378	22.20732498	136.2134552
P56959	919.2671509	1033.266968	777.3261719	1188.630859	1432.331787	1068.256714	1506.018921	863.3024902	820.5006714	1027.569946	1326.828369	1137.990112	698.9130249	822.8103638	756.8712158	947.8510742
P56960	0	188.0933838	0	0	287.1739197	124.0193329	151.6509399	69.21273804	266.7434387	213.2269135	110.8912048	195.8823547	95.16326904	0	256.9691772	0
P57716	161.6802063	245.8435211	167.7118683	201.8828735	296.5298767	250.2406464	347.9595337	209.6501007	286.1521301	207.9611053	254.0037689	178.4495697	183.0678406	300.817749	160.4652252	270.6596985
P57746	96.63651276	82.20133972	47.51267624	100.6992569	109.3455811	137.0095367	158.6633453	166.3616486	57.27834702	79.78329468	113.1426239	120.9749146	45.41455841	89.04183197	95.76973724	0
P57759	1358.318848	1229.054321	1339.534912	1367.321533	2167.958984	1809.834351	2055.351318	2378.260498	1502.957031	1279.379395	1719.881104	1269.463745	1686.174805	1683.335938	1434.223145	1659.531982
P57776	3919.031982	5359.537109	5884.01416	3545.065186	5314.996582	4436.321777	5455.541016	3123.234619	4215.35791	3492.813721	5065.206543	3922.334473	3275.954834	4184.782227	5455.086426	5769.073242
P57780	2415.43042	2045.275513	2384.135498	2252.431641	3072.264648	2569.443359	3460.445313	2576.026611	2615.999512	2802.243652	2550.381104	2511.375244	2836.404297	2331.083252	2351.821777	2561.496582
P57784	120.191658	204.930603	101.2112503	106.4707413	133.2314758	72.08815765	209.8594055	104.3851089	172.058609	110.4677887	161.8384552	167.9815979	207.9811401	153.0908661	91.92120361	197.9048157
P58021	103.9414978	81.3443222	58.1497879	98.89995575	122.3964691	119.132637	98.6819458	79.85335541	79.25473785	103.3705597	114.7839203	90.94026947	139.8235779	53.70480728	84.16340637	52.45417786
P58044	1263.122803	1188.315918	1019.789673	1451.334717	193.7489624	71.69750977	58.9937706	97.95111084	116.5598526	126.1854706	115.1725998	109.0019302	80.23903656	89.80157471	207.0176544	2073.655029
P58058	48.99855804	25.87457657	45.28594208	65.5643692	28.05231857	66.64317322	42.3760376	115.9357376	65.30774689	115.0883255	18.35334206	84.48266602	98.9770813	38.36083603	71.25990295	0
P58059	106.6962204	360.028595	308.1610107	90.68332672	52.65946198	118.7194748	66.37554169	95.50004578	160.3259125	131.493576	105.1059265	144.349411	74.65158081	221.9937897	96.38606262	446.5403442
P58064	144.0702667	80.63472748	195.8893585	171.276947	205.8077393	161.0469818	146.8561401	157.5956573	202.9381409	154.5537872	104.510704	113.5710373	86.2890625	100.1182327	291.7183533	382.006134
P58137	254.3591003	272.533905	223.791626	241.9621735	307.3027039	344.3535156	372.6402283	393.9756165	472.9074097	296.9758911	388.0925293	282.867157	275.0660095	235.0112	338.1387024	200.7996674
P58252	9538.785156	7663.26416	7698.743164	9056.787109	9147.28125	10501.93555	11660.21484	9537.792969	8942.810547	9186.763672	9677.264648	9234.275391	8335.634766	8470.325195	8014.310547	8639.797852
P58281	498.0241699	531.3922119	402.6513367	491.0797119	368.4623718	471.9500732	406.5459595	379.1366272	464.1804504	445.6470032	425.8947144	433.8482056	490.2138062	474.6696777	421.9556885	623.7983398
P58389	460.5366516	415.0293579	403.4749756	464.322052	436.0131531	474.2272339	663.145813	670.1029663	657.3582153	499.0779419	471.7946472	668.3414917	719.0214233	557.3786011	488.3888245	359.8497314
P58466	78.44031525	88.29615021	60.93087006	72.3757019	62.27330017	88.05931091	131.7841949	81.25993347	123.2614594	100.786972	157.2983093	98.7270813	41.46162033	81.15138245	42.6373558	0
P58710	4467.970703	4095.245361	3941.139648	3999.296387	3315.234131	3897.420654	3677.401611	2455.499756	3264.483398	3348.515869	3753.596924	3438.870361	3075.692871	3206.329102	3371.549072	2950.530518
P58735	452.4629517	381.9464417	464.6927795	279.6948853	357.364502	374.7074585	193.6773376	298.9525146	427.180603	350.15979	362.2755737	366.9676208	292.6600952	395.9465332	252.1511078	164.5850677
P58742	16.99098206	12.05060768	46.05660248	0	53.78765488	14.10621929	83.76079559	55.58636475	70.04656982	27.90733528	25.76264572	7.12459898	48.83429337	52.58503342	22.60664558	0
P58771	1624.751221	1851.858154	2226.544678	974.4013672	3480.738037	2970.287354	5437.171875	3333.033691	2866.662354	2333.499512	2459.992676	2065.410889	3057.919678	2238.946045	1648.639282	1891.606934
P58774	33.06806946	49.26040649	59.92713928	107.3520355	100.7998199	260.1131592	262.2678833	161.5067749	58.60313034	140.5686798	116.1910553	103.5610733	142.1438599	132.9158783	79.68309784	268.2354126
P58802	76.69604492	0	60.35201263	49.26472473	0	33.38120651	19.78802872	43.61663437	67.40743256	40.25865173	0	52.49953842	50.22896576	64.56684113	69.23451233	0
P58871	78.05056763	41.76766968	48.93707275	51.04329681	46.31594849	63.59757614	57.49488831	70.64373016	65.71178436	63.9121933	63.70632935	37.08361816	48.28924561	45.34638596	69.46737671	98.89349365
P59017	299.2441711	510.0906677	304.682251	436.8268738	287.0140686	332.0393372	370.9156799	381.92276	330.8183289	351.4367371	281.7279968	274.7578125	295.3512268	267.4627991	300.0587463	435.5901794
P59108	121.9698029	103.9875946	145.3493805	250.1646881	240.2851257	197.6162415	259.0954285	353.688385	116.599678	247.969223	325.3613281	274.0639038	262.7888184	228.5862885	228.1807709	183.3128662
P59114	14.448246	0	0	0	0	44.98191833	57.41417313	0	0	21.63791466	0	0	0	0	0	0
P59235	115.6309509	23.15128136	80.58006287	87.77692413	128.1854553	43.21285629	90.15066528	74.8697052	83.42350006	61.62409592	50.3742485	84.64046478	64.96209717	103.6686325	52.44542694	0
P59242	227.4454498	177.7787323	180.8054199	245.0224457	238.4444427	125.97966	253.2329712	238.9695587	174.3949432	153.9496765	225.5129852	166.3301239	220.9221344	194.7461395	219.5406036	297.5688782
P59266	80.69347382	129.8643951	69.33664703	85.85743713	119.5567856	150.4118195	198.1655273	217.3041382	244.0442505	179.3892822	237.1680603	132.036438	193.0770111	314.3009949	261.9402771	155.1829987
P59325	1303.527344	1119.996704	745.1604614	1168.768188	770.1743774	1219.290039	1176.543823	1355.171753	795.0078125	1122.832886	886.9099731	1097.491577	1137.496826	1079.502808	890.2041016	1525.938843
P59326	51.11061096	36.29032516	34.32806396	27.56181717	30.55615044	30.03033447	59.74811554	18.41390419	42.83879471	51.02297592	50.86946106	71.71908569	21.23900986	61.413311	44.6293869	0
P59481	79.31073761	106.448822	42.84266663	89.63976288	51.52003479	57.77373123	111.7872696	154.8456879	58.268013	127.4108505	79.36301422	81.08444977	90.5475769	76.00539398	75.21722412	0
P59708	320.9050293	177.5728607	88.61576843	135.435257	174.0674133	232.7718964	335.1777344	147.7722626	284.2586365	220.389389	200.4979858	183.9133911	244.5713806	207.2120361	210.5707397	107.1840515
P59729	18.57826614	0	0	20.8612957	0	15.4614296	47.9024353	62.64234161	55.81104279	38.7509346	49.25418091	0	67.52667999	73.9833374	4.638179779	0
P59764	32.22160339	49.69565201	9.714456558	23.0951004	0	77.07848358	94.69029236	110.464653	39.63988113	32.58494949	79.81174469	0	0	0	37.3313179	0
P59913	109.9254074	77.01115417	83.5933609	62.68690109	117.779892	97.69306183	54.0267334	69.162117	87.8236618	182.1633148	62.00466919	61.8518486	74.79122925	86.72498322	84.61003113	178.8000031
P59999	2589.254639	2432.269531	2263.109375	1828.679077	3594.678711	1981.745483	4527.644043	2454.105957	2140.948242	1920.30542	2068.709473	3472.092529	2224.853027	1960.533691	2858.391113	2429.425049
P60060	360.9996033	278.1100769	214.0063782	205.1477814	425.9438782	251.6732941	358.36026	397.2485046	307.0924683	365.0345154	315.0231018	278.8569336	208.4365082	310.6283569	329.7631531	504.6838379
P60122	281.8110657	379.1182861	289.947113	182.9164581	365.460083	299.0549622	389.4158936	297.850647	298.2282715	175.7719727	250.6591797	291.3023987	207.6755981	273.842804	251.9157257	580.5043945
P60229	637.3453369	498.4222412	577.1865234	553.0024414	643.0206299	674.7923584	665.2362671	782.7075195	589.4465332	695.7434082	526.369873	612.7608643	544.6573486	626.7073364	628.6174316	686.5823364
P60334	367.3625488	374.0237427	161.9621582	254.285614	50.43670654	262.1979675	45.02022934	32.15196609	190.0042114	86.81847382	295.976593	22.7395668	124.47789	221.963028	66.38608551	226.5708313
P60335	943.3672485	1054.242065	1522.869019	1457.875244	1118.85376	1022.716064	1391.638062	1385.589355	886.6689453	882.2315063	953.2554932	1136.806885	1292.497681	1194.915283	937.6781006	1444.589355
P60521	35.68616867	136.7397919	76.1512146	18.82600021	80.94184875	94.30059814	75.45694733	106.1630859	115.0752335	115.0161514	60.13946915	72.75900269	60.22776031	113.6414108	55.65047836	0
P60603	355.4258423	186.881897	354.1193848	626.4280396	457.3633118	194.5901337	43.94643402	343.2819214	103.7098236	265.057251	555.0339355	406.722229	263.2565308	621.7087402	157.8252869	82.09462738
P60605	130.5632019	187.4203796	139.7215424	193.0664978	263.3381042	120.8023529	149.4918518	130.8387756	247.9167328	219.6309967	226.322113	315.3625183	124.720726	179.7529144	131.4317627	107.5996323
P60670	333.0729065	261.5145264	198.0415955	275.9971924	231.9799957	317.6322021	327.3452454	218.4428711	327.9661865	282.8132935	267.1611938	341.5075378	299.9602661	226.4154816	281.6561584	196.7378082
P60710	57612.82422	62015.99609	65071.12891	57828.88672	91908.53125	76469.57031	142577.3125	79997.75	68050.0625	69159.41406	68253.69531	78172.10156	66535.49219	59743.54688	56877.36328	74926.25
P60766	710.3927612	952.3803101	1041.052002	799.3740845	1249.093506	981.7314453	1599.353516	1020.30365	817.2991943	902.1730957	881.0583496	782.3832397	889.0673218	911.145874	788.128479	1270.708862
P60824	166.0604248	117.6579285	56.81798172	66.36361694	118.756424	134.7585449	132.6022644	21.12553215	58.88093948	49.52720642	111.4020309	39.34962845	52.97436905	52.97379684	68.75115967	0
P60843	7132.958496	7592.60498	7115.931152	5921.422363	6806.700195	8085.855957	8966.177734	8436.81543	7733.969238	7540.656738	7140.163086	7598.684082	6038.131836	5812.045898	7550.79834	10064.27734
P60867	3516.473389	1782.907349	2624.346924	2407.713135	1973.900513	3315.278564	3966.375732	2928.187256	2701.827881	2704.484619	1342.85144	2231.800293	2038.818848	3460.606689	2271.699463	2582.940186
P60898	39.17434311	0	0	73.7684021	90.04110718	41.00866318	127.9693375	43.19910812	0	64.75337219	76.10662842	61.14885712	130.0655365	57.68775177	112.0737762	0
P61021	110.4283142	229.6662903	254.1539764	170.5866852	181.0533295	166.8914795	244.2053986	102.0244293	89.1940918	164.2447205	119.0881195	136.6295319	157.4894257	200.2143555	165.2443848	199.2147217
P61022	496.1706543	379.3937073	403.7858276	572.4042969	607.5581665	632.5050659	897.2462769	869.1742554	531.2990723	687.7379761	541.49646	627.9769287	682.7219238	490.8103027	373.5552979	590.4033203
P61027	1752.978271	1266.678711	1058.907471	1223.863892	1400.450684	1118.146973	1946.067749	1592.005981	1679.358154	1593.993774	1379.301636	1748.802612	1388.924194	1679.474365	1336.671997	1277.595215
P61079	1067.849487	520.5716553	609.6230469	695.189209	328.0732117	108.7964401	1427.122192	234.4182281	708.6706543	1257.38501	602.0093384	801.3309326	490.3269043	1621.185181	874.5302124	635.2807617
P61082	189.6136169	221.9663239	262.8394165	78.44489288	134.6432495	180.219986	335.9580688	185.8424683	316.162384	158.8066711	373.1089783	236.5253906	259.5210266	242.3036957	139.8009186	326.755249
P61087	512.657959	499.7739868	425.3335571	394.6342468	718.9315796	685.8822632	490.0791626	527.2902222	493.9932251	364.608429	738.6670532	668.8428345	551.862854	363.1582642	452.6871643	523.9659424
P61089	1600.063843	1965.720947	1734.06543	1442.405029	2287.606445	1596.644043	2491.537109	1766.9729	1569.36377	1820.552124	2086.862305	2793.421143	2089.293945	2285.563477	2042.12854	2246.997803
P61161	1695.66748	2048.247314	1706.170044	1805.823608	2071.141357	2271.605957	3443.019043	2490.481445	1851.500122	1769.453613	1719.227905	1965.593506	1702.013794	1866.85083	1979.452759	2683.909668
P61164	320.3362122	458.0445862	338.209198	336.4649658	393.2815552	378.0308228	537.6368408	440.1972656	381.2072449	395.9865723	208.0381165	326.13797	365.0133057	323.1513367	270.6052551	462.9336548
P61166	684.461731	553.5557861	595.4379883	439.096283	749.9546509	730.9951172	770.6188354	573.4758301	1098.987183	532.024231	369.8265076	557.1707764	315.956543	337.0430298	1238.396118	296.6795044
P61202	316.8710938	328.6894836	391.3927612	366.8423157	367.0821838	361.998291	451.0281677	457.2159119	349.8790894	379.6615295	210.8493958	465.644928	478.8514099	377.0236206	335.9538269	383.001709
P61205;P84078	5861.637695	5862.59668	7196.490234	6564.996582	7797.05127	5454.692383	8853.647461	6462.463867	7865.609863	5850.416504	6160.507813	6736.486816	5638.416504	6150.055664	7532.089355	7729.65332
P61211	432.8290405	528.9533081	486.5570679	436.7671204	546.6634521	488.7514648	716.5460205	648.6809082	455.5408325	457.743103	552.9034424	482.9299011	487.3163452	445.7120667	402.0137329	855.9379272
P61222	506.0799866	346.0095825	523.8257446	459.8237305	461.3717346	473.6217346	636.795166	610.2232666	595.4222412	392.2405396	495.9980774	524.079834	543.3872681	545.8189697	586.9240112	405.8000793
P61226	0	158.4409027	160.7702026	60.93161774	166.8781738	44.89074707	142.9258728	0	0	0	0	44.91055298	120.7400742	62.94067001	60.13296127	0
P61255	2361.311279	3223.568848	2264.898926	3067.365234	4231.354004	3682.69458	4138.121094	1601.816284	3249.419434	3494.128906	3137.700928	3387.359863	3263.118408	2941.156982	3730.430908	3389.153564
P61290	274.1904297	216.5069427	202.8386536	216.9968414	256.3364258	284.508606	414.1559753	265.0746155	332.8446655	281.1965637	309.7575684	284.5276184	314.0307922	345.4110718	268.0758057	193.8839874
P61327	169.579071	185.0213318	315.7376404	253.4361267	368.2325134	222.1088257	373.0632019	322.341095	173.6466827	338.6981506	190.5949249	359.4057312	314.9064941	263.917511	324.9474792	249.367569
P61358	6025.413574	6698.625488	5442.546875	5867.792969	6949.573242	7477.727051	7931.723633	5672.035156	5598.387207	6421.542969	7152.653809	5663.049805	5860.275879	6661.164063	6191.062988	6265.862305
P61458	11306.48926	9118.739258	10792.81445	9886.606445	14066.51953	8272.09375	9020.605469	8923.328125	9677.295898	8076.357422	10245.81348	6629.241699	11337.02832	9154.063477	10430.33789	12530.70898
P61514	1483.778809	1330.211182	1397.434692	848.0454712	631.1392822	1372.905151	1954.509888	1168.941772	1447.497681	1275.57959	584.5773315	1792.604248	1851.546509	1656.343994	1514.448853	572.206604
P61620	133.1824951	261.3174133	363.7700195	518.1019287	254.997757	251.5423889	164.9272003	544.706604	359.6350708	246.8791351	499.1485596	337.0380249	553.4889526	617.2518921	184.0407562	237.7416382
P61750	422.3571167	414.5343933	549.9749146	638.4879761	430.1622009	664.6436768	775.833252	653.4378052	449.8970642	657.7597046	356.9988098	616.5029297	311.7647705	481.446106	578.0872192	199.8132477
P61759	144.9636536	133.8021545	101.0739059	139.3842468	75.50779724	75.69948578	123.4464569	162.197052	84.84981537	133.8002472	79.05390167	130.9093323	122.2267303	101.7248077	51.89412689	160.9462585
P61804	956.2001343	1155.815552	931.6829834	1112.750488	1029.074219	1042.613403	739.630127	1161.796265	1051.995117	982.6790161	1082.622559	866.2735596	1051.804321	781.3067627	1173.22229	825.3359985
P61922	7413.916992	6566.536621	6761.833984	7721.174316	3193.763184	4725.098145	3325.822754	3219.794678	4474.103027	5242.248535	4076.876953	4772.255859	4000.779053	4931.530273	5561.536621	3623.186279
P61924	614.2081909	725.0742188	435.0737	604.3540649	932.2830811	699.8783569	939.5756836	897.0380249	976.8843384	597.793335	789.5475464	561.4990845	911.1185303	388.7597351	992.6331177	836.5874634
P61957;Q9Z172	676.0115967	320.1184082	863.5953369	182.8509216	862.460022	1144.859009	1096.578979	940.7722168	287.9771118	1448.67749	119.0961304	145.8715363	286.151825	1244.785767	715.060791	579.9256592
P61961	972.0072021	659.8510742	972.7307129	704.7828369	904.4717407	895.8708496	790.2542725	982.9151001	801.585022	907.487793	837.546936	875.5441284	1134.140747	962.951416	692.0550537	572.0294189
P61965	33.10029221	93.18518829	56.09076309	18.01228523	45.28171921	65.36090851	87.99964905	59.4212532	83.26966858	80.3192215	72.79070282	51.56716537	89.35500336	57.41706467	65.35971832	95.80446625
P61967	104.6048889	302.1612549	203.8752594	176.6569061	202.3147583	202.7841187	249.3523407	173.0575256	182.7243347	169.6484985	228.1907654	99.30555725	189.9607697	237.3196411	190.5930939	255.098587
P61971	536.6004639	479.1617737	325.9134216	339.5748291	643.4615479	486.9094849	777.4437256	446.7550049	412.5513306	451.8710327	722.1181641	621.3322754	648.6351318	545.1635742	398.1815491	1086.063232
P61979	5789.813965	4962.61377	5111.822266	5037.34668	7231.04834	5381.715332	6742.572754	6091.982422	4398.644531	4650.615723	4830.278809	5060.422852	4992.444336	4646.673828	5289.47168	3634.604248
P61982	594.9720459	857.4761353	652.9417114	1083.956665	1011.711182	535.9636841	1017.389587	1079.416138	1078.310913	1464.155396	1226.093994	848.8097534	885.0196533	664.5349731	923.4951782	1074.063599
P62069;Q9D9M2	0	172.8190002	35.57749176	81.24351501	52.0225029	54.84923553	34.15584946	0	179.3884888	118.7907028	123.463295	69.65841675	96.31108093	62.85482407	92.69911194	0
P62071	65.64415741	97.81221771	137.6361389	124.7518768	91.64362335	80.39357758	50.89693451	102.4693375	80.47747803	132.4573364	86.05923462	99.89524078	105.6855316	122.7894821	62.70978165	91.58691406
P62073	208.068222	186.0596771	290.4207764	284.3611755	141.7573853	165.0869598	155.6651611	174.3463745	186.8208466	202.1283569	214.6441193	253.2597046	285.8265076	130.5571899	248.555481	188.4472504
P62075	5276.662598	4479.949219	6154.983398	6293.018066	3925.482422	5250.726074	3982.782227	2875.250732	4287.85791	4965.652344	4656.653809	5143.59082	5063.618652	5103.154297	5185.179688	4795.350098
P62077	574.5740356	426.7386475	536.2486572	547.9441528	289.1833191	360.3894348	310.6429138	523.713562	462.6923828	365.5404968	507.2492371	335.6090088	427.413208	328.9195862	488.4927368	402.7452393
P62082	8828.203125	9967.526367	8752.249023	8976.407227	10418.8418	9522.689453	10517.7041	9242.608398	8559.272461	10672.7832	9615.107422	9807.665039	10286.37012	9698.142578	11440.65723	9620.916016
P62137	58.91729736	156.9222107	37.10736084	34.32984924	180.5632324	57.67112732	64.71070862	21.09533882	15.42546558	136.5580292	78.80368042	108.0105438	72.99614716	38.96466446	59.35254288	192.7113953
P62141	232.582489	227.5865936	215.5470123	125.5176849	292.2561035	118.484848	200.3408051	107.0269394	168.526062	161.0245819	122.7067719	127.7275925	227.0539246	184.1149292	157.9506683	187.8564606
P62192	1004.588196	1091.018066	1269.994019	1090.163208	1263.167969	1236.333252	1354.43103	1180.06604	1032.440308	1033.101563	902.4497681	1403.736816	1320.303833	1448.199951	1177.739868	1071.234009
P62196	1431.985596	1654.222046	1540.743286	1393.272095	1768.550293	1627.870972	1751.056885	1575.815308	1209.06665	1415.076416	1457.361938	1558.457642	1426.7854	1532.856567	1405.704346	1594.131836
P62242	8648.62793	8870.821289	9148.979492	6666.646484	9365.022461	11811.7793	10313.64063	9192.566406	8678.885742	10255.3584	7196.84082	11222.60156	7598.169922	8601.548828	10905.86328	10669.39258
P62245	3832.486328	3736.275391	4033.899658	4191.11377	3932.446045	3505.155273	3992.605469	4193.241211	4652.484863	4680.018555	4392.925293	4423.330566	4290.175781	3443.92041	4341.605469	3771.217773
P62254	203.7349701	72.61499023	116.1322327	111.0382614	166.3640137	150.1744995	226.5433044	117.8841934	105.3532028	175.4212952	150.1538239	169.8458252	99.61113739	83.65555573	216.4181976	139.7443848
P62257	127.2840805	89.26806641	140.0586853	115.6867828	215.1487885	189.5604095	272.8591309	117.96138	140.3734436	188.6223907	138.7958984	224.6287994	193.614502	167.0918121	194.5932007	146.1864319
P62259	1615.077637	1624.844971	1376.60022	1863.745239	2258.726807	1714.296143	2056.157715	1938.432861	1440.396606	1581.523315	1399.273315	1982.864624	1357.150879	1636.891602	1750.996216	1589.427246
P62264	2978.584229	3841.167969	3485.530029	3592.433105	2380.842285	4750.664063	2111.074219	3792.621094	3160.23999	3245.175049	3386.824707	4757.354004	2573.151611	3554.094482	3162.391846	3180.038574
P62267	4190.158691	5955.831055	4012.57959	7879.037598	2879.966309	8328.308594	3960.495605	3774.446777	8384.583008	8498.088867	5442.518555	5810.11377	8204.831055	6027.62793	5493.206543	4865.87207
P62270	7750.131836	10173.20898	7193.167969	9855.706055	9954.945313	9185.008789	9822.582031	8535.172852	7283.345215	10465.57715	6893.036621	7408.636719	6124.696289	7539.870605	7758.759766	6884.102539
P62274	587.3521118	1138.567871	486.7266235	426.1412354	447.1102905	466.3960266	346.5047607	444.4039307	300.8050842	545.1853638	401.5062256	519.7063599	504.8356323	360.4467773	624.9151001	636.0649414
P62281	898.0177002	1352.355469	1747.852051	1515.498413	916.220459	2237.39209	2431.788574	3084.085938	1340.544434	907.1685791	1545.918823	1336.003296	2424.542236	1036.391113	1315.01123	1742.106812
P62301	4977.314453	6195.704102	4576.109375	4594.873535	5339.061523	6502.723145	4555.901855	4883.817383	6654.521484	5365.449707	5215.205566	6196.561035	5160.39502	4942.616211	4536.562012	6939.134277
P62305	1398.313354	1445.692871	861.4261475	1181.338623	1259.075439	1155.834106	1627.609253	1223.731812	1576.500732	1032.905762	1203.864136	1139.113159	690.4018555	1249.130615	1074.942261	959.9313354
P62307	63.40296555	30.32217216	6.511715889	60.31151962	99.72447205	194.0539551	47.47476578	0	66.96783447	34.09276581	201.9075012	20.00907135	153.7241516	98.8341217	56.0481987	0
P62309	1298.945557	846.8656006	504.4059448	923.2490234	1078.116577	1270.932373	1591.096069	1278.524048	1226.810547	1098.437378	1066.156372	1223.282104	1169.917603	1015.065674	880.1113892	206.4310608
P62311	459.3199463	627.5856934	433.8031616	447.8175964	589.6985474	484.4154663	203.33992	400.1257019	695.2799683	400.3928223	532.7660522	468.2643127	465.0679626	237.38414	405.1021118	597.1802368
P62313	127.2933426	122.4419861	419.6059265	166.8347015	251.738205	127.1916809	200.4762726	331.5994873	74.7052002	171.9777679	86.5959549	200.2002106	210.5832367	84.59916687	99.37788391	463.8277893
P62315	167.8601532	275.7753906	276.4691162	100.9504242	169.5249786	122.1471252	581.4194946	150.8950043	160.1299744	141.2072601	184.4694214	74.90289307	226.8491669	236.6316223	264.520813	177.5529022
P62317	540.5993652	662.9220581	521.3326416	513.2637329	347.7861938	458.7394409	572.4244385	510.4784546	369.3197632	367.4226379	477.3485718	593.6646729	611.03302	466.9884949	383.9135742	476.8487854
P62320	1592.780396	986.8989868	1843.918457	1161.475952	2103.117676	1767.159058	2502.427979	1667.29248	1045.203735	1835.633057	1124.868774	1988.920776	1270.251343	1832.55957	1393.43811	1544.505249
P62331	1296.484253	1544.133545	926.7399902	1738.579224	1580.395386	1693.339966	1820.520386	1129.930664	1689.432617	989.5013428	1882.777832	1570.345825	2103.850098	1618.42334	1297.36731	1095.075684
P62334	1731.885376	1650.50415	1349.031616	1379.355103	1473.045776	1750.938232	1989.658691	1690.949829	1526.229614	1780.510742	1749.138916	1528.262817	1828.500732	1351.554199	1465.401855	1633.26123
P62342	214.645813	98.78025818	161.6302338	109.2033997	111.0022888	153.8124542	239.6630859	230.1872253	54.59846878	142.65802	176.4425507	205.1277618	97.6460495	143.0492859	105.2023621	105.0656204
P62500	71.16485596	33.18729782	75.17404175	52.84844589	134.5437775	109.8514099	181.3478546	18.14984703	26.98057747	77.42486572	84.30212402	53.22568512	192.5890808	73.51654053	111.948616	183.4466858
P62627	510.336853	394.7884827	460.754425	538.8754272	336.4781189	633.7280273	913.5526123	693.0803223	352.3614807	545.1769409	466.4588623	513.1274414	445.3238831	460.6686401	636.5202026	337.9078369
P62700	33.78593826	44.25195313	0	87.4977951	86.009552	105.7955017	185.9863586	28.26719284	0	0	0	43.9376564	78.62583923	37.03046417	0	0
P62702	5797.686035	4814.481934	5462.943359	5641.325195	5939.680664	6983.118164	7043.811035	5189.442383	5103.961914	6303.574219	6983.478027	6755.881348	5580.117676	5588.577148	6287.204102	5451.790527
P62715;P63330	1154.991577	800.9158325	426.1621094	809.2250366	1025.012695	917.2371216	1268.138428	845.3452759	1166.148682	1006.749023	1119.358643	975.7819214	1186.29895	897.855835	756.0593872	681.7312622
P62717	1544.227783	1845.580444	1988.363281	1308.309448	2600.971924	3066.45459	1726.305664	2160.144775	2270.609619	2821.19873	1670.455688	1821.561401	1993.154419	2305.329834	2275.922852	4090.940674
P62737	15104.25977	10529.93945	12661.99902	12803.1377	20834.27734	19276.08398	29771.6875	15312.8623	16337.31055	17851.69531	13576.59277	17446.7832	14227.27051	11247.83789	12372.91797	12606.4834
P62743	742.8936768	810.7102661	886.9901733	703.3275146	625.4466553	651.3184204	1276.115479	967.2955933	1123.518799	798.5458984	616.2938232	679.3930664	868.5056152	710.8317261	389.2999268	1530.512695
P62748	162.3878632	148.8118439	139.4475708	156.3329926	290.6550903	210.6219635	513.9752808	337.7504578	261.5715027	205.0601044	194.8050385	246.1801453	286.3799438	279.9993896	201.2294312	292.7616882
P62751	3943.554688	4699.845215	4198.547852	3886.687744	4687.505371	5815.66748	4323.055176	5184.718262	3947	4213.544922	4809.648438	4862.800781	3067.139648	4340.462891	4833.498047	4574.757324
P62754	5464.67334	6670.027832	5129.452637	4579.952637	3349.082275	9089.708984	5927.773926	5606.005371	6051.496582	6066.359863	5970.651367	5536.930176	5603.599609	6103.567383	7879.888672	5090.492676
P62774	289.8256836	492.9508362	342.9653931	604.7197876	520.7172241	483.0795288	845.831604	429.4243164	584.8577881	373.5378418	599.1103516	622.0567627	379.4759521	430.1947632	465.5005188	625.7550659
P62806	58384.89063	62830.20313	58511.84766	61851.59766	65819.13281	65348.61719	106812.8281	62454.71094	63027.88672	64847.01953	50937.02734	67542.30469	55309.86719	63245.33203	50939.92969	68876.63281
P62814	644.3603516	626.8286743	573.3182373	655.1575928	887.0498657	733.9993286	1334.051025	852.0349121	680.1699829	662.1295776	757.0223999	623.9537354	602.579834	688.9022827	703.1234741	763.4857178
P62821	1748.855225	2102.339844	2491.433594	1985.707642	2663.909912	2512.276123	2694.745605	2486.062988	2503.479736	2773.422607	2593.547119	3029.701904	2435.763916	2087.446533	2133.071533	3964.938477
P62827	1534.237549	1666.496338	1770.048218	2131.800537	1949.470581	2039.315186	2824.111328	1648.230713	1550.751953	1262.218872	1557.937378	1716.412598	1566.226807	1750.096924	1781.238159	1541.875244
P62830	2619.192871	2598.466797	3168.533447	3159.237793	3160.076172	3198.715332	2646.782959	2526.192383	2881.168945	2813.654785	2512.517578	3233.317627	3040.737793	2108.752441	2712.111328	4245.819336
P62835	1620.670288	1880.47937	1643.556763	2024.541016	1824.257935	1244.372192	2655.673096	1852.981323	1513.940674	1549.078979	2084.102295	1647.243896	2122.384521	1414.461548	1357.813599	1743.215332
P62843	1245.18103	1389.266724	1367.927368	1435.144165	1167.581543	1380.888062	1816.658813	1214.559204	1432.607788	1470.515991	1068.299316	1585.378906	1477.438721	1164.541016	1795.058105	801.8011475
P62849	4041.154297	4537.404785	3954.051025	4017.087402	3176.150146	4198.05127	2951.664307	3921.295898	3744.94165	3530.267578	2947.095215	3981.891846	4455.307129	4018.847656	3616.474365	5167.855469
P62852	4558.015625	5285.821289	4779.465332	5266.842773	4377.248535	3525.773193	5639.883789	3278.859131	4297.964844	5686.102051	6596.871582	6170.856934	4895.932617	3069.813965	5511.317871	5988.46875
P62855	2182.873291	1583.258301	3586.766357	1982.910034	3645.956299	4128.662598	3717.125	2609.085693	2045.175903	2870.838379	3178.494873	3868.810547	2891.019531	3541.005859	3626.632813	2198.285645
P62858	4992.287598	7093.645996	3238.829834	4946.104004	5709.275391	4248.386719	5264.402344	2660.211426	6004.753906	5761.395996	7170.770508	4869.474121	4729.335449	6055.064941	4341.0625	7266.416016
P62862	1064.49353	584.784729	1072.781006	386.3453064	433.9450378	1532.798096	2388.648926	950.4169922	561.644165	1954.270874	1524.588379	1168.44043	456.4151917	429.7993469	1219.259277	1179.544556
P62869	185.552063	155.36763	238.6440735	207.1307678	408.8422241	393.0805359	408.8144226	386.8960266	149.7499847	340.2002563	313.4715576	252.4222717	439.2091675	238.8909302	320.492981	371.0848999
P62876	27.85127068	31.89129257	86.86663818	42.16049576	107.682106	191.2270813	309.9496155	100.8339539	37.24561691	48.58900452	29.62395859	62.11172867	104.7969589	138.3003845	43.82575607	0
P62880	1244.433594	3103.256592	1574.201172	2120.877197	844.1375122	2027.222046	2562.117188	1386.755615	2423.177002	1708.406494	2274.810791	2307.909424	2167.187012	2029.380249	2047.399536	1848.060425
P62889	826.5599976	754.6026611	623.3311157	808.5303955	906.6738281	841.5702515	631.7121582	620.9188843	697.1636353	633.2631226	853.5114746	561.0043335	681.7992554	708.2762451	695.0474243	485.6504822
P62897	5323.897461	6490.431152	6448.345215	7440.914063	5218.989746	6576.194824	4967.878418	6622.416016	6286.473145	6493.045898	4861.76416	4727.422852	4767.256836	5914.928711	6591.458984	4878.302246
P62900	2650.310303	3636.355713	3040.553955	2519.664307	2207.532471	1891.488281	2189.560303	1748.486084	3266.711426	2393.077881	2295.505127	3109.511719	1737.91333	2617.902588	1908.151367	3750.997559
P62908	7226.389648	8944.842773	7908.510742	7917.841797	8647.348633	6168.865723	8695.24707	8557.939453	7613.085449	7745.408203	10165.94238	7758.304688	8759.672852	7655.338867	8659.553711	9869.663086
P62911	433.9848633	737.6671753	444.0864868	359.7286377	190.1323547	494.3606873	286.3199463	588.0755005	525.8129272	470.783844	378.9985657	527.1503906	528.1241455	330.4285278	522.1484985	700.3290405
P62918	1349.364258	2380.47876	633.8414307	722.3267212	359.9846191	1780.203125	2973.181641	1622.386719	965.1808472	2268.795166	1420.342407	1482.183105	2047.559814	1317.055908	1915.731445	2553.579346
P62960	443.9251709	400.6898804	615.7221069	550.8776245	795.0881958	470.3941956	682.8040161	510.5348206	637.9962158	586.5513306	336.1446533	297.6728821	485.0909119	601.7451172	221.8521729	341.5715332
P62962	14125.60449	11893.37207	11548.05762	13397.38477	16416.87109	14087.60938	26588.04688	16700.82617	13414.66309	13825.80371	12959.56055	12813.48047	12411.50977	10957.16504	11733.03125	17589.61523
P62996	901.7020264	588.3096313	489.7050171	622.1235962	853.8032227	827.8395386	1247.534302	724.9093018	497.3822937	923.1227417	446.1961365	612.5062866	910.1323853	704.2244873	749.7481079	731.984375
P63001	821.6680298	1171.358154	813.2918091	991.4422607	1529.767212	1178.547852	1394.097656	1475.609131	765.882019	1042.729248	1212.01355	1427.994629	872.9989014	1059.471191	1222.903809	1205.321045
P63005	230.918869	180.8439636	147.0534058	148.3263855	318.8621521	219.5944824	425.8613586	226.2389374	201.9183044	140.4540253	154.7593994	168.1959381	333.8941345	228.8415222	327.1445007	278.3569946
P63017	15897.53516	14903.2002	16891.23828	17208.67773	19392.76563	18178.26953	25213.17188	20561.66016	15481.71582	17480.41406	16884.10352	16257.12012	16206.57227	16071.85547	15900.31641	17877.30078
P63024;P63044	70.64726257	15.07257938	41.49316788	34.18971252	45.65779495	142.9793701	98.66026306	49.78646851	52.47294235	44.31281281	117.9243851	71.05574799	64.6182251	39.56505585	72.03562164	0
P63028	2368.765625	2654.102783	1403.264038	1899.33374	2431.847412	2170.493408	3519.962646	1698.414429	2212.449951	1891.467896	2164.432617	1542.013916	2443.573975	1800.472046	1645.592896	3078.053711
P63030	1026.593384	1794.148193	1136.010498	1330.495483	954.0897217	948.1688843	744.4405518	798.4013672	991.7744141	855.7348633	1078.213379	1148.485718	1339.409668	909.668457	1533.861938	707.6577148
P63037	1055.408203	1192.229126	832.4210815	1224.514648	1053.940552	1377.014038	1194.737183	1281.378418	955.2084961	1194.604858	1038.085571	946.6748047	1070.592651	1075.201172	1031.712158	1320.043091
P63038	28256.23242	30795.48828	26030.33984	28638.61914	18101.56836	23069.25391	19778.03711	21279.94141	22510.47852	22302.54688	23116.84961	20653.25586	22875.40234	24736.66992	25434.81445	22757.62891
P63073	432.6805725	578.9553833	571.4542236	556.9784546	499.3297424	587.0736694	603.2111816	694.8972168	648.9422607	571.9628296	810.7334595	507.6819763	614.7774048	582.8685913	736.0262451	649.2068481
P63082	181.9786835	223.5990295	146.5443268	301.5917053	195.4038239	207.670105	473.3550415	244.4016724	324.656189	305.3959961	349.184021	267.4311829	113.765274	144.1853638	284.9828796	727.0703735
P63085	159.1017609	238.8883209	169.2405701	211.2034454	307.1520386	263.2370605	419.8236084	164.5715179	125.6756516	227.7092285	283.5248108	226.7335663	211.065033	210.0121613	191.4227905	229.4859314
P63087	236.6547089	236.0839539	170.1784058	191.7274933	207.374054	214.2181091	317.6784058	183.7804871	154.3016205	245.348938	206.2692413	222.2547607	105.2844543	196.5222168	305.62323	237.5262756
P63094;Q6R0H7	248.3637695	387.5900879	301.9057312	335.0450439	406.8814087	316.9986572	376.3427734	430.6873169	471.8002625	289.1838379	332.6760864	365.2254639	374.835968	306.7854309	371.8237915	248.3264771
P63101	2322.709961	2035.629272	2132.75	2657.195313	3065.833008	2957.706787	3808.279297	2745.636963	2139.572998	1846.883179	3296.244141	3668.190674	2706.437744	2190.468506	1917.811646	3021.816162
P63147	149.8859253	82.81967926	260.127533	115.1133347	25.83361053	73.40816498	186.6788788	95.02823639	64.05751038	82.85926056	172.2930298	298.6540222	104.6541824	109.2866211	120.3018875	0
P63154	56.15981674	66.80406952	206.0892181	54.69577408	11.89247704	27.34282684	49.39105225	26.54510689	42.5355835	26.04618073	46.12542343	103.5232468	36.40493393	41.015728	32.97069931	0
P63158	948.1566162	734.8858643	888.5087891	1063.393188	906.0835571	905.7333374	1438.542236	718.3516846	929.1044922	671.590271	953.8547363	993.6560669	1240.349731	1189.028198	655.6401367	550.2404785
P63166	99.94028473	130.1201935	95.84970093	118.8994522	115.2985611	78.03305054	116.4530487	77.26345062	124.3350372	125.0206375	134.9158478	60.82281113	185.7692413	124.2469025	141.3739471	148.8128815
P63168	61.13508606	0	52.58692551	21.53736115	69.78483582	94.15544891	387.770874	202.2638245	0	70.66347504	85.06282806	233.8053131	0	78.43135071	0	0
P63242	9337.374023	8013.754395	8434.126953	10085.22461	9686.232422	8512.061523	10346.13379	8438.172852	6884.717285	9496.386719	9442.393555	8950.442383	8526.052734	7660.866699	7858.714844	11621.97656
P63254	409.3204956	370.5921936	9.715966225	44.15060425	462.8665466	209.6671906	982.8041382	74.13669586	137.6118469	637.3430786	144.3223724	388.0102539	166.3937836	51.39376831	489.6688843	0
P63260	114.8528519	21.04588318	70.46260834	93.29418945	83.02091217	37.95417023	276.1886902	51.74797821	71.1194458	35.55103683	0	0	81.6388092	0	43.48502731	0
P63271;Q9Z199	60.46753693	109.1851349	0	207.3889313	65.24501801	0	0	105.6873474	159.1253967	53.2065773	58.62567902	15.47159672	204.521347	151.6190033	107.2663116	0
P63276	2370.207031	3173.068115	3219.968994	2901.403809	3354.113281	3141.026367	3111.174805	2335.10498	2871.364746	2798.01123	2638.8479	2780.916992	2638.530518	2485.336426	2203.258789	1703.606812
P63280	811.5556641	643.8169556	763.8590088	716.9497681	1406.52417	877.2774658	1000.92749	625.3301392	712.1894531	712.5753784	583.9052124	847.5903931	792.8473511	584.5992432	740.7520142	1266.389282
P63321	159.7558289	291.20047	156.8441925	256.3605652	377.8859558	243.808136	403.4723511	219.0508881	315.1468506	263.789856	397.3045654	243.0499268	288.901062	299.07547	297.2329712	237.0904999
P63323	2656.675537	2361.864502	1795.021118	1582.628174	2322.780029	2407.621826	2430.591797	2793.950928	1557.094238	2219.498291	2845.990967	1977.318726	1737.484619	2481.143799	2157.430664	3324.722412
P63325	11904.79883	10813.39063	11305.96875	12630.69824	11584.2207	14463.33887	13605.79102	13015.37402	10540.55078	12464.42188	11027.24316	11743.56055	12789.89453	14127.06445	12839.16406	7028.060059
P63328	112.4239044	93.90391541	67.79584503	73.57636261	97.17063141	81.37812042	144.75914	172.0422211	131.6592865	69.16420746	101.2729034	87.45394897	120.0726547	87.1692276	118.6285324	74.17908478
P67778	10085.9209	11632.71973	9779.376953	9565.730469	7281.945313	9541.489258	7532.462402	9266.112305	11349.32715	7605.228027	8322.753906	9068.374023	9410.129883	8659.824219	8955.316406	9064.085938
P67871	209.0979462	230.3267822	159.1731873	78.32772064	43.28686142	356.7580261	132.2926025	153.8303986	283.6777649	209.1406403	193.9116364	215.8742065	213.8314362	292.7762756	136.4295502	0
P67984	2507.574951	2917.117432	2806.875488	3555.223389	3504.465332	2177.557373	2848.541992	2529.64917	2763.411621	5063.726074	4469.736816	2333.079346	5046.306152	2832.969727	2435.148193	3229.708252
P68037	2356.986816	1746.524414	2530.170654	2409.038574	2990.108398	2348.895508	3264.683105	2440.456543	1906.032471	1986.653442	2664.121338	2425.14209	2238.017822	2515.782959	2302.075684	2253.899414
P68040	5875.336914	6406.743164	6408.678711	6481.219727	8187.15625	6622.948242	7638.766113	6170.166016	6011.449219	6512.586914	8237.042969	6751.74707	6174.797852	7843.904297	7659.605957	8411.662109
P68181	181.798996	263.1749268	182.0006256	233.0537872	237.3155365	236.7867126	285.4189453	219.3948517	209.8185883	237.5785675	200.6068115	212.2332458	226.9861145	248.5777893	220.7397614	194.9902191
P68254	191.2621765	270.5058289	195.9502563	149.9856873	310.8977356	213.5037689	273.2696838	180.5448303	287.5873413	248.878067	185.0393066	224.1398468	140.5541382	331.5013428	162.8645935	92.3121109
P68368	5282.894043	4998.79541	3246.421875	4209.602051	3686.393799	4891.708984	4225.868652	4981.903809	6377.560547	3137.135986	3924.541748	4090.21582	4658.241211	4203.012207	3849.781494	3898.397949
P68372	18743.14063	16532.64258	16453.00977	18266.85547	18680.13477	16868.9375	19668.57422	17227.43555	17350.57617	17175.16016	16382.63281	15604.03809	17491.11328	17127.79883	18189.53906	26862.27734
P68510	293.5905457	150.0811462	263.8100586	288.3681641	723.6613159	386.8862915	1007.678528	256.2780151	455.0697632	219.2913208	400.6327209	408.4206543	228.6653137	310.7666931	467.6502075	413.3900146
P70122	287.2332764	213.5838318	272.1860046	292.9013977	305.4983826	372.2521362	347.164978	288.2311401	318.5515137	353.1584778	282.0927734	344.348114	288.7001038	316.719696	355.5819702	222.7652588
P70158	52.14377594	141.611145	133.9678192	117.0980301	107.7200241	62.01698303	112.8683929	129.7200317	133.3506012	101.3420868	146.4450684	120.9934082	116.3623657	83.03083038	96.76920319	0
P70168	1012.037964	1268.931519	937.3482056	1077.388672	1239.005981	999.9946899	1371.974854	1047.711304	999.1544189	914.6850586	897.0950317	907.9683228	926.4776001	849.9224854	1045.999268	1330.664795
P70175	0	41.64965057	5.905594349	0	0	12.88562107	0	0	51.4641304	37.50468826	0	0	8.954352379	0	16.93857956	0
P70194	173.7407532	227.3557281	207.5111694	222.4714813	217.8991852	230.4326172	122.3413239	306.5260925	181.0701141	130.8983307	131.5296021	317.666687	137.1932068	94.40898132	187.9647827	191.2641907
P70195	475.8882446	866.5769653	810.1357422	563.755249	525.1220093	790.5303345	564.8415527	509.3639832	1088.289185	923.2695313	1315.218506	449.5370178	379.6295471	539.8267212	911.1707153	489.9839478
P70202	40.53593826	0	37.80773163	52.12935638	47.96227646	17.32623291	33.82213974	34.08905029	28.80328178	20.48261833	18.68661118	14.04909039	47.03796387	77.50070953	47.52200317	0
P70245	2368.985352	2467.938721	2386.302734	2525.174561	1533.824707	2369.105713	1401.739624	1820.275269	1505.179321	1268.267212	1553.951538	2370.519531	1727.573853	1972.643188	2251.811279	2500.044189
P70248	0	0	0	0	28.50064278	83.38237	259.8172607	31.03087044	35.66454315	0	5.553371429	89.76869965	11.15102291	0	46.57215881	0
P70255	142.60849	172.1576233	120.782074	72.59790039	141.3326416	157.7749023	119.1004486	152.967804	224.4338074	124.2403488	143.2451324	184.7377625	57.03769684	50.71175385	115.0104828	0
P70266	368.6754456	393.2141724	484.1801758	544.6978149	294.0023499	463.3278809	216.9939423	290.9464722	364.8165894	338.0001221	402.9822083	306.2522583	280.8378296	413.385437	383.5058289	604.5275269
P70268	28.99022484	68.05702209	17.56444931	22.23999786	43.56706238	52.85926056	89.44258881	22.77882767	59.93459702	30.79078674	37.1438446	23.96829796	47.59760284	21.3297863	36.24707031	21.46503448
P70271	0	0	0	0	33.0293541	91.76387024	53.55914688	71.0644455	59.25408554	34.52846527	0	0	20.04402351	24.94947815	0	0
P70274	124.1112137	48.20608902	114.0936127	122.7990417	163.2390594	93.51688385	180.2618561	146.1369171	49.11236191	129.8299713	82.38710785	120.3318558	128.8052216	125.6766815	140.0567017	60.35344696
P70279	5.706199646	105.0272827	0	0	0	0	8.115008354	19.54013824	0	35.0441246	27.5216713	0	15.72277451	12.51696968	0	0
P70280	70.23902893	67.691185	65.44729614	111.0429611	137.7955322	162.1346893	180.348526	86.5091629	55.86796188	160.5905762	120.1682053	103.9543686	109.0740814	137.6874084	155.9270782	120.6667099
P70288	129.0800171	54.59646606	31.72037315	65.53807831	72.52710724	95.12148285	103.2113876	76.79182434	52.37968826	46.39863586	56.23386002	84.21880341	85.65369415	62.27264404	42.82891846	0
P70290	224.7769165	349.2836609	209.1738434	290.2108154	260.6953125	186.7742004	277.1753845	274.4273682	321.9293518	170.7461243	239.2714539	345.2922974	189.1633301	203.8226318	229.8440247	299.6021423
P70295	241.2255859	144.467041	46.75221252	107.3063431	186.2964783	102.3905792	126.8872757	134.8109894	136.6451569	82.27206421	134.2477417	115.4932861	141.7230835	79.07563782	111.1924362	116.4371948
P70296	6877.197266	5995.514648	5502.633301	7200.930664	7034.902832	6386.682129	5404.928223	6121.59375	6365.711426	6338.345703	6420.828613	8775.089844	7511.915039	6842.293457	6438.958984	10685.86133
P70297	119.4207306	126.6066208	114.8415985	88.77861786	129.3038635	116.506897	86.14659119	92.10043335	110.4177704	104.6034927	104.5662003	132.3501892	109.8327789	134.6685181	132.0074005	154.5335999
P70302	284.8709106	262.0524292	159.5739746	191.6283264	391.7862549	322.5666199	365.1829224	294.634613	243.8470917	249.7720795	300.2331543	224.7072601	302.5718079	329.6853638	301.972229	323.0151367
P70303	47.88373566	37.90047073	0	61.48373795	36.68371582	53.8780899	109.8736801	104.9396973	53.51373291	56.4496994	69.41309357	29.04566193	67.09165955	121.0901642	64.37395477	74.51483917
P70313	0	57.35016632	113.1782532	128.72258	0	114.2122955	68.52947235	0	19.3742485	159.7769165	0	25.90978813	89.87001801	107.2665329	96.28720856	0
P70318	248.3294983	119.1883926	230.0175934	173.916153	280.2649536	287.9846497	215.9815979	269.7820435	236.4790344	161.2859039	198.4897003	228.5222626	151.5225372	148.1959229	309.8198547	227.7166595
P70333	549.0893555	609.2849731	545.864563	569.088501	604.8568115	530.5496826	573.387085	515.1588135	592.6983032	816.114624	472.3731689	589.166687	565.0165405	601.7685547	437.0716858	562.1856689
P70335	100.916153	104.7294693	42.33221436	116.3761444	89.05429077	89.36665344	145.5172424	56.32906342	68.28089142	91.05304718	67.28030396	69.00776672	125.5643539	166.4789276	58.57690811	120.1277313
P70336	81.7668457	95.34132385	72.82331848	50.91819382	102.1832657	93.98014832	167.879364	91.54880524	112.7397003	62.37910843	75.20767975	114.3624496	72.27567291	53.99275208	61.05264282	60.3416214
P70349	2972.245117	3501.080322	3685.18457	4549.213867	3607.46582	3950.209961	2357.65332	3940.94165	3694.228271	2338.247314	3560.934082	3639.128174	4200.377441	3900.129639	3240.23584	2821.117188
P70353	50.75265121	40.46941757	40.72830963	68.627388	23.11361313	82.44470978	0	21.36404228	30.12580299	0	26.14260101	42.55886078	60.13376617	111.3244019	16.8024559	0
P70362	1184.31897	1045.27063	851.760437	692.7560425	1273.683838	868.3573608	956.9669189	749.4192505	796.8949585	845.5015259	762.3797607	820.4144897	831.3613892	778.5437622	859.4667358	949.4555664
P70372	833.7651978	667.210144	600.6317749	530.8752441	1065.807251	604.1640625	880.2258911	883.0894775	833.3271484	704.9291992	785.0935059	922.7052612	703.2838135	620.0478516	868.6852417	848.2990112
P70387	77.30953217	48.21805954	38.50164413	39.34769058	66.95774078	72.74961853	83.01117706	64.41125488	75.54151154	105.1081314	58.27883148	91.51065826	40.71074295	98.61824799	103.5398788	0
P70388	84.19478607	0	93.70282745	24.96712494	62.76002502	63.43399429	118.9500504	62.26013184	100.0911713	53.00409698	0	26.84550667	60.59611893	81.54237366	74.43952179	0
P70398	246.7975616	205.7570953	213.0349426	264.824585	251.5046844	194.2241058	336.2176208	261.888092	214.8751831	233.7341309	193.5940399	268.3699036	227.9006958	204.347229	230.6797028	249.9622345
P70399	0	15.32683372	0	0	20.29198074	0	27.7931366	0	0	0	0	29.51834679	0	10.19633293	8.828742027	0
P70404	606.1973267	621.9111938	692.5496826	715.5206299	491.379425	616.531189	502.0845947	354.7833862	605.9317627	584.0296021	371.8254089	572.3808594	421.9680481	700.5206909	549.8665161	437.1429138
P70429	6.418019772	0	0	20.8143692	28.98624229	52.37210083	95.51009369	44.60525894	35.09439087	7.963499069	30.79184341	0	39.88889313	0	2.663604498	0
P70441	1154.002197	1348.055298	1488.310913	1691.820679	930.0658569	1233.537842	941.2182007	862.8364258	1172.954224	1112.423584	1242.561646	1296.761353	1174.083862	1007.503723	968.2606201	1149.26709
P70444	144.4148712	118.1750488	99.41847229	169.3915253	108.1856918	155.1345978	182.8650665	168.1390381	205.5247803	78.96665192	197.1454468	124.3634949	163.4169769	124.3834229	127.063797	0
P70452	172.5969086	220.2245941	126.2231369	163.0196991	186.3271942	255.2923279	135.96315	186.8913116	169.3861847	120.901123	109.4295273	116.9212189	168.6199951	117.2686691	240.8941193	91.89751434
P70460	95.94506836	74.58899689	101.7368774	96.02572632	162.5916138	154.7296448	524.9555054	104.5407181	119.5940628	152.1611633	171.62883	163.5779266	109.9091034	53.87880707	84.40873718	89.15065002
P70665	49.34521866	76.00035095	58.777668	111.7113571	87.21347046	36.76877213	72.28832245	47.33178329	39.77197266	55.73859024	55.12538528	51.18652725	32.09708023	73.4107666	122.8273621	42.83646393
P70670;Q60817	2401.906982	2680.779785	2427.901123	2184.683594	2821.420898	3353.399902	3865.861084	3847.699219	1801.29126	2546.01123	3403.52002	3512.4729	2619.755127	2560.20459	2300.128662	3173.190674
P70671	111.9702988	106.8354034	141.8633118	89.74606323	52.85119629	105.7846603	198.9810333	196.6701508	105.0575027	131.5879517	106.2742615	204.4375305	70.69374084	62.75308228	125.3058777	154.7330627
P70677	230.5716095	203.3908539	108.2625275	159.0626984	277.8023071	190.7571106	386.3919373	254.9031067	280.2038574	204.992569	356.8158875	212.0437469	249.2288055	233.2441559	303.0765076	231.4407654
P70691	270.0781555	0	237.0588837	68.0352478	56.40159607	0	0	72.74648285	0	24.44219589	18.05010033	54.04459763	35.79776764	46.7914505	10.11570072	0
P70694	36401.55078	33257.51172	36776.58594	33234.375	31113.75586	36127.9375	28477.36133	29675.25977	37469.23828	34980.64453	40585.53516	40939.85547	34059.64063	37656.02734	34258.82813	39175.18359
P70697	560.5888062	608.671936	666.027832	675.6621094	682.3527222	683.5679932	553.3017578	648.0828857	626.7714233	725.6618652	705.2417603	735.8928223	742.2603149	714.5109253	667.7182007	1043.935181
P70699	549.3665771	502.2780151	435.2042542	680.5393677	480.6308289	718.5194092	651.5541382	846.6536865	591.5077515	602.2744141	518.8206177	930.9004517	859.9606934	772.3046265	822.9779053	594.15271
P80313	1131.938354	1106.556641	1109.570801	933.0449219	1166.234741	1120.364014	1510.762085	1144.068237	1214.526489	982.480896	1188.491577	1073.240967	932.1358643	997.2295532	1055.520874	1483.423828
P80314	2940.924316	2092.450195	2377.926025	2316.171875	2513.178223	2868.543701	3506.716553	3125.926025	2589.654541	2358.69873	2275.006836	2662.019043	2430.955322	2208.85498	2441.054443	2496.781494
P80315	1473.870728	1419.844604	1510.117798	1483.695557	1661.052734	1947.25647	2283.06958	1703.655518	1740.455688	1762.623169	1509.719604	1631.661865	1415.879028	1372.632202	1604.426636	1502.179321
P80316	1492.802856	1469.076416	1679.613647	1534.906982	1516.795288	1848.125732	2233.507324	1813.203369	1985.895142	1682.544312	1743.164063	1571.674316	1677.864136	1560.772339	1708.885864	1283.909668
P80317	2065.715576	2195.871826	2168.659912	2720.667236	2344.691895	2793.413086	2990.955078	2315.112793	2550.500732	2686.264404	2349.00708	2977.132324	2883.683105	2702.86792	1862.943848	2464.22876
P80318	1228.793091	1543.630127	1396.110107	1318.403564	1362.451416	1395.841675	1714.199829	1463.435791	1205.337036	1272.467896	1073.215576	1419.272339	1308.727905	1207.829102	1163.398926	1486.986694
P81117	77.88941956	28.43570518	142.5437775	103.0884094	125.7844162	99.1546402	237.8637238	128.7567444	35.4281311	120.4253464	49.80573654	85.08255005	50.84750748	58.83945084	119.1436081	43.87995529
P81269;Q01147	13.40229225	9.526341438	5.560819626	0	0	0	0	13.5927515	0	0	0	32.58873367	0	19.2623539	0	0
P82198	159.7987213	84.56733704	145.3760376	154.022049	408.443634	69.27941132	295.071106	125.0376053	90.6215744	150.0918732	142.6050262	131.7857666	167.9928436	80.5883255	88.80338287	231.5727386
P82343	13.29116058	18.89172363	78.48690033	49.15867233	82.65180206	113.5647278	92.7493515	87.06182098	26.03699875	109.1396561	39.34560394	143.5030212	61.61143494	39.82588577	63.73461533	0
P83870	79.49390411	103.7036514	0	0	122.8293076	0	0	0	0	177.4974213	0	70.06194305	0	0	0	0
P83882	411.3347168	559.5240479	594.6776733	647.0463867	649.222168	1186.165649	359.8843994	239.9173431	600.725708	415.7824402	639.335083	686.7211914	208.1582336	283.3211975	705.5391846	549.1535034
P83887	69.24219513	57.84433746	77.62927246	35.7048111	123.5282364	28.36542892	71.15058136	49.73279953	198.7658691	64.46214294	45.69590759	53.66644287	66.23725891	61.25531387	57.01998138	167.5757446
P83917	22.18410301	83.25609589	101.4680481	54.75756073	54.7985611	17.59406281	73.19894409	60.22680664	0	38.17341614	55.12149429	20.89747429	64.67224884	62.89655304	50.83189392	94.74681091
P83940	305.2705688	230.947876	206.372467	198.9012451	253.8623962	251.2685852	180.7804108	231.1739044	251.1171112	125.3345642	320.8219604	110.2994843	243.756073	189.1730804	247.0568695	411.2949524
P84084	465.4541016	379.5216064	464.8232422	303.2537231	522.9991455	619.0489502	353.3106689	497.7911377	476.1854858	384.9897156	426.4841919	520.5970459	629.7845459	788.2926025	567.4277344	789.0303345
P84089	434.2120972	167.5739441	442.6710205	257.8145752	711.0609131	499.3415527	933.309082	629.0709839	262.2113953	461.0156555	495.0907898	186.7499542	400.881012	87.23544312	365.4909363	720.5759277
P84091	1324.531494	1858.39856	1171.740234	1622.907104	1621.398926	1923.525146	2606.02832	1882.963257	1886.973022	2206.539551	1908.918457	1800.347168	2103.437988	1916.795166	1796.610229	1963.391846
P84096	54.71916962	37.25522614	40.00535202	30.7939167	112.7408981	92.00221252	189.8104401	88.68570709	61.21975327	71.32299042	71.72415924	31.68626595	100.2876511	66.05374146	36.09588623	113.7219925
P84099	1305.095703	1325.2854	1242.020508	985.2930908	1798.988525	1735.339478	1515.053345	2114.325928	1181.131348	2207.243408	1458.55957	1273.171875	921.8204956	1768.518066	744.8302002	1117.39856
P84104	1298.516235	1014.467957	1297.983521	1510.88562	1983.005005	1573.389282	1544.895508	1596.339355	1026.629761	1782.97937	1302.343384	1922.084839	1456.106934	1472.74231	1208.470825	1468.294556
P85094	1275.532715	1226.375488	1926.960571	1905.187866	641.3666382	1074.043945	878.0695801	1103.371704	1627.147827	1290.171509	1113.431152	1148.822754	1137.502441	1287.19873	1378.000977	1362.082031
P97290	291.8683777	331.8189392	225.3879089	295.497406	385.8608704	348.9747925	407.77948	630.937561	341.4976196	394.7750244	401.8844604	452.3266907	267.4927368	201.543045	356.4921875	522.3032227
P97298	142.4854279	87.94064331	61.0921402	110.9544754	212.2708588	121.5294189	127.2537842	78.15849304	151.562973	144.5306091	139.930542	143.200531	102.6088333	127.3394775	132.1533813	121.7656555
P97300	272.0119934	394.7759399	259.400177	196.2591705	544.5752563	130.8991547	314.3833008	367.4809875	556.8337402	258.8677979	518.0830688	128.4863739	597.0610352	165.5973206	365.6536255	317.644928
P97310	0	0	0	0	8.61991787	0	25.13851547	23.01922607	0	0	15.6084013	0	0	0	38.58427429	0
P97311	47.39638901	0	0	149.9680786	160.7354584	14.45278072	172.7015381	104.9867935	58.48931885	0	73.79424286	71.99771881	40.74110413	43.08088303	113.8985443	1203.314331
P97325	46.40279007	45.64101791	0	0	20.03821754	6.511342525	0	0	41.15561676	31.17423058	19.85881805	0	0	12.33736706	28.02151299	0
P97328	5609.764648	3942.869141	4511.353516	7936.124023	4148.895508	5118.155762	6289.439941	5554.49707	6820.557617	5228.387695	8270.068359	8094.583008	7707.33252	6546.07959	7817.979492	7472.652832
P97333	23.40925407	0	0	44.3755455	18.55246162	41.29980469	119.3489456	31.75860977	67.1158905	51.45676422	35.64586639	74.80471802	61.9907341	29.64553261	70.05477905	0
P97351	4586.354492	4146.264648	4238.088867	3810.130615	4489.056152	5613.477539	5086.754883	4632.937988	5202.082031	5237.460449	4284.182617	4656.736816	5482.252441	4681.628906	4957.878418	5455.629883
P97352	210.5711975	212.0809631	136.3757019	165.6437073	176.2931824	190.1637421	303.2284851	147.967041	185.7417603	177.0536804	184.2884674	227.4371796	302.1220093	319.3493958	276.4000244	430.8372803
P97360	109.7640152	180.5689545	120.2489395	157.5641174	0	82.67581177	52.09838104	61.2963562	176.4152985	150.5120392	179.3573151	100.2246933	27.03442192	196.5286102	190.5748444	139.2981567
P97363	0	0	0	16.48978424	52.81049347	31.22639847	113.6774368	63.7973175	33.61935043	52.72078323	0	6.124667168	0	33.58897781	36.39484024	0
P97364	2409.083496	2687.558105	2813.345215	2456.727051	1607.455688	1660.809448	1606.817383	1542.112793	2708.280762	1930.307373	2116.675049	2155.978027	1934.841309	1688.055908	1922.756836	1463.662231
P97369	0	0	76.10926056	0	122.8681412	139.0547333	559.6067505	120.0876694	50.41149521	70.57234192	142.0706329	0	0	46.63251114	45.81200027	0
P97370	284.060791	363.3540039	411.027832	246.1607208	440.9258118	414.0042725	570.2104492	435.0454407	423.6311951	394.1526489	438.0825806	272.4257507	533.8900146	502.7676086	403.3627319	144.2297516
P97371	3040.758057	2638.562012	2735.938721	3063.197021	3000.120605	3012.735596	4062.418945	5880.49707	3159.7854	3699.632568	3986.773193	3617.981934	2915.436523	3279.722168	4059.983643	3232.646729
P97372	1247.995972	1213.521484	1216.462524	1373.697754	1263.374878	1120.411621	2297.786377	2054.689453	1453.584839	1456.81311	1382.875488	1450.530762	1346.101074	1232.137695	1695.017944	1106.018921
P97379	234.3501282	241.582016	295.530426	266.3248596	271.4185486	278.6122131	204.719162	176.0329437	154.9408722	256.8504333	224.0172119	201.7245789	288.1129456	283.184906	176.5859222	214.7753448
P97384	358.8028564	589.3989258	488.0142517	361.3374329	365.2583008	528.0992432	659.2412109	432.7712097	470.8102112	451.4842224	471.8813782	335.9570313	401.9157104	462.997406	540.2972412	624.6020508
P97386	64.6333847	28.49950027	108.19207	61.3381958	74.26530457	68.12342072	87.81432343	48.43378448	34.04007721	98.36130524	19.89732742	86.28189087	7.234405994	39.62559891	30.3876152	98.86708832
P97390	96.60139465	92.96082306	86.71595764	108.9122925	113.3314819	82.18950653	123.5823975	145.729538	88.14289856	99.5240097	93.34741211	93.74068451	102.0687332	73.33885193	74.64684296	200.6388702
P97393	44.62541199	66.51595306	20.30791473	78.8290329	33.76117325	73.30931854	99.30757904	53.98626328	71.90323639	10.57576752	88.53446198	60.60012817	34.78911972	38.92901611	21.10699272	0
P97425;P97426	0	0	0	0	149.685379	13.29270935	1115.880371	9.439181328	0	0	61.99866486	0	9.163715363	0	68.9522934	0
P97429	673.9415283	893.7401733	1036.925171	667.6295166	1243.430786	828.3428345	2060.95459	1056.88562	719.5061035	881.539917	986.8019409	969.1168823	978.6715088	701.8487549	751.3137207	910.7692261
P97434	88.58222198	127.8329697	77.54283142	68.11119843	76.72012329	98.82146454	115.194191	60.59222412	83.89125824	74.92170715	75.43615723	74.35460663	132.423172	92.74334717	104.5343094	130.5696259
P97447	117.7534561	61.17963791	0	34.83709717	57.78567123	80.47879028	64.85664368	35.44254684	27.39251709	69.89440155	116.2879486	94.99333191	88.95658875	82.66587067	41.18215942	78.54712677
P97449	749.6422119	773.4904785	699.1921387	658.076355	980.5964966	1008.567261	978.5947266	882.6814575	1076.309692	826.7155151	971.0089111	951.9821777	644.461731	823.5543213	719.263916	838.0450439
P97450	7132.236328	7924.434082	6733.054199	5332.279297	4416.462402	6896.404297	3040.316162	3816.225342	4710.913086	5541.616211	4393.751953	4765.536133	4637.378906	5343.796875	6346.726074	4146.208008
P97452	68.07948303	124.1138306	48.69087982	77.37793732	76.47364807	112.5776138	201.2905426	102.2447968	68.54821777	115.8278046	85.62599945	44.53845596	78.58165741	30.05620384	92.84358978	0
P97461	2407.620605	2847.182861	1188.784546	1611.744141	1481.279663	1947.679932	1765.360474	1541.943726	2465.156982	1328.866577	1900.071899	1283.9823	1574.275269	1298.209473	1143.655518	1642.043213
P97470	152.4035034	126.5182571	136.5125885	29.53036118	232.9703674	130.7329407	248.1612701	222.7223053	67.19232178	116.8373566	287.0709839	55.15970612	127.1937485	139.3417358	300.7910767	84.22547913
P97471	0	0	0	0	0	0	22.09765434	36.64430618	6.29695797	0	0	0	0	0	8.47933197	0
P97478	777.4188232	661.604187	883.9778442	889.9280396	634.1203003	458.9825134	361.379364	559.9614868	640.9083252	662.395813	588.5288086	563.3604736	833.2846069	743.272583	665.6966553	350.7401428
P97493	1068.971436	1266.594238	835.8458252	1045.174072	754.7253418	653.0249023	649.6071167	648.8880005	723.5507202	855.444458	920.5122681	643.6098633	691.7261963	959.7191162	764.3126831	1403.519043
P97494	1375.716309	1292.347412	1364.416382	1829.015625	2239.932129	2436.35376	3657.683105	3533.773682	2018.806519	1914.840454	2259.396973	2539.874756	2401.221191	2159.290039	2247.219727	1773.269409
P97742	1287.208008	1219.380737	961.0166016	1163.087646	1566.644287	1438.587524	1375.786743	1021.421082	1351.171021	1466.912598	1316.739502	1442.472046	1410.802002	1530.327271	1275.996094	911.2115479
P97760	182.9420624	144.0927429	128.8569794	88.96826172	96.80577087	109.7921219	206.4048309	132.6566772	117.6289368	109.5175781	92.57002258	89.84400177	69.97682953	123.6756439	127.4380951	359.1592102
P97765	99.59484863	66.81333923	82.56425476	89.12424469	99.23591614	104.7827377	93.27632904	20.07689095	41.9966774	85.19404602	118.0940094	67.59119415	136.9714355	82.68247986	77.65124512	278.5003662
P97770	142.3232117	113.6741409	33.86361694	47.89888	101.5400238	90.50076294	188.9029541	81.92927551	31.81729317	103.7839737	119.3416443	108.2823486	73.34770203	76.31677246	96.86374664	99.1309967
P97789	47.9546051	54.7191391	74.79917908	82.24037933	76.93621063	86.10549164	130.8634186	37.91098022	48.39991379	95.94203186	23.42874527	51.98368835	57.75526047	65.64208984	43.93931198	152.1730347
P97792	175.2736816	244.7486572	315.0823669	212.8616943	333.8825073	243.6630859	212.1406097	198.5299835	188.5445709	160.7595825	179.3267517	120.1398544	47.37229538	147.3196869	183.8658905	278.6452026
P97797	72.99246216	41.39100266	0	97.39280701	38.32907867	0	219.6227417	87.70100403	14.24874115	29.56177521	0	0	43.8619194	72.29972076	39.24486542	0
P97807	14233.79785	13962.78125	12754.20117	14882.60156	11771.11523	12184.59277	9996.704102	12305.45801	11662.96191	11724.81641	11738.84473	12005.83203	10711.01758	11576.08398	11404	10543.00098
P97819	167.467804	81.89084625	129.8367004	54.32025909	76.39200592	152.3570862	132.9077454	142.8059235	85.13944244	177.716629	136.1112061	155.8453064	241.3113403	98.99842072	59.6367569	63.05576706
P97821	634.9053345	797.4118042	472.5822754	1136.566895	915.6309204	605.9024658	1523.03894	1775.25647	974.461853	878.1617432	920.6430054	1019.595886	982.6290283	765.7809448	1152.480347	1138.880371
P97822	82.42512512	40.28730774	219.7742462	96.08029938	119.4840088	190.8991699	384.8906555	32.2135582	111.105278	135.940094	74.16732788	164.618042	96.05001068	94.16659546	121.4492645	148.9562225
P97823	1732.751343	1723.569336	1331.366333	1534.33313	1247.828125	1389.465576	1403.715698	919.482666	1463.052124	1585.942627	1254.45752	1734.286865	1378.525146	1288.86084	1578.36084	1824.23584
P97855	1028.96582	902.8457031	846.2057495	1004.182251	1006.700928	1034.271973	1262.349487	1146.572266	902.8912354	1030.604736	1067.968018	1118.130981	1089.468506	1072.102051	988.1800537	1308.357422
P97863	135.7966919	178.0940247	272.0021362	95.23638153	152.9824677	118.8824539	169.9029846	161.6299896	169.5385742	134.7022858	232.9572601	188.3249817	148.148468	68.04969788	94.96912384	243.1868439
P97864	125.0728302	177.9946747	154.5749359	107.0207901	105.7625427	26.00509262	182.5982513	64.25813293	82.49204254	76.78856659	110.9220886	61.14554977	76.83940887	72.29640198	74.61045837	100.7391891
P97865	143.5715637	98.8293457	189.2827148	197.8229675	212.6240692	145.5926514	175.9391022	254.2242279	169.6528473	280.7961426	202.7911377	118.3250885	280.3371277	231.6408081	270.7424622	237.0409546
P97872	9285.918945	9552.621094	8024.600098	6313.753418	12426.84863	8996.061523	10122.35059	8556.757813	9305.276367	7633.480957	10327.33301	7469.074707	7584.795898	8674.889648	7681.583984	9714.154297
P97930	121.0606766	80.56529236	43.31666946	46.1767807	101.9975128	39.81930542	81.40144348	73.78071594	23.33952332	47.50068283	89.58599091	40.75542068	27.06248856	31.30956459	66.24733734	325.7214661
P98078	80.10371399	121.4154892	96.40716553	104.0407486	82.15840912	54.42948151	98.1767807	68.01468658	36.24491882	76.66827393	127.6077042	47.58562851	78.83935547	91.29974365	131.0971985	114.816803
P98083	38.07608414	71.25845337	21.34441757	23.93013382	33.33082581	40.58825684	136.0756073	51.99686432	76.52121735	51.22328186	22.83855629	76.2997818	45.77910233	65.88266754	175.0122223	0
P98086	6.15967226	31.08740234	32.21483612	33.07606888	21.10159111	86.38536835	66.62937927	95.24595642	314.089386	27.52401733	53.91365814	62.02405167	49.38499451	12.73740292	40.77481461	0
P98192	0	0	50.39657593	0	73.05101776	22.32745743	0	58.57657623	11.56133366	30.99367142	0	39.63965225	0	19.45735168	14.79291439	0
P98195	0	25.32142067	0	0	0	0	12.21423435	20.87861633	0	72.1091156	46.55381393	0	25.63739014	10.44490147	0	0
P98203	109.9942017	93.69018555	173.403595	87.44496918	69.87649536	78.08982086	103.404541	70.45343781	54.17750549	79.83518219	106.716774	58.23659134	68.45993805	68.70194244	82.79243469	0
P99024	1635.216309	1604.934692	1381.884155	1283.787354	2578.536621	1626.896362	3726.599609	1658.189209	1382.421631	1428.846191	1421.556885	1876.819946	1729.240479	1573.641479	1485.05957	1734.147095
P99025	1323.143555	793.3348999	1120.224731	831.8058472	646.3226929	630.3302002	578.9967041	684.3775635	674.5139771	945.2453003	758.4962158	958.8867188	634.5621338	916.8937378	854.8740234	969.1271362
P99026	1119.602539	596.5631714	846.0889282	1022.467896	1125.759399	1316.018555	1323.534424	1479.461182	1133.207153	1089.015503	1230.193359	1019.842468	1094.24939	1187.580444	1099.784058	665.3085938
P99027	11728.06152	12819.51855	12135.15918	10114.36035	12391.01367	16450.24023	12076.19141	12602.72168	13015.72266	12289.70117	10200.14941	15704.0791	10879.26367	12612.11621	11724.30566	14084.80176
P99028	606.647522	975.3347778	1084.673584	637.9292603	733.9772949	755.699646	670.5273438	653.0161133	485.3729248	578.4743042	427.5570374	771.7011719	1035.463257	702.5668945	1009.767822	804.9520264
P99029	17508.00586	17724.8125	15933.18164	19679.68164	12111.40332	12031.24121	18323.72656	14536.59668	17212.57813	14442.98145	14942.77148	14325.09668	15337.81348	15775.05957	15916.60742	18369.83398
Q00422	54.18471146	86.44232178	73.83564758	79.09477234	116.5270996	216.5813599	99.65014648	249.3221893	97.24624634	84.6854248	40.66555786	84.22719574	152.5888367	59.90431213	70.42617798	285.4146118
Q00519	1650.032349	1374.781494	1245.799072	1760.474487	1827.003174	1770.184814	2074.312988	2036.083252	1600.718872	1670.685669	1988.447754	1597.704834	1585.510742	1710.210449	2081.108887	1780.997314
Q00560	138.3972015	0	69.82536316	66.98535919	124.2397385	100.3256912	216.3144226	102.7605209	73.63210297	93.26500702	50.51054382	113.0649948	61.71225739	145.0218048	127.4092178	0
Q00612	162.5832062	158.1428986	196.1832428	292.8432617	329.1431885	159.0585632	1130.442871	324.8547363	190.0617218	201.3189087	187.0407562	175.6693268	212.8343353	198.8358307	282.5815125	266.1553345
Q00623	10826.39941	17522.4082	11251.9873	10094.75684	9954.113281	17154.61914	17918.23242	13330.33203	13503.71094	15096.6543	13953.04883	11622.4873	15628.04785	8509.635742	13677.75684	10166.26367
Q00724	1541.046387	1961.369141	970.7340088	1386.37146	1798.935791	1908.290405	2316.282227	1829.28833	2422.761475	1723.753174	2474.427002	2281.810059	1225.705933	2773.240234	1986.407715	2876.893555
Q00897	4444.051758	6342.655273	3622.479736	4208.595703	2997.217529	2696.709961	3648.249268	2864.436035	3847.335205	3918.885742	3969.595703	2238.783936	2954.547363	3243.853027	4181.083496	3115.952637
Q00898	607.6688232	1497.273071	716.1934814	434.6785583	622.9512329	1350.594727	484.6750488	693.7364502	851.6635132	1350.386719	499.1604919	1064.023193	658.1283569	530.7265625	658.9608765	520.6972046
Q00915	357.0454712	406.1527405	364.3616943	308.0552368	910.7548218	359.523468	570.277832	212.2861786	407.1078186	385.6842041	476.4326782	487.8373413	369.3939209	212.4677277	385.3969421	531.3505249
Q00977	98.77973175	95.02588654	131.6394653	128.1517487	228.3965607	124.5612106	97.89365387	36.65607834	10.25910091	115.0980301	61.00878143	183.1305695	0	188.8084412	40.26738358	81.13777924
Q00PI9	555.0227051	669.3006592	763.625061	733.7892456	732.3056641	735.2111816	835.3660278	584.8290405	656.1036987	684.9517822	455.386322	788.7947388	710.7602539	598.3799438	807.8551636	686.2592773
Q01149	456.0327454	315.1335754	0	194.7212677	244.6934204	33.79793167	53.74288177	359.5013428	79.85704803	255.4780579	68.99118042	117.863327	141.6239319	92.28923798	186.6267242	319.4301147
Q01279	1654.203613	1597.394043	1965.682617	1735.897705	1758.931274	1744.366455	824.9467773	1378.689819	1148.168335	1856.554077	1393.383423	1677.723755	1561.567139	1590.34021	1733.991943	1724.558228
Q01339	220.956543	133.4669037	183.001358	255.7131805	109.4084854	299.8673096	555.9812622	195.5537567	213.733902	59.98726654	180.2569733	292.0654297	290.4342957	234.1243286	206.2115021	299.0247498
Q01405	1727.457886	1855.194946	1583.496948	1461.04834	2653.81958	2014.695313	2045.544678	2275.732422	2052.32373	1669.421387	2016.059326	1795.709595	1711.072632	2040.155151	2057.289307	1711.165771
Q01514	0	0	0	66.01316071	20.63910294	32.78568268	37.1664238	170.7073212	26.98679924	50.0492897	20.25314903	23.23614883	29.15048981	37.79322815	55.23471451	0
Q01730	538.6522827	451.4971008	818.4039917	735.6690674	955.8068237	703.3016357	1397.69751	719.0298462	762.5184326	736.3251343	554.4526367	751.0570679	782.2994385	568.543335	621.0733643	832.7564697
Q01768	9284.225586	9085.549805	10014.18555	11760.87012	11376.08203	12034.43945	10340.80078	13018.30469	10945.56348	12147.74121	13594.5332	11497.29688	9362.758789	8379.810547	11493.83594	14583.19727
Q01853	8285.573242	8729.144531	8498.9375	8298.958008	9534.271484	9174.623047	10419.86328	8541.086914	8573.207031	8535.40332	9231.545898	8897.186523	9813.282227	8835.384766	8344.416016	11011.49023
Q02013	684.2832031	712.6768188	411.656311	1204.888306	474.0283813	1059.009277	638.0958862	1113.544312	710.4182129	570.9248047	1020.439087	853.635376	919.2037354	795.3885498	402.9620361	546.1489868
Q02053	2202.812744	2333.690674	2055.608154	2206.234619	2299.091064	2506.103516	3022.5	2349.341309	2293.237061	2439.302734	2327.627441	2449.074219	2094.980225	2467.795654	2262.229492	3042.466064
Q02248	625.7449951	747.4279785	706.6677246	662.1651611	996.6461792	636.4019165	682.335083	566.5632324	545.9880981	616.5678101	561.3804321	543.890564	689.1793213	538.4558716	751.8066406	871.4163208
Q02257	214.6167297	276.1491089	312.3415222	315.0716858	397.2164612	320.4232178	394.5326843	280.6105347	277.9544067	233.8638611	277.0931091	277.4885254	328.4084167	338.2809143	308.0060425	275.4479065
Q02357	93.25984192	159.9082947	106.7407074	86.01023865	95.64248657	138.5849762	130.1417236	60.01495361	135.1681824	116.5582123	132.1733093	198.1695709	128.279007	98.89286041	98.10427094	134.1818085
Q02788	939.1911011	352.9443359	711.2049561	454.6420898	1517.528564	704.8747559	876.0178223	355.4156189	785.0480347	763.7593994	656.147644	697.097229	927.2923584	710.6124878	472.9700317	814.3646851
Q02819	433.0103455	449.6263123	455.2827148	618.5505371	555.5067749	535.9818115	585.2457886	480.7783813	509.2749329	477.4721985	481.3020325	487.1734619	503.8277283	530.4744263	569.3382568	516.5227051
Q03160	107.9629211	135.5444336	119.0538712	100.2640076	106.1895599	154.6695404	53.7980423	71.498703	113.6521683	105.2060394	58.40499115	77.29447174	123.5471115	116.9485931	42.79722595	47.49594879
Q03249	421.7974548	422.2003784	588.2692261	449.9620056	279.5731506	431.3573608	361.9312134	374.7880859	386.5687866	389.5949097	234.240387	234.0452728	347.4340515	337.219635	289.845459	350.4397278
Q03265	62299.82031	60772.5625	62899.96484	69738.53906	41982.63672	49406.89453	35877.77734	45576.5625	48702.17578	47965.02344	46457.53125	49722.81641	52220.04688	52230.45313	56895.375	50323.94922
Q03311	175.4493103	185.1980133	146.6940308	150.9045105	217.2327881	200.3904724	243.475647	154.9354095	173.3153229	174.6772919	180.4379425	134.8003845	173.597229	181.5218506	154.5255127	198.3234558
Q03734	5923.947754	6213.559082	4497.827637	3483.861816	3559.478271	5178.963379	4287.717773	3467.219971	3875.233887	5465.643555	3558.672852	4675.859375	4442.709961	3447.37085	3844.033203	3879.945557
Q03958	143.403656	219.6485596	143.9644623	204.4160767	216.6493835	120.0085754	337.657959	183.0986023	205.825119	255.0065613	277.9682922	225.1896515	289.3362122	167.6417999	200.5209503	287.7726746
Q03963	8.965050697	39.92720413	57.55570221	51.54152679	136.8308868	73.76161194	173.9568481	68.33812714	14.7184124	51.12490082	45.6759491	115.3777695	50.57398987	19.52624893	85.40827942	119.4551239
Q04207	44.38886261	71.00708008	51.11170578	79.63650513	34.47488403	40.39401245	131.2424774	80.89730835	79.68412781	106.3161545	58.45262146	41.32276154	48.27656555	30.77168083	54.37445068	47.05054855
Q04447	214.7630157	279.8919983	214.6158295	297.7358093	435.4484863	326.6803589	638.8222046	509.5052185	393.9671936	215.2960358	341.2445374	369.589325	339.194458	282.6016846	252.2061462	369.0423279
Q04519	91.51528931	86.51087952	137.0479584	138.7526703	81.37257385	74.84074402	97.08208466	96.66388702	171.1766052	102.9718399	131.1360931	62.30341339	104.3905106	121.949295	114.7932739	154.164093
Q04736	176.737915	119.0164337	231.8198395	206.4718781	269.0823059	200.3821716	323.0812378	284.3905334	136.2976532	156.1563568	182.3375092	265.802124	204.6893463	184.3595886	222.5198517	392.9906311
Q04750	285.2154846	246.7489929	394.168335	249.1995392	415.9567871	327.2425537	369.894043	388.6065979	250.6398315	232.5597382	220.0263062	348.9588013	190.4927368	403.2732544	263.6848755	366.597168
Q04857	910.6246338	737.6670532	970.4475098	537.7503662	1546.007813	833.4005127	1020.499756	577.8342285	1029.223877	1161.074585	921.4382935	937.9803467	999.8706055	596.9594727	452.0857849	863.2727051
Q05020	182.5908051	181.6612854	89.52602386	404.5285339	236.823349	101.5003586	72.1050415	51.64289474	265.1004639	230.3070221	191.981369	227.651825	285.9332886	111.7349854	34.79471207	42.66960907
Q05117	493.0909119	651.2385254	402.6200562	650.2643433	527.5980835	451.8010254	807.8433838	438.8924255	549.5441284	527.6624756	512.1807861	573.4637451	522.6688232	504.3460693	407.0506897	322.3868103
Q05144	368.0481567	310.8660889	227.3856506	307.0684509	551.2775269	339.824707	3632.599365	1011.070068	562.8936768	287.8641968	406.766571	294.4280701	399.4264221	433.6365051	511.2845459	113.2544327
Q05186	224.2281799	129.9929047	269.8397217	298.891571	494.0221558	324.5422363	534.9084473	578.1780396	223.0491028	249.0881348	163.2435455	191.6752625	300.8464966	308.4707642	420.3499756	257.1210938
Q05421	22040.8457	21485.14063	15945.69824	17918.69922	11792.24902	20020.23242	11352.34863	16559.66602	22229.13477	19798.625	26852.10156	18367.84766	21786.51172	22288.99023	19401.51172	25495.48242
Q05512	122.8439331	93.45302582	199.5005646	25.06948853	41.64564133	69.45674896	75.12226868	82.61940002	52.4589386	107.4459915	27.97347832	10.27096367	12.90479946	65.83213806	44.39395142	0
Q05793	536.4287109	644.9577026	583.2655029	621.1068726	673.4610596	592.1412354	740.0488892	597.5632324	716.6182861	683.0991821	594.2755737	549.19104	642.7999268	616.5014038	658.1088867	744.520752
Q05816	501.3811035	395.9432068	1422.637695	507.22052	1050.826538	500.9619141	1537.919067	284.3807373	525.1824951	622.4596558	417.8772278	1008.709595	402.6069946	532.5206909	815.4939575	424.9073792
Q05909	83.38845062	62.42754745	48.68916702	41.24220657	32.24044037	37.45611954	39.73230743	79.37310791	34.81764603	70.62763214	63.91016006	85.09959412	42.92443466	55.65210342	0	0
Q05915	511.8076477	376.1325684	475.3200684	512.9454346	427.0534058	378.4871216	337.6429443	425.68573	458.267334	456.3807068	387.3555908	470.5475769	396.8178711	367.2504272	365.6487732	491.9281616
Q05920	23717.08008	19702.91406	22551.83398	21425.76172	13727.94629	20871.125	17503.51563	17768.84766	18616.55273	19150.75586	19887.73242	20123.68359	22022.20508	21736.19727	23152.99414	21813.36133
Q05CL8	26.61865997	19.54665184	50.47238541	40.91039658	55.3465538	32.98617935	32.69506836	35.91904831	38.62578964	0	26.55075073	62.64678574	18.53186035	30.14670944	98.23188782	403.7876587
Q05D44	444.8548584	529.1574707	476.4398499	436.1639099	479.6697388	536.0734863	524.5476685	542.6278076	422.3193054	365.6602783	426.4697266	454.9450073	453.7341003	477.1976929	385.2914124	731.7564087
Q06138	218.272583	420.4553528	255.2914429	242.5465088	194.1803741	346.3433838	264.4573364	344.6263733	323.9937134	267.823822	224.2859192	243.9461212	226.4991455	213.3267059	215.6418304	403.7288208
Q06185	10705.08008	11123.79102	16297.32129	14817.12402	8665.616211	7402.344727	5420.98291	11770.21777	10963.36523	7754.852051	7627.424316	6757.19043	10337.60254	6466.663086	11380.98438	8355.016602
Q06770	68.63828278	199.9474945	77.0954361	85.92144012	128.4345703	62.81232071	185.5689392	73.35962677	80.34259033	156.0127106	105.3745422	109.5326843	126.3784866	71.45629883	118.2012329	0
Q06890	429.6855774	524.8758545	434.236084	427.8218689	710.3355103	500.6841736	1637.579102	709.3959351	476.1080017	501.9940186	449.5523987	622.0778809	550.2123413	402.2192993	489.6682434	283.7199707
Q07076	704.1647339	966.3691406	835.6425781	866.7203979	1116.865479	770.6633911	1631.145752	1168.823486	986.1879272	1117.071533	1042.059814	894.8586426	1000.719299	909.7163696	1141.092041	1295.689697
Q07113	20.73052025	93.3037796	61.32962418	90.00180054	94.29769135	62.62334061	123.2400284	74.34374237	67.94931793	67.78783417	115.0928268	74.63130188	78.37741852	66.05400085	74.5608902	109.6094666
Q07417	15198.37305	13881.4873	13140.02734	13540.56641	11706.34668	15379.14746	10536.21387	13108.47266	12493.64941	12059.40527	12558.59277	12964.33008	12955.63672	13788.43164	14116.14063	14972.14063
Q07456	318.4603271	328.3797607	402.4138794	319.5267639	466.9794006	257.5676575	743.4245605	778.437439	377.9233093	477.2964783	443.9832764	326.4185181	406.2209167	409.6467896	397.8009033	250.4685059
Q07797	208.8336945	267.4836121	158.5792542	182.8123627	512.4893188	400.2086792	533.1470337	520.3465576	308.824646	225.5092621	214.665741	302.7385864	245.9648895	302.3318481	352.3912048	324.432251
Q07813	166.9524231	169.1355896	182.1459198	195.2963257	376.0563965	142.4264679	248.3717499	269.2887268	108.4036942	142.4420319	167.5274658	235.9515533	197.1301575	148.5182648	255.0574799	125.34021
Q08024	47.34058762	66.01486969	14.53603077	0	92.80092621	39.06766891	53.11763382	81.67163849	36.10651779	33.45920944	40.08517075	34.86187744	25.58108711	8.89260006	22.23653412	12.14153481
Q08093	35.48058701	50.58587646	25.33452988	85.57481384	202.3124237	78.84695435	459.664032	164.1962128	91.25721741	62.23219681	134.419342	139.3356476	154.8428345	96.77500916	131.9598083	0
Q08481	39.84126282	56.27428055	0	55.55495453	86.39190674	53.5599556	82.06985474	79.647995	0	66.81763458	117.8341141	46.59662628	67.00627136	86.52443695	94.0634079	0
Q08761	31.48620224	50.76193619	52.16585922	48.10503387	156.9725037	28.23371315	130.3580017	58.36427307	57.29072189	70.40348816	56.59785843	104.9906464	54.14624405	47.3414917	50.3526268	135.9995422
Q08857	491.7258911	498.4225159	391.1005249	342.636322	652.0384521	356.908844	716.0299072	399.9138489	332.4879761	245.3408661	531.2389526	509.0276184	469.760376	329.3066711	370.1337585	601.2529907
Q08879	56.4899292	57.96905899	89.18028259	19.4369545	92.65804291	76.57486725	178.1437683	81.61623383	111.4851913	58.28804779	85.47734833	106.206871	69.34227753	62.73697662	90.63771057	112.0121994
Q08943	256.1225586	259.065918	159.3048248	227.6444092	255.1937561	307.5636597	357.0874939	324.9984131	278.3288574	280.9528503	261.9624634	350.9228821	308.6287231	234.2407379	247.1891327	211.7623291
Q09014	0	125.9076996	0	163.2053528	134.3762207	46.5359726	359.0567932	94.03567505	17.99497414	25.04600906	0	0	16.57530594	47.8380394	163.1053009	156.2052917
Q09200	97.01803589	35.92272186	18.51787567	40.1925354	12.6463623	13.67401314	60.56248093	66.58009338	37.72247314	82.84606934	28.47670174	44.22946167	47.41762161	56.39778137	23.58329964	0
Q0GUM3	0	28.02506256	0	39.78871536	63.67603683	9.483991623	51.72085953	241.470108	16.71671104	118.6242599	45.12115097	97.27883911	0	42.15422058	50.9589653	278.165863
Q0VBL3	22.54111099	56.29207611	21.65557861	0	5.073410988	27.05122185	15.51175594	54.02500916	39.11317062	0	0	27.91457176	5.001915932	0	22.6872406	0
Q0VGB7	53.80887222	130.114151	39.60923386	0	56.18151474	42.80964279	52.74966431	35.04390717	27.87709618	38.53329849	103.8609314	35.54298019	64.77852631	86.81111145	24.45327568	0
Q11011	287.7325134	204.5185089	260.9745789	254.3103485	301.3560791	292.6065369	331.6240234	264.7392578	331.4317017	334.8448792	291.8805847	306.1427612	267.7593384	244.5666199	254.6529236	193.9041443
Q11136	210.5240479	199.6871033	274.6979675	249.0226593	377.9938354	337.1747437	324.5426636	288.65448	337.9855347	240.4652557	261.5182495	265.5743713	208.1650391	267.7720947	240.2496643	524.6821289
Q148V7	79.03918457	79.43058014	71.16638947	38.38302231	55.31225586	33.05226517	56.81579971	48.09311295	14.64494133	36.62123108	29.45553017	47.1479454	25.87882996	45.43892288	37.63967896	115.3458862
Q148V8	42.1328125	16.5243454	45.97520065	47.36946869	10.74608612	22.43138504	83.34784698	46.74705124	47.89147186	65.61146545	45.02636337	44.82181168	49.59915543	39.6521225	18.92161179	0
Q14AI6	65.28250885	75.96003723	0	135.7732544	62.89661026	67.30789948	46.74552155	0	90.41358948	0	71.86333466	22.12257767	105.6074142	82.19087219	100.1641083	0
Q14AX6;Q69ZA1	121.9640884	107.3108673	73.56202698	22.76895142	165.6925354	99.62840271	111.3545532	172.973175	119.711235	322.2604065	6.256779671	165.3646698	122.0632858	106.9230652	114.1800003	0
Q14C51	242.1950989	245.8904877	214.8037567	261.9095154	153.8629913	200.7065887	128.6859741	133.6151886	178.1694946	180.7464905	162.0617065	212.6575012	211.4304352	251.8895264	227.9945374	244.1542664
Q14CH1	223.8917847	227.6044159	262.8985596	250.6138916	220.1043549	259.3470764	276.6914673	375.4133301	293.5922241	244.0678558	275.045166	232.4005737	244.5309601	210.2145081	163.6010742	167.0675049
Q14CH7	158.769928	104.9366455	165.2133636	159.3638306	133.0823975	155.7141418	160.7454681	123.8551254	112.7008972	98.40473938	112.0147552	121.5596466	120.5756531	114.4872894	158.3256226	223.4968567
Q14DH7	664.4022217	605.2514648	490.3692932	676.2310181	180.2023315	299.9483643	380.6102905	319.6442871	169.5728149	205.6579895	311.4867554	359.0444641	463.819519	420.6903687	323.7911377	347.1075439
Q1HFZ0	145.5273743	166.6519928	143.7232819	156.8957977	252.279068	194.73909	238.3448944	165.2358093	144.2282257	176.7456818	158.2594299	236.7994995	156.2034912	163.6318359	166.4450684	81.14607239
Q283N4	1610.809814	1280.06665	1349.473022	1727.828613	962.454834	643.9345093	503.1978149	428.7638855	757.019043	953.4343872	788.8449707	526.0836792	606.3068237	684.99823	835.2347412	796.2297974
Q2EMV9	0	36.16839218	54.04240799	50.00508118	34.04275131	76.80646515	71.11755371	32.91625214	39.83820343	40.80112076	18.60111618	45.5208931	23.7042923	0	56.18344879	172.4719238
Q2L4X1;Q91VK1	45.5490799	63.21564102	98.79808807	67.48774719	91.31182098	75.90882874	83.92584229	81.37332153	59.0588913	46.21895218	102.0228195	59.93405533	44.65307617	24.74546623	52.20641327	19.73981667
Q2NL51	37.17988968	0	27.42116737	0	35.46976471	0	0	190.500885	52.12368774	28.88602829	0	0	85.96956635	37.67337418	31.8682003	24.88627052
Q2TBE6	59.36120987	113.3617783	58.42656326	70.29070282	106.0568619	77.63595581	99.76142883	47.68655777	81.29956818	75.51638031	99.85128784	87.28627777	64.14996338	88.78734589	70.09553528	148.5284882
Q2TPA8	1128.936035	1410.324707	886.7167969	1313.822144	1367.186523	1217.492065	1120.188477	1334.832886	1495.771362	1271.127197	1321.932617	1163.890259	1490.392334	1077.781616	1273.515137	1469.856812
Q3B7Z2	247.1000977	275.6465759	213.6502838	290.5104675	326.8795471	181.0781708	343.7746582	266.4550781	169.3204498	224.8681488	352.3408813	253.16716	218.4811707	296.0521545	336.1309509	445.383728
Q3KNM2	219.3400421	223.3101959	282.3911438	154.1552582	169.4319305	46.49738312	344.7387695	197.7694092	144.5219269	337.4534302	371.1278992	67.36779022	138.6189728	130.4183502	355.9537659	47.26773453
Q3T9E4;Q62293	86.17176819	27.80537415	0	49.11281204	180.0952301	70.00898743	171.3695831	229.7067261	58.73524475	72.29282379	62.68361282	34.20520782	48.59598541	51.4767952	83.02420044	285.6713867
Q3T9X0	138.2185059	266.6188354	221.6032867	215.5124054	99.75347137	184.360321	123.3558273	89.86595154	173.8783112	184.2248993	171.0839081	172.0062408	123.2855225	147.8502808	154.4424438	94.61717987
Q3TAS6	198.6311035	90.45780182	90.73220062	250.013031	258.6752014	357.3820801	148.4377899	350.7284241	125.2637329	224.395401	183.8057251	236.9072113	292.7993164	299.2528687	324.7249756	172.1383514
Q3TBT3	36.08047104	0	32.95920563	0	142.9729614	0	379.801178	272.9629517	45.3622551	0	0	0	0	0	52.94317245	0
Q3TBW2	306.1306152	262.2663269	215.5866089	217.7116547	186.3475952	210.6669159	182.8673248	181.540451	242.2390289	106.0327377	268.3779297	378.3962402	236.2696991	125.0166168	219.0890808	408.1388245
Q3TC33	42.15497589	0	0	9.568050385	11.8050375	9.356031418	0	115.4839096	0	0	14.62874985	0	38.56276321	0	33.30111313	0
Q3TC72	554.8809814	564.2571411	664.5128174	660.994751	377.866394	491.4779053	252.9407349	523.1146851	296.3067017	476.2981262	477.8349915	447.7807922	412.6180725	469.7769775	556.3946533	584.8671875
Q3TC93	112.7299805	175.1304474	99.78131104	98.10416412	168.8494568	51.15668106	217.5731964	200.6147308	137.5840149	128.2933044	135.0992889	176.6614838	125.2443008	109.7281418	137.458374	237.9406891
Q3TCH7	156.4597473	217.9464569	155.758316	160.5877838	181.7726746	173.3567963	196.8575745	141.3183441	136.5888977	134.738739	123.4391861	195.2455902	156.9195404	177.9733582	151.086853	331.2764587
Q3TCJ1	145.7326813	153.9216309	52.81069183	159.2606354	137.2978516	75.40139771	250.4014435	167.9098206	99.84786224	141.6985016	199.7156219	69.53081512	125.1729965	141.5457611	199.4407349	126.7591095
Q3TCN2	274.8373108	454.5701294	444.9754639	469.6532593	415.7531738	560.0283203	529.7104492	588.2232666	464.6992798	445.2235413	437.553894	590.8920898	598.4718018	549.6882935	439.5684509	638.9329834
Q3TDD9	36.5968895	56.13611221	33.2010231	0	44.01098251	34.98194122	87.80773926	82.57538605	56.16536713	27.96690369	68.06653595	18.54342651	28.08529282	45.45933914	51.8624649	69.72788239
Q3TDN2	354.0713196	373.0551758	297.4596252	234.3417664	436.2189026	369.8431396	405.125061	350.9159546	351.8677063	464.3388062	326.0159607	395.5865784	312.6051941	378.4976501	330.1373291	406.0069275
Q3TDQ1	552.4133301	581.4718628	583.302002	422.0928345	825.3701782	664.458252	695.5975952	645.6306152	695.3389282	657.3787842	792.015564	751.8164673	634.5216064	672.4981079	643.2658081	719.1046753
Q3TEA8	425.7992859	438.7889404	340.8011169	313.0409851	577.470459	513.5596924	926.7825317	455.1896057	337.0284119	479.7765198	494.2678833	512.4780273	547.838623	459.28302	409.1541443	417.1701355
Q3TFQ1	180.3038025	102.8372269	127.7670975	112.1560669	132.5615997	217.2289581	70.98035431	252.4637604	141.200119	151.4155121	281.9193726	277.1646729	186.5298615	121.8409042	52.65147018	55.29237366
Q3TGF2	23.16916847	79.95896149	10.11854362	72.70006561	5.670638561	26.06368256	132.5365601	107.6135254	19.02074051	58.08464432	33.07716751	21.24670601	15.14493084	36.90300369	15.52775478	0
Q3TH73	0	149.3523102	22.62573242	0	37.25618744	0	1.405206561	0	8.26556015	40.70734787	0	57.42850494	0	130.633606	41.7968483	0
Q3THE2	1479.316162	1284.87915	1175.295654	1642.53833	2508.165039	1647.271606	3727.134033	2085.876709	1541.509644	1856.026855	1405.912231	1210.047729	1542.174927	1642.272705	1812.301758	1553.518066
Q3THG9	136.7081299	186.8237152	201.1855469	185.8265228	161.7661591	134.7316589	106.2026978	181.2410126	156.8242493	145.4828644	158.6012878	211.8622437	148.9960938	161.8121948	152.8612366	217.8255768
Q3THK7	614.4354858	599.243103	558.6217651	735.3086548	702.406311	715.8831177	817.1992188	741.7681885	527.9641724	588.7965698	519.503418	635.1837769	592.8161621	503.777832	684.7908325	444.756134
Q3THS6	303.7834473	293.6572266	292.4664917	339.7304077	593.2241211	428.269104	915.3479004	492.5986328	394.2146301	345.8684998	492.3494263	398.6019592	330.9328003	338.6981201	361.9017029	439.5296021
Q3TIR1	11.05682659	79.7365036	16.76108932	0	33.50069427	109.3614197	0	56.92041397	109.1324081	33.56442261	0	173.3926086	32.75197983	19.28549194	0	0
Q3TIU4	112.7002182	158.9546356	140.186615	114.7987213	122.9936447	192.5272369	148.7541199	192.7091675	91.87532043	67.43427277	145.9789581	133.9622192	121.0740204	95.42856598	123.6978455	121.9311295
Q3TIV5	187.9611969	151.8352814	151.1035156	135.7002411	144.7593842	202.855545	235.9327545	138.828125	99.93384552	195.7547302	175.6863403	94.701828	109.5198898	158.371994	140.4919128	132.2715759
Q3TIX9	88.12477112	63.77763748	47.61214066	73.41205597	70.93047333	76.94950867	158.8570404	97.06713867	72.07515717	117.0792999	118.707222	65.44491577	88.33513641	85.23429108	81.25408173	112.3648987
Q3TJ91	132.585022	98.10405731	133.8294525	61.7551651	89.5124054	106.2947159	62.72501373	93.44658661	93.57484436	71.67319489	51.72387695	56.38092041	113.0846786	74.56874847	64.53387451	0
Q3TJD7	37.96262741	0	0	0	136.6680603	94.94326782	274.5795593	46.57601929	57.48799896	42.49701691	12.17710781	30.05273628	118.2686844	0	76.61885071	0
Q3TJZ6	121.1008606	123.0909424	83.91413116	146.0927429	125.6366043	216.0864563	177.4381561	130.3354187	166.8858795	170.8906555	158.0723572	134.7948456	185.4634247	225.2628784	167.9152832	188.4958344
Q3TKT4	128.9224243	0	51.42974854	31.35553741	6.47092104	103.6018372	101.2560959	44.8487587	0	83.66481781	13.54803848	0	47.68442535	48.89657974	0	0
Q3TL44	263.8925781	260.361145	248.4870605	156.3819733	286.9099731	193.2420502	278.7435608	184.8401184	129.0677185	177.4555511	170.1313477	152.5219879	212.5229797	211.4446259	251.4074554	269.2111816
Q3TLP5	3193.871582	2658.468994	3786.005859	3409.282227	2938.411133	2495.032715	3294.891602	2667.868408	2805.638672	3009.0979	3438.166748	2802.59668	3538.182617	3423.991211	3688.674072	2994.076416
Q3TMH2	357.2193909	416.511322	335.2117004	336.253418	358.9119873	342.7053528	244.7730408	315.8375549	351.056366	342.2203674	337.1634216	342.4105225	325.422699	263.6730957	356.1174316	605.2920532
Q3TN34	472.3874512	544.9018555	421.2430725	801.1203003	835.8973999	1041.801147	854.7453613	1038.871826	1105.14563	460.620697	926.614563	939.9954834	933.0753784	659.7530518	805.973999	258.3057251
Q3TNA1	791.682251	1173.723877	1180.320068	973.2099609	1209.699829	1107.976318	1158.496094	1032.243286	1016.791626	1252.542114	1030.182983	1245.283081	1206.461548	1111.686768	1257.709717	1133.871948
Q3TPX4	39.86336899	79.2614975	62.80809402	82.93276215	21.96993446	99.32787323	131.4174042	81.2664566	82.21516418	56.30204773	60.78009796	34.89014435	50.80649185	67.73760223	54.88684845	0
Q3TRM8	42.32036972	42.89565277	207.6431885	102.5442734	113.3146896	98.21883392	182.4997406	316.7840271	125.0345917	43.17173767	113.9297333	59.25849915	225.2336121	60.38439941	43.39912796	86.71067047
Q3TSG4	62.93232346	123.8880386	131.8058624	90.11399841	39.30396652	93.03920746	99.27931213	117.7212372	49.17381668	39.03026581	114.4138718	68.37245941	58.29467392	113.4900742	60.25032425	0
Q3TTY5	603.4041748	260.8920898	572.7126465	576.0293579	775.6064453	704.8862915	439.7681885	416.4422607	1027.200073	309.4892578	375.7846985	719.7489014	235.5728607	438.5701599	478.6116333	352.5064697
Q3TW96	219.8974915	256.5389404	247.1060791	230.1341553	730.8441772	595.8745728	970.1157227	632.355835	296.0989685	455.740387	460.4989929	537.055542	394.8464966	404.706604	440.2417297	481.7918396
Q3TWW8	414.1047974	641.7738037	557.472168	599.1311646	1099.23645	653.3973999	825.852356	606.2390747	451.4784241	356.8343506	294.5950623	615.3900757	484.0780029	709.6699829	693.7282715	608.2208862
Q3TX08	0	52.24559021	18.32610893	47.19724655	61.70765686	0	0	54.34196472	8.136977196	23.29549408	0	38.29024887	57.49818802	45.44205093	13.77900791	0
Q3TXS7	749.1227417	797.5454102	792.1224976	815.5673828	790.8959351	884.6777954	1018.103699	1009.988831	654.9614868	923.6107788	812.1344604	936.1133423	691.3869019	822.53479	725.6595459	990.3024292
Q3TYS2	37.98732376	27.85236168	25.78604317	35.89398575	88.08863068	36.65382385	113.6378708	41.29822159	28.03210258	37.83020782	44.89574051	56.58455658	50.00926208	20.38486481	18.75756454	143.9615479
Q3TYX3	110.0539932	17.87059975	55.46213913	87.87140656	30.10952568	92.01793671	74.85671234	54.1944046	32.05628586	29.40861893	82.51834106	90.89762878	15.23458958	81.12171173	85.16608429	0
Q3TZZ7	124.4479828	117.2624741	70.98568726	167.0097961	129.9198303	133.404892	178.552002	169.0616608	90.40711212	141.7548828	144.1847839	75.43570709	177.7236023	112.6180878	55.50613785	153.0349121
Q3U0B3	236.227417	224.1757813	357.848114	143.9519806	164.4986572	216.2931366	322.0904541	201.8551178	321.0332642	422.2996216	257.9766235	383.7456665	235.5951996	284.866394	314.5339355	341.0584717
Q3U0S6	81.8328476	129.9660339	76.51711273	129.0518646	95.81769562	111.9987564	127.7301712	143.5313263	161.6839905	101.1916656	104.5823059	112.8749924	110.9385605	179.5012207	106.2484818	0
Q3U0V1	442.2488403	482.4573059	447.0170593	460.2480164	523.3256836	554.4827881	797.9995117	600.5167847	250.2091675	562.772583	524.7073364	489.3088684	482.3766479	510.5973206	492.2324524	339.6166077
Q3U0V2	51.36907196	119.2884293	85.6696701	63.26200867	67.22642517	79.65027618	74.40403748	82.28675079	54.96412277	51.38257599	119.0542603	52.80373001	72.56377411	73.85292816	110.1472015	103.0117645
Q3U186	89.27616119	95.87746429	45.80560303	110.835556	151.0550842	63.70787048	67.86988831	72.03479004	99.78831482	48.61184692	114.0484924	152.5419006	85.66613007	122.9285202	113.5208282	158.9483032
Q3U1J4	810.4061279	695.4041138	812.9155273	798.3815308	937.4782104	810.2595215	1088.563354	916.8613281	667.8305664	778.4317017	750.2385254	839.4353638	743.7022095	788.4890137	788.0032959	787.0841064
Q3U2A8	63.62553406	53.81123352	98.55667877	52.32859421	23.28577042	66.73109436	51.56759262	60.41159439	95.36186218	80.45191193	113.6741028	68.09952545	53.65010452	80.80722046	65.85262299	0
Q3U2P1	794.0057373	704.0228882	693.6773682	781.8581543	744.7998047	725.4579468	773.9887695	759.1568604	775.1854858	708.0452271	741.3526611	754.3282471	809.3615112	796.4093018	683.7758179	934.227417
Q3U3R4	172.2360229	297.9580994	116.3520203	166.9250946	170.8501434	395.0538025	153.4710388	300.5600586	220.0679626	175.4445038	319.1648254	208.3954163	226.5044556	223.8937378	173.0014038	314.3008728
Q3U487	101.856575	107.0415039	112.6114349	166.1968384	122.4027176	128.8181	150.530899	125.9806213	115.4490051	162.3928223	133.4525299	198.7861633	113.5973587	169.4830933	142.2499542	181.6187744
Q3U4G3	915.3309937	595.104248	1291.046265	450.0182495	259.1123962	704.0509033	1814.238281	429.3916626	1454.253662	923.2277832	1363.974609	1450.393799	1519.098145	731.2149658	1279.770142	975.3864746
Q3U4I7	91.73555756	31.19019699	135.3540039	178.3237915	119.9751129	68.69522095	88.46608734	50.23077393	50.27047729	5.859446049	54.65929794	41.93394852	44.20985794	80.09688568	14.18529797	0
Q3U5Q7	127.9795837	144.1314392	29.65086937	170.3460236	253.4216919	97.32562256	349.1427307	378.7301636	133.9743195	177.1456757	172.4312134	204.0541382	108.0511246	183.0923615	245.3695374	329.6168518
Q3U7R1	265.7503662	261.41745	281.6785583	308.2876892	451.6268921	269.6423035	841.2946167	259.1814575	236.6475677	302.2789001	267.2440796	287.8514709	330.8416138	283.0099487	277.5238037	299.9491882
Q3U9G9	51.0123024	72.87250519	51.98139191	24.05310631	59.84356689	40.92736053	333.1184387	37.93809891	145.5447845	16.7498436	31.6754837	25.83179665	52.80524063	53.10196686	34.08599472	0
Q3U9N9	202.6316681	193.268219	144.0703278	198.1351166	105.8498001	76.56526184	102.9002991	125.8255005	18.49814796	90.51843262	195.6750336	170.3422546	116.0503235	86.08805847	128.1883087	85.18449402
Q3UBX0	271.9531555	99.31851959	304.8286133	175.5780029	45.71368027	211.9733429	249.2246094	111.7582169	137.9226837	154.213623	242.8351746	228.3330383	245.2197113	275.2072144	146.0027161	47.51819611
Q3UBZ5	104.526207	94.66204834	183.0753937	127.0958405	162.0577087	157.0340271	126.5493622	155.3114929	108.5920715	192.7451172	63.51181412	154.6459198	144.9804077	57.49210739	146.1636353	182.0542145
Q3UCV8	23.21717453	38.27674866	0	45.20010376	36.67098236	118.2922211	0	35.5454216	74.57849121	204.7303772	63.90443802	0	0	161.1842651	59.83178711	0
Q3UD01	79.79138947	68.52970886	0	82.29430389	136.2388458	0	128.3430176	75.90930176	44.76622009	45.51932526	0	83.19091034	65.97670746	92.39126587	64.70755005	0
Q3UDE2	173.9625397	169.6004181	164.7437439	141.0435791	173.1249542	162.2021484	185.5189209	189.7881775	164.0828705	119.2161026	185.5919495	153.2530365	140.149231	184.4598541	170.5127106	232.1949921
Q3UDR8	202.0967407	287.2778015	101.0883484	251.8833008	189.3926849	224.2823792	193.6185455	266.611969	150.3556519	278.3710938	238.1074524	139.4492493	174.1438904	187.3240967	229.2183075	260.3725586
Q3UDW8	126.6874084	107.3166275	35.68382645	17.72263908	51.9870491	119.5020065	95.65798187	31.53238678	108.84758	32.42780304	148.0649414	28.25862122	93.00643158	106.7541428	24.10186195	99.63066101
Q3UE37	152.8467712	219.1247101	258.8374023	169.7031403	194.2703552	171.3816528	450.805542	293.0336304	221.1728516	293.0925598	172.777832	134.4216919	160.2361298	236.2990417	198.6021271	349.8535461
Q3UEB3	294.8988647	294.6502075	243.7782135	205.2698059	360.9093628	280.4160767	408.5869446	231.374588	188.0300293	261.7588806	181.2816162	303.9521484	252.6605225	222.693161	197.0566864	354.2751465
Q3UEG6	3163.628418	3408.397461	2746.152344	3148.162109	2382.441406	2449.588623	2113.156494	1726.049927	2112.912598	2689.61792	2542.323975	2187.976563	2358.598145	2420.565674	2275.016846	2717.049316
Q3UFF7	426.4669495	608.2192383	357.8340759	287.5755005	407.3193054	366.1491394	216.4795532	285.7564087	615.7596436	349.9673767	253.5595245	314.6156006	521.460144	331.6404724	486.4543762	503.5761108
Q3UFY8	91.38631439	93.01637268	115.2174988	88.52716827	101.2256775	64.34047699	56.04333115	51.13868332	70.78436279	98.496315	35.04793549	75.80221558	91.57280731	53.56327057	85.87348938	57.67903137
Q3UGC7	758.7674561	885.4747925	461.2647705	614.062439	772.163208	541.4720459	1070.332397	760.5462646	650.1409912	818.7000122	714.3816528	805.3599854	616.7607422	716.8305054	560.5613403	829.4469604
Q3UGR5	590.4260864	602.225708	479.2596741	394.8942566	436.4905396	438.9761658	442.2888794	408.7960205	483.028656	457.9708862	539.7756958	433.305603	484.2380676	315.7848816	525.9293213	405.9115906
Q3UGS4	98.77771759	93.85161591	79.85079956	0	55.46116638	128.6841278	89.1476059	119.110466	27.14210892	37.91362381	79.43796539	0	5.72551012	32.4868927	96.11358643	0
Q3UH60	111.0939865	65.62915802	108.3722	79.11490631	103.6297989	177.8971405	97.73825836	179.6793365	48.12973404	160.511673	92.36489868	11.1799612	166.7363892	142.2345276	73.126091	74.88661957
Q3UHD6	131.7638855	59.48222351	56.29449081	47.06217957	125.4406128	79.67120361	161.519104	123.1649399	97.82527924	157.8040619	58.29525757	125.2400131	89.68869019	114.1873932	118.8828735	52.94788742
Q3UHH8	0	0	5.127532482	35.21050644	104.9538193	29.27658653	74.42849731	11.83695316	52.35534668	55.36361313	0	15.49457169	42.18330002	51.75545883	7.653454781	37.400383
Q3UHJ0	0	136.4533386	93.39431	112.3170166	106.2621536	108.7132187	93.48845673	80.62558746	21.78053284	0	11.43391609	46.00883865	63.25977325	32.59337997	0	0
Q3UHN9	24.16373253	40.33986664	86.42786407	160.7637482	31.52081108	53.98944092	90.29627228	24.40601921	76.64853668	13.33921909	123.1989899	45.53556442	42.60639191	41.79682541	94.42715454	0
Q3UHQ6	49.62451553	0	0	64.32265472	39.26718903	0	57.74119186	27.80546379	41.19375229	46.02465057	64.91780853	0	46.11921692	31.80067635	0	0
Q3UHX2	128.3708191	154.2768707	215.5251465	173.8634949	180.092041	161.2157745	332.4121704	215.4869232	109.4577332	161.1053009	137.9981079	222.4411011	189.9983521	199.1072845	193.884903	194.3879089
Q3UIA2	115.897171	210.951889	105.9296112	92.99120331	130.0326996	56.53740311	100.2123032	144.2832794	47.33004379	76.91497803	141.5415649	104.3344269	157.1870575	96.03129578	103.9684296	338.2913513
Q3UIL6	24.16096306	40.30791473	48.72465134	41.41304398	43.25151825	31.6784668	76.36817932	50.31573868	91.84612274	72.23870087	122.3386459	91.25328064	132.207016	53.23431778	38.72521973	82.86844635
Q3UIR3	163.4208069	148.6040802	166.3435059	168.7592316	170.1972046	161.9161377	165.131546	254.2114258	151.0740356	95.15128326	116.6153946	166.0442657	154.3378906	157.624115	176.1074677	316.5623169
Q3UIU2	473.0178528	845.5429688	787.1254883	748.9725342	421.5787964	590.3763428	476.3407288	376.7410278	541.2077637	575.2171631	618.0516968	676.9465942	734.1790161	782.3964233	570.7368164	1002.492493
Q3UJB0	263.4423523	337.0552979	386.3400574	436.447937	489.4680786	363.2649231	435.324646	407.0690918	379.6803284	374.4805298	315.1653442	375.1656189	371.3699036	433.5097656	309.2575378	255.2276459
Q3UJB9	44.59349442	61.37388992	88.62822723	52.43942261	71.76445007	56.22264481	148.191864	68.46472931	46.21588516	96.07629395	44.0656395	71.04806519	86.33625793	100.4268951	135.3392639	0
Q3UJD6	107.1204758	95.86901855	100.0841064	179.254715	119.7702637	199.0413361	198.3838501	133.2314758	117.6950912	145.1528778	171.7582245	95.5065918	123.5094376	110.7216187	105.8394394	113.6521912
Q3UJU9	1223.685669	1413.858521	1202.333374	1451.192261	1084.598633	1540.609619	1428.250366	2120.754883	1283.072266	1541.210571	1437.619385	1536.016724	1525.831787	1576.408447	1798.958618	1473.047363
Q3UKJ7	212.6947784	363.762085	277.1579895	240.5767975	302.856781	284.5312195	414.3790283	270.5683289	336.2142639	216.0731659	324.6489868	321.1816711	233.9918213	326.778595	209.647522	752.4309692
Q3ULD5	1963.655762	2490.261475	2295.211914	2339.596436	1352.799683	1866.305542	1166.327026	1637.211548	1930.806274	1726.539429	1587.147095	1459.358154	1379.333252	1974.873901	1753.497559	2220.189453
Q3ULF4	97.45764923	88.67589569	106.6794281	111.9571381	105.5822525	69.90711975	98.21736145	71.04341888	93.25788879	98.21289063	84.91526031	69.20001221	112.798233	110.3108978	76.41030121	258.1549988
Q3ULJ0	2375.651367	2214.338623	2243.422119	1873.998047	2348.2854	2251.327393	2368.775635	2259.65625	2491.132813	2437.312012	1765.078003	2627.394531	3237.204834	1793.925659	2319.496582	2561.769775
Q3ULW8	80.25640869	113.6972427	80.38839722	130.5783997	148.5632477	94.86782074	275.0845642	156.3433533	111.8418274	110.1985397	109.4097519	95.83039856	132.5274963	89.83815765	85.98161316	167.1554413
Q3UM18	46.03567505	134.0767365	105.6649704	106.3780136	108.6539154	92.92532349	99.84559631	60.64765167	91.87808228	78.90010071	88.4887085	136.3054962	92.25363922	69.68384552	75.41321564	415.6036682
Q3UM29	35.20917511	59.65794754	101.2738571	31.69489861	35.6684494	66.7140274	67.09472656	53.65705109	52.41165543	66.68401337	106.4747543	49.13380051	44.88495636	83.01912689	72.66555786	44.98493195
Q3UM45	381.6906128	433.2389221	377.2348328	382.9821167	382.242157	285.1292114	420.1854553	359.2514343	439.013031	367.2593384	260.5314026	306.1651306	412.5887146	331.0209656	265.2280579	316.2601318
Q3UMB9	114.9382629	99.18817139	113.6483612	99.8809967	124.5562134	173.6207581	179.7099609	172.871048	103.830864	116.489006	94.45790863	125.5234222	157.2868652	190.1704865	127.9438782	85.74665833
Q3UMF0	305.8959351	251.0899048	192.5374603	248.5521088	253.0557556	282.3016663	234.3814545	332.370697	154.1278229	377.7049255	206.5537872	259.7116699	275.9442139	224.7784729	149.0615845	425.2771912
Q3UMR5	39.90966797	64.75162506	78.77414703	38.8134346	87.06210327	80.72512817	180.2577057	78.71617889	30.74301147	65.58251953	40.81990051	80.6115799	50.19377136	40.79838181	69.81552887	421.5689697
Q3UMW7	78.98392487	73.79982758	51.17305756	72.68782043	60.064991	106.7490158	171.0452423	120.9251404	30.40200806	40.66707611	48.30725098	84.89529419	99.09574127	40.70389938	98.55183411	0
Q3UMY5	55.4184761	77.65856171	69.20697784	53.70057297	73.66641235	53.71598434	55.94491577	66.04050446	51.27755737	46.96767044	36.07527924	40.25822449	59.80392838	50.21852493	58.69020081	18.75815582
Q3UN02	161.4642792	151.440506	140.9926758	81.48301697	265.3741455	234.1700134	210.7239838	103.1938553	162.9128723	261.2151184	121.734436	173.4440308	301.7415771	113.3744507	168.016922	154.3783417
Q3UND0	57.22740555	66.72618866	39.90093994	46.02299118	57.71700668	35.20745087	159.8031006	97.29246521	30.44819069	86.35656738	27.74131775	107.0680008	26.39391136	27.21286964	49.7332077	43.40362549
Q3UNX5	1234.084961	1208.93811	1014.360901	1152.435425	774.3938599	884.5499878	635.1409912	632.8515015	1026.074219	806.0127563	931.6464844	919.1414795	1047.736206	1083.102539	768.2587891	1280.487793
Q3UNZ8	343.3787842	243.9042206	290.9323425	476.8500977	225.3053131	254.1083984	245.1187134	186.8514099	331.7696533	230.4686432	415.5874023	278.2015076	261.5862732	276.1459045	321.905304	354.8349609
Q3UP75	404.8391418	338.4423523	230.7897034	320.9963684	179.7739716	216.0463257	84.21315765	208.4804993	334.0462952	262.5029297	267.8581848	186.3922882	272.1196289	244.1944122	269.0230713	501.5402527
Q3UP87	25.46922112	0	24.05572319	0	0	0	546.5942993	44.42473602	0	0	0	0	52.79879761	0	10.01918697	0
Q3UPF5	105.356308	151.4885712	91.3090744	126.5347824	188.0836334	135.8385773	203.1551208	148.189621	119.5935364	113.1345978	168.4002533	178.2194061	165.9611206	90.47054291	139.1441193	221.0932007
Q3UPH1	547.9835815	439.5711975	727.1453857	607.0442505	706.1387939	649.9161377	709.8790894	524.385376	512.8309326	531.4333496	475.0625	569.9641724	620.8720093	544.0696411	598.397583	931.2248535
Q3UPL0	1228.501099	1300.204956	1521.873047	1473.543701	1678.231567	1637.221558	1794.444946	1734.09314	1049.291016	1375.335327	1279.657349	1429.409668	1236.077148	1417.880371	1537.479858	1772.899292
Q3UQ44	2215.592041	2483.497314	2170.76416	2188.506836	2317.430176	2671.497314	2524.835938	2753.667725	2560.276611	2416.621582	2322.883057	2419.539307	2549.96582	2520.61499	2370.625488	2419.541992
Q3UQ84	57.22301102	94.98246765	70.65248108	64.02072906	69.48221588	90.19566345	54.31573486	76.37069702	105.8960342	99.28375244	47.68071365	43.93829727	58.70141983	72.04132843	113.4192886	73.84674072
Q3UQA7	42.32944107	22.19533157	26.59826851	23.72524071	63.6751709	49.35813522	75.75286865	21.85778618	72.54027557	87.3194809	57.53627777	39.7596817	9.505775452	22.40787315	40.13923645	158.9288483
Q3UQN2	60.75865555	69.37914276	58.18010712	56.61821365	59.56346512	79.26403046	132.0387421	81.08128357	61.65711212	52.02920914	57.86182404	94.91105652	58.21424866	79.4453125	93.94597626	250.5372314
Q3URD3	107.3817596	128.2863159	85.29128265	161.3735504	159.3434143	148.940155	243.0462494	126.9901047	83.21751404	140.060379	129.6358795	107.8873672	130.4346924	165.1329803	108.9938049	173.862381
Q3URE1	352.6978149	461.6087646	388.7524109	440.2032471	298.7808228	367.9496765	244.9622955	416.8691711	347.2188721	269.5182495	434.2680664	301.6757202	305.0025024	355.4764404	390.9375916	320.002655
Q3URS9	159.2477875	132.3437653	192.6872101	177.1681976	103.522583	102.195488	115.6107101	105.7170944	100.9344482	131.861557	116.2124786	155.8111267	94.57092285	147.9020996	161.2266235	165.2647095
Q3US16	86.71350861	0	0	9.829907417	0	0	0	0	0	0	0	0	0	0	0	0
Q3USZ8	47.6375351	121.9317856	148.7015839	54.55044556	98.16927338	72.14839935	68.5894928	131.1288757	47.32038498	123.3973465	131.1863251	36.68983841	55.49924088	54.87331772	61.13354874	102.4857254
Q3UTJ2	444.5758667	490.4038391	369.1528931	374.2459717	594.8372803	411.3507996	738.9387207	344.4990845	304.4767151	439.6463318	365.0010681	472.722168	429.9621277	370.6243896	369.8141479	589.3983765
Q3UU96	0	0	0	0	23.26229477	0	0	0	0	0	0	0	8.535870552	0	0	0
Q3UUI3	650.3729248	433.4039917	258.5630798	612.3952637	473.5148315	531.2635498	266.4859924	468.3044434	576.3632813	402.2595215	588.9266968	625.3811035	616.9066772	487.5255432	670.0844116	463.2242126
Q3UUQ7	57.62863159	116.8029556	84.29389191	108.5865326	88.14663696	66.94858551	94.76459503	38.77412796	117.4365692	115.1530457	55.89918137	79.30312347	100.4728165	142.498703	100.9492798	276.6515808
Q3UV17	0	1556.90686	980.1920776	1270.62915	5367.198242	3414.415039	8256.407227	1314.292114	3399.164551	2754.290039	5471.837402	4347.644043	219.9803772	3451.454834	1165.930542	2730.67041
Q3UVG3	67.87517548	118.9480591	65.3041153	43.77846146	102.6446838	62.8330307	100.0194397	73.38089752	87.04917908	153.7290802	80.97731781	137.1851807	84.15817261	33.67419815	89.15091705	0
Q3UVK0	102.2881699	97.27510071	75.88864899	61.15565109	177.6859436	203.8189697	156.5961914	142.2197418	133.7049255	128.241272	186.3694458	146.1827545	167.1826935	163.5624542	107.4954453	292.2924194
Q3UVL4	131.3930511	65.30747223	139.0102692	95.17146301	82.29251862	53.48892975	100.856308	136.6874542	116.3067245	87.54573059	59.76977158	98.60190582	83.48163605	40.36123276	124.5790787	197.8941956
Q3UW53	78.3973465	61.96324539	34.79292297	70.14096069	137.5252075	55.85259628	213.2129059	93.30680084	91.48368073	75.42218018	56.24008179	63.03345108	51.38827133	71.85042572	48.18268967	112.6382828
Q3UYV9	106.6629944	35.22036743	49.07875061	59.43172836	52.98939896	60.28527069	48.25592804	83.74933624	81.22501373	64.6842041	110.4967346	42.0799942	65.61496735	87.43823242	59.47670364	95.94808197
Q3UZ09	67.17674255	58.1379776	67.99328613	46.94300079	96.29423523	53.17458725	247.3718262	79.40110779	42.05980682	188.1196136	180.9238892	92.12214661	83.23578644	220.5587158	56.72243118	0
Q3UZ39	73.46104431	76.47622681	19.30778313	31.32492447	39.97560501	48.27215576	150.0276489	27.97949219	32.55894089	31.37335014	46.42361832	37.6204071	52.65096283	49.25506973	34.81422424	55.36516953
Q3UZZ6	3553.731934	2231.431641	2628.61792	2563.408936	1623.537231	1841.897461	1528.110596	1041.884888	1753.162354	1698.734131	1711.637207	1679.434204	1327.239136	1903.74353	1614.168213	1675.669556
Q3V009	51.44683456	167.4994965	266.5510559	74.9651947	181.9396667	57.92774582	104.3996201	82.0200119	62.91542816	97.85403442	62.96719742	53.72148514	70.85902405	27.64939117	199.5003357	119.7195435
Q3V1L4	101.0841064	102.1815414	100.4150314	68.21981049	175.5440063	115.1611176	230.4014435	136.7114868	90.96014404	129.3150482	117.6473541	110.3075027	110.5127487	80.9863739	133.5272522	125.6224365
Q3V384	175.8802948	151.4599609	218.0556335	186.473175	215.4546509	160.0652161	111.6992416	165.6833649	121.1588898	138.7493591	142.9836121	163.3613434	196.9219055	185.1888275	156.345108	486.5953674
Q3V3R1	83.61586761	64.09215546	59.86762238	68.8502655	255.8202972	73.43985748	217.7555695	137.5892029	77.90908051	142.622879	138.2175751	81.60823059	140.3148804	126.1296082	124.1571579	85.93045807
Q3V3R4	149.9560852	228.8266754	148.527832	178.6748352	217.1472626	195.3946838	228.3719482	149.7728577	208.5742645	201.9938202	224.2374573	167.8619843	160.1683044	158.767395	166.0459595	290.3177795
Q3V4B5	108.8748932	208.6577759	98.55550385	58.34616852	98.17014313	138.1520691	145.1672363	218.6358643	174.0009308	110.9368515	144.0207367	103.5195236	71.75743103	77.70282745	179.3096924	0
Q499E6	41.31929016	53.1760025	102.1920166	47.91018677	59.30617142	17.16963196	51.99505997	73.59712982	25.56760788	98.10636139	0	60.62085724	58.60272217	54.88439178	122.9849472	0
Q4ACU6	0	0	0	0	0	0	15.86740875	15.6132021	0	27.04484558	0	0	0	23.56331444	17.97208405	0
Q4KL35	21.23730087	41.4155159	51.08212662	43.7494545	41.19017792	66.74530792	0	48.26818848	0	19.22290611	48.3680191	17.1373558	63.43843842	31.01110458	61.81306076	0
Q4KML4	430.2635498	341.4379883	194.4666901	459.6712952	568.8738403	335.4212646	1161.123657	522.0193481	466.2843018	360.2010193	449.5821228	491.4984131	406.7209167	355.3570862	410.7713928	396.2309875
Q4KMM3	127.5628052	214.4462585	104.868103	123.803833	135.8047485	66.91810608	182.3231354	128.2715607	222.1221466	111.1892776	105.8549118	204.3280792	153.0533905	128.6647491	149.4239655	146.8941498
Q4LDD4	120.093483	20.22298622	24.48884583	37.3220787	30.85833549	36.30913162	106.507576	51.99090195	0	43.03574753	61.61128998	65.03849792	0	30.86167908	50.8700676	0
Q4LDG0	3292.600586	3587.947998	2862.673584	3533.953125	2927.15918	2567.32959	2269.732666	2602.343506	2828.892334	2918.799316	3232.573486	2503.881348	2981.003174	3181.527832	3001.552979	3141.317383
Q4PJX1	81.83496094	99.95990753	121.5127945	140.7588654	180.5929871	162.307312	159.0500183	123.7956085	122.0249176	149.3115845	162.6599731	148.4712067	122.8360138	137.1150818	139.9067383	92.27043152
Q4PZA2	96.09147644	122.2434616	58.91139984	104.6108246	91.81317139	105.7163696	66.48166656	76.79903412	132.9367523	129.9111328	114.2301941	46.60199356	95.0193634	72.17874146	138.4225464	40.24771881
Q4U2R1	210.5448151	150.6189117	0	225.15625	440.3129578	381.5464783	316.7390747	125.5355606	132.1550751	342.8736267	274.9123535	274.4136353	0	223.8697357	172.6248627	67.85507965
Q4VA53	129.8960724	124.7874374	107.3334579	156.5302277	214.0820923	108.2949219	127.2240067	93.99754333	94.82876587	108.7370605	139.9841919	85.12433624	87.19538116	116.4367294	93.63722229	70.03376007
Q4VAA2	212.6694641	170.3323822	46.43963242	108.0170364	108.8451385	141.5596313	102.0471649	63.1547699	65.0094223	121.6063156	112.645813	50.74916077	153.5876617	145.9656372	194.0370331	194.4579926
Q4VBD2	87.17758179	38.72129822	129.9384308	39.23242569	81.30974579	149.7259979	145.095459	49.0160408	79.03876495	36.75464249	29.38049698	70.88131714	94.34937286	71.46400452	54.46780396	0
Q501J6	768.4076538	1067.714722	787.1781616	975.2359009	1221.182861	896.4008179	1569.751587	973.4046021	957.890686	918.5048828	883.5044556	1010.239136	787.3825073	979.1755981	997.0944214	758.6773682
Q504M2	54.06283188	108.9181747	163.2149658	182.6244507	93.82296753	108.0073853	100.2902908	131.2566681	122.0406876	92.25684357	124.2060852	100.3900986	121.5484314	78.25671387	64.79550934	0
Q504P2	15.08276844	8.147240639	0	0	4.012979031	0	71.16352081	21.01432991	0	0	0	0	0	10.36061668	0	0
Q505B7	413.0357361	231.4829712	428.1143799	240.2917023	272.9596863	194.2632599	394.9580383	472.5590515	183.921524	632.1824341	271.0682068	410.6839294	242.8605957	298.8220215	306.2323303	520.2698364
Q505D1	46.41566086	43.96540833	53.65246201	66.27191162	67.92970276	32.91213989	32.56266022	35.06884003	46.87965775	47.14700699	47.35877228	45.99962997	84.52077484	40.00796509	47.72609711	0
Q505D7	410.8318787	380.4440613	623.2641602	576.1239624	270.6790466	372.1279907	297.2757874	308.6877747	563.6977539	480.6220703	387.6871948	342.3749084	454.1083984	364.6423645	474.2653198	433.2422485
Q505F5	224.6616974	198.4038696	226.4011688	199.053772	125.0823669	217.7311249	204.3149872	194.7536774	127.6035156	194.4300995	184.0853119	269.1905212	200.9711609	169.2128448	218.6794739	220.6306915
Q52KI8	128.4997406	145.4303284	138.4609833	198.150528	148.3501129	135.7128754	252.47966	122.7843475	160.1907196	115.4372711	161.3823242	173.3648834	103.1356049	110.1520309	120.305069	67.27009583
Q566J8	159.1425781	79.19892883	139.5602264	150.0275116	93.5201416	108.9851379	212.3139954	121.8988495	33.14886475	72.14150238	101.922905	123.6676407	110.591156	89.08712006	51.12334824	124.2649231
Q569Z5	129.8939056	113.8859253	95.29341125	140.3232117	118.9693909	136.2428894	164.1480103	114.910202	89.23841858	132.581543	138.0451813	100.8269043	76.37299347	102.6038818	125.8953171	183.1087341
Q569Z6	90.70521545	101.2837296	92.49630737	93.88238525	74.06650543	143.5494537	99.99262238	92.53594971	75.47967529	90.74009705	124.7450027	80.36797333	50.16355896	71.24342346	92.95066833	145.3580933
Q56A08	32.91613007	115.7919998	0	35.24102402	38.88766861	55.68127441	87.57489777	56.78469086	53.5948143	70.41712952	60.39302063	34.35080338	58.72767258	58.32891083	58.60181427	0
Q570Y9	240.7445679	297.6304321	328.0396729	410.9107666	406.5644531	320.4822388	257.5953674	481.7372437	400.0728455	406.997467	313.6727295	513.8441162	459.7031555	407.31604	386.2469177	580.9335327
Q571E4	169.9944458	173.3107147	187.859726	160.7901764	272.0768433	306.1304932	332.3044434	226.3517303	274.0981445	188.0308838	250.6690826	254.8437195	279.2943115	217.2703705	252.2934875	239.7051086
Q571F8	2186.071289	2798.351807	2846.12085	2765.768555	1354.751465	770.5110474	548.4345093	711.617981	1088.997437	1220.749146	1088.928467	771.7107544	967.3137817	1240.62854	1317.0896	1120.649292
Q571I9	502.0216675	510.3165894	454.8379822	493.6802368	346.3860168	430.3960876	566.1950073	644.7183228	516.3830566	480.263916	412.8251953	493.5351868	441.466217	413.5974121	453.0302429	607.8795166
Q58A65	143.4490051	129.6229401	163.1404419	180.9414825	157.0883179	159.7340088	258.6854553	168.1926117	136.4185791	166.3074036	106.6711426	164.2763062	192.2390137	136.4065399	157.5987549	137.2553406
Q59J78	258.7223511	205.2055054	232.2872009	209.6833954	156.2104797	290.4031982	156.8845062	149.6193237	111.8135452	118.5188141	313.9628601	168.4189911	172.7462006	250.1406708	263.3008423	150.9088898
Q5BL07	84.35167694	105.1269302	109.5018692	134.7844696	118.2241516	124.4971542	84.44026184	132.9754639	103.0126877	101.7905045	93.51995087	117.1348267	89.3032608	96.09069824	109.482132	260.7140198
Q5BLK4	138.1353455	63.8818779	93.72703552	86.74166107	62.31904984	30.13744736	224.960556	60.88810349	91.4197998	38.3782196	502.0045471	319.816864	113.1400909	49.51948166	63.38350296	0
Q5DU05	79.36359406	157.7572174	89.7205658	42.24822998	41.88708878	0	0	0	0	27.68499565	71.90866089	30.99790573	0	23.15506935	53.52075577	0
Q5EBG8	665.4828491	417.524231	424.4572754	661.7297363	372.5268555	482.2139587	506.9613953	556.2570801	454.6933899	491.0201111	380.2913208	500.9589539	588.5453491	453.1427917	528.6794434	258.8049011
Q5EG47	131.9940033	95.10839081	172.2869415	142.5715332	184.1878204	92.33435822	171.3439789	116.2453918	178.523468	118.123703	143.3578186	147.7792664	150.3558655	72.0868988	170.6791687	0
Q5F285	1399.025879	1713.041382	1047.325317	1239.199463	905.6994629	1360.58728	1415.028687	860.1350098	1035.500122	525.6779785	1299.115967	1265.774658	1345.257935	1464.613892	1426.024536	754.5332031
Q5F2E7	45.50079346	87.44733429	0	83.14616394	182.2974243	47.19966125	108.6220779	151.9931946	110.3567581	129.2937927	18.78490257	81.90951538	98.40427399	51.37273407	38.69428635	0
Q5F2E8	109.3289032	97.69715118	58.48923874	79.19404602	68.86319733	36.13544846	94.47782135	125.4098969	110.3557129	78.97151947	74.50713348	109.4226532	91.65924835	124.5623093	120.129425	135.5311584
Q5F2F2	9.23960495	39.72681046	50.45674133	19.63905525	28.22356987	45.23196411	33.36046982	73.62464905	41.95822906	44.18509674	0	37.17684174	82.47560883	15.69525337	35.13437653	59.37186432
Q5FW57	2874.51001	3174.078857	2653.958496	2789.246582	1130.045898	2554.013428	1519.418579	1834.303467	2503.968994	2083.147705	1801.832031	2504.201172	2176.49292	2697.193359	2530.049805	2765.85498
Q5FW60	1814.477051	2312.486328	2879.633789	3734.489014	3703.860596	2505.235352	1579.946655	3636.336914	4336.178711	3111.639648	3268.421387	2931.518066	5294.861328	3210.320801	4688.512695	4765.125488
Q5FWI3	26.78351593	0	73.32526398	69.68164825	64.73613739	45.22762299	98.21060944	76.69667053	0	81.00445557	93.96457672	50.63998413	49.81079483	62.64608765	16.65708923	37.56544495
Q5FWK3	148.6818085	131.5298004	126.6276093	161.0593414	258.7106018	104.5198212	451.097229	209.4708252	113.6467285	162.8252716	133.5709229	196.9920044	154.3107605	202.7534027	195.4027252	218.3410034
Q5H8C4	41.01527786	22.13654709	22.35127449	95.74972534	26.87226486	51.60983658	80.40396118	22.49823189	84.1936264	23.42684937	22.59188652	66.9807663	30.6496067	18.42764664	22.44699287	0
Q5HZI1	130.1003418	113.2120972	37.72333908	128.3388214	43.15549088	90.63624573	11.62395096	73.28694916	70.16365051	101.7137527	96.97051239	79.18749237	70.01681519	123.0447006	123.9741287	0
Q5IRJ6	124.7457047	151.9972992	99.29367065	80.88322449	76.62518311	120.4632263	68.80685425	50.26811981	302.8734131	133.3356018	70.91074371	151.5098114	179.6710815	112.4813614	65.28993225	0
Q5M8N0	125.3924026	83.23516083	77.06987762	68.82572174	140.7178497	0	83.93684387	118.8594513	89.66500092	49.53554916	107.0617371	0	38.05877304	0	279.2828979	0
Q5M8N4	114.1410294	124.9912338	92.0952301	82.34666443	82.35955811	107.8973312	104.7287521	148.3654633	60.99283218	125.7744751	141.5955963	123.7909851	119.4841995	128.9902039	120.3749084	188.0077972
Q5NCF2	82.79747009	137.4408875	80.77646637	76.33061218	143.0787964	69.58390808	67.38886261	106.3223877	80.11669922	90.93784332	102.6127167	29.99434471	194.1831512	114.7456512	63.24378586	164.1907196
Q5ND29	64.18424225	66.79164886	73.87215424	96.32000732	38.90256119	61.45649338	36.75218964	81.2450943	67.30447388	93.47816467	37.02019501	95.11938477	61.15246582	63.0335083	72.54585266	180.5958099
Q5PRF0	0	0	0	0	19.88904762	49.57622528	149.4381409	109.9421234	40.14706421	27.36388969	0	0	63.07378006	64.23727417	23.27015495	0
Q5PT54	82.40023041	208.1918182	85.25099945	91.27770996	272.0901794	100.179924	0	0	125.3387985	0	0	117.7363129	197.0855713	38.28559875	54.48186874	0
Q5RKZ7	897.9025269	813.2022095	671.9345703	835.0691528	596.564209	718.6342163	582.7495117	414.2671814	700.6559448	538.9491577	790.8737183	670.3712769	522.4904175	781.8295898	824.9796753	938.8529053
Q5RL79	130.7475128	69.15765381	82.09883118	98.50148773	90.64356995	11.36908722	54.04863739	94.20491028	110.6391678	58.3680954	108.7099533	101.8478317	57.56563187	54.56358337	100.8267593	0
Q5SRX1	65.70133209	115.5200348	92.08835602	83.69302368	114.6203918	100.4065323	120.8992844	140.0840302	79.76306915	63.21292114	58.17015076	142.4846649	89.64357758	38.1472435	103.8281326	13.39497852
Q5SS80	33.29640198	9.315136909	43.198349	47.17451096	41.84579468	26.84736061	65.00727844	75.04527283	27.70025635	28.33083725	20.17004776	23.35791397	21.73068047	31.88788223	43.96202087	0
Q5SSH7	56.79312134	51.8887558	32.71438217	44.8682785	49.58345795	38.77799225	84.23149109	74.91760254	65.9807663	52.77941132	77.41571045	91.78004456	53.77295303	61.00036621	88.65938568	0
Q5SSH8	0	92.55758667	66.61486053	160.4375916	100.6068192	63.10042953	101.5304871	68.47142792	45.46006012	130.1255035	108.2116394	207.171814	152.0157166	80.33623505	78.76042938	0
Q5SSK3	295.1561584	961.026123	595.6260376	604.6630859	278.8101501	331.175354	184.9777832	227.229599	395.6548767	524.9569092	347.2835693	230.3470917	564.1331177	486.2330627	329.9638367	1185.810547
Q5SSW2	126.098175	137.8187408	94.84059906	150.0740814	120.4195862	156.0337067	152.3504333	57.07412338	123.5682755	125.1680603	196.3578339	135.4672852	135.6427155	117.3248672	53.73747253	182.2921143
Q5SSZ5	144.2387543	168.4829254	234.1447449	137.2639313	194.2722321	70.48245239	285.1616211	184.5343933	172.8824463	106.374527	151.9564514	106.9179535	72.14984894	72.95718384	129.8315582	211.7126312
Q5SUA5	0	19.36121941	0	23.2555275	46.667202	0	131.1049957	20.06949043	15.98095894	11.67821217	37.68637466	0	0	55.35754013	0	0
Q5SUC9	256.0157776	288.2282715	149.3875427	178.341095	116.0100403	167.626709	221.6242065	51.09677887	246.8512268	216.0734253	188.8470612	132.8339996	144.1047516	65.78842926	124.8773499	431.2304993
Q5SUF2	73.41583252	182.4072571	119.2839508	0	177.7992249	122.9606552	76.0955658	126.8357239	169.252533	64.35360718	178.8291626	60.73719406	94.55773163	17.68148041	45.45080948	0
Q5SUR0	187.9718933	209.4839783	197.8119965	247.4891663	203.8301392	214.4910583	357.5332642	235.8425751	247.4427185	217.9021149	271.9670715	278.206665	186.6768646	193.4399414	239.6867523	161.3937225
Q5SVR0	69.7634964	29.37846756	73.59713745	74.51473999	38.86878586	66.55405426	85.29374695	94.02040863	82.82013702	43.90718079	66.81066132	65.33308411	91.08802795	91.44036865	59.8662262	127.6673355
Q5SW19	737.704895	664.5023193	635.0693359	750.166687	596.4721069	725.3083496	503.8925781	637.0663452	691.9607544	621.8233643	695.2390747	701.3168335	628.347229	684.2791138	655.4160156	619.8508301
Q5SWD9	42.10160065	5.72535038	27.39046097	66.42051697	33.51766586	30.96393394	78.02420044	38.71874237	0	48.67544174	34.35271072	23.90002251	75.35134125	22.07830429	58.81726456	0
Q5SWU9	699.7613525	562.4619751	843.3353271	811.9188843	849.6947021	597.1109619	743.3497925	854.015686	644.2008667	651.7126465	754.0175781	717.8219604	726.5332031	637.6963501	859.6535034	761.286377
Q5SXJ3	546.6585083	77.18025208	194.1488342	387.659729	73.23591614	0	0	294.0871887	291.0098267	399.8591003	0	388.0353088	265.7252808	178.1803589	397.2556763	386.5557861
Q5SYD0	98.05107117	121.2546158	111.2143173	98.20665741	162.3863525	56.23625565	144.8726959	142.9304962	123.3514557	84.08795929	110.1730881	102.0302582	148.8034973	87.43160248	95.16475677	96.1253891
Q5SYH2	49.97533417	0	47.24170685	46.9944458	69.66090393	0	205.7910614	93.6412735	0	6.831145763	36.50043106	23.06538391	94.43409729	52.57660294	32.99873352	0
Q5U430	27.58277512	70.08394623	95.2456665	46.6927681	28.6122818	39.81290436	58.90647125	37.07566452	62.87068176	28.42018509	33.41857529	54.00979996	50.50377655	28.24467087	28.1411705	0
Q5U458	479.4890137	629.413147	527.3394775	481.6968689	309.4611816	556.3635254	346.9617615	398.0374756	575.3701782	547.8943481	353.6082764	431.2727966	462.0298462	509.7536926	597.4833984	472.6519165
Q5U4C1	578.8986206	288.5631409	218.6733246	385.8834229	374.3642273	327.5962524	306.1888733	522.5565796	100.5771179	165.3718567	326.7976074	262.3431396	361.9582214	337.4927368	64.84094238	153.6550903
Q5U4D9	58.72463608	157.7267303	39.64296341	128.1513672	121.7348557	65.01983643	73.20979309	99.20760345	44.18453598	128.450531	77.89365387	96.2877121	147.8095245	66.61510468	75.78633881	0
Q5U5M8	68.04000092	146.1307678	14.15098953	33.76324463	111.3250198	141.7283783	95.811409	93.55994415	0	76.3644104	60.64792252	89.21327209	110.0287399	45.22740173	127.9999161	118.677124
Q5U5V2	568.4573364	559.928894	554.499939	529.1169434	641.5063477	677.5653076	565.0945435	470.3471985	732.2023926	602.3078003	598.2808838	697.7874146	710.3474121	525.9138184	639.1965942	433.6404419
Q5XG73	681.0341187	553.6264038	497.7427979	599.3776245	682.2409668	709.6994019	678.529541	674.9267578	505.7819214	596.4573364	684.5773315	687.2557373	731.2644043	613.7409668	572.4042969	715.6706543
Q5XJY4	164.5755615	224.8512115	122.3777542	217.4174042	171.3973694	156.6996918	170.1331177	174.1954346	113.9655991	175.4021912	197.2922821	155.8204803	120.2670898	239.3815918	177.3926697	113.1009598
Q5XJY5	1080.312622	1260.359497	1099.515869	962.2922363	1418.660889	1059.240112	1484.427612	1119.609375	934.3494263	849.5765381	918.8610229	1331.370117	1001.002686	1011.903625	1088.504517	1228.452271
Q5XKN4	156.9628448	155.1360321	193.2223969	154.6511688	118.6840134	242.1378632	206.1090698	82.96085358	64.57643127	155.8579407	124.8709259	187.9154053	293.0146484	215.1769104	270.9733276	0
Q5YD48	484.6489868	488.7717285	541.4512939	443.4230042	446.7718811	568.9892578	305.3068542	605.8922119	594.3312988	619.505249	558.1758423	533.5413818	568.0706787	508.8326416	424.4667053	596.9075928
Q60575	217.3746185	222.6390076	197.4862976	160.2518768	175.2629089	152.9142609	150.6091003	143.8121033	140.2071228	206.5582733	218.6208801	138.3497467	238.2555695	269.274231	329.2589111	84.34017944
Q60590	539.1884155	671.9140625	337.9252014	304.1375122	272.1525879	512.2963257	896.8103638	848.0252686	357.0261841	468.7619324	342.7846985	687.557251	329.1126099	500.1972961	562.0671387	505.0577698
Q60597	2836.851807	2286.619873	2142.541504	2518.844727	2094.099609	1887.440063	2124.241455	2038.258179	2118.268555	2281.283936	1992.775146	2336.682373	1916.66333	2343.180908	2361.850586	2181.288574
Q60598	738.7294312	664.6394653	525.4639282	559.7807007	720.9572144	532.8202515	844.1738892	444.7434692	251.750885	666.5332031	649.2374268	626.1155396	639.8001709	687.1139526	625.7109985	368.3766174
Q60605	2564.06665	3213.47168	2640.874268	3058.113281	5515.399902	3163.113525	9594.038086	4328.507324	3618.452393	3585.904053	3640.715088	3677.792236	3240.552734	3815.539063	2956.140869	4322.431641
Q60631	150.5430298	154.1628113	109.7407608	144.3261108	211.8247528	120.2969971	342.8597717	191.0494385	201.2787933	263.0315552	239.266037	183.3114624	157.6994781	197.9720154	152.7210541	208.8854828
Q60634	124.9903793	173.1133118	145.8858643	150.8656311	139.3502502	102.0522385	238.1503143	185.3813019	127.3665695	165.5010834	140.7089844	167.2392578	160.8996735	161.8430634	101.926033	232.9481506
Q60648	288.6506958	263.069397	338.1165161	338.2730713	502.2686157	306.7633057	383.4605713	374.2277527	231.158905	241.4227448	312.5963135	342.9447632	446.6407166	416.9610596	389.0975952	218.7839508
Q60649	134.0434113	225.2966156	111.4182053	211.4450226	171.8379059	229.9366913	225.5842438	195.0866547	139.6303864	171.4694824	183.5515442	220.5568085	198.9762878	115.3941879	196.7442017	227.3986969
Q60668	2038.235596	1204.931641	2276.950195	2593.562012	2522.768799	2159.584961	3506.259033	2342.814941	1833.998657	2264.860107	1970.463501	2454.002441	2733.713135	2351.788574	2519.445801	1670.174683
Q60674	1225.981812	873.2215576	1317.723633	392.7096863	970.8326416	1294.604492	1197.797119	655.8069458	1234.229858	1427.064209	455.4173889	764.6245117	758.9163208	720.2318726	1285.201294	459.7988281
Q60676	86.75404358	169.5970459	217.6598969	245.5696716	195.307251	113.0431442	179.043808	195.7279053	158.691864	176.2415161	226.7610626	111.4190216	85.89861298	117.4296341	148.6455841	140.079071
Q60692	745.1803589	675.9689941	940.8280029	531.2235718	823.4383545	564.0338745	1462.968506	621.1668091	1112.112427	730.1550293	921.9919434	927.1694336	702.0487061	818.9936523	776.7481689	1490.410522
Q60710	425.0989685	466.4616699	400.9161377	527.4017334	703.6555786	544.2155762	1363.794067	916.8861694	481.4273987	615.4967041	415.223053	600.6534424	450.1961975	568.0145874	603.9766846	312.8973389
Q60714	71.83653259	54.51300812	100.854454	77.51501465	0	116.4435654	153.717514	38.77793121	147.0842133	104.1920013	81.24880981	89.60398102	64.75977325	53.17235184	103.7103195	0
Q60715	16.76786041	181.1292877	11.12745953	0	79.34989166	22.60536194	132.7404022	3.635524035	0	51.13715363	170.3326416	0	48.62218094	22.78821564	28.19973755	0
Q60737	677.9638672	604.5864258	633.2196045	637.0318604	690.026001	733.5675049	948.0440674	735.796936	788.2738647	705.2315674	745.0270996	684.4539795	676.7658691	701.9834595	766.3067017	656.8615723
Q60738	243.5010834	0	90.17224121	66.54429626	263.5059509	50.07738876	383.5944824	337.0545654	169.641037	112.1142502	120.6622086	68.28658295	69.04797363	190.1666107	21.87923241	0
Q60739	169.4917297	60.71730423	85.61571503	86.66933441	98.22202301	86.1102829	126.6229858	73.16171265	154.9821625	130.882843	88.59386444	110.8521881	99.26154327	81.72723389	172.1072388	171.6512299
Q60749	580.5475464	451.3733215	488.1733093	266.8171387	799.6988525	548.1907959	1001.886292	463.9338684	557.9491577	273.9283752	586.7471924	455.6823425	510.5123901	463.7986755	597.1196899	443.6855164
Q60754	143.2140198	0	0	0	89.54058838	0	0	29.22431755	20.28816795	0	0	0	0	0	0	0
Q60759	10884.99805	10550.62793	10345.88184	10375.14258	5986.031738	8143.387207	5252.730957	6125.180664	9042.132813	8079.835938	7420.151367	6940.164063	7590.100586	9140.311523	7896.833984	6359.146484
Q60766	402.7530518	439.2445068	435.4310303	498.1893311	652.072998	473.63797	701.0976563	1353.835449	653.6295166	674.9671631	594.7299805	474.3661499	369.2078552	705.7688599	1045.085327	433.5991211
Q60770	86.44539642	130.5946503	89.64524078	100.56353	132.583786	90.75513458	115.947052	114.3050613	101.2012787	84.452034	74.20492554	110.8166809	107.8601379	84.33742523	94.59312439	179.7147827
Q60772	12.58573437	35.72006226	16.53243065	25.90530396	76.36991882	23.6673317	78.82944489	21.13149834	6.996439934	61.76720047	34.6319046	56.9168663	33.10822678	21.7412262	43.68366623	0
Q60787	27.30334663	0	0	0	38.37303543	11.58911228	65.1266098	32.1662674	11.36299896	0	0	22.7927742	0	0	0	0
Q60823	131.2895355	170.0917358	58.35070419	164.7174072	86.07846069	162.0792236	149.5445557	90.78186798	134.7006073	98.79602051	163.5165863	120.8832397	145.0630493	169.4217987	140.6707764	191.7374115
Q60854	538.9125977	474.596405	463.8608093	521.3040771	957.6630249	582.9707031	1056.400269	709.0010986	835.5988159	652.4659424	601.5603638	780.1642456	762.1051025	712.6882324	647.75	773.6161499
Q60855	386.146637	330.4916077	221.6948853	243.7186584	239.6729126	269.0491943	213.9958801	430.4199829	300.888031	181.0466614	205.5640717	307.6110229	257.9187317	367.0437317	316.0328064	551.8571167
Q60864	1917.365845	2013.956177	1586.760986	2010.544312	1971.727295	1804.05896	1714.806763	2503.831787	1664.209106	1972.319458	1885.766724	1755.723389	1550.554688	1701.035156	1857.118896	1601.561646
Q60865	513.9454346	555.2307129	465.4071655	565.7133179	601.8551636	791.762146	701.37323	534.5515137	514.0811157	341.6787109	637.2358398	647.619873	595.9036255	578.1316528	677.4038696	609.3499146
Q60866	968.5476685	725.6734009	998.1796265	980.0421753	1021.99054	754.3145752	860.0304565	955.6022949	791.3389282	1089.029175	1148.719971	1084.029053	1156.469971	885.2520752	1000.876526	1156.260376
Q60872	181.0328979	103.3935776	213.6095428	142.947403	236.5825043	305.1899109	264.0325623	215.5105896	200.7730103	142.3735657	105.2081451	292.6602173	167.0776825	162.8573151	240.4732819	246.8952332
Q60902	214.8939362	204.9835052	145.3089905	281.1066589	332.0484009	189.5414276	255.6662903	240.8843384	156.1792755	222.0275726	192.6257629	228.5974274	174.5827332	215.1083527	198.974884	95.20563507
Q60930	2887.705566	2477.255615	2534.414307	3328.686523	2888.964355	1812.381104	1804.265259	2103.246582	2416.417969	2734.245117	1803.713135	2245.763428	2254.510986	2760.565918	2231.196777	2987.98999
Q60931	1667.920776	1630.179077	1433.783936	1638.970215	2051.221191	2004.001953	1816.313232	1672.428223	1608.314209	1586.880981	1890.179077	1725.053955	1488.666382	1786.093872	1724.619141	1575.296387
Q60932	5189.092285	5765.238281	5810.606934	6029.428223	5549.059082	4601.01123	4463.035645	4438.000977	4138.536133	5028.903809	4837.243164	5116.523438	4809.841309	5345.571777	5954.805176	6597.347168
Q60936	1718.595093	1971.416382	2082.82959	2084.96582	946.6829224	1201.567017	501.6955261	911.3144531	1302.402832	1536.071777	1421.780396	1099.355103	1341.944824	1523.849243	1487.173218	1449.167969
Q60953	117.3999405	170.8798981	84.27642059	270.488739	272.5661316	206.6625366	177.4844971	233.7857971	331.4896545	200.8645325	267.067749	205.05513	98.42266083	306.8369751	153.266922	0
Q60960	106.4842072	154.3298035	140.1250458	143.4212189	98.68279266	144.5455627	175.9608765	126.5791855	131.9514771	77.29162598	140.4283447	107.3352814	127.091423	154.8205566	124.3972778	166.1586304
Q60963	0	0	22.20584297	0	0	0	120.6759567	42.88140869	0	6.201795101	0	26.18026924	29.82159424	0	10.99270058	0
Q60972	481.8227234	357.3965149	374.4950867	542.4940796	637.3375244	522.3981934	870.9570313	392.6123657	480.376709	333.1653442	519.9771729	580.7943726	344.5743103	463.9544678	429.0848694	526.2285767
Q60973	53.27463531	58.21615219	40.09473419	50.51702499	116.3093262	86.54034424	100.782608	89.94129944	78.40614319	59.57736206	70.63197327	65.84505463	14.79046631	28.50456619	26.44295502	119.8070908
Q60991	1366.333008	2075.388916	1848.915405	1472.897827	684.2840576	3664.754883	806.6682739	2070.238037	2604.87793	2983.785156	1517.037964	2358.466064	1550.953369	1970.064575	2693.222412	1670.336304
Q60994	118.2324524	214.5338745	85.44101715	84.62200928	174.0862122	119.3833542	59.40150452	69.53818512	94.55402374	62.52208328	134.2800751	208.3454895	91.76409912	78.14037323	75.18962097	92.46229553
Q60996	96.99182892	90.93554688	34.64937973	89.85945892	102.5451889	25.2132988	123.0479889	20.23726273	42.25413132	52.90723801	110.3303375	51.21938324	43.78343201	46.88604355	276.2957153	88.79869843
Q61001	27.20420074	21.00609589	0	43.56011963	94.4095993	45.45352554	44.89415741	50.03432465	47.05236816	13.68910694	14.2586441	31.63447952	30.57839584	82.78399658	43.67631531	0
Q61009	811.6211548	1007.42218	719.2750854	833.1237793	788.4076538	890.6348877	994.6777344	839.6109009	936.4223633	841.0640869	817.3098755	939.8743896	849.5852661	1098.843018	1018.608337	391.1678772
Q61024	69.81513214	58.78371811	144.3069611	29.93940163	112.8670197	364.6090393	231.4419556	313.5499268	62.96806335	253.0389099	241.2829437	382.1148682	188.8133698	204.3466187	52.10406494	248.0965881
Q61029	235.8252716	278.8378296	81.59586334	158.3917542	169.1680756	126.4826813	196.6595306	133.9513092	215.1914063	74.36235809	91.67222595	188.2515869	299.6537781	62.45086288	252.6777954	137.1817474
Q61033	321.5527344	217.6903076	408.8551636	265.0314026	390.0248718	247.9844208	621.7774048	381.9759521	255.3439331	246.5111694	292.0022583	437.5144958	330.9335022	281.0003052	244.8607483	136.2312469
Q61035	632.1608276	664.5036011	749.1282959	498.9583435	717.5736694	671.5759888	830.7260132	833.3206177	636.1533813	672.6080322	666.7197266	686.5911255	675.0823975	622.1166992	587.0708618	841.5202637
Q61070	355.4197693	222.7602844	262.4269409	332.9463501	464.2287903	268.8304749	339.0307617	350.1389771	265.7921448	108.5169067	408.8666687	586.6533203	139.8994598	187.8670502	441.8530884	525.2602539
Q61074	261.1991882	196.2238617	195.1289215	330.0101624	383.0155945	346.4965515	402.5056458	310.939209	271.6915283	179.9202271	302.5185547	382.3806152	304.6654358	290.0793762	360.5188293	288.6622009
Q61081	492.446106	487.2655029	369.4224243	502.0822144	549.1456909	355.716217	743.7700806	426.1417847	487.611145	546.362793	522.3056641	538.6136475	413.3095703	505.0450745	426.4110413	870.5402222
Q61093	84.02645874	122.0114975	54.26618195	207.3825684	114.1635284	214.0654755	374.9298706	239.5074921	87.46941376	45.43844223	100.6303635	166.7834625	79.11457825	108.3037262	70.3094635	319.7041626
Q61096	0	0	0	0	0	0	464.0156555	0	0	0	0	0	0	0	0	0
Q61102	302.0831604	420.974823	262.1643677	302.8214111	172.8357697	267.9376831	258.4397888	265.6700134	336.5272522	337.9533997	332.3232422	266.4665527	251.0424652	271.4200134	373.9907837	343.8522339
Q61107	0	6.184407234	0	0	46.37405396	45.87798691	98.771698	84.42036438	15.31003284	0	29.75303841	11.6762476	26.36509323	115.5813446	42.38901138	0
Q61112	95.92790222	38.16463089	15.27655792	56.39590836	35.73764038	52.28766251	53.31259537	18.86132813	11.8083849	31.42896271	44.39982986	68.62466431	30.92770767	60.11958694	17.93672752	77.90712738
Q61129	92.65616608	180.3170013	79.6966095	12.94371223	74.06961823	130.9154663	128.6799164	99.38900757	74.10913086	97.68702698	88.19581604	98.42925262	60.49691391	79.0511322	94.18847656	504.5372314
Q61133	1492.345703	1953.067505	1882.093018	1946.155762	1279.115845	856.5569458	1347.633179	829.2093506	996.9273071	1009.991211	1032.065063	1133.531006	1035.700195	922.6525879	1167.475342	1961.662476
Q61136	25.66319466	62.62885284	42.92834091	71.41716003	31.47559166	23.50553513	51.35276794	40.01899719	51.18332672	79.36590576	61.00262451	51.61657715	53.07511139	64.77036285	40.15270233	78.61753082
Q61147	383.472229	622.0549927	400.7619324	418.7459106	819.3965454	582.5220947	1528.835083	725.6287231	536.4971924	466.3875122	498.48703	557.5270996	530.4660034	555.8804932	529.0209351	737.2561646
Q61151	69.44332886	61.53092194	39.77828979	74.62643433	73.36765289	89.23274994	85.01397705	81.97229767	64.4043045	30.69770622	26.82853127	42.04790497	26.12327766	94.48918152	56.47301483	178.3457947
Q61153	143.8085022	0	0	30.92589569	91.96800232	85.34225464	40.81578827	97.92899323	94.86232758	67.4549408	35.89949036	111.6783676	48.75083542	66.99924469	147.5689087	0
Q61160	83.09685516	62.26673508	100.0435791	99.47468567	122.7452698	82.65984344	124.9860153	46.95504761	66.46656036	101.9156036	42.69813919	68.27513123	42.37355423	101.8932877	102.5402451	0
Q61166	87.40384674	145.7782288	107.5190811	68.55181122	119.4952469	153.1186371	198.9899902	142.2455139	123.6180649	79.95126343	133.1274261	90.72799683	115.9002609	112.9882431	84.90936279	194.7920227
Q61171	9169.237305	10222.10059	9683.727539	7524.387695	8768.224609	8699.498047	9368.801758	7597.225586	8006.469238	8704.3125	8617.926758	11563.45898	9007.902344	8147.333984	9025.985352	11650.07715
Q61176	69018.82031	75020.83594	70998.32813	62894.88281	62925.51953	59344.60156	39299.5625	45639.44141	54359.53125	52549.80078	55176.16797	52086.66406	53194.90234	47792.08203	57388.68359	73462.10938
Q61183	60.37738037	0	104.5356522	75.11201477	83.78948212	82.6248703	125.1534805	82.37248993	0	77.55417633	101.3037033	126.5917664	92.08083344	94.74129486	19.96178246	0
Q61187	89.90942383	171.2988281	105.5354691	112.1402664	119.0372467	173.3755341	144.6511841	180.0892639	105.3388519	138.3242493	116.8512726	88.6822052	112.945343	83.96590424	122.5352707	270.1275635
Q61189	70.38054657	72.56803894	42.78223038	45.86863708	58.1671257	35.48990631	43.35166931	119.8570633	103.3278885	91.63329315	49.22737122	97.41371918	90.16893005	82.24620819	81.57102203	315.5288696
Q61191	86.62797546	82.97706604	110.0884933	81.48997498	149.4323273	66.32671356	185.4490204	108.2847977	105.9123535	110.9080353	61.09132767	91.06864166	99.42855072	111.8160553	110.7023697	78.4937439
Q61194	58.44848251	35.44288254	35.48663712	38.35383606	85.17202759	94.85282898	24.3881321	29.13989258	37.57484055	26.57474518	29.29436111	0	26.79834175	19.81056023	88.75086212	102.5470963
Q61205	177.5299377	79.42086792	257.5130005	116.4508133	303.4394836	133.1085815	355.7447815	99.31110382	249.9445648	217.3406067	175.2925415	219.7233734	93.01850891	94.72742462	101.4837723	224.1342163
Q61206	370.8988037	746.3137817	898.2128296	655.4498291	960.633667	508.086853	904.9090576	758.1445923	420.1943665	528.0635986	773.2260132	955.0944824	664.807373	663.6548462	718.869751	784.8931274
Q61207	79.39241791	133.890686	32.85194016	25.00646973	156.0845032	96.95992279	228.9774323	187.4469452	77.73077393	92.44541931	103.4557037	86.33130646	104.8670044	110.2151794	110.3560104	268.9619446
Q61210	246.7515411	177.239975	212.9854736	99.55258942	228.6622925	230.2095795	380.7896423	252.8173523	177.8541107	198.2841949	154.0812073	198.1587219	196.1635742	134.5357819	154.0639038	289.0617981
Q61211	28.94468689	11.83098602	44.41321564	18.96600151	53.89717484	19.60227966	81.15615082	13.97379589	13.34255695	60.50570297	33.58238602	26.03266144	45.68412399	28.62533569	33.11681747	0
Q61233	3383.006104	3419.022949	3424.978027	3337.544189	5366.032715	3948.800049	12652.53613	6093.805664	4367.657227	4110.94043	3912.169922	4402.513184	3613.082031	3848.778809	4136.893555	5030.884277
Q61234	53.45109177	61.50234985	65.93848419	29.3812561	87.15325928	15.34169102	0	57.26718903	185.2061615	36.5184021	100.2605667	63.51264191	80.29808807	73.74504852	53.72445297	0
Q61235	214.8186188	175.7643433	244.0791931	285.4963379	396.0884399	349.6264038	552.2331543	250.7192841	254.4268341	395.8717346	323.8707581	301.4657288	288.3384705	375.7390137	208.8226776	260.5332947
Q61239	175.8873291	118.2753906	84.25978851	107.0795975	114.4998398	99.77297974	143.5180664	133.6859589	137.2896118	105.8310471	102.0681229	123.7447586	86.30814362	93.08628082	156.9260406	149.7398224
Q61247	222.4529266	357.70047	221.8760376	201.3188782	171.7260895	176.1245728	748.064209	239.2142639	270.7908325	169.7213593	215.0534058	213.6294861	202.7754364	254.6811218	220.380661	341.5053406
Q61249	225.9654999	310.0643311	315.6327515	225.6006775	278.8294067	351.2254333	389.4016724	375.6231995	319.3555603	314.1644897	282.4116821	299.5119629	382.9110718	309.4300842	264.2640381	387.9145508
Q61263	0	0	48.10613251	0	155.743515	0	280.1277466	88.50721741	0	0	0	73.12605286	0	0	0	0
Q61268	409.1383972	339.2376709	603.6724243	539.0955811	168.5731049	369.0228577	129.3535461	172.5444794	252.9623871	257.4023743	249.670166	299.8495483	261.6147461	376.4008789	418.0826721	145.5762787
Q61285	34.10216141	54.43904114	0	7.862434864	167.6421356	38.00103378	58.24998856	36.65047455	0	0	0	23.01687241	43.17183304	10.71120644	0	0
Q61292	88.10139465	53.09756851	90.09970093	108.5123062	109.021225	103.6299667	135.5266876	66.88689423	120.7023087	109.8632889	148.209137	120.3448868	140.5535431	100.4740067	61.36851883	0
Q61316	1305.212769	1322.56897	1044.493652	1288.140747	1387.016357	1480.111938	1840.041016	1620.064453	1396.134644	1288.170898	1401.490601	1561.409546	1522.653931	1328.307495	1457.808716	1495.747925
Q61335	229.7068939	394.4413757	203.5158386	433.1940308	453.174408	287.2047729	479.2202148	436.3819885	142.3513184	312.6858215	183.2563934	156.0477448	386.3154297	299.3380432	156.9530182	158.7677155
Q61387;Q99KD6	126.5758514	88.4305954	143.4929047	50.47178268	106.379425	96.33348846	117.5404434	102.4823914	137.9234772	136.149765	77.87888336	47.95586777	47.2122612	72.77874756	90.70545197	0
Q61391	74.8342514	61.82870483	73.78439331	156.3411407	107.0135422	99.68837738	32.81440353	77.69876862	133.4659729	92.44490814	117.0448532	125.6319427	84.77268982	75.86200714	77.75448608	227.725708
Q61409	63.9948349	63.44114685	35.07501221	40.70211792	39.52882004	47.14521027	40.46084595	74.23129272	80.15781403	69.44525909	57.691082	78.59085083	85.04279327	75.1381073	67.67113495	293.9520264
Q61411	129.5684967	116.8337479	160.427597	179.5262756	204.8818054	204.5096741	91.35726929	150.7830658	109.0091171	128.87323	183.6903229	163.7527313	121.3770905	288.5695496	78.36820221	222.2957764
Q61419	233.1329651	219.7960358	179.1346588	270.121582	212.242218	272.5894775	175.8426361	230.0319672	221.6872101	261.5566101	200.1186218	256.0338745	230.4232178	284.4396973	266.8034363	223.6573334
Q61420	155.60849	0	0	186.4522858	137.1892395	398.942627	365.3300171	308.6361389	124.3899994	144.6095581	189.7960663	147.098526	0	0	148.033432	0
Q61425	21141.20898	25800.70508	20289.07031	22995.08008	17656.54297	23655.19922	18211.14258	18855.67578	21450.78711	20632.83789	23591.57813	23201.86328	24247.21484	24921.01172	23336.26563	20833.49023
Q61490	481.5967102	556.6400757	520.1090698	390.6329346	732.3789673	518.222229	837.3630981	494.2948914	702.8536987	747.4434814	531.5354004	561.9165649	684.6526489	502.6474304	412.5794678	953.7510986
Q61493	38.81903458	0	40.72373962	0	0	0	264.8787537	244.2239685	0	94.51705933	116.5681152	113.8503265	0	102.3546066	189.8744049	0
Q61503	124.1543045	66.83081818	61.35273743	66.3682785	70.79531097	73.01098633	86.08872223	63.63689423	46.18561172	48.78700638	58.4530983	98.57606506	76.33394623	51.05788803	37.83695602	91.97913361
Q61508	154.7143402	90.55882263	83.5241394	83.56151581	98.48822021	117.6629181	129.7831573	140.4515839	151.4817352	125.1423798	182.0821228	79.15755463	210.0054779	119.4650497	139.3037872	205.2929382
Q61510	283.7532043	150.6179352	151.7034912	167.2466125	175.3315582	189.964035	204.4077759	205.3655396	155.5927124	165.5641327	181.2644806	156.112793	170.2821655	131.2793427	171.1081543	291.6221924
Q61543	150.5006256	164.3680878	93.81531525	172.0169525	242.4195557	257.5657043	301.65802	261.2764587	138.8678894	274.3755493	213.6599884	236.3616791	186.6968384	194.4087219	176.3886719	178.411911
Q61545	407.2951355	533.4466553	150.2731323	281.9395752	707.614563	589.9794312	368.4141541	314.7600098	365.8580627	354.7223816	296.8567505	378.6817932	276.2638855	351.1474609	304.0464478	285.4901733
Q61550	79.79606628	60.42776108	57.83512497	70.00099182	112.6765747	51.15668869	141.0128174	68.11277771	59.09514236	40.78077316	79.48590088	60.56162643	69.92536926	27.82800674	54.33748627	153.7203674
Q61553	49.7011261	108.532196	114.5253906	66.75723267	104.84935	71.95254517	118.1761856	102.5814362	40.50410843	160.2781677	48.71129608	77.29158783	17.53273582	46.15174484	76.66941071	0
Q61559	207.850708	183.9217377	179.5432892	108.2758636	223.7200165	167.8847351	98.65924072	157.7049255	182.8797455	135.4141998	71.71408081	170.0756378	157.9812927	187.353363	223.7133331	234.7703705
Q61576	0	0	0	0	23.4312973	3.33271122	22.88758278	0	15.96839237	0	5.364906788	0	0	0	0	0
Q61578	558.6607056	693.7209473	779.5181274	518.2526245	510.690918	581.0634155	436.6621094	528.6297607	366.7538147	489.5870361	503.3254089	426.7148743	516.552124	483.502594	527.2537842	533.5116577
Q61581	170.6752319	43.27080536	115.3726044	140.1515656	262.9928589	48.03007126	110.6690216	136.3611145	193.5770874	55.49159241	188.0091095	114.5590591	97.80127716	126.2362289	0	105.8973236
Q61584	211.9384918	178.0186615	226.759964	259.8078003	180.5138855	345.0429993	337.9514771	214.9555206	272.2730408	147.6960754	168.9976349	256.9881592	228.0171967	174.4352112	285.1531372	211.2505951
Q61586	520.9268799	622.4483643	510.1249084	466.9459839	388.3579102	322.3411255	366.2697754	413.2320557	464.3560486	395.2514343	514.046814	440.4898376	476.9959717	360.7353821	595.2533569	573.395752
Q61595	288.8456726	180.8130798	169.6483002	297.8986206	291.226593	371.7156372	288.424408	173.0894318	209.9212341	216.1604614	274.1123962	249.6419983	208.1963501	280.4020996	318.6108398	391.8988647
Q61598	4977.239258	4682.635742	4695.658203	5250.737305	5545.876465	4965.264648	6170.371094	5570.88916	4988.375488	4721.073242	4889.1875	5578.617188	4771.431641	4994.445313	4755.696777	4974.716309
Q61599	176.6834869	87.1770401	81.14925385	115.6824265	223.2998047	136.6153107	1111.013428	192.0897675	136.4897919	152.7631989	60.06378555	113.3291168	208.4804535	58.48953247	126.3887024	0
Q61646	816.2719116	842.5628662	921.2494507	1237.229248	1806.969727	2219.680908	4243.185059	2554.246094	1208.709351	1940.767822	2001.908936	2459.371582	1202.613892	1349.438965	1369.143921	1690.573975
Q61655	195.5599213	143.1386871	172.9558716	110.6201859	149.9024506	255.7162018	240.6727295	169.828598	227.7363281	156.9021912	120.2144852	134.9354401	199.1852722	139.140976	151.5188904	211.1140137
Q61656	1552.01709	1306.970947	1416.236694	1407.36731	1846.664185	1384.407837	2083.554199	2003.881592	1441.984863	1291.184326	1268.955078	1155.716553	1356.275635	1155.429321	1390.854736	1374.533081
Q61687	0	42.11967087	0	15.89595413	0	0	19.35055351	0	23.48384476	13.30584335	8.580601692	0	12.0233345	35.11182404	8.833245277	0
Q61694	2404.654541	2275.009033	2321.005615	1777.412231	131.5495758	3647.477783	442.4296265	1698.429077	3760.272217	2843.227783	1641.940186	2075.480225	1238.01062	2266.946533	2391.178711	1745.588257
Q61699	380.026947	384.1418762	377.7904663	378.2253113	391.3267212	526.4208374	486.9309387	731.3028564	461.1130676	469.947052	384.6589355	467.5269165	488.1079407	484.2190857	460.0490112	258.6065063
Q61702	267.2120056	192.3443451	195.4071808	198.3502808	265.6087341	343.6253357	425.2203369	285.3707275	225.8659363	312.4055786	143.0760956	332.5532837	285.6741028	243.5618439	255.8066406	363.6808167
Q61703	348.561554	458.2809143	314.4363098	326.2689514	610.743042	359.0264282	680.5688477	351.0473022	297.8549805	286.2467041	332.5799561	433.5332947	369.9786377	363.6671448	337.2352905	347.9052734
Q61704	52.13095856	147.6112976	66.65976715	73.58690643	65.44573212	88.30834961	259.0414734	119.8761139	65.79289246	111.276207	103.1037598	98.73821259	112.2957077	42.53108597	34.76407242	29.00475121
Q61712	231.7398987	210.049408	319.8818665	144.9301147	277.3725891	260.7575378	364.1817627	242.9013519	275.9528198	222.2185669	406.1797791	123.0832062	328.3688354	302.5740356	257.3262329	164.2706451
Q61730	109.3374557	372.7189026	94.11847687	79.76129913	157.852417	195.3194275	180.2015991	196.6465149	208.4463806	147.5528259	183.7130585	172.6249237	210.5619965	94.03471375	137.7154236	0
Q61733	157.77034	469.7831116	211.0375214	253.2253265	142.2010498	201.1114044	212.0274963	178.302536	211.9092407	193.4152374	217.3499298	126.8049164	198.7245789	204.7021332	195.4831543	82.65648651
Q61735	144.405426	251.4914398	113.7951813	179.7705536	297.1911316	287.5516663	303.3280334	148.997406	146.0388031	140.8825531	187.7120209	146.2339172	237.315918	144.762085	172.2450256	502.0849609
Q61739	7.702655315	43.93914795	6.318943024	0	47.69786835	0	46.48365784	0	0	45.79630661	39.58328629	19.1232338	35.385849	15.77374268	0	0
Q61749	116.3679199	96.08798981	94.9876709	86.51023865	94.03202057	88.38240814	100.1075668	142.4009552	77.50068665	116.1619797	136.9628143	77.63735199	109.0504913	142.021286	110.1259232	262.2232666
Q61753	0	0	0	0	67.73442078	140.4827881	129.2711334	121.6091843	30.02040672	36.17330933	118.2560272	125.8009644	67.4863205	24.34197807	25.02796936	44.65617371
Q61768	207.4984741	149.7645416	207.5257263	172.1116638	298.4751892	252.3723907	305.4966736	170.3638763	195.4712372	203.3147736	150.418808	184.346344	145.9139862	191.2970276	184.8216248	291.3673096
Q61781	3430.56665	2889.379395	14483.3623	2078.238525	3399.520264	2115.854004	3424.309814	1464.723022	3635.504639	1755.324463	1495.278687	1773.648682	3101.615967	1057.230347	1558.081421	2445.243896
Q61792	668.2495728	378.3358765	383.6661987	473.1465149	915.8922119	536.0336304	1373.683105	387.0274963	362.963562	431.6914063	484.3250122	638.7873535	671.6959839	465.2035522	556.3134766	371.7112122
Q61823	379.7564697	398.26474	186.4183807	356.9863281	297.5831299	287.3334961	258.46875	259.3616028	281.7462463	287.1092834	265.1146851	300.9358826	265.0456848	273.6459961	415.4234619	231.885025
Q61830	430.6488953	429.8126221	357.8578796	436.7203979	400.4122009	402.7820129	364.0647583	409.7693787	381.2658386	372.9530945	331.2864685	349.3657227	386.6828918	386.8733826	435.7137146	345.0587463
Q61838	3926.086182	6859.171875	4042.543213	3300.852051	4268.200195	5018.888672	6285.064941	4048.662109	4685.991699	4120.365723	3648.679443	5770.696289	3809.542969	3779.621338	3011.388916	5354.032715
Q61878	106.1098099	165.2826233	99.3480072	89.92870331	408.6947327	158.5022888	1245.943115	422.9523926	251.4602051	199.6569672	318.7638855	301.9022522	148.257309	145.5181427	351.6581421	202.2566986
Q61879	1042.622803	819.9616699	1132.019653	1029.474854	2462.369873	1246.224121	2616.798584	1232.878296	906.6309814	1339.966431	1511.291748	1274.636475	1115.979126	1181.569092	1234.779053	764.3346558
Q61881	44.08013153	118.1439133	0	25.93809891	110.6511154	45.10701752	168.9081726	59.31204224	55.75605011	26.2100811	30.10968781	42.37599945	33.98300552	32.60079956	69.98949432	0
Q61937	2805.781982	2039.831177	2913.171387	3182.663086	4630.189453	3599.995117	5461.93457	4004.445801	2766.374268	3333.147705	2656.25293	4127.870117	3043.161621	3031.106445	3065.648438	1593.472778
Q61941	0	736.0164185	0	0	812.4501953	82.77038574	0	95.66298676	0	0	0	40.92926788	0	0	0	0
Q61990	824.9663696	749.4328613	1083.192993	455.3317261	803.8779297	635.0611572	636.1430054	874.6503296	752.1380615	539.2523193	767.9588623	811.7966919	725.5038452	578.0772705	758.4030762	1066.050171
Q62000	84.90364838	68.44683838	57.57868576	0	176.675293	71.98549652	96.91487122	0	24.71362305	114.1825943	94.42233276	87.50185394	107.0055542	26.32723045	0	165.1597595
Q62009	0	0	46.31061554	0	86.66332245	0	39.22539139	50.81558609	31.93439293	25.21080399	43.66838837	0	52.30796432	38.93060684	0	0
Q62048	105.1894989	135.6145325	180.4835815	87.79253387	158.6905518	59.44096375	320.9453735	91.47052002	134.954422	129.4400635	213.2395477	167.6851807	82.47663879	133.599823	126.9958191	190.5700073
Q62077	84.89456177	95.05093384	56.92552948	59.0591011	51.02679443	87.83304596	50.89654541	66.95864105	97.36244965	62.42383194	47.99311066	69.38386536	73.43679047	71.5605545	44.43886185	129.5688324
Q62086	369.138916	248.3026886	312.3326111	298.6018372	415.1100769	415.580719	344.4666443	335.8752747	292.0875244	300.1202087	541.0025024	372.4595032	354.0861206	411.1484375	314.0969849	236.5046997
Q62087	1946.130981	2432.796631	2754.196045	2630.631592	3043.253174	3692.799072	3427.818604	4610.313965	2264.379639	3182.338135	3283.529297	3144.286865	3688.117432	3920.077637	3562.783691	4708.268555
Q62093	893.6599121	704.8389282	476.0525513	1056.812134	1356.712036	1042.597046	1368.067627	747.7531128	1112.567749	811.5032349	1005.720276	808.5592041	1210.987061	739.2272339	730.4783936	1079.229126
Q62095	96.39048767	65.6293869	245.1271057	285.7019043	355.4328918	179.0198212	247.3674164	264.2489624	183.0843658	169.5410919	263.5360718	114.914856	159.1199341	197.1493378	197.2931519	273.6085815
Q62136	0	50.87751389	28.68170357	0	0	0	50.88064194	0	0	0	76.29286957	0	0	0	51.83158112	0
Q62165	151.1505127	126.9269257	130.8909302	135.3378754	132.1702576	110.7389526	142.2184448	140.5197449	88.45979309	139.8869019	221.7007599	162.3740387	121.6322021	133.9316406	146.6320801	188.5060272
Q62167	1983.004028	1823.057251	2484.552734	1773.317139	2524.333496	2088.904053	2826.478027	2262.565918	2113.061035	1945.309448	2356.076416	1998.751709	1970.0354	1815.28064	1690.234863	2812.512695
Q62172	0	0	0	0	0	0	0	85.04491425	0	0	41.6760025	0	0	0	30.80682755	0
Q62186	3498.900146	4065.129639	3286.772705	2750.868164	3081.489258	3869.024414	4158.03418	2789.516113	3680.986328	3382.126953	4195.769531	3136.892334	4057.3396	3240.14209	3501.815674	4522.384766
Q62188	97.65702057	31.96591568	57.39857101	64.51521301	133.1846313	83.73447418	150.016037	52.82136917	130.8878174	76.25282288	47.33636856	88.28010559	106.6695099	40.97492599	53.32091522	0
Q62189	202.1706085	243.0910187	334.6109924	213.1458893	193.3631134	237.7118988	511.2579346	259.3076782	139.5300446	202.0572052	226.879837	384.2306519	312.7298889	206.7913361	156.7910919	173.7952728
Q62192	0	0	0	0	31.52942467	16.95746803	106.2566223	10.72286224	0	13.86976814	0	20.50216484	0	0	0	0
Q62193	21.99700928	58.11727524	58.99436951	59.52806854	59.88797379	38.52920532	28.12396049	52.97810745	57.33781815	46.20644379	54.39841461	6.864207268	70.33768463	35.19629288	34.44261551	0
Q62203	123.3769455	209.0963898	156.6275635	248.0804749	130.7865601	164.3259888	107.4034882	175.206543	59.62935257	140.6019897	100.0736542	203.6486053	119.6900635	122.4121933	138.039093	100.5813141
Q62225	0	0	0	0	0	0	0	0	0	0	0	9.821191788	0	37.19131851	13.22779942	0
Q62230	75.56396484	0	94.43227386	36.16853333	69.23002625	208.0872498	62.28031158	111.137146	11.68156242	42.4380455	62.86189651	81.53249359	30.59474945	0	30.38789749	0
Q62241	288.7002563	152.5179596	320.6555176	342.5121765	370.2760925	207.6100616	362.730896	219.2516937	171.8027344	162.6234131	140.8106995	351.9107971	385.6643677	270.3901978	252.9889526	425.9888611
Q62261	741.2597656	850.1071167	872.9519043	780.7994385	1076.666504	768.2064819	1373.517212	798.7800293	784.2091064	885.2710571	819.7108765	896.8474731	968.9456787	791.9578247	859.4920044	1188.571533
Q62264	2513.049561	768.9460449	1842.088501	1727.189575	210.7593536	685.2116699	129.9427185	281.6228027	510.2527161	423.9325562	1814.048706	686.961853	978.4532471	1005.541199	1527.43689	790.3070068
Q62283	26.30764961	0	63.49571991	56.94160843	28.87657166	0	34.30653	0	0	0	9.250370979	24.04849052	18.37598801	35.78575897	0	72.18261719
Q62311	663.9625244	343.4249878	269.2945557	266.0193787	0	30.08390999	516.6883545	201.1907959	433.6169739	713.9926147	0	196.5544434	0	415.564209	32.72231293	153.709671
Q62318	329.2773438	332.0643616	305.3824768	389.0042725	466.3649292	440.8933411	613.625061	381.4967651	417.8152466	399.5986328	305.8643188	373.9161987	313.8772583	421.7651062	382.6257324	153.181778
Q62348	155.775116	121.486824	275.9232788	165.1351318	325.6777954	182.4377441	342.0393066	222.3794098	320.5133667	206.0441589	147.7068329	263.1973877	180.9915314	122.666954	175.290329	288.9040833
Q62351	117.0505447	105.6888885	87.30635834	99.17572021	178.0345459	167.8713989	205.5450592	158.7061005	142.5684357	183.9148407	140.3063049	108.9749069	123.7390747	123.7358246	164.2828979	0
Q62376	388.3695068	382.9885559	500.0867615	450.9524536	884.0256348	725.3062744	1411.753052	606.2660522	549.697998	707.7641602	633.9464722	573.9281006	480.6553955	740.9594727	551.2910156	694.6646118
Q62383	54.39162064	52.54697418	43.26383591	55.03368759	56.41120911	76.36824799	131.3778076	80.06564331	140.5023499	67.86354065	54.40359497	44.99416351	59.45359421	49.52825928	43.22514725	0
Q62384	67.46263123	55.40746689	58.10001373	110.9010391	93.90416718	105.4161072	109.4660645	53.67776871	80.27467346	56.53731918	92.96310425	84.26433563	98.07880402	65.89133453	67.39393616	110.5342865
Q62392	143.8041077	226.9470978	118.7906952	160.4574432	27.19643402	167.3786316	64.58538818	62.40407562	179.4873657	113.7975311	128.725708	121.858345	180.160202	117.7513809	172.3657074	247.6968384
Q62393	143.0072937	97.43370056	97.28875732	151.186554	603.164856	309.7506714	644.9747925	387.0962219	198.3901215	201.6499634	282.7044678	244.5504913	303.1789551	181.4227753	337.8434143	152.1401825
Q62417	324.0105591	262.4164124	294.5549927	250.0167236	290.7364807	227.6485748	344.1123962	283.8945007	273.1600952	245.5093689	220.0799561	296.4840698	242.8053131	292.9477234	215.8950195	571.5132446
Q62418	271.6958008	278.2907104	248.3049011	362.8256836	328.8843689	290.9841614	450.7064819	297.9438171	167.5715027	317.8423157	270.8753052	334.7003784	421.103363	293.6278076	296.9194031	325.3393555
Q62419	39.60414124	43.47395706	35.90306854	33.7096138	62.1310463	83.6619339	98.10658264	79.30883026	17.63937569	60.29520798	47.34054184	24.23387718	43.20381165	16.58810234	55.9781723	110.42202
Q62422	646.7689209	510.3897095	782.3869019	673.8031006	1322.073608	790.8187866	2023.431396	1031.797485	711.6599121	731.6481934	723.0767822	950.2866211	869.3361816	648.6884766	639.2699585	664.593811
Q62425	7375.587891	6576.337402	8636.330078	3241.050293	4956.230469	5430.399414	2980.445801	3353.962891	4761.323242	4934.904785	4746.433594	2158.578613	3755.487793	3513.968994	3163.209961	7359.344727
Q62426	754.9399414	645.706543	560.8861694	393.490509	1642.272705	582.6425781	1195.675659	937.7469482	676.1464844	756.2432861	932.9580688	807.6865234	920.7149048	755.5841675	575.3388062	820.8238525
Q62432;Q8BUN5	60.95281982	93.65555573	109.3574295	125.1592331	29.81796837	54.79035568	143.4221039	58.03267288	47.58261871	96.54537201	71.70603943	76.77637482	123.3856277	96.1218338	47.97106171	0
Q62433	197.6604614	150.3397217	76.19706726	104.2367554	95.84449005	59.93964005	220.1087036	57.95349121	93.15274048	77.67819977	51.35170364	121.8472748	110.9984512	106.2679825	85.91349792	0
Q62446	1235.357544	928.3446045	1062.165894	1193.253418	1185.30542	1802.343262	1227.978394	1429.06665	992.8325195	1176.332886	1338.082153	1379.813354	1127.369629	1507.595337	1125.824097	1459.378418
Q62448	267.5896912	258.8335266	203.9212494	273.5117798	264.9804688	271.5352173	325.3937988	359.7566528	269.7996826	275.4146423	243.1530457	302.6907043	267.9716797	208.4408417	224.004776	582.3562622
Q62452	23728.5625	28636.79297	21398.57031	24595.25586	29930.52539	23694.50391	23378.33594	33836.07813	26896.38867	23593.2168	29826.44727	23319.96875	32448.35742	31057.375	23337.03906	26046.11523
Q62465	582.428772	604.3264771	574.2600098	549.0769043	820.8297729	524.8423462	1240.976074	569.5363159	602.1921997	589.8130493	811.9390259	512.652832	584.303772	761.0442505	563.5876465	975.7623901
Q62470	47.38711166	46.9486351	49.41866684	24.98557281	91.83818817	72.72148895	64.72986603	65.20721436	20.13600159	61.85294342	35.82798004	35.56031799	34.83646774	49.94919586	45.4241333	0
Q62507	38.14688492	0	15.91562557	6.336905956	80.6047821	34.40717316	181.4782715	55.86760712	62.56217957	33.18608093	62.88077927	100.0299911	46.25008392	53.03482056	15.5981493	0
Q62523	63.45721436	80.88812256	194.7268066	78.84130859	75.2728653	111.5593872	41.4410553	162.4735413	61.98927307	56.10505295	41.16594315	126.7216644	161.8597412	104.7609711	91.51242828	0
Q63739	82.39658356	78.10134125	16.35795784	15.53910828	30.91106606	96.67781067	68.19702911	34.38441849	47.34211349	51.75967789	100.4922409	76.77133179	36.25556946	30.14186668	30.77982712	0
Q63810	43.01359177	97.90203094	21.80752182	23.96547508	55.34312057	44.05748749	133.1150208	37.2263031	54.68188858	52.69364166	13.58014584	33.14070892	36.78694916	40.28409958	53.19281769	46.22681427
Q63829	103.2118835	140.9835052	74.72841644	159.8126984	149.9634705	164.8731079	247.6410217	141.2953491	147.9794922	97.93597412	162.7488861	90.57769775	210.2545166	220.7398987	152.6728058	234.0649567
Q63836	30439.06641	29743.43164	35888.23828	24674.81836	34034.17969	36932.625	11457.50195	14657.62598	42787.29297	38626.83594	22113.81836	21654.73438	17648.00586	22669.7207	35151.82031	24619.06641
Q63844	79.27310181	107.562973	151.4253082	179.3591614	257.9281006	131.2417755	280.275177	197.3860474	142.0009766	170.0169983	200.6180573	111.3847198	95.17726135	106.3402176	175.6231995	296.1316528
Q63850	154.605072	165.2052002	194.2244263	120.7526855	89.70410156	142.3714752	171.9831085	177.671463	80.09049225	145.0778503	76.86933899	143.2272034	86.35888672	178.7606506	119.2375488	219.6892853
Q63880	6859.62207	6975.780762	5398.219238	5884.760254	7050.168457	11863.71777	4594.711914	6554.267578	8816.698242	9458.75293	8151.548828	8634.8125	7983.854004	7798.116699	8161.970703	7375.466797
Q63886	6962.52002	6742.354492	6310.211914	8450.266602	3344.290527	5990.153809	6160.689941	6310.682129	8098.86084	5828.050781	6554.558594	6949.723633	6778.339355	6849.554199	6343.400879	7140.929199
Q63918	351.5783081	268.3863525	147.88237	238.2807007	169.5696411	324.9782104	253.579071	252.8710632	308.1668701	265.7442932	349.538269	399.5368042	244.7932129	262.6201172	104.1410904	93.02643585
Q63932	108.519371	93.97046661	165.3309174	217.0963287	148.0476227	108.4161606	468.9042969	120.4078293	142.0870209	59.85327148	82.00401306	62.28567505	66.2580719	56.12251282	235.3098297	191.5710449
Q63961	208.4335175	196.6492615	126.0355682	94.25605011	248.4207306	179.2455597	329.1709595	94.7859726	142.8654175	97.56043243	110.5569458	97.55363464	129.3486328	130.6477356	183.1808014	117.6134262
Q64010	313.3522339	370.4711609	345.8450012	285.2945557	477.8226624	355.5111694	360.1071167	190.9750977	415.2535706	338.2700806	332.5244751	361.2946777	461.2175598	426.0680542	294.8152161	453.3969727
Q64012	180.7327118	273.8091125	233.8076477	235.8826141	346.4809265	380.950592	465.571167	462.4750061	319.9019165	298.2746582	354.1983643	340.7249146	427.7776794	298.500946	354.2183228	520.1575928
Q64105	5638.216797	4521.008789	5802.249023	5004.235352	6524.875	7006.220703	5947.185547	5973.728516	6553.54541	5826.638184	5567.965332	5575.515625	6760.049316	6172.009766	7266.957031	7285.974121
Q64133	280.8337097	364.3537903	356.143219	361.0492859	439.2068176	332.2793274	459.4924011	465.7504272	247.2557526	249.0337067	495.8322144	403.2218018	393.1944885	329.2579956	349.8179016	339.5393372
Q64152	263.15271	317.8926086	185.0757751	237.595108	273.6557617	238.9281464	344.5082397	276.4401245	294.9072266	260.4229431	205.7924805	165.147995	216.3442535	264.3458252	188.0545197	247.794342
Q64176	506.9003906	491.848999	676.543457	506.7503662	845.8181763	726.937439	506.4986267	483.9256592	487.7571716	587.4464111	683.7023926	690.4746704	585.5124512	601.2477417	573.1873169	958.6578369
Q64191	132.9433746	242.1135712	199.9290009	122.1714706	437.5437622	212.2267456	202.9417114	221.255249	221.8417511	113.8309021	162.0127258	258.5923462	147.833725	229.4200287	194.3420715	307.2424927
Q64213	324.6644287	374.9030457	313.610199	178.7247314	291.5415649	303.2450562	337.0126953	276.4402161	288.7161255	318.6362	303.6878357	336.2754822	288.8586426	305.5673218	354.1896362	351.0478821
Q64261	135.2041779	87.0883255	83.27217102	93.43729401	116.7664948	74.44260406	218.0312347	278.969696	130.6273956	124.5430603	77.35254669	176.9848633	46.92974472	89.68153381	144.2446747	0
Q64282	11.57505226	26.19425583	111.8984451	27.39502144	70.49157715	26.21105003	82.21166229	43.947258	0	27.83619881	19.78738403	72.21942902	14.48403645	94.45422363	68.92866516	0
Q64310	762.1560669	843.605835	473.3616333	602.7136841	631.791748	864.8494873	1245.262329	548.2770996	794.3553467	822.4230347	892.1201782	970.598877	536.4197388	614.7210083	729.1098022	418.1135559
Q64324	152.5240479	112.7717285	82.78028107	130.0849915	155.7615662	126.7609329	223.6968231	180.3150635	90.97554779	123.8597488	119.8773499	69.04375458	123.4961014	142.3318787	110.5945892	98.3809433
Q64331	329.3417664	351.6818848	312.7403564	330.5533752	307.5842896	484.5465698	434.775238	439.980072	404.5749817	484.5978394	492.4836426	439.0986633	332.4852905	481.6524353	387.0567017	633.9627686
Q64337	94.04417419	165.6335754	271.7432251	123.5186768	186.0275574	172.6439819	527.4071655	236.3897858	80.81060028	90.96930695	182.0299835	244.896637	101.442749	129.2378845	201.9367523	123.8291626
Q64339	170.597641	317.0915222	187.2410889	171.0972137	465.0860291	217.7445374	452.2607727	571.0620728	295.53479	322.8130798	284.3726807	354.5603333	123.621727	231.6350098	401.7261963	278.3830566
Q64345	105.5153122	51.62686539	61.35766602	49.59985733	229.8350983	190.6331635	273.1403809	228.5182037	50.08324814	89.07260132	131.2573242	110.6381073	186.2089539	109.8091202	109.0555573	0
Q64362	147.320694	614.5460205	142.1565399	414.89328	321.5978394	51.36523819	168.9891052	0	170.0075378	0	0	218.9621277	80.99839783	169.7586365	218.7693634	0
Q64373	82.42456055	194.4653931	111.8461456	158.168869	75.67961121	43.76941299	203.4580383	132.3684235	107.6081161	76.17254639	142.64505	118.6658783	140.4067383	96.60310364	64.15486908	192.1260376
Q64374	42396.17188	34659.57031	39082.875	38664.42578	25826.39648	45047.13672	31263.8418	29697.56641	39743.98438	38865.48828	41572.09766	44277.64844	38466.71875	38090.55078	37064.37891	41215.02734
Q64378	125.5692444	127.8363113	170.400177	124.094574	61.76831055	120.3562012	152.6098785	146.2614746	104.8751526	101.1791077	122.7905579	113.9263382	114.7546005	69.63409424	155.4347534	128.7129517
Q64433	27890.20508	32854.29297	25593.92578	23304.97461	21932.25195	21333.60156	15619.36426	22225.57422	20022.32031	27068.43945	22370.85938	16906.73047	22607.36133	20247.16211	23757.7832	34240.14453
Q64435	1935.711548	2393.075195	1688.019043	2070.792236	2298.586914	2658.602295	2507.281982	2738.441406	2650.364502	2110.98999	2499.672119	2664.04248	2372.13916	3363.643799	2819.336182	2599.82959
Q64442	29939.82422	27483.90039	29397.47656	29041.22852	23162.4043	22985.38867	23023.1543	25567.07422	25837.4375	26308.32031	25322.63281	29372.24219	28730.13281	27226.55273	27199.79102	36733.12109
Q64446	0	0	23.48164177	11.26312542	0	0	45.48097229	35.92053604	38.44226456	0	0	0	61.45148087	41.84241867	11.22347546	0
Q64449	0	20.20134544	102.5738373	0	55.92131805	0	21.23250771	16.94139481	18.5203743	7.973609447	0	0	0	16.02026939	0	0
Q64455	14.70721912	21.45278931	55.4513855	0	48.7770462	45.2590065	33.34288406	27.24765968	33.38593292	0	0	0	32.42973709	38.05746078	20.78091431	0
Q64458	8122.95459	6625.395508	9103.930664	7227.015137	4131.114258	8430.325195	2501.852051	5087.434082	7923.114746	6528.599609	8766.946289	7096.253418	7304.145508	7492.165039	6791.57666	5423.654785
Q64459	12146.71875	21058.49805	14424.14648	20790.28516	18392.91797	13548.93652	4235.131836	9706.25293	13489.63965	9890.81543	18251.10742	7653.519531	13270.59961	12105.87109	10158.81836	15782.39551
Q64462	207.5996399	247.5242157	169.1339417	246.4078522	133.4719696	196.3228607	237.4188843	227.4558105	169.5595856	167.4107513	165.4502106	247.4031067	230.7415771	227.2345428	180.6193085	178.0186157
Q64464	2552.548828	2991.357422	2170.248047	2078.763672	1979.554932	2294.022949	2077.080322	2056.340576	2781.627686	1953.707764	2543.003906	2215.150879	2011.650391	2517.378418	2061.33667	3018.750977
Q64471	3705.901855	2734.840088	3085.818604	3435.245605	2569.131104	2690.970215	2558.809326	1935.929688	3422.193359	2535.466309	2979.491211	3775.806396	3090.816406	3880.721436	3188.029541	3588.186279
Q64487	96.64850616	117.8345642	53.64822769	104.0721664	66.38296509	91.10060883	55.99323273	55.77047729	83.65148163	35.00720596	105.0074997	71.15357208	77.07462311	81.48336029	105.3927917	291.8544617
Q64505	258.8983459	293.9446716	174.4111481	244.1400299	168.8507843	273.7743835	189.2764587	87.15608215	240.5318298	254.0888519	382.702179	237.7723236	259.9160767	247.4889832	253.2968292	436.0070801
Q64511	264.9578247	261.0730591	257.7910461	275.0906677	196.202713	346.0461121	348.3508911	375.4819946	303.1737976	212.0546265	277.7077026	311.5583496	246.7637482	295.5155029	352.4625549	355.4647827
Q64514	371.4402771	485.3785095	402.346405	472.2867126	413.7915039	418.6585083	592.0033569	350.67453	437.3053284	282.0888672	427.5041809	436.5504761	348.3128052	292.6233826	320.4306641	478.4694824
Q64516	1521.121948	1593.764038	1620.984131	1533.063965	2103.201416	2053.652344	2133.688965	2396.583252	2298.516357	1901.75647	2048.517578	2311.385742	2116.590332	2066.68335	1876.374756	2350.647949
Q64518	76.89427185	0	0	28.10007095	0	0	65.674263	0	0	0	61.03676224	9.798386574	0	23.03062439	0	0
Q64520	107.6172562	137.552124	184.7859344	117.6240921	127.4406586	79.54974365	149.5173492	142.8157349	96.42631531	54.64816666	131.9320984	154.7466888	86.05479431	138.4697113	90.29309082	178.80159
Q64521	1362.251221	1126.342896	1365.099121	1611.7052	1864.879883	2545.055664	2484.674072	2361.306152	2397.981934	2565.782959	2170.733154	2480.308838	2239.637695	2393.133301	2400.867188	2240.493164
Q64522	2200.199219	991.5327759	551.7971191	1561.908813	1365.487793	857.84021	2780.460938	1433.832397	574.956665	907.7070923	1772.526855	1362.890747	771.3831787	956.3322754	1426.984741	988.2554321
Q64523;Q6GSS7	640.3909912	613.1108398	597.9304199	823.9390259	277.9726563	564.9822998	1047.014771	514.8112793	1181.893066	132.3936462	618.1715088	437.5032349	789.0524902	536.2850952	444.1584778	676.3665771
Q64524;Q8CGP0;Q9D2U9	82.65635681	0	48.38135529	0	109.8701782	0	121.5769577	30.88208389	26.52625656	34.28872299	6.133691311	0	72.4631958	26.52784538	64.08040619	0
Q64669	104.6044769	148.9274597	88.45051575	77.21800232	263.4623718	69.32350159	216.8740082	293.8370972	143.4621582	173.2506104	160.0508728	101.3697433	202.9269562	252.6281891	231.4263611	157.6286621
Q64674	829.0203247	633.4881592	843.284729	877.3143921	956.4838257	954.1618652	997.8624878	730.5465088	692.6157837	668.5153198	813.5723877	612.1881714	807.4805908	558.9235229	826.0697021	727.3258667
Q64726	536.7341919	786.6605835	490.6967468	557.4918823	861.9616089	905.2159424	883.8116455	936.5229492	866.6936035	652.0167847	586.2765503	783.7819214	593.3255615	609.7459717	507.5389404	910.401062
Q64727	1271.427979	1397.187744	1472.457275	1212.996094	1796.540039	1387.081909	2507.421631	1277.647339	1273.08667	1466.045532	1352.551636	1686.953125	1442.821411	1356.523438	1288.350952	1864.088013
Q64735	146.5133057	115.6917725	67.7044754	151.3040619	77.85647583	166.4397736	153.3136292	105.2997055	76.67419434	193.4084015	150.3647003	68.26889038	84.3961792	114.9153061	152.5743561	100.0916367
Q64737	416.7599182	479.3293762	306.315033	410.1809692	575.1478271	501.3778687	701.7023926	543.4650269	403.7443542	482.7802429	409.034668	391.3837891	394.7510071	348.1506958	505.3838196	562.0899048
Q64FW2	1632.812012	1454.098877	1439.550659	1816.165405	1410.342407	1847.837646	1487.963501	2603.928223	2440.57959	2337.890137	1752.435181	3261.362061	2355.536621	2137.385498	2390.739258	2131.641602
Q66GT5	214.1682434	268.9807434	170.8750763	245.6096039	242.5937805	120.3781738	196.9227295	276.7555847	327.6871033	232.3108368	125.1807175	173.7080536	204.6486206	255.9614563	226.2081757	227.4377136
Q68FD5	4492.218262	4935.047363	4835.971191	4919.592773	5136.03418	4908.670898	6133.600586	5153.662598	4921.000488	5123.010742	4846.779297	5023.824707	4787.73877	4754.15625	5282.308594	4832.681152
Q68FF6	0	43.42824554	52.20344162	106.1146545	126.2656403	109.0002975	68.30235291	14.72177124	40.22616196	29.83179092	112.4558334	27.96731949	15.38174629	98.82962799	17.04465675	0
Q68FF9	213.5357056	224.0907898	229.3258057	240.807312	176.6143951	222.4207001	167.8249664	100.1707306	145.4728546	194.5876923	150.4694824	101.3718338	99.04122162	118.9130478	269.9993286	436.3128967
Q68FH0	58.93767929	42.54999542	12.83582497	46.63467789	120.2608414	35.90652847	53.40235138	75.13878632	27.35886765	75.02423859	113.0530853	56.86906815	91.90950775	102.7298813	37.866745	0
Q68FH4	127.0055923	168.7611542	233.699295	133.5844269	126.3984222	163.4418793	243.515152	174.7165833	132.5925293	184.581543	109.9164505	204.972702	167.6558075	215.9885559	149.5974884	107.317215
Q68FL4	179.3926849	205.6058044	195.6845703	161.0537109	336.2693787	219.0375061	157.3559113	210.2624207	115.3999023	99.97396851	280.5165405	328.025238	98.23771667	228.9643555	180.3176422	233.9651794
Q68FL6	373.8186035	371.6465759	410.6609802	474.9807739	272.5079041	432.6523743	398.8373718	500.0191956	352.0109253	379.3844604	428.9663086	437.5589905	420.6990967	443.5278625	383.0080261	526.0213013
Q69Z23	0	8.688644409	0	0	33.57773209	0	137.434021	22.89908791	61.11038971	57.47140121	0	0	46.36817169	0	66.42774963	0
Q69ZK0	0	0	0	0	29.1894989	0	106.419136	0	0	0	33.84152222	0	0	0	0	0
Q69ZN7	21.97787285	0	0	0	23.07051659	37.85956192	78.75440216	0	0	15.11326885	5.162984848	27.27867126	20.11962891	67.06020355	10.17069626	0
Q69ZR2	127.7739029	126.6880341	109.3445053	65.1116333	80.94197083	137.8256073	115.557869	109.7155838	114.4277496	56.52690125	146.3898163	84.1088562	46.57089233	99.78054047	128.2225189	94.01650238
Q69ZS7	133.9040222	121.7649689	200.9176025	138.4498749	107.5348587	121.390625	114.1563034	168.0728149	121.5083313	149.5345306	143.8337097	158.3105469	127.7702484	148.1655426	145.7030487	151.4224701
Q69ZW3	49.6822319	0	28.11737633	38.98838043	12.90472317	0	79.4646225	53.09770584	20.05446625	0	12.88526917	32.33723831	0	46.67469788	17.77452087	0
Q69ZX8	142.0981445	120.3241348	76.26161194	108.3625641	161.5069733	120.9022369	139.8982391	161.1157379	102.3261032	140.9716644	117.6314621	128.260437	137.4813232	113.8241272	125.8865662	0
Q69ZZ9	87.99584198	0	0	144.5578308	120.7363129	128.3602448	124.6674271	139.1882477	67.78620148	120.338356	159.0219574	197.977829	115.5832443	164.2572784	84.13475037	0
Q6A026	110.4222641	35.23525238	139.8420258	111.6022797	112.8563232	114.4580917	189.0704651	132.5511017	109.495903	107.6242599	73.97763062	140.4840698	80.34651184	103.1964874	103.3375854	68.49243927
Q6A028	42.18624878	52.55212021	20.78036118	6.806672573	47.28998566	55.32737732	81.10875702	36.13586044	34.07711411	0	0	59.20367813	21.3418541	96.64102173	110.556839	0
Q6A065	0	0	0	0	0	0	80.93147278	0	0	0	0	0	0	0	0	0
Q6A068	110.8295441	164.705368	119.6629639	123.7520752	87.32528687	118.5656662	131.5905762	154.3078766	108.5483017	147.988739	111.4916229	174.447113	49.45363235	117.6993027	51.25989914	360.3625793
Q6A0A2	66.11977386	150.120636	18.50544167	193.6326141	85.009758	57.64890671	0	72.97940826	29.38661957	132.5466766	26.96895027	0	67.53183746	23.03582573	0	127.1428299
Q6A0A9	478.7876892	487.2547913	403.8325195	342.4042053	432.7052002	427.4938049	476.2658386	406.1251526	456.0584106	432.7046814	452.3547974	413.7365112	353.4375305	462.1417236	393.3186646	837.7245483
Q6A4J8	214.9380798	194.2791138	166.8184204	307.0691833	200.5142822	216.3252258	361.0892944	168.3215027	214.892334	240.0462799	253.6249542	267.6426697	277.1141357	210.0785217	237.5122375	127.4909897
Q6AW69	162.6991119	174.7555389	109.6343613	139.4439545	157.8253174	183.6400146	191.02211	301.7316895	291.0466003	204.4856567	226.7403412	138.0687103	157.4528809	193.9259949	146.9281158	261.8365479
Q6DFW4	293.5127258	265.2528076	243.0772858	265.821106	336.0866699	288.5611572	355.5057068	236.8223724	239.3130646	319.2002258	305.4734192	326.499054	365.8649292	241.6591339	308.438324	398.5722351
Q6DFZ1	96.40822601	97.01818085	141.3453064	99.12776184	155.9992218	133.4911499	111.3424911	111.351799	107.4513245	109.0335541	139.5273743	154.3925781	98.79386902	136.551712	86.94530487	114.1250534
Q6DIC0	91.01834869	66.47373199	19.94049644	90.2256012	114.3153534	94.8842392	122.9776001	79.52471161	62.18097305	74.00424957	109.1843185	42.39016724	79.5778656	45.89077759	99.21044159	0
Q6DID3;Q7TSH6	36.02690506	18.11502838	42.19049835	46.33321381	57.15821075	41.17693329	21.29161263	31.95675278	11.84345341	71.08822632	31.85295105	20.3575592	38.66498947	51.54675674	9.551127434	0
Q6DYE8	135.5737762	158.4777832	125.7753601	115.3121185	147.61203	145.3002014	85.99359894	115.8524399	181.7451477	159.5437775	161.7472839	159.2829132	81.20854187	130.6648102	110.3004761	117.4554825
Q6GQS1	184.4531555	200.8010559	163.3781738	242.2183228	182.4657288	207.382019	171.0006104	237.9429016	236.1354065	206.2345886	246.2891541	166.4879608	261.5372925	264.337738	222.5443268	295.2499695
Q6GQT9	1243.648682	1495.792969	1418.908936	1365.44165	1119.598511	1469.42395	1447.402466	1502.359131	1398.11499	1206.736938	1583.258667	1276.168335	1345.262695	1432.686523	1401.214478	2179.240967
Q6GV12	121.5457458	143.2666779	187.3160858	144.1686096	287.2076416	180.8933258	202.9414978	207.9881744	219.0985718	141.6476593	142.9741974	237.1489868	136.9925995	173.2600861	190.9764709	436.7220154
Q6IFX2	158.3948975	221.5097351	1169.896118	143.6544189	74.48071289	58.70059204	127.3179016	172.921402	78.89162445	93.51829529	93.69268036	115.0937653	121.4968643	65.04322052	71.21382141	60.00851059
Q6IRU2	337.262085	487.6288147	552.9497681	300.6206055	884.0013428	560.0320435	1221.782837	399.0086365	535.7908325	451.9503784	513.9839478	740.7895508	338.1049805	441.5608215	554.1865845	668.4849243
Q6IRU5	843.2358398	562.06427	520.2752686	293.9544067	237.123703	604.9006348	816.477356	615.0309448	375.041626	238.8358154	693.0466919	1138.719849	604.9018555	560.427063	201.3892059	675.97052
Q6KAR6	83.38288116	87.55084991	106.817894	122.5009766	140.977478	118.9124222	87.32830811	114.9746857	132.2786407	90.45236206	129.82901	128.9491272	78.96572876	116.4103165	163.6823273	119.0276871
Q6KCD5	0	0	0	0	0	0	15.48713398	20.65398788	8.180033684	0	0	0	0	22.62319374	41.58637619	0
Q6NS82	6.710158348	0	70.94334412	0	39.72711182	58.24419403	7.121458054	0	0	0	0	18.99834633	68.38529968	59.3735466	0	49.83984375
Q6NSR8	267.8406677	303.0000305	299.1688843	247.9847412	236.1492004	384.9239502	405.3854065	274.1663208	364.9264221	431.6614685	318.9896545	397.4326172	291.8153992	279.633728	326.0259705	242.4624176
Q6NT99	86.82313538	225.1170044	117.7629395	110.0125046	124.6591644	136.0487671	141.5132294	131.5139465	119.7903137	80.63578796	130.0638123	123.9747696	119.9267731	120.3218079	134.0186615	253.4750977
Q6NTA4;Q80X95	90.03997803	57.88838959	72.87463379	93.3250885	133.3529205	59.37929535	115.0304413	50.72440338	75.47652435	124.74543	117.933815	116.2965317	98.59074402	120.6604309	63.57412338	124.3881912
Q6NV83	90.28010559	84.02180481	89.78461456	76.07056427	88.28627777	75.33836365	155.9306335	66.66810608	91.47921753	58.9611702	55.62051392	88.65674591	86.58346558	96.20780182	82.39446259	79.20897675
Q6NVF9	111.2763443	90.30277252	84.06460571	84.8420639	98.95271301	69.81690216	60.21973038	71.52384949	63.95398331	88.91244507	115.9782181	91.4773407	88.21994019	69.25834656	57.45088577	125.2927628
Q6NXH9	42.92863464	301.4952393	0	993.4918213	976.489502	1210.064453	1364.102783	1123.9198	327.7418518	0	799.8303833	2334.147461	147.531189	602.093689	38.1378479	48.6853714
Q6NZB0	157.2560577	85.40208435	85.01914978	106.7809601	178.8152924	95.30479431	269.2261658	45.83787918	149.2838745	164.109436	84.75084686	108.3240738	66.58804321	80.67591095	114.7509384	76.95381165
Q6NZC7	208.7869415	208.8445282	159.5435181	285.2169495	314.8380432	322.2887878	263.7096252	219.4731903	185.6735077	282.8845215	307.9446106	274.032135	196.4871216	159.8069153	295.2116394	201.6122437
Q6NZJ6	662.6350708	662.1175537	619.62854	749.0011597	818.7199707	988.3135376	944.3817139	888.6168213	771.0773926	727.1262817	756.7010498	891.7060547	822.121521	863.5288086	800.3154297	1169.00769
Q6NZR5	171.4640656	171.3249054	138.754364	158.3728943	185.6783752	152.7406311	237.1939545	122.1569748	137.0129242	143.7286835	167.9885712	172.3847809	144.7244415	87.09142303	213.4418945	245.1409149
Q6P069	405.9756165	767.9547729	657.7901001	495.5306091	971.1629639	612.0778809	951.4616089	645.5996094	460.4776001	534.7334595	482.3236389	572.5419312	659.9105835	531.7977295	536.4763184	543.6564331
Q6P1B1	314.0340576	376.4560852	379.6576233	290.2603149	295.844635	339.346283	449.7274475	259.8020325	323.6832275	290.5638123	397.5966797	267.3312378	333.4924622	297.1069336	285.8979187	413.645813
Q6P1F6	163.5914459	197.2245331	149.9410248	218.7701874	230.4193115	175.3140259	211.2549744	183.5197449	144.7848816	160.2864227	203.8609161	137.8402863	149.5164032	250.5976715	133.7648926	186.8078003
Q6P2B1	79.95809174	65.3737793	149.2339172	62.46384811	87.22821808	58.79177094	119.4395447	136.9156647	59.45632553	64.16888428	90.35443115	126.7522049	79.26271057	89.22872162	106.8822021	0
Q6P2K6	58.86058807	61.70030212	44.17504883	52.96894073	44.99774551	80.80201721	146.00383	66.47735596	68.789505	70.26052094	37.8765564	28.27953148	57.37495422	0	36.08543396	214.3977661
Q6P3A8	656.7763062	539.9802246	454.6204224	689.5317993	561.3293457	474.6503906	238.7745972	385.692749	445.3790894	358.4308167	444.8071899	446.799469	473.6665344	309.9733582	297.1910706	545.4753418
Q6P3D0	137.8249664	243.0286865	142.460022	130.2926331	115.7140579	133.6697998	154.0198364	118.3474197	136.9983063	155.0765686	153.1657104	131.4153442	148.488739	149.9416962	130.5086517	206.8278503
Q6P4T0	0	0	19.65942383	72.25805664	24.70359612	28.62994385	56.38760376	38.93637466	9.410254478	66.49822998	18.48439217	43.76448059	63.49483871	62.65577316	30.65590668	0
Q6P4T2	255.3741913	299.7606201	215.4840851	243.9336853	252.4938812	267.5123291	354.019104	259.6760254	249.9166107	228.3808289	243.1483917	265.6225281	253.9034882	243.951355	242.2702942	157.5055389
Q6P542	476.7999878	374.4624634	512.9522095	323.3449707	540.6877441	493.3131714	651.4053955	557.0599365	455.4963074	458.9605408	578.072998	459.8140869	613.1798706	512.30896	389.385498	319.8521729
Q6P5B0	0	82.02817535	41.05445099	0	15.31003666	55.00231552	44.79223251	39.64746857	40.50375366	28.46007919	23.30550194	61.32202911	69.04564667	74.6685257	49.28320313	170.1759491
Q6P5D8	3.047943592	0	71.01726532	0	43.86801529	0	53.366745	16.33153725	53.55701447	13.5176897	8.312755585	15.07533932	0	27.40745735	29.65789032	0
Q6P5E4	638.5303955	635.7861938	696.5088501	632.4650879	967.9060059	827.1605225	1073.489746	861.3054199	708.1385498	676.4272461	800.9609985	784.7438354	766.5567627	743.0006104	819.3638916	1040.902954
Q6P5F9	335.6191406	352.5020447	277.8123169	508.0124207	298.5286255	384.2263184	564.3602905	343.9260254	361.4737549	351.0731812	406.2161865	443.2302856	264.9161072	239.4625244	296.3727417	218.5518646
Q6P5G6	37.14744186	59.75381851	103.3728867	92.60852051	106.9432983	51.44511032	60.03863525	63.46933746	22.76311111	39.65256119	26.53184128	60.56397247	73.03500366	43.66941452	70.03790283	197.2272339
Q6P6J9	132.5927277	127.0375595	147.0654602	121.4461899	164.4095917	184.3197632	102.1138153	142.618103	173.659317	77.23947144	322.0088196	253.664093	217.1444855	210.2859344	196.988739	358.8007202
Q6P6M5	76.75546265	61.27874756	13.47939301	21.00172615	67.19528961	25.43942451	76.88376617	51.73883438	60.69144821	35.87096786	154.9202576	68.02410889	37.99442673	35.83412552	40.10255432	107.0253983
Q6P6M7	169.5370483	226.0005646	226.3628845	187.0680847	219.2820892	177.7927246	256.0888672	248.1931763	213.812149	164.8693695	152.6818848	214.0696259	183.8521729	171.3399963	155.0149078	184.348587
Q6P8J2	63.41596222	78.08956909	47.63427734	68.38110352	124.0828934	150.3394928	43.82764053	101.2572632	96.49312592	101.334404	113.0889893	176.6782379	63.31687546	119.2775497	77.72203064	140.7697144
Q6P8M1	47.70723343	66.48649597	52.49959183	41.44272614	74.67168427	37.80701828	76.66355133	52.96429062	61.42437744	69.13530731	55.70828247	45.65576172	74.79079437	64.28864288	45.5461235	0
Q6P8X1	156.7279053	191.6851654	194.2912445	158.3247528	218.4329987	225.7737579	175.3164368	149.9611511	199.3866577	131.4836578	139.3568878	171.586853	176.0719299	189.6725922	196.9042358	305.638916
Q6P9Q6	136.6754913	71.84957886	117.1407166	116.6154404	170.1977386	158.7918243	185.3763885	166.1277161	87.65713501	99.78385925	89.26486969	213.3652802	139.627594	92.74220276	125.2758026	0
Q6P9R2	405.6730652	410.3138428	302.6426392	329.932251	534.5250854	442.1519165	557.2895508	410.1649475	408.3858032	378.2461548	423.5662231	396.9339294	403.3847961	418.1242371	412.951355	758.4489746
Q6PA06	403.4888	342.1080933	335.7631531	312.8471985	424.8020325	438.2726746	484.9039917	489.6409607	416.256897	397.7947998	481.9399109	342.2254944	453.4291687	308.1553345	394.6576233	239.7608643
Q6PAM1	46.48763657	18.5830555	34.72556305	35.76644516	71.98144531	55.21652985	74.25209045	60.59081268	32.31113815	52.16583633	53.38246155	26.00050163	41.80504227	34.21946335	47.69177246	98.05220795
Q6PAR5	173.4477844	178.9883728	169.4414673	146.7577667	309.0880737	150.3725586	292.6893616	241.7447968	174.8114777	179.001236	186.6205292	258.2867432	242.077179	230.4373474	197.8518677	293.5526733
Q6PAV2	146.4090424	196.1394043	113.5547028	157.3964081	69.55766296	151.2658386	189.4161072	100.7425308	141.4333344	92.32763672	159.656601	146.7950897	124.1823349	132.3611145	125.0814819	132.4416809
Q6PB44	45.83076859	69.81369781	86.8737793	67.87919617	64.88297272	108.7108383	109.6703415	96.75629425	94.47344208	61.64521408	56.02509308	124.4473267	142.0074463	52.19070816	64.29080963	99.4823761
Q6PB66	1886.528809	2000.591675	1785.087158	1959.14624	1386.112915	1678.371826	1213.816162	1404.310425	1573.6427	1505.263062	1426.784668	1484.190186	1778.646973	1764.65918	1673.638184	1343.533447
Q6PB93	46.77821732	77.18601227	68.33581543	91.73100281	98.6558609	132.0402832	137.2489929	91.28469849	76.0956955	157.7386627	97.42746735	73.27082825	97.44422913	70.65253448	86.86013031	81.73513031
Q6PCM2	63.54998398	0	0	0	82.98719025	62.42516708	46.43159103	98.68741608	0	65.48032379	46.96760941	93.98586273	63.81509018	55.71163559	13.37739944	0
Q6PCP5	104.0550995	176.8140411	153.0422668	61.65506744	0	0	41.91056442	132.8709869	0	17.68550873	0	0	134.503952	0	0	0
Q6PD03	371.4201965	256.1444702	347.1366272	342.5189209	373.5418701	214.6676483	467.2324524	203.3282013	211.2012634	416.2682495	270.2650452	267.2564697	336.4891052	334.270752	320.0579834	213.3102264
Q6PD26	145.428833	142.0069427	137.9777985	87.23216248	89.57427216	161.8197937	172.0325623	161.8138123	95.52952576	104.2211914	120.9493942	113.2951584	123.7572556	164.2072296	122.0813675	431.3781738
Q6PDG5	76.04363251	52.68912125	48.83142853	96.25077057	87.0435791	63.49259949	89.56902313	52.20792007	54.66798782	64.6160202	87.00517273	58.8139801	63.90681458	36.51477432	55.63282013	116.6836853
Q6PDI5	205.7891235	233.5344391	229.3349762	197.5179138	257.263855	266.7462158	349.2761841	225.9929352	200.8818512	194.0448761	223.065506	254.2686157	213.8709412	223.9840546	205.3512878	325.1994629
Q6PDK2	1665.213013	1958.121338	1100.621704	3199.807129	2520.940918	1413.864014	1403.102905	1071.401978	2776.844238	3786.659912	2486.3479	1275.5271	389.9719849	932.7317505	2124.901611	2394.984375
Q6PDL0	135.1746826	84.34668732	86.27993774	125.3155136	195.8344269	181.5919647	227.2301483	200.8507538	257.920929	277.4147034	128.9933167	98.37769318	212.5501862	172.2362976	147.4038391	97.85080719
Q6PDM2	1332.24231	863.2832031	966.3709717	1001.431091	984.151001	1312.138794	1736.885864	1102.2323	838.8093262	997.019104	986.2625732	1271.556641	1210.664673	1001.210205	943.9542847	958.1447144
Q6PDN3	75.87127686	127.6560822	86.00961304	157.1450043	277.5505676	174.5387726	213.4615479	153.1586304	155.7459412	170.6096191	171.0661011	141.4707184	279.9211426	175.4037933	161.8366394	177.4189606
Q6PDQ2	186.3727112	111.9739151	97.71644592	104.2286224	190.6715393	162.394043	324.257843	179.4739685	200.0137024	130.7354126	154.7731628	172.822876	134.8121185	103.6594086	134.8239899	162.1892395
Q6PDY2	157.5935669	226.3027344	131.4037476	84.62203217	92.40924072	111.705864	90.94567871	117.5845871	32.17051697	92.16503143	72.3975296	118.5236282	84.64298248	112.8234329	50.71829605	0
Q6PE01	249.4627686	201.1372528	201.7472076	219.1044922	210.2835846	166.681488	437.3790283	194.7629089	194.6156006	193.7796021	244.0143738	208.7348175	284.340332	283.6106567	210.7621307	328.8267822
Q6PEB6	96.59372711	138.1441498	202.5903931	43.46998596	122.0185089	263.4022827	210.9515228	388.0440063	138.5225983	116.0254364	86.1654129	73.24625397	223.0650635	149.4957123	163.9936371	37.07975769
Q6PER3	94.78144073	180.6668701	121.8971558	145.1474152	137.7388306	206.4289703	171.276062	202.2824402	204.2360687	205.6495972	93.85037994	132.5993042	121.5033493	194.3700714	145.7481079	64.29837036
Q6PF93	90.39079285	119.4293137	80.02974701	91.26222992	55.0389061	72.16004181	122.6471176	97.24177551	94.03439331	75.57252502	93.1339798	57.08292389	101.6847305	63.63402557	81.03270721	202.8052826
Q6PFD9	38.09792328	85.67726898	57.50269318	40.63101578	60.39507675	108.3183975	119.1265259	48.96474457	69.74329376	85.37587738	75.2279129	70.18820953	72.35041809	70.48601532	75.94625854	733.7825317
Q6PFR5	73.84981537	89.71080017	98.89205933	97.2835083	236.7767944	118.5101395	253.4929352	142.2357483	74.15143585	146.0830536	90.20272827	186.973999	139.4568024	79.08570099	114.3165359	235.1450195
Q6PGB6	303.3989258	241.2622833	222.1287231	178.9848175	302.0033875	356.9464722	338.3040466	274.4061584	223.4087677	226.4397736	208.9210968	299.347168	149.4594269	137.0455017	171.2664032	162.2914886
Q6PGC1	52.72587585	135.9162445	38.91995621	42.00866318	44.53520584	105.5554047	83.12245178	60.15327454	126.2950134	91.0068512	61.84449768	75.09718323	61.42207718	53.16457367	91.69078064	116.475296
Q6PGF7	59.09370422	86.84168243	54.9915657	52.88750839	59.87434769	59.09341049	67.99647522	57.31947327	69.37005615	68.73638916	54.7085762	50.2153511	63.95663071	26.47021675	55.39208603	100.94944
Q6PGH1	172.6574707	140.7713318	68.89022064	74.61064911	138.6401672	177.4442749	149.7843628	169.1266785	187.0566864	105.1501999	185.6202545	119.4758224	108.2889557	162.7980957	158.0232239	278.4299622
Q6PGH2	39.95366669	50.6317749	45.05445099	115.4415054	157.3801422	0	263.4544373	18.90919113	68.3801651	59.73963547	44.31959915	33.32965088	114.112442	14.72697639	107.9377213	0
Q6PGL7	173.1032715	144.4651031	91.00325012	100.408783	177.2567902	85.88089752	180.0384674	217.10112	68.44609833	92.68322754	100.6455536	126.7501373	224.2609863	97.67225647	129.0884857	134.2057037
Q6PHN9	1856.244263	2420.567627	1454.168823	1617.835449	1821.789917	1339.947144	2316.734863	1712.300659	1799.494507	1471.095459	1992.094604	2074.598877	1976.877686	2703.138916	2048.666748	1790.326294
Q6PHQ8	56.73583603	56.63908768	45.73023987	64.17247009	20.64738655	62.44180298	111.0297318	61.82404327	83.67884064	57.0490799	48.71391678	46.81346893	48.79175949	6.336490154	23.71035194	0
Q6PHU5	0	0	0	0	4.254962444	83.03796387	115.2215347	62.01550293	0	45.57677078	0	7.532062531	110.0977478	33.04249191	0	0
Q6PHZ2	37.99130249	79.91790009	97.64496613	92.77422333	103.1042404	51.76462555	184.1332703	52.21919632	118.9185104	50.10735703	65.47863007	101.7600555	80.86533356	63.49327087	92.56879425	0
Q6PIC6;Q6PIE5	2861.431641	2300.824463	2254.006348	2423.79126	1889.28186	2271.48999	1953.560547	2121.254639	2192.262695	2457.895508	2062.589355	2258.974365	2138.093018	1694.897095	1961.180054	1737.367065
Q6PIP5	62.08382416	162.0897369	84.42932892	95.9415741	143.7904053	91.01530457	134.9399414	156.8562622	96.13407898	55.42220688	174.7590027	73.3108139	155.6179199	65.21768951	120.3930435	127.1810379
Q6Q477	20.70024872	48.34837723	7.463384628	0	18.01634026	0	62.71640396	0	12.1948328	28.60462952	12.24703598	56.55991364	13.76392555	11.92269135	89.33093262	48.64197159
Q6Q899	141.1969147	130.6174622	194.1910858	159.9987488	215.7962341	121.2708969	118.9887085	176.5672913	120.8843613	157.1891479	142.7521057	205.9768372	145.1671906	91.73719788	165.2713013	260.7519226
Q6QD59	153.2138672	144.1172791	107.8660431	157.6959839	90.29634094	115.5584412	135.5695648	98.0134201	68.88764191	144.1894836	155.9564667	209.1471558	102.3467331	113.0384903	70.9098587	161.6603699
Q6QLQ4	0	0	0	0	0	0	150.6730042	7.471018791	0	0	0	0	0	0	0	0
Q6R5N8	39.71557236	59.79390335	255.2507477	151.5562439	122.6930542	203.5935974	140.8604279	80.87162018	241.0073395	206.1506348	273.8905029	122.5760193	38.02265167	201.731308	30.22932816	0
Q6SKR2	65.84622955	0	0	145.0379944	112.3104935	93.79141235	48.52895355	105.3827591	0	113.9236755	0	133.1934662	0	0	75.45544434	0
Q6TCG2	257.0396729	220.9079895	339.7614441	96.15625763	157.2673187	338.5749817	277.8542175	184.2890625	254.2765656	312.0704651	233.3593445	245.502182	208.9517212	689.1188354	31.10107994	357.4866028
Q6TEK5	111.8908539	120.0753326	53.42856216	203.3985596	213.8562927	135.2837219	251.1981201	166.5303192	200.1749573	218.1278229	176.190979	115.4899445	206.063324	139.625	284.4885559	45.6134758
Q6URW6	86.32857513	172.2225494	90.17516327	66.11112976	116.1282654	81.93227386	123.3302689	108.16539	101.9543381	90.5326767	107.3138351	42.49251175	140.12854	42.36293793	94.6182785	180.0285645
Q6VN19	187.8062744	295.95224	345.2424622	323.5688782	287.2087402	226.0990753	191.0049591	190.4272461	288.8283691	233.1755219	169.3155365	159.9254761	252.8819122	122.6664886	204.6781464	0
Q6VNB8	33.18836594	133.0539246	175.4516449	115.118576	440.7381592	65.83274841	152.3317566	92.63147736	34.64731979	0	66.82807922	0	54.84537506	0	0	68.95024872
Q6WVG3	269.1882629	180.6925659	274.1095581	337.4481201	502.6479492	380.6558533	1205.348877	633.6802368	343.4188232	318.5918274	283.1803589	359.9782715	261.8824463	343.671936	283.0757141	394.6791992
Q6X893	83.54914856	0	0	0	26.64359665	121.1443253	23.67105675	0	60.5812645	216.0011749	0	32.17886734	56.5020752	0	16.23842812	0
Q6XVG2	10813.32422	11089.66895	9062.359375	9516.095703	1475.455322	6278.01123	4099.081055	4113.907715	7150.168457	5618.728027	5904.912109	5519.375977	6894.197754	8225.569336	8202.59668	7615.71875
Q6Y685	74.14174652	0	32.79663467	83.02732086	0	75.67887115	93.7401123	23.79213333	52.49116135	22.53819275	47.07226944	97.11269379	33.03634262	6.821051598	131.3856659	68.26156616
Q6Y7W8	164.083847	116.2535172	168.7026672	183.1620636	143.693634	109.7180634	88.3645401	193.7906647	153.6530151	190.5158386	151.0414581	225.458374	136.0198822	150.6603851	108.7240906	0
Q6ZPE2	112.0749588	77.48136139	55.62511444	128.150177	110.5468903	82.01413727	119.914711	109.8613892	143.7462769	85.88434601	150.9794617	59.85823441	108.0352783	100.8972397	142.504715	0
Q6ZPJ0	77.39511108	112.2030029	81.43286133	68.2182312	119.4392319	104.9495239	145.4907074	128.8911133	110.7400436	125.5410233	97.58567047	61.60894775	143.1755219	139.6557465	81.55832672	447.4494019
Q6ZPJ3	76.15310669	43.17819595	71.87374115	43.67057037	48.73949814	35.8809166	67.43389893	86.75669861	101.2534866	34.15357208	77.64918518	67.81619263	36.07538223	46.45548248	56.13083649	157.8784332
Q6ZPQ6	0	0	47.19909668	0	0	0	0	57.46014023	0	0	0	0	0	0	0	0
Q6ZPR5	26.87165642	22.36985397	22.6787529	40.46505737	38.30667496	0	32.32588577	46.90904617	55.53001785	63.5598793	32.09737778	38.59268188	48.43771362	51.76140976	60.59738922	0
Q6ZPR6	103.0345688	69.7990036	0	22.86404037	55.71483994	121.211937	150.6282043	122.7471085	82.27256775	95.37204742	89.27091217	121.585083	73.5562973	57.38415909	33.88582993	0
Q6ZPU9	0	8.012666702	12.72341442	0	0	9.429253578	4.718603134	0	0	31.92304993	21.35282707	0	28.28640366	16.23742104	0	0
Q6ZQ08	124.8144531	103.8235626	76.40821075	126.4633942	105.0159149	112.5892944	187.0427094	126.6092834	107.3060913	141.7174988	111.8906555	135.9930725	109.3945313	111.337532	129.4686737	125.480629
Q6ZQ38	1265.884399	1418.922607	1161.516846	1200.148682	1266.184692	1227.635986	1381.486938	1417.149902	1329.544067	1137.237427	1244.323608	1435.665649	1132.699585	1353.455566	1246.738281	1486.712524
Q6ZQ58	267.6887512	209.2307587	187.7046661	179.1901245	169.6140594	198.4921112	154.839035	169.3842773	192.1666565	274.1939392	165.1484528	154.7134094	126.952034	162.0110474	213.2085266	148.4169769
Q6ZQ88	28.48437309	46.33364487	23.45550919	82.72052002	170.0486603	92.55220032	246.016037	20.56238365	110.8614044	57.40076065	8.909122467	150.8909149	213.5325623	6.477282047	141.7585754	123.8262253
Q6ZQB6	98.05784607	168.3444061	196.2340851	74.0141449	96.22449493	76.99721527	136.3968811	100.3821869	78.72012329	97.0039444	50.64767838	126.5925064	148.2440033	80.60818481	124.413559	226.5262146
Q6ZQH8	0	46.56922531	26.50234604	0	7.948048115	25.92546463	0	0	25.43747711	0	16.13382149	23.8265686	15.05284309	6.987911224	25.30940819	0
Q6ZQI3	867.8722534	934.8323364	811.7186279	943.7522583	1107.485596	1382.850586	1240.282837	1254.798584	941.1298218	1280.098267	1374.952881	1212.666016	915.7692261	1100.487793	1151.518066	1062.5979
Q6ZQK5	36.6192131	24.28443718	0	117.7965698	62.2916069	35.44900513	78.69104004	41.44633865	3.858414173	2.194233894	51.75403214	34.85980606	45.38659668	31.0382309	26.31082153	0
Q6ZQL4	29.95201492	27.57866096	22.76618195	25.01370621	34.01984024	36.40806198	69.94968414	73.03173065	51.91698456	21.83552551	56.44443893	24.66167831	43.44306564	9.252308846	49.24101257	56.42354584
Q6ZQM8	0	87.81716156	33.37820435	0	0	0	187.7406616	0	40.5691185	0	0	81.87283325	0	0	0	0
Q6ZWM4	343.8626404	258.3465271	229.152298	352.2930603	390.6307068	293.0429993	318.7855835	156.3508148	256.1428833	193.1078644	220.843811	278.9011536	252.839035	211.9269714	303.4801025	145.1685944
Q6ZWN5	3760.446533	3344.316406	4303.769043	4419.959473	4991.736328	4832.5625	4665.453125	5023.916992	3312.579346	4588.484375	4265.969727	3763.597168	4362.326172	3536.057861	4414.885742	3549.063477
Q6ZWQ7	643.8609009	487.5500488	567.5108643	808.1442871	884.3894653	759.4990845	811.1292725	872.1247559	712.5211182	803.739624	437.3051147	687.4042969	616.6593628	604.4802856	878.6976318	615.7515259
Q6ZWR6	78.28910828	39.28356171	28.57812691	110.6912231	43.469841	0	100.1949844	0	0	162.9029236	61.13699722	37.75418854	0	51.28160858	0	65.53855896
Q6ZWU9	423.3053284	504.7757568	260.2104797	383.4373169	522.9042358	723.9263916	466.1646118	133.4678802	340.4615784	171.3610687	200.3286743	818.5802002	299.5130615	172.8185272	849.6713867	228.9841614
Q6ZWV3	2682.913086	1903.776367	1950.326904	1893.749512	2174.846191	3063.489258	2958.068359	2062.506348	1608.971558	2461.298584	2495.612061	3323.9729	2363.208008	2271.384033	2850.320068	2026.206787
Q6ZWV7	1875.774048	1359.979492	855.2911987	516.4081421	1543.370239	2129.273682	2263.364746	2803.225098	2655.588623	2547.709961	1497.483521	1724.395386	2905.699219	1677.459351	3210.253418	1731.354736
Q6ZWX6	972.4921875	1259.198853	913.0271606	950.7990723	1176.975098	1098.549805	1276.708008	1076.118774	1217.996582	1134.25708	940.1148071	1057.304199	1158.077026	1114.794922	1152.997192	1088.107666
Q6ZWY3	1247.730591	1426.519897	1982.466309	1489.262573	2485.568848	1782.817261	1633.828979	1671.523682	1609.16333	1778.688599	1545.221191	2083.498047	2180.939697	712.7453613	1818.758667	2128.674316
Q6ZWY8	184.957489	47.48524475	135.5614624	88.41785431	771.2418823	160.7603455	1253.786987	544.5332031	171.5635376	236.6470032	252.1746674	95.51802063	299.0147705	10.56206322	62.03702927	127.1900024
Q6ZWZ2	101.9107895	58.83765411	31.96203995	105.8935471	60.15106964	42.61171341	74.13943481	76.28992462	76.47315216	63.46022034	144.7634583	85.45342255	27.73244858	136.7734528	73.79118347	85.30415344
Q711T7	203.2742615	94.61832428	159.0862427	166.7722931	202.8073883	132.0392609	111.8211288	120.7408981	133.4693298	150.535614	129.4725494	255.4425659	135.6949158	128.2696533	98.23886871	0
Q71KT5	592.6358643	551.7235107	468.0319214	669.6171875	155.5598907	114.3792419	39.34942245	143.3535309	39.36006546	94.20828247	105.6854858	126.8497086	70.5320282	126.8740616	217.5889435	115.6041565
Q71KU9	116.2495346	142.0020752	44.38550186	238.0556488	181.4126434	272.9114685	425.619751	241.8364868	114.831459	212.1389465	229.6212463	263.2508545	172.0048676	205.9294739	137.6379089	91.35531616
Q71LX4	160.9542542	192.8626404	184.8249359	216.3573608	147.076767	227.4572296	232.2888794	220.8914795	172.8391876	164.765976	184.6393738	192.1766357	210.7831268	231.6422729	204.870224	272.6126404
Q71RI9	3332.688232	2457.891357	2482.986572	3529.850586	1882.949707	2034.996948	1900.288818	2662.201172	2498.5354	2440.329102	2511.706787	2863.425049	2500.027588	2064.919434	2673.373047	2440.772217
Q75N73	175.4837799	0	364.6988525	266.2360229	215.5591888	189.698822	83.22381592	303.3142395	170.2660217	590.0219727	450.0013123	401.8594055	325.5951538	294.2858887	231.1177826	240.1673737
Q76LS9	283.6965942	101.5649643	182.9596252	102.5633469	102.872612	103.4016113	87.87026215	173.0961151	52.43074799	133.2310944	295.0726929	111.5342636	227.1093292	85.22406006	156.5219727	154.9162903
Q76M72;Q8VCA0	852.4104614	257.0628052	592.6494751	735.6744385	692.770874	785.2506104	282.3291931	752.6535034	166.0441742	966.9170532	1098.607666	804.0023804	630.3414917	331.7981567	67.03025055	1273.024414
Q76MZ3	1432.190063	1246.218506	1448.274414	1282.018677	1810.287354	1447.883057	1941.34729	1297.422729	1370.376953	1181.366455	992.7227783	1660.226807	1417.091187	1244.50769	1439.061646	1659.167969
Q78HU3	21.91758537	28.65496826	0	26.00978279	21.10177803	21.51387978	59.03806686	0	0	19.06445313	0	31.74235153	0	82.60729218	0	0
Q78HU7	124.7062988	93.81487274	58.25689316	16.29658699	0	48.44252777	72.9245224	11.61135006	39.71053696	16.09217453	49.53694534	78.40068054	28.16516495	12.33736515	64.41893005	0
Q78IK2	1952.800415	1312.903687	1259.875122	1453.148438	1185.968872	1447.86084	684.062561	998.1243896	1925.421265	1497.256104	1504.721191	2215.071777	1297.171631	1247.066772	1363.747314	677.4191284
Q78IK4	413.9819641	374.9758911	247.451828	317.9668884	262.3807678	278.6886902	211.3289032	242.0726166	283.7342529	305.3010559	366.390686	322.8629456	269.8604126	243.1805115	307.0195923	419.6005859
Q78IQ7	137.4873047	174.3601685	62.6432457	94.59578705	109.6336212	0	363.6673889	216.1828308	127.6577911	260.6329651	93.79632568	38.71363068	119.0793762	185.6165314	240.8907776	0
Q78J03	109.0168839	210.9402771	202.8049011	109.7578659	65.92234802	97.43618011	77.16374969	92.0258255	181.8237915	68.49004364	85.07313538	87.51105499	60.16897964	87.24488068	59.66389847	161.0822601
Q78JE5	94.35979462	112.1758575	78.03636169	83.15592194	45.56822586	124.513382	116.5857925	51.84355164	185.1640167	107.2183456	124.3181381	82.80944824	89.87695313	130.538147	94.82633972	150.1829376
Q78JT3	13284.0625	11803.69922	14336.72168	12435.37402	9136.273438	10393.91211	7400.140625	10984.55176	9805.102539	9070.638672	9554.438477	11301.82324	10651.21094	9975.138672	9892.199219	12036.33203
Q78JW9	154.9184723	172.050827	170.955246	94.69740295	141.3471222	127.8199387	150.7966614	257.2952881	108.475647	123.5363464	125.0178986	134.5636597	168.7535706	148.2244415	83.43959808	415.4797363
Q78KK3	361.3451538	444.5003357	282.6491699	270.0136108	402.7614441	282.7104187	350.1858521	349.0047302	363.1015015	270.0574646	439.224884	203.6144867	303.4306335	357.3272095	321.2970276	192.0355835
Q78PG9	132.698288	126.7501297	134.9233398	176.4687195	106.0099258	155.5041504	111.175293	149.3967438	54.23659515	173.4441071	109.0476456	119.6358109	123.5453262	125.829567	104.0751495	147.2563782
Q78PY7	5887.706543	6074.59375	5369.931152	6120.043945	5156.335938	6578.928711	5477.020996	5767.162598	7183.943359	5624.646973	5927.737793	6047.28418	5790.476563	6788.410156	6499.075684	6576.751465
Q78T54	160.1376953	263.6442566	128.5766754	297.3618469	236.6194763	188.8812408	420.8532104	227.1665497	180.9122314	411.1465454	142.5829163	179.0050354	215.0939941	351.1393127	131.6829681	494.9306335
Q78XF5	100.2952042	123.420166	133.5523529	111.4283447	222.8913269	146.3766937	86.73144531	209.1115417	155.1984558	76.29837799	205.3275757	207.4610901	109.0074615	210.937912	143.1270599	83.68380737
Q78YZ6	207.2724457	247.8463898	0	126.7259598	417.6504517	264.7275696	267.4659729	312.5333557	0	395.8372192	117.9623947	199.0718842	199.899353	406.0456543	258.0662231	0
Q78ZA7	223.1293488	174.5037842	203.3653564	190.6339264	296.6586304	269.3198853	317.7522888	199.7872162	189.6410522	253.8555145	197.443924	264.5766907	241.8084412	162.2202454	246.111557	339.2200928
Q791T5	287.2546082	279.0490723	233.912262	277.0780029	204.1779175	170.5796509	197.9483337	163.8222351	146.4744873	225.2316589	230.8178253	192.5747833	130.073288	289.079895	344.34552	86.0586853
Q791V5	1944.395752	1326.701782	1788.263794	2088.785889	1473.926147	1570.523926	1165.44812	1127.056885	1479.119873	2036.643799	1583.584961	1576.591919	1287.888672	1725.049561	1448.611206	1545.995361
Q793I8	35.43325043	102.4813538	62.86884308	112.6460876	202.969635	55.17893982	71.32277679	189.3986664	0	97.92373657	130.5987549	73.1570816	0	76.92024231	78.28051758	0
Q7M6Y3	537.6074219	407.3460693	318.2572021	457.4158936	324.7023621	487.261322	668.935791	506.0190125	540.3170776	520.4066772	448.4285889	563.0211792	465.4421692	456.0501099	468.8514709	572.6373901
Q7SIG6	5561.564453	5376.217285	6849.92334	6191.79541	1593.873291	3320.492432	1341.223389	2087.064453	2012.00769	681.43927	2949.774658	2387.801758	4706.47998	470.7731934	588.7198486	1526.908569
Q7TMB8	447.3598633	397.4453735	471.250946	276.6526794	747.3748169	464.5994873	815.4008179	407.3600464	411.4319153	497.1496582	413.2030945	500.6925049	383.0498962	446.4244385	422.5903931	823.3911133
Q7TMC8	45.77610779	40.00688171	42.59222794	42.88574982	49.90043259	54.6602478	46.69921875	31.66380692	56.22208023	55.68551254	39.40787125	50.83548355	52.95135498	49.88605881	49.76154327	0
Q7TMF3	1383.89502	1398.443237	1993.278564	2106.622803	1561.25769	1301.148193	1089.665527	1390.434448	1630.042236	1341.22229	1315.589233	930.0619507	1090.005859	1370.166138	1293.056641	2175.338623
Q7TMK6	65.67444611	49.85279846	106.9988556	0	44.37459564	32.14977264	40.77761841	20.1553688	21.68508911	36.51198959	47.69716644	57.77508926	23.65767288	36.23931503	16.71497154	0
Q7TMK9	1156.090942	1020.681335	1139.218018	1325.834106	1509.489746	1402.968018	1827.039551	1282.672119	1268.940063	1319.435303	1366.834717	1282.972778	1262.571655	1059.822876	1277.518188	1687.121582
Q7TMM9	3216.333008	2602.292725	2565.806641	2929.690674	5274.124023	3278.50293	5921.020996	2910.45459	2937.783447	2916.408936	2756.703369	2597.386963	3111.644287	3608.897705	2666.088623	3971.990234
Q7TMQ7	69.77920532	90.08010101	56.09848785	55.71334457	69.14802551	48.14457321	89.87979126	112.0169601	81.05680084	80.59915924	133.503418	79.01579285	96.7166748	84.52829742	99.35139465	214.674469
Q7TMR0	128.2418671	172.8761444	126.6025391	129.8613586	192.8188019	142.572876	167.7108154	214.5157318	191.3135071	177.4447784	159.0093079	300.3126831	164.254364	200.4855652	155.3429108	213.9596405
Q7TMS5	864.8718262	635.3934937	792.8609009	696.401062	1030.521362	1495.097046	708.6110229	1297.845947	1253.846436	1227.012085	1377.398193	1200.099976	1303.727295	994.633667	968.7642212	1197.293823
Q7TMW6	63.88998032	97.19232178	120.4386749	58.24416351	40.76831818	58.56733704	61.30143738	74.94257355	75.11534882	49.84167099	90.03112793	55.15285492	58.42431641	24.82851028	54.1490097	108.4700317
Q7TMY4	0	0	0	0	28.23080826	0	11.55092812	0	0	97.99454498	85.04991913	16.44494629	0	13.75951672	23.06920242	0
Q7TMY8	71.03020477	132.4944458	124.6313782	104.3924942	115.4188614	88.48400879	154.4586182	117.180603	100.9259033	74.62214661	118.5365829	80.24476624	103.621994	91.73431396	92.97494507	88.60503387
Q7TN29	219.606308	287.3186035	243.4909973	185.2052155	232.1382599	115.2342987	335.7003784	231.6197815	232.1779175	137.5018921	264.3484802	225.4398651	314.4430237	302.9004822	218.2724304	198.6416168
Q7TN98	39.41931915	75.54514313	70.34129333	46.20606232	98.17811584	36.14008331	69.94425964	76.08855438	46.43798447	58.57817078	16.05914688	43.18879318	70.5092926	78.2138443	30.03430176	0
Q7TNC4	66.17849731	137.6789093	185.3946075	129.3102417	92.57033539	138.7182159	130.000412	105.9003906	52.97753906	129.4242249	81.34645081	114.1848221	119.7319489	112.3927765	102.5340729	47.83937836
Q7TNE1	176.5335388	132.5340118	253.1383514	133.3777924	51.40332794	175.7731781	126.7567673	215.5788879	72.73271942	162.6952515	170.7220001	79.03764343	183.4522705	262.0036926	145.1981049	134.5855103
Q7TNG5	216.538269	253.7397461	245.0153503	292.9294739	332.8459167	312.6895142	536.1256104	204.5792694	237.4783173	305.4716492	236.2270508	245.6725922	323.5904846	201.149353	237.1626282	228.0175934
Q7TNG8	2617.524902	2741.580566	2508.76123	2597.92627	1968.814697	2929.034424	1688.582275	2914.301514	2391.781738	2463.023926	2532.269287	2026.270752	2557.894043	2947.977539	2868.84668	3120.916748
Q7TNP2	55.93837738	130.3116913	97.81679535	124.3168411	46.75826263	126.8207016	90.24924469	124.474617	130.1086426	50.30455017	124.9731979	81.80980682	93.22115326	113.0745316	75.48808289	74.32846832
Q7TNV0	161.8387604	126.7115707	219.1791992	208.1027374	232.6427612	197.4734039	303.4165649	145.9035492	110.9293671	145.0284576	183.9664764	284.880188	182.5980377	155.1380463	190.06073	152.2037201
Q7TPD0	42.06270218	37.41051865	89.4370575	83.16426849	33.75974655	31.94371223	106.9621201	38.06849289	54.0149498	22.01700974	43.80026627	39.3571167	0	24.98093987	34.49625397	0
Q7TPM9	0	21.14724159	123.5707779	9.929107666	34.8408165	75.41929626	177.8875885	86.24281311	0	110.7099457	30.58995628	75.25669861	55.49517822	59.9322052	19.2767849	53.1630249
Q7TPR4	5897.744141	5934.322266	5997.534668	6310.496094	8710.609375	7076.607422	11792.02441	8255.517578	7325.417969	7975.27002	6431.474609	7081.285645	6906.393555	6782.322754	7167.882813	10376.95605
Q7TPV4	149.7185211	169.6065826	144.5007629	159.7642212	206.7026367	197.2707367	242.827713	128.3451691	129.8995209	139.7516479	140.1382141	143.6784668	93.70756531	133.5836792	123.5596085	308.3850098
Q7TQ95	55.14921188	75.3763504	35.03617859	63.38713837	74.55256653	28.12841415	95.8150177	85.26145172	42.85103989	38.12940979	35.18268204	19.81180954	84.26495361	40.44081497	49.28377914	144.9728088
Q7TQD2	360.7186584	651.932312	0	195.0139618	229.4753265	367.7842102	297.8915405	216.3005981	382.5879517	221.3975983	538.7449341	349.9442444	121.6525345	247.5489502	327.4139099	0
Q7TQG1	42.78602219	31.9499588	27.79496002	36.62271118	17.12068176	43.02907181	41.084198	29.35349655	35.75624847	159.5609589	0	33.48358536	34.23160934	69.11463165	24.51418686	52.57049942
Q7TQH0	145.4114838	100.7819214	120.4065399	87.78853607	86.72685242	126.3132629	180.4289551	89.67687988	50.91411972	90.16564178	148.3651123	111.2568893	108.2136154	127.843811	105.9019318	191.7136383
Q7TQI3	550.0410767	513.1802368	491.4842224	499.49823	584.9736938	319.3474121	344.8066711	461.9684448	477.3628845	526.9364624	471.6325989	634.2539673	392.4830933	400.5337524	435.3668213	491.4763794
Q7TQK5	76.00533295	88.68767548	98.11716461	83.19871521	99.50835419	184.9794159	105.2274017	85.67179871	128.0934143	124.3417664	78.1003952	159.4653473	79.5471344	120.8911514	90.36902618	169.9777679
Q7TSH2	62.79453659	133.5375366	113.5737915	89.10047913	116.1712341	73.03121948	71.23403168	112.2200089	60.08997345	109.2419968	98.86081696	120.7921448	70.58605194	109.9986267	104.765358	109.2186432
Q7TSI3	35.56864548	29.3862114	0	43.55249786	49.84578705	44.11888885	41.5705452	56.54517365	71.26163483	0	31.96669579	45.53232956	18.89257431	50.1201973	33.84401703	0
Q7TSS2;Q8K2Z8	0	25.95843887	0	0	66.04562378	40.61594772	148.9613342	0	42.05978394	119.5966415	0	0	65.50079346	49.49893188	29.43140221	0
Q7TSV4	123.9703217	118.5669861	160.2610626	161.6766357	221.2855682	206.321991	384.082489	226.2350464	162.5583954	212.4731903	165.1847382	195.8492432	182.0467377	162.7338867	191.2781372	106.0360947
Q7TT37	96.70795441	73.47842407	159.965683	52.80846786	62.61902237	98.92747498	147.5247803	132.8707886	98.0460434	96.26126099	161.6082916	82.73423767	87.68779755	124.1727905	108.3614197	0
Q7TT50	76.31639862	97.3380127	87.17500305	102.9866638	118.375412	125.8188248	93.73288727	106.2129822	91.30704498	120.7911301	104.6585312	104.0201797	80.97294617	92.11743927	101.9698029	159.4707489
Q80SU7	100.9350891	58.22222519	43.43439102	151.5324249	290.7981567	135.2715759	346.356781	540.3718872	131.9267883	172.076889	112.0025177	107.3002625	103.8162003	126.1778336	145.8173065	214.2703094
Q80SW1	183.6242065	295.2235413	193.1277924	149.6217957	159.4090118	113.0912704	188.8504181	153.7327423	155.9202118	165.2008667	150.3771667	188.6898041	119.3791046	133.9175873	150.8719177	439.1171265
Q80SY5	78.74691772	65.23972321	68.93206787	71.39385223	79.26597595	95.21546173	90.98726654	136.9518738	60.33612823	69.23215485	55.56868744	106.8619308	88.71372223	98.47870636	70.08443451	172.2306976
Q80SZ7	18.23476982	383.2865906	42.1599617	0	0	0	79.05039215	0	323.2249756	0	233.2858429	270.4261169	0	0	0	0
Q80T19;Q9EQ21	98.52403259	368.2304077	0	0	162.535141	0	163.5597839	24.5753727	0	0	0	0	63.8962059	57.30619812	0	0
Q80T85	70.31607056	0	0	22.2383976	31.53589439	0	0	0	0	97.86209106	71.34063721	38.76068497	61.5138092	0	55.78165817	0
Q80TA1	106.7165909	121.3830643	37.30829239	117.4165802	108.2228546	93.07575226	223.8705292	198.8707275	112.7267456	206.5797882	257.5986328	159.8253632	60.03910065	142.3925018	59.6379776	0
Q80TH2	100.0950546	93.96643829	100.0462494	116.5859985	133.8955536	145.3317566	208.9155426	189.1300659	117.4429474	141.8472748	117.5482559	128.5684509	151.426651	139.6544952	162.0913239	186.7511292
Q80TL7	136.9675598	107.7708511	98.33840942	69.70396423	70.96705627	56.86746216	123.5751953	110.3258438	81.08429718	109.6224899	98.94779205	71.43001556	79.6855545	81.97516632	63.7742691	112.5316544
Q80TM9	55.71376419	64.75222778	40.93242264	18.35346413	57.75556183	32.48789978	56.18754196	49.86129761	53.43551254	22.16800117	48.10346222	29.31311989	44.61614227	64.53945923	56.408741	19.36825371
Q80TV8	110.0733032	143.0707245	0	83.44631958	116.5453873	141.2034302	167.4147644	114.7156906	101.2879257	82.55991364	127.4545441	121.3459778	68.87892914	121.9829788	126.2302475	0
Q80TY0	19.81677055	46.36976624	25.17412376	0	18.59797859	34.17401505	81.64653015	25.03928375	54.42357635	21.39974785	57.1920433	23.80419731	58.14107895	53.72182846	84.61380768	33.25292206
Q80U19	131.2661438	45.80288315	69.64427185	125.9131165	100.1042023	79.17995453	84.25986481	117.6165161	29.6262207	107.2877197	127.2418365	65.90724182	40.98620224	0	116.7607422	0
Q80U63	224.7166595	242.8121796	190.9657593	235.8648529	143.0455322	243.0211182	194.4035187	166.6972046	192.6859894	214.0209351	241.6188812	239.6107025	246.9813385	201.2531281	264.0799561	173.0767822
Q80U72	92.79658508	81.08011627	159.3664856	104.5280151	92.44509888	96.3611145	101.8065414	103.7081604	102.1485367	56.85024643	73.79611206	95.83843994	94.07868195	91.07491302	106.1530685	145.0076447
Q80U78	39.58530426	22.26200676	24.38932228	50.84186935	66.88312531	26.27984619	30.68612862	0	49.90203094	30.32502174	37.56036377	17.1214447	15.37003231	30.78099442	7.428892612	0
Q80U93	54.02565002	42.51199341	51.86116028	44.71111298	72.74492645	37.53817749	64.52431488	78.06111145	50.10501099	23.6364994	21.68228722	53.77916336	38.39320374	41.70380402	46.0312233	0
Q80U95	77.22512817	33.73444748	71.92902374	59.05559158	97.8205719	52.14874649	55.69271851	70.41867828	25.73122215	63.71361923	59.08786774	65.55950165	113.4279633	69.77213287	49.69941711	0
Q80UG1	136.5904083	120.3110275	130.78508	192.0059357	153.7870178	74.2273407	185.0440063	119.8536835	105.4243317	125.4955826	154.5780945	113.5249557	139.6193848	191.1411285	237.5653992	219.0813599
Q80UG5	520.3410034	496.3380432	481.4979858	524.9848022	601.2341309	694.0116577	1160.085815	772.6119385	570.3562622	409.0755005	623.6502075	571.9960938	617.5185547	422.9811401	545.9380493	753.7572632
Q80UJ7	99.49820709	51.0160408	87.79546356	72.39618683	60.29897308	56.84321976	138.643692	150.0797729	93.34324646	82.13592529	86.47162628	59.68960571	71.26773834	47.31008148	100.6631165	94.344841
Q80UM3	158.5997925	147.3669891	154.9854736	191.0942688	178.8996735	178.8843842	212.4719849	183.2441406	168.4445648	166.050827	84.71590424	182.6471558	140.2380524	174.7328796	160.0459442	154.1779633
Q80UM7	1405.438965	1612.142578	1309.835693	1557.111816	1279.899536	1794.721924	1584.868286	1508.820923	1438.735962	1524.029785	1175.54126	1494.161499	1577.029907	1364.847168	1446.31189	1714.675781
Q80UU1	0	0	76.79329681	0	0	0	66.05329132	0	116.1879196	0	0	132.5883789	72.03598785	0	38.9483223	0
Q80UU9	521.0445557	524.536438	500.8529968	518.732666	631.9785156	609.4033203	829.9634399	724.857605	400.033905	467.4958191	463.2262573	467.8897705	706.166626	481.6619568	582.1497192	909.4328613
Q80UW8	26.15631104	87.62971497	56.75288773	75.05329895	75.43517303	34.38308716	142.8601532	79.6831665	63.97751236	52.20605469	68.64143372	42.39138412	93.4299469	20.83398056	86.18649292	0
Q80V03	44.92987442	71.19378662	51.22811127	71.37994385	61.9428978	70.01558685	85.65592194	97.28214264	55.684021	85.00541687	81.48529816	78.94071198	75.73175812	48.50393295	77.22542572	87.59459686
Q80V26	40.90872574	42.22130585	137.4088135	58.87020111	229.9948273	157.908493	269.8105164	103.95224	103.7735672	148.6313324	74.12957764	86.9977417	117.8067169	72.6100769	106.2613754	263.600708
Q80VD1	105.9503937	92.69853973	127.8211288	153.0825653	92.19074249	136.5625763	115.1325989	107.8846664	70.26120758	124.5818634	88.19907379	137.539978	132.0457001	94.28980255	92.24972534	45.0134201
Q80VJ2	52.29335022	153.7529755	103.9303131	54.72628784	37.66109085	98.72421265	116.5401917	59.83245468	114.0196457	55.64602661	44.53512192	76.81671143	61.18489075	124.8248825	80.88573456	243.5459747
Q80VJ3	88.67050171	79.30192566	69.00322723	59.41025925	46.70892715	75.39151001	54.79482269	128.515686	61.16027832	42.60813904	42.44775391	74.57195282	33.86019897	47.22267532	74.62620544	0
Q80VP1	280.798645	268.7341309	248.3981476	299.5658264	214.4483032	253.1475983	381.6356506	120.2699203	301.5722961	341.9743652	391.450592	163.8147888	114.2974014	327.2329407	267.0083008	447.8739624
Q80W00	134.3371124	116.3745575	43.05501556	95.2215271	71.18273926	46.01300049	28.29687691	63.09543991	85.71691895	131.4725342	0	28.80793381	137.3322754	15.71933079	0	0
Q80W21	591.3861084	718.2782593	568.9014893	694.1535034	442.0670776	231.7264557	451.8982849	380.607666	461.5569458	606.6657715	699.1807861	353.5456543	433.1021729	437.5041199	569.4697876	611.1358643
Q80W22	1151.133545	1333.883545	1120.08252	1243.535767	1242.853882	1074.403809	941.9473267	1230.01355	837.8098755	867.3244629	1099.220093	1113.94751	1170.796021	939.3032227	1036.197144	1027.246216
Q80W47	169.9633942	153.5130463	105.3847427	107.1153641	229.6005554	188.6773834	107.2275543	230.7335815	79.33257294	311.7911682	226.9443512	170.4169464	151.1212463	54.00907898	247.5822296	222.0287628
Q80W54	535.7000122	468.5891113	330.7197266	444.9331665	502.5646667	523.1658325	569.4989014	523.8110962	440.9896851	445.6260376	601.5141602	429.1516113	543.229248	393.6746216	466.745575	348.6803589
Q80WC7	182.4816437	173.2749634	192.4033661	414.3000488	256.3617859	153.8203125	239.4317932	202.5045776	311.0283813	217.622345	346.5443726	197.1135254	246.5727997	178.0488586	181.7528839	232.1809845
Q80WG5	52.05679703	0	43.25816345	59.76493835	38.98374557	0	35.19120789	29.04836464	12.39655304	0	40.02032089	66.38567352	31.93558121	43.66524124	34.06741714	0
Q80WJ7	239.3566284	225.3657532	266.2249451	205.2124634	174.8130646	291.7259521	237.2941132	132.747406	153.2822418	218.1548309	305.2415771	177.3115387	250.9415283	248.1811981	209.998642	100.3155518
Q80WQ2	73.77954102	95.43149567	92.91516876	77.84636688	112.1673737	98.00328064	98.18470764	129.6420898	133.8650055	114.1151276	89.99777985	141.5724182	111.8280792	128.6257324	99.62179565	0
Q80WW9	105.7825394	113.9468689	126.8544617	91.25452423	58.32959747	101.5032501	77.27193451	81.4138031	115.7616882	78.38744354	93.75185394	84.50767517	107.2329712	138.9306793	91.86333466	223.2641907
Q80X19	267.4362793	201.4958801	241.9255066	217.8179626	1213.619995	262.8269653	1038.814087	272.8249817	291.1292114	283.1000977	325.436554	308.3317566	397.526947	285.4810181	187.5966187	493.6122742
Q80X41	60.95716095	51.04381943	10.8241415	88.3361969	74.77293396	85.18371582	214.8041382	71.75852966	77.43870544	61.4646225	81.57361603	117.3756409	31.36559105	30.33270836	31.73549652	0
Q80X50	142.3406067	73.46578979	106.4148483	115.1497498	98.37897491	69.57901001	262.6558533	113.72155	69.06974792	79.69083405	96.49288177	135.2471161	87.97615814	107.6570282	56.17232132	57.92560577
Q80X71	85.23194122	225.8146515	58.62024307	55.0995369	116.9589005	73.92170715	0	105.2202988	99.46548462	73.55072784	173.7735138	85.01161957	27.42777824	114.720047	0	0
Q80X73	51.45126724	92.5845871	59.6115799	85.18103027	79.58931732	148.9238892	75.3500061	38.740448	85.79145813	87.66340637	71.04660797	59.29706955	64.6803894	75.59918213	62.75095749	86.53981781
Q80X80	100.9113541	156.6379089	125.5818863	166.8919983	81.0120163	81.81817627	106.2466354	112.4989624	107.8071976	107.6856155	92.03167725	109.3840866	115.5028381	88.19400787	100.4359055	148.843338
Q80X82	62.45505524	79.30626678	43.61426926	58.45357132	51.77252579	138.4740753	91.94736481	88.0619812	96.40558624	82.94918823	76.15504456	57.6185379	42.99448776	78.88453674	89.27542114	0
Q80X85	116.7477722	148.1707611	147.099472	126.2029343	87.23751068	72.41576385	81.17896271	44.88438034	119.4808731	79.25708771	128.9688568	124.6519775	53.89619446	177.5834656	118.5927734	162.5981903
Q80X90	1247.263184	1254.940796	1284.705566	1165.82251	1911.055176	1419.127319	2390.844482	1707.999023	1374.57666	1479.296265	1480.493286	1415.02063	1565.681641	1368.566162	1297.810669	1475.345337
Q80XA6	17.56845474	0	49.48199844	0	5.022574425	0	41.68671036	31.45691872	0	2.450071573	12.99727058	0	0	13.27082157	24.02923584	0
Q80XI3	43.31051254	116.9372559	17.54174995	9.238996506	19.85240746	73.90320587	77.14187622	56.08053589	75.55995178	23.66322136	49.99797821	8.527546883	96.73591614	26.11844063	143.8487244	0
Q80XI4	31.9178257	38.36782455	32.16517258	0	35.50175858	40.06678772	23.80823708	20.47146225	91.36807251	40.69795609	0	18.41685104	30.87833786	30.65054512	14.88597393	0
Q80XL6	2005.84314	2026.068604	2170.309082	1954.522827	2903.670654	2221.556885	2350.719727	2746.702393	2376.102539	2201.960938	2528.125	2935.769775	2732.286377	2393.312012	2290.197266	2564.539063
Q80XN0	9540.34375	11849.64746	8823.364258	10966.33594	10054.14941	9775.625977	9880.458984	9994.973633	10130.61426	8540.885742	9684.4375	8246.868164	10511.58496	9915.150391	10805.99219	11504.88477
Q80XU3	93.45702362	16.34323502	41.71652985	37.28800201	67.06672668	55.61045074	34.63207626	28.0717392	0	32.79440308	55.41468048	63.54039383	103.0288849	72.2357254	43.52854538	67.99139404
Q80Y14	2620.116211	1314.432739	971.0285645	2289.035156	1720.140015	2248.513184	1577.415771	1549.120483	2205.983154	1511.39624	2421.278564	1880.725708	1645.226563	2040.032227	1892.175659	1522.141235
Q80Y55	33.48932266	120.5159607	40.29996109	84.30944824	65.48907471	73.85098267	98.9227066	52.55163574	40.03136826	53.75255203	82.94397736	67.715271	64.66217041	97.56374359	52.55170441	336.8086243
Q80Y81	89.01073456	77.07285309	110.5338974	73.60986328	116.2570343	108.457634	92.64280701	93.11534119	49.80454636	56.13750076	78.6824646	81.03417206	77.25115204	75.37615967	91.86991882	0
Q80Y98	30.85315704	52.87425613	67.44676208	20.74150276	46.75959778	92.57268524	21.66143608	60.60283279	51.08843231	39.1409111	47.81516647	69.44683075	18.64459801	53.33076096	38.36273956	0
Q80YC5	150.409256	198.819046	125.6342316	65.84499359	266.5592651	113.9443893	175.5365601	120.2537766	181.8886108	157.3746796	74.98908997	140.0419617	205.9022217	189.8908081	138.2837677	328.5906372
Q80YD1	222.2393799	137.7454224	153.8242035	262.6625061	179.7477112	143.2737885	125.9010162	176.8813019	83.66503906	105.8860245	144.817215	109.20047	177.0612946	95.30355072	104.2421722	129.5218506
Q80YQ8	282.6886292	28.56257057	8.516728401	0	63.43267441	66.00427246	25.58972931	27.25148964	0	0	13.37520599	52.51162338	0	0	0	0
Q80YR4	73.62891388	31.03541374	48.9777832	101.0649109	67.72093964	35.94411469	35.90795517	35.28278732	18.39714241	60.94433212	64.72635651	50.71969223	46.41812134	45.78078079	12.2603054	0
Q80YX1	177.3899231	105.7815704	155.6238098	77.21086121	164.0500793	0	240.699173	88.38598633	275.0140991	113.1962662	36.69334793	225.7274933	51.46520233	82.78250122	88.3996048	360.8952332
Q80ZJ1	127.4947815	371.8938293	114.7661285	205.538269	336.5474548	308.6684875	231.7592316	305.3878784	424.6621399	76.55249023	234.1947021	260.9049683	220.9039459	204.7928162	318.954834	145.2905884
Q80ZK0	179.7117615	152.4453125	209.0230713	127.9257202	128.7963562	132.7221832	51.91021347	50.96858215	86.388237	94.07937622	97.94163513	127.7186737	67.4178009	93.86669159	68.68432617	0
Q80ZK9	19.5435257	24.89194107	9.324514389	43.53620148	0	15.25702953	10.63541412	31.78921318	0	45.4018364	0	36.74219513	32.52428055	30.46116638	25.97582245	0
Q80ZM3	48.63360214	108.5017624	66.47863007	88.57334137	88.21390533	24.7558136	89.86922455	90.29891968	113.5896454	54.52170944	28.90987968	134.6123962	64.50463867	24.20388794	100.8753586	0
Q80ZS3	101.0357132	99.7300415	125.3570023	95.7770462	84.85710907	103.0605164	65.61508179	24.09079552	110.040863	85.86392975	59.12335968	64.17261505	101.8900375	98.27719116	90.66616058	28.72296906
Q810A7	109.8338547	161.7430115	144.6045074	111.8773041	163.5163879	188.1708069	218.6962128	204.3644257	96.10220337	162.7306519	119.7968597	160.1402588	143.6146393	123.1766739	162.5254669	215.6218262
Q810B6	139.2640991	150.6938019	118.8582382	143.8368835	195.0065002	131.0599976	207.7835846	106.9974365	150.6214294	151.2304077	157.644516	155.499115	136.4451141	155.3942108	134.654007	170.5918121
Q810D6	73.44122314	12.01140118	50.87094116	86.01476288	79.71826935	77.14619446	61.7790184	55.90796661	51.20358276	23.5401535	80.72974396	90.1173172	43.90492249	57.88763428	118.1020966	0
Q810J8	58.75570297	146.5308075	61.47152328	94.64096832	65.3903656	96.11113739	64.06751251	106.970459	97.78366852	73.54522705	67.07443237	93.29125214	114.4359131	75.80608368	110.6530533	85.83553314
Q811D0	371.0929565	418.8093262	347.4759827	382.1927795	344.3596191	337.3861389	325.2929382	311.1244812	357.1524963	334.1061401	451.9590759	335.0068359	416.6296997	419.5338135	334.9051819	429.150177
Q811I0	59.0696907	35.98167038	115.1642914	108.9824677	53.76046753	49.73712158	48.22854996	56.56425858	78.89067841	59.53733444	109.1085281	52.35838699	43.89136505	69.60446167	55.86455536	268.5939026
Q811S7	117.394165	36.17614746	58.20658493	125.7874603	154.1968842	127.8021774	152.5725861	131.6292877	47.72538757	117.3957901	183.6168518	82.21525574	149.2133484	32.93710327	26.02153778	0
Q811U4	97.75907898	121.2549591	94.18907166	139.6607666	90.09046173	90.61631012	63.2249794	94.4360733	63.3092041	107.8041763	96.88124084	49.86880493	64.2861557	74.51713562	60.48009491	56.94919586
Q8BFP9	490.6080933	283.2904663	311.6982117	452.7615356	105.5401535	186.3178406	181.6672821	166.0344086	196.6967773	191.4011536	313.4596558	216.9196472	216.3347626	349.2748718	244.673996	252.6160889
Q8BFQ8	179.0853577	141.7142334	170.7424164	149.4200134	144.1356659	135.1369781	254.1922302	142.7588196	229.0184021	117.4855804	209.2210083	169.3246613	129.7203979	95.97159576	169.7994995	164.6077576
Q8BFR4	116.4475708	215.4767456	130.5494537	224.6129913	194.4721375	159.7936096	217.4643707	233.1867676	121.268364	172.2807922	109.1505356	129.5053253	173.5153656	151.7860718	159.2004395	163.4115143
Q8BFR5	6965.037598	8328.139648	6622.350586	5073.415527	6127.756836	4552.115234	3389.550781	4108.166992	5148.858398	4530.651367	4748.843262	4305.514648	5229.515625	5334.958496	5292.950195	5885.369141
Q8BFS6	265.5499878	290.8694153	284.300293	225.1895905	234.73703	264.5110168	258.646698	179.1392517	273.7808533	191.0542908	299.7670288	235.5250397	290.9707642	161.821106	230.0014801	412.1644592
Q8BFU3	86.21633911	83.0647583	60.84607697	39.3623085	143.3023529	36.10395432	158.892807	111.5394363	43.5486908	0	111.8423538	0	0	0	82.30857086	0
Q8BFV2	24.85435104	0	43.4491539	43.64575958	47.72642136	15.79118252	26.24752998	23.31401062	28.08782005	15.53400803	32.20278168	46.62985992	20.60352707	54.14428711	48.58297348	0
Q8BFW7	395.1336975	230.4807739	298.2772522	408.4376221	402.270813	325.4902954	627.7130737	285.8666382	229.798645	379.4755249	326.0899658	231.8209991	304.3241882	265.2949219	362.1530457	414.0754395
Q8BFY6	541.9891357	429.9213867	409.0743103	508.6265869	603.3643799	798.6557617	821.4683838	750.401062	673.0134277	666.9891357	773.9978638	641.8716431	690.8560791	555.0724487	570.7984009	279.8991089
Q8BFY9	177.2248077	126.274559	148.5748596	212.7479095	293.3991089	229.5133972	315.3592834	204.4629364	213.6050873	210.1377106	160.0787659	169.9985657	205.82724	139.1069794	150.6640015	358.3825684
Q8BFZ3	142.223587	422.5602722	512.9477539	299.6026001	399.8985901	143.5678711	436.5679321	326.0192566	171.8017273	424.348175	245.5814362	375.4076233	343.5981445	469.5246277	237.7211761	452.3672485
Q8BFZ9	306.7113953	263.3868103	287.7289429	269.1483459	408.4356384	284.5527344	414.9974365	332.5552368	221.913147	222.7835388	244.884201	392.7102051	310.3156128	328.5906982	381.4104309	272.8255615
Q8BG05	4798.474121	3016.105225	5203.066406	4265.862305	6415.483887	4702.457031	7163.727539	4733.486328	3808.792236	4628.4375	4435.086426	5426.293457	4587.95166	4551.150391	5128.657227	3642.066895
Q8BG07	293.0706177	309.0155334	201.4278412	250.9478607	483.2674561	698.9717407	961.6688232	687.0762329	502.3468018	549.8761597	425.9164429	598.5050659	410.4236755	514.4821777	686.5812378	701.3388062
Q8BG18	0	0	0	21.39789009	0	51.3506546	89.47823334	50.25519943	5.59212923	0	69.72579193	9.680562019	47.23697281	0	0	0
Q8BG32	1348.973633	1431.169189	1230.290527	1257.383057	1370.459595	1318.47937	1745.187378	1584.970093	1340.363403	1433.440552	1446.66626	1475.109009	1320.286499	1428.248047	1383.347656	1506.606812
Q8BG51	364.6360168	334.8726501	241.367569	602.2145386	275.199707	222.716156	232.6777954	276.7827759	501.083252	376.3453979	393.4998779	294.797699	428.9901428	372.6856689	442.4570313	479.5916138
Q8BG67	88.76276398	73.99514771	65.42935181	94.52433014	50.29629135	65.98945618	76.3354187	75.76548767	91.04825592	67.82862091	37.82712936	131.5507507	107.2894669	60.22134018	86.02262878	85.3649826
Q8BG73	190.5778198	171.4199219	141.4652405	363.9752502	204.8678894	484.5413513	361.3163147	157.866684	323.8436279	370.8003845	432.7920227	423.369751	112.3966827	345.6148682	181.0856018	299.9094543
Q8BG81	130.5970917	63.0044136	0	111.400444	66.4729538	39.44087982	60.56642532	31.51769066	28.78718185	142.5515442	33.47328568	18.23156929	84.08169556	41.34833527	55.36752319	0
Q8BG94	64.80925751	85.09336853	88.52178955	135.3411407	51.84667206	109.2677917	42.59025574	88.13814545	63.62988663	58.71812439	32.32297516	136.2072601	49.07695007	84.89305878	96.12023163	0
Q8BGA8	1735.649658	1795.388794	1632.605469	1729.762939	1144.872437	1266.711792	1112.459961	1393.200928	1291.134644	1692.300049	1585.576294	1775.406616	1759.544434	1989.88501	1712.983765	2150.753418
Q8BGA9	600.9761353	240.5466003	146.1321259	342.1900635	314.0074463	504.6397095	675.1994019	301.9885559	357.3372192	353.1421814	159.7014771	247.6500854	273.5761414	491.7674255	408.8952332	346.39151
Q8BGB7	82.11294556	112.2168655	94.18823242	50.60134125	107.6886978	72.1867981	117.838028	158.2940521	67.04901123	77.66846466	56.58508301	132.8174133	76.23667908	69.91632843	119.1204681	0
Q8BGC0	57.33452988	103.9594345	165.6144714	129.8800507	119.7013245	114.1822586	103.585762	15.84386063	103.2345886	98.69094086	66.02753448	104.9506531	118.4631271	72.44849396	87.20796204	0
Q8BGC4	658.8755493	865.9575806	947.7034912	664.7203979	788.4107666	627.2192383	605.3920898	461.9099121	503.4753113	435.5229797	544.1863403	504.5244446	399.9347839	558.6326294	633.7406616	648.1630249
Q8BGD9	482.9133301	531.4862061	422.2146301	353.3525696	368.5908203	280.6751404	466.4363708	428.7655029	281.4717712	432.7142944	381.4466553	423.9533691	620.28125	546.508667	664.7798462	613.1233521
Q8BGE6	44.50129318	115.7264862	63.52095413	52.59732056	74.74965668	53.40684128	54.9574585	31.17949295	21.44687653	65.83868408	74.72383881	46.63155365	86.83081818	61.87753677	102.3991089	190.5524902
Q8BGF3	70.66676331	36.29248047	81.33386993	69.12748718	48.95512009	7.654690742	71.57930756	18.4071312	9.574588776	71.88606262	35.9526062	19.17774963	0	49.38377762	50.46300507	0
Q8BGF9	40.07952881	19.6511116	66.90529633	30.31920433	87.69031525	0	25.79911423	15.76236248	28.80685997	63.01751709	108.6958008	16.61753082	35.86684418	30.86404037	8.753369331	0
Q8BGG9	36.20523453	26.77647018	29.50516891	29.15176201	68.80893707	12.34543133	98.20249176	39.63172913	61.91652298	107.2114944	31.00183487	20.86417961	87.15833282	73.74344635	55.86173248	92.74480438
Q8BGH2	987.3648682	992.7329102	892.4893799	1001.266113	684.1757813	961.192627	943.8282471	724.2576294	834.3621216	912.0820923	927.1149902	903.1174927	859.4109497	981.4063721	977.8845825	596.4295044
Q8BGI5	72.07691193	92.62162018	152.5071259	62.07781601	169.4709625	139.2312317	128.7806702	116.0620422	104.0335846	59.4271965	62.66292191	97.94459534	44.17168427	140.1306	59.13204193	290.0680542
Q8BGL3	12754.02051	10687.94629	12008.42383	10607.33594	3169.527832	12027.36719	5924.414551	8045.402832	13486.47656	11999.27441	9810.03418	11797.62305	8562.494141	8635.068359	10989.62793	14106.59473
Q8BGQ7	973.6131592	1199.086548	1304.385254	1101.994751	1094.686157	1373.404175	1219.284668	1310.589478	937.9698486	1251.716553	1152.054321	1346.406128	1081.748535	1153.150757	1040.951782	1471.839233
Q8BGR2	23.16688347	41.03263855	0	188.9766388	43.86388779	11.04713345	135.2515717	21.0939579	30.75915909	10.9244051	18.03334618	0	23.02904892	11.32107353	22.98894501	0
Q8BGR9	75.81214142	69.47201538	99.581604	65.47142792	135.9171448	41.79240799	128.7505493	62.55984116	85.44300079	49.81656647	89.81131744	96.62486267	94.72164917	65.25547791	86.87689209	100.0916977
Q8BGS1	152.6670532	210.6033783	255.0902557	252.4753723	284.9595642	167.8733978	173.2988586	237.7442169	232.8925781	179.5838318	202.0171509	226.5772552	223.0301819	184.3080292	224.3896027	257.8926086
Q8BGS2	208.3901672	105.1867981	241.5041656	114.267807	232.6930237	131.7135468	259.9810486	128.9806671	105.1323624	202.1467438	214.2946472	108.5495682	234.6136627	79.23596191	142.5384369	239.9290161
Q8BGS7	1332.320801	1464.545044	1516.512695	1711.820313	1872.531372	1933.586182	2025.093872	2038.263916	1490.824097	1557.657471	1073.950073	1189.065186	2075.458252	1543.060425	2066.415039	3924.956543
Q8BGT5	1916.45459	1676.132813	1600.577637	1668.55835	1732.745361	1163.619873	2215.357178	1042.585571	970.2557983	1278.270874	1305.163574	1162.775513	1318.858154	1051.631226	1091.319214	1216.998169
Q8BGT7	28.78837013	43.17892456	80.21781158	35.75294495	113.1179199	0	150.0627594	30.35045815	0	48.75621796	33.75294876	0	111.5712433	63.26200867	18.39063644	46.93602371
Q8BGU5	102.1689835	159.4745789	90.60753632	45.21444702	83.00115967	159.9041138	147.4943237	167.5950012	157.6824493	139.6404572	122.4691849	131.7559662	173.8489227	132.861618	122.3827896	0
Q8BGV0	98.79780579	105.6017227	116.5191116	69.22843933	50.9765358	73.03311157	91.87159729	82.79120636	83.76558685	65.26078796	29.63630867	46.32523346	75.40804291	63.61038971	57.89372253	160.5866852
Q8BGW1	39.33320999	30.13031578	41.21878815	22.80553055	37.7000618	58.28876495	61.22890472	34.96736526	37.39354324	33.42863846	61.85459518	50.25510788	47.48662949	53.50867844	48.93548584	0
Q8BGX2	114.2716064	117.6182175	129.7462616	108.4419403	89.91373444	77.39870453	106.3384552	106.0772171	80.84505463	104.1782913	130.0024414	51.67273331	47.53207397	104.2986679	76.61829376	148.7870636
Q8BGY7	550.999939	398.3581848	261.9130554	480.0364685	149.8147583	182.1260834	178.8402557	318.021698	469.5564575	305.8966064	286.5638428	154.6044769	321.8449402	266.3588257	468.1085205	117.966217
Q8BGZ7	3496.16748	485.4789429	4056.543701	4095.119629	1810.877441	1356.605347	3076.233154	1551.47937	2736.172852	2055.211914	3313.731934	4555.625	2654.085205	698.5495605	386.8903809	1898.367432
Q8BH00	11791.70215	10348.38672	9644.879883	11149.77832	8594.65332	9651.8125	7265.512695	9100.454102	9691.347656	9484.239258	9938.120117	10586.04297	10882.37207	10781.93555	9114.12207	9520.561523
Q8BH04	108.4886017	89.02052307	205.4202728	172.2190094	466.2026367	198.5201263	417.8455505	219.7475739	115.1509476	132.7770844	248.3449097	253.3511505	271.8560791	202.3361053	182.9456635	261.8294678
Q8BH24	295.8384094	379.6035767	325.254364	292.4344177	324.8479309	529.2769775	406.155365	469.2313843	388.1298218	274.6108704	229.1283264	336.937439	281.3293457	325.8806458	404.6894531	483.2337646
Q8BH35	122.3355637	145.7761383	167.495697	117.2655334	105.5528107	86.50779724	115.6580582	113.6997986	115.7727585	150.4067078	91.46863556	80.28460693	52.24596786	117.0486908	84.7192688	0
Q8BH43	82.20103455	98.60102844	61.10665894	94.92714691	115.901619	97.33227539	210.3496552	76.05393219	114.317276	121.2714081	111.5146637	67.94438171	75.37960052	103.6895676	135.8881226	118.3776932
Q8BH47	60.22269058	130.3247986	58.68707275	74.64688873	58.51932144	85.62541199	124.9799957	55.29846191	26.28806686	131.1550293	46.69760132	54.09838104	41.34790802	46.29013824	39.76969147	320.5668945
Q8BH51	0	46.54294586	23.03582573	0	27.58118629	0	75.45285034	80.24386597	75.6612854	0	39.53081131	0	45.45803452	0	0	0
Q8BH57	64.39894867	56.64649582	155.8041534	71.57203674	68.32758331	50.77373886	116.246933	74.54145813	46.53664017	125.8567963	61.13600922	67.69699097	53.7537384	58.66376114	37.79959106	0
Q8BH58	135.4373169	137.4371033	144.4871063	169.7259064	193.0400848	173.0006256	230.627594	131.1142273	132.2997589	127.7262268	156.9330292	203.1630859	164.9334717	167.3118439	159.1323547	115.1305237
Q8BH59	3664.875732	4082.697021	4074.941895	4320.847656	3447.146484	4912.325195	3261.241699	3881.343262	3959.233643	3758.723389	3853.391602	3264.376709	2980.677002	4229.867188	4730.047852	4834.565918
Q8BH60	77.33058167	53.15286636	102.4051743	47.51634979	110.522583	116.3981934	60.75456619	92.33097839	92.26881409	74.72409821	38.74134064	36.4800148	76.26998901	60.98011017	72.36858368	207.0002289
Q8BH61	47.06045151	70.26992035	26.9890213	34.33183289	147.5428772	47.31098557	583.864624	68.95810699	51.85329437	47.06536865	49.7346077	55.9185257	36.24047852	43.02139282	78.9681778	0
Q8BH64	143.3217621	175.5887451	99.35968781	67.91767883	272.6449585	139.0675507	223.4442444	232.05867	223.1257324	173.4837494	108.8982468	416.9101868	113.0261917	164.9818573	150.2239838	11.7172823
Q8BH66	366.696167	378.5744629	288.6321411	280.3780212	271.2733459	286.6937256	156.6998596	200.776413	188.3399963	392.6714172	371.7211609	270.4359131	352.868988	495.7932434	244.0926361	407.963623
Q8BH69	375.605011	386.9009705	399.8919983	346.3571777	438.6765137	361.317627	470.8626099	461.6358643	336.7858276	370.151001	430.2015991	403.6707764	388.9359131	388.10495	372.3889771	564.1804199
Q8BH74	18.89821815	90.37795258	0	26.57551384	55.33417892	38.9619751	67.54949188	21.60930061	47.34877777	103.4368439	144.3080597	131.7635956	63.75558853	41.9697113	39.96626282	0
Q8BH86	624.7815552	589.9436646	694.1735229	561.2373657	633.8911133	652.3864746	559.413269	627.0664673	710.3431396	437.9182434	658.0316772	636.0001831	789.9099121	695.1504517	625.609314	754.8074951
Q8BH95	13796.7793	12578.16992	12396.43457	11705.08105	7887.470703	10472.72656	8182.026855	8553.024414	8620.109375	9099.537109	8516.057617	8290.836914	8091.997559	8717.168945	9294.279297	13727.18457
Q8BH97	15.5068512	38.64537048	55.88447952	16.64876938	154.4230804	35.81505203	96.92967987	83.73763275	37.08079147	0	38.21411896	37.06906891	22.53515816	0	27.79734612	0
Q8BHA3	154.883316	154.7977753	214.321991	174.0492554	189.0710602	241.187973	178.6973267	147.3045959	234.3894806	261.7502136	221.4901733	178.4752808	166.054184	252.1381226	220.1569672	0
Q8BHB4	17.66737747	0	23.56652832	26.60455132	63.47643661	95.87859344	119.0278168	83.65749359	0	1310.078857	75.54421234	108.0861969	1141.27002	90.60113525	0	0
Q8BHC4	138.7185669	166.1413727	100.2290115	240.1980438	227.745224	194.2491455	245.5603638	312.3265991	156.7915649	100.0682602	138.9585876	211.7859802	180.2346497	114.1134644	224.3278046	242.4520569
Q8BHD7	1025.325562	931.0849609	1267.734131	471.8710938	931.1479492	879.7748413	1352.33606	668.9691162	815.7210083	1237.043335	830.2140503	986.8521118	974.7749634	887.6954346	976.593811	667.9341431
Q8BHE8	154.5780945	160.2768402	236.4548035	196.2066193	147.0302582	92.27445221	63.63840866	69.0670166	194.255188	123.6010208	174.7261505	108.8792343	152.6516571	140.5508728	160.5788422	126.0653076
Q8BHG1	159.9284821	180.2189026	129.0065613	199.1349945	189.2705231	180.5427856	214.9808044	207.5058441	198.6951141	151.2720184	195.0328522	199.2914124	187.2560425	184.4126892	197.2441711	201.9299927
Q8BHG2	590.9869385	443.8638916	336.0878296	298.0332031	497.670105	582.1613159	516.7623291	195.1743317	281.863678	343.3514709	295.4248657	463.2084351	473.0230408	187.008728	457.8584595	317.9099121
Q8BHG3	0	81.42951202	18.16835213	0	0	0	14.02184296	0	47.07866669	0	33.89477539	0	0	0	0	0
Q8BHH2	0	0	37.46320724	9.64811039	27.57764626	0	20.33558846	36.97150421	17.37966347	0	42.89176941	88.14804077	0	8.711933136	53.21574783	0
Q8BHI7	527.1115723	349.4171143	215.6157227	376.1757202	673.0065308	441.0146179	453.270752	254.3621521	698.3457031	481.0266724	289.8098755	184.7198486	494.7472534	432.1648865	614.2671509	387.6755981
Q8BHL5	14.38768673	0	0	0	0	0	73.43228912	23.26982117	0	0	0	0	0	0	0	0
Q8BHL8	158.8515778	176.5601959	185.9186401	71.6158371	158.0439301	124.0979233	177.9109039	207.8397369	152.4625244	62.43327332	245.3713379	182.6934509	58.0259285	91.33002472	174.8484192	313.770813
Q8BHN1	65.72896576	42.23013687	55.43005753	194.7263031	172.2354584	29.74015617	259.0262756	38.3302269	15.00265884	43.76194763	80.39647675	28.30654335	73.1566925	0	63.1207695	269.5843811
Q8BHN3	2000.379883	1921.06604	1948.872559	2058.106689	2757.729492	2358.59375	2458.069092	2470.968262	2023.905762	2210.967041	2157.47876	2055.308594	2186.19458	2312.558838	1968.612061	2272.311768
Q8BHZ0	39.21320724	0	0	55.91324234	11.51899433	65.58979034	159.6460266	48.63156128	0	30.59915161	0	0	53.16085052	134.2142639	16.84181786	0
Q8BI08	600.9957275	730.8017578	561.7330933	548.1078491	479.5280151	600.6884155	820.9699097	656.5993652	780.2320557	556.0844727	864.3164063	564.5922241	808.7715454	490.8336487	579.3512573	735.6513672
Q8BI72	84.53933716	43.07462692	61.09841156	48.86263657	0	50.81520081	78.88555908	0	104.5890503	40.65317917	25.21095467	59.67659378	32.10436249	21.44901657	106.2946701	0
Q8BI84	361.0294189	313.1948547	356.9479675	319.0018616	417.3855591	348.6055908	381.8420105	394.3476868	289.1272583	339.7814331	337.7327881	328.5874023	382.8039246	293.2662964	271.7157593	352.6157227
Q8BIG7	42.44854736	82.68113708	108.5864716	206.5331726	284.2821045	146.8224792	166.2491455	372.2269287	176.1356812	126.5398483	67.41661072	144.106781	231.1712036	312.1940002	270.3588562	0
Q8BIJ6	956.3504028	1058.786499	957.0517578	979.1881714	1105.446167	1168.908936	860.6621704	997.6362915	860.3198853	1108.0802	1079.202026	905.7352905	1104.421021	1167.377563	892.1806641	1115.068359
Q8BIJ7	37.66429901	188.7864227	70.76699066	71.98019409	48.36496735	61.55134964	56.4630394	83.96971893	58.00677109	65.79834747	40.03364944	72.14405823	46.95383453	78.91866302	77.36547852	64.35804749
Q8BIK4	32.51028824	0	17.46380424	0	20.55435944	0	44.10842514	29.61964417	0	39.5846138	0	0	42.29160309	0	0	166.3976288
Q8BIL5	47.60132599	24.95213318	10.82828999	17.27848244	48.38722229	17.34251213	62.65962601	99.26526642	36.90898514	98.58048248	25.15834045	23.31038475	26.2080822	18.44186592	35.65516663	72.24539948
Q8BIP0	51.10163498	85.42942047	40.78245544	57.42753983	50.89085007	57.67827988	48.02599335	39.13993835	69.57453156	26.57831001	148.8467865	33.47786331	51.97649765	58.86800766	81.41950989	0
Q8BIQ5	174.783844	175.8738861	216.88237	168.1955414	252.8707123	172.1113434	376.7855225	185.6943207	159.8635101	232.9517517	236.3270874	122.0058517	247.4786682	49.55033875	162.4884491	201.5315247
Q8BIV3	66.53329468	155.6974335	114.7529297	0	266.3455811	61.79513931	198.983963	109.6366806	156.8369598	0	116.4157562	127.706955	0	73.07095337	150.2133331	154.7366486
Q8BIW1	74.60414886	97.33273315	85.11746979	48.9993515	136.0574951	78.33712006	192.634903	90.05106354	73.09111023	66.2880249	106.1477585	124.2030182	99.84261322	85.9407959	94.66072083	79.55818939
Q8BIX9	112.3164215	132.6300049	120.6356125	161.0286407	199.801239	99.52032471	366.9358215	176.1884003	126.4185944	255.9828644	274.5342102	77.83480835	190.0344543	70.36354828	216.2318268	0
Q8BJ03	76.18333435	60.3760376	47.82390594	124.1961899	32.67089844	82.30725861	111.4010925	48.25445938	107.4187698	116.8967133	96.74442291	54.59243011	99.77083588	107.318718	36.80188751	64.73096466
Q8BJ48	0	52.52573013	18.63026047	37.72558975	52.77716827	136.1530914	50.37569427	19.30089378	36.59316254	64.45619202	30.63163948	38.9115448	61.66812515	74.65983582	42.6533432	0
Q8BJ56	50.30810928	57.58836365	0	0	69.58177185	78.07485199	97.47673035	56.79989624	32.79364014	119.8937149	76.05981445	58.46401596	67.35704803	29.94932747	38.12950516	0
Q8BJ64	3034.523193	3254.1604	2732.7771	2813.531006	2647.020264	2614.78833	1935.303223	2728.18335	2252.724121	2716.857666	3375.428223	2648.643066	2838.682373	2950.13501	2766.73999	2997.487793
Q8BJ71	117.5674286	99.06933594	88.46520233	77.13027191	89.87521362	84.70182037	140.7619324	98.83150482	78.65961456	109.0994949	110.8927155	117.707077	92.27890015	95.35469818	92.36336517	224.2375946
Q8BJM7	51.02237701	0	0	62.3663559	68.37575531	66.83692932	117.1514053	75.60775757	49.73245621	34.29294205	14.23410606	44.9883461	60.36100006	22.12264442	33.48829651	63.1330719
Q8BJS4	85.01894379	50.32276535	54.90185547	49.17763519	34.95977783	91.63739777	275.1423645	91.25875092	55.63819885	74.62081146	112.2707596	108.6055069	65.69047546	100.2845001	62.46733475	49.0038681
Q8BJU0	184.9536896	107.7751617	142.9610596	183.6175995	179.9708099	309.6218262	388.7221069	192.8516846	202.2791595	306.07724	150.5176544	176.3268585	118.7019806	132.6253662	175.9229126	164.7027283
Q8BJU2	170.5437775	105.6512833	299.1570435	158.9946289	213.6527557	148.4809875	253.739624	114.0439529	121.1233368	226.757431	130.2766266	231.7738495	127.1039352	149.9348602	150.2351074	32.81637955
Q8BJW6	292.0110168	165.5172424	252.3333435	241.6248932	265.0349121	280.835144	301.2098083	189.0133972	237.7476501	217.0018921	245.6761932	237.2595825	230.4501801	291.1067505	232.915741	212.6961365
Q8BJY1	356.7974548	434.9506531	462.6425171	453.1343689	401.5710754	391.8465881	470.8891907	544.4038696	337.1520081	316.0205383	334.7652893	426.795166	375.4112549	423.1165161	394.7490234	398.1800842
Q8BJZ4	713.668396	348.3229065	404.3319397	587.1967773	435.2659302	363.9112854	408.3453979	622.1482544	361.9017944	455.4450684	411.8536377	448.7542725	361.8546143	493.5133057	695.8352051	335.0422363
Q8BK03	152.605835	212.5098877	157.4647064	121.9572983	123.1629028	114.7959442	63.14288712	194.49646	139.1179047	250.5224762	126.3822403	175.2720032	207.5772095	170.3110809	146.5205536	248.7680969
Q8BK08	331.5362549	531.107605	384.1881409	446.8694763	324.77771	174.243927	413.1573181	516.9139404	418.9009094	234.4322357	388.8616333	344.3582458	440.552948	471.6802063	256.719635	213.7912903
Q8BK30	501.7408142	828.1130371	501.0679321	359.773407	176.7212372	377.1387634	248.5236206	365.5838928	364.3074341	506.20401	338.3436279	396.7941589	224.4733276	342.5141296	238.9126892	398.9849854
Q8BK48	4557.606445	5482.811035	5119.114258	5261.441406	5950.685059	5826.559082	4336.996094	5918.87793	5075.585449	3198.483398	5915.70166	4267.454102	6320.800781	5709.689453	5051.702637	5168.893555
Q8BK63	189.2828217	325.3450928	157.0579681	186.1700134	187.7234192	186.5446167	313.092041	205.1130676	193.9184875	171.4430847	174.8851929	212.4132385	209.1619415	167.3134613	176.7151184	332.8775024
Q8BK64	905.7305908	844.3374023	870.1148682	818.4130249	807.2893677	837.8544312	814.5994263	1040.212769	1009.329407	877.772522	822.572876	917.7615356	869.2722168	840.4899902	856.4962769	795.031311
Q8BK67	73.25311279	99.76280212	126.6412506	101.8076935	174.4204865	147.8454895	328.5455322	135.823822	137.2795258	120.3986588	147.9930115	119.4194946	146.9958954	92.87875366	77.46240234	228.5085907
Q8BK72	285.4225769	225.8859558	291.9108276	390.0949707	322.4165039	268.0464172	257.5453796	246.4494324	175.2941742	258.3811035	295.519989	253.9386902	209.2617645	168.3272705	285.0265503	139.2114563
Q8BK75	0	0	21.77971268	96.79776001	64.79608154	28.85900116	59.76509476	140.96492	0	0	0	64.72509003	13.65960789	96.2695694	16.89290428	0
Q8BKC5	104.368103	131.9944153	103.8486176	96.99784088	198.5811157	168.1208038	255.9231415	179.9267426	143.0148315	162.3499603	149.8448639	170.8399811	160.3048248	138.2603149	124.6091003	193.2147369
Q8BKE6	48.70067215	61.53807449	45.99183273	65.01752472	122.0861664	104.7298813	145.3625641	85.91490173	63.94890594	66.32463074	65.09024811	59.31990433	45.2187767	51.92029953	29.97696686	56.84769821
Q8BKS9	58.34213638	46.89215469	18.44032288	13.08073616	61.2505722	10.84996128	93.74156952	54.53434753	0	34.93880081	63.83291245	16.622015	18.1888237	29.59515953	20.14646339	0
Q8BKT7	72.693573	58.72270584	24.6328392	18.79462051	72.49060059	39.54170609	107.8535919	50.53341293	105.7804718	77.01672363	62.59411621	28.70535278	0	33.17556381	60.57247543	0
Q8BKX1	125.9265594	119.1309433	136.1812286	106.6902008	163.4928436	128.7564087	150.4871674	81.33701324	115.8785477	136.4997101	189.3292542	82.1493454	110.4723892	91.62246704	86.19069672	156.1211395
Q8BKX6	0	0	0	0	0	46.13567352	0	0	49.73797607	0	0	0	0	62.39691162	0	0
Q8BKZ9	657.0355225	697.8283691	880.1936035	597.1101685	447.3826294	506.7645569	498.2564087	433.7536316	436.4306946	497.4405212	436.6960144	573.9675293	460.553009	619.9393311	436.5724182	658.4028931
Q8BL66	140.9377289	152.09552	145.7035065	150.9443512	131.1953735	140.2944641	203.6524353	126.2152863	127.0465088	110.4740601	157.2715759	131.845047	138.4264374	138.2036133	120.0511246	313.9283142
Q8BL97	622.4988403	715.6014404	804.5184937	933.8631592	928.8286133	695.0667725	728.5425415	708.5342407	888.3496704	832.3192139	686.2431641	919.2034302	704.6990356	574.6360474	648.7290649	957.446228
Q8BLF1	129.1757507	233.1199188	182.156189	164.368515	315.0462646	181.255249	375.7367554	241.9022217	157.3709564	210.1587219	243.1911163	217.0608215	174.4695587	175.3039856	215.5718536	321.5620728
Q8BLN5	155.1244049	136.3011475	171.8586426	167.5973816	135.900116	44.83658981	40.52937698	53.60700226	42.36507416	26.86877251	79.28479004	39.3283844	31.37328148	37.92539597	92.25476074	150.7275391
Q8BLY2	252.1443329	514.3999023	343.8354797	227.6256714	478.050415	702.4290161	332.5494385	432.407074	300.9768372	197.2919159	416.6734924	436.8657532	473.7407837	248.4838257	647.4408569	422.8800049
Q8BM55	296.3165588	282.780304	238.2501221	406.9858398	299.8684692	237.9692688	237.9796295	370.2941284	339.1296387	322.8763123	344.4489136	426.4508972	433.1676025	483.8786621	323.0556946	170.9323425
Q8BM72	236.894516	217.3918762	141.6066284	246.2373352	246.4942474	335.8335876	307.8371582	288.8821716	242.4448547	203.8160858	165.7572174	254.033905	232.5187683	270.9767761	204.6836395	201.0246429
Q8BM88	89.15676117	41.51319885	98.68151855	112.5851593	199.6266174	55.52141953	169.8103638	153.8622894	66.2511673	91.13286591	152.7474976	68.58959961	65.95220184	65.94450378	64.08702087	233.9842377
Q8BMA6	470.0412598	466.9577942	455.2606506	494.716156	386.9512329	569.6462402	489.680542	476.2437439	415.0399475	465.6156006	434.3321533	509.6670837	476.817627	402.0755005	437.5778198	590.7321777
Q8BMB3	118.846283	76.53928375	40.23296738	120.5793457	148.4529114	105.5267181	143.8883972	173.1753845	84.42035675	98.10610199	65.75278473	126.2954025	145.7643585	118.7346573	92.66727448	220.2976837
Q8BMD8	58.97282028	54.03115845	41.46112823	58.75753403	35.87911606	87.80982971	109.0674591	37.91962433	0	45.87017441	72.4821167	49.73293304	75.28701782	37.44482422	36.17033005	0
Q8BMF4	3407.846924	3833.644287	3870.482178	4157.353027	2453.689697	2271.009277	2289.719727	2505.310059	2667.813721	2396.633789	2795.706787	2543.591309	3193.763184	2804.124023	3233.00708	3130.429932
Q8BMG7	40.31429291	42.48215103	59.09857559	52.85025787	72.96935272	53.72351837	126.6161652	57.8466835	106.7578201	53.53539658	82.5556488	93.23963165	66.86651611	62.71000671	85.58083344	106.4766312
Q8BMG8	118.2386932	79.4020462	125.6706085	49.54027176	73.77148438	60.79802704	52.8664856	130.984848	85.96925354	59.91099548	38.32378387	49.84752655	53.59138489	71.72807312	66.78688049	184.5199585
Q8BMJ2	406.2147217	469.432373	531.9205322	432.1329346	595.9840088	671.3516235	722.9929199	575.7348022	533.7086792	530.5456543	602.9680176	605.4547119	478.5152283	548.9680176	505.8416748	600.1876221
Q8BMJ3	205.1881104	313.6530762	164.0176697	73.97706604	86.36410522	130.0852509	153.8540039	149.9284363	104.4458237	65.1161499	116.9244766	145.8448181	98.14569092	75.98738861	87.36893463	140.7486877
Q8BMK4	54.66116714	120.8873978	69.19889832	136.3005524	188.1196289	144.0971069	221.0688934	99.4419632	177.0816956	40.64209366	162.3406067	59.32456589	75.99095917	67.38663483	104.3845291	646.583374
Q8BML9	879.9474487	766.0797729	916.7820435	1136.660278	1121.378784	1227.998169	1327.693848	1209.437988	836.2587891	1058.503784	1052.949219	1161.55896	923.8475952	909.1126709	1196.7677	727.1268921
Q8BMP6	281.8695984	145.9935913	252.0656586	160.335083	234.8276672	208.7709961	335.3935547	258.2734985	244.2080994	254.7369537	218.6955872	174.9624481	246.9057617	304.0403748	227.1434479	255.5531006
Q8BMQ2	98.82579041	85.87890625	0	48.13185883	129.0986176	76.31754303	278.3147583	79.61254883	44.37368011	64.74394226	36.91921616	124.7086792	133.8791046	0	0	0
Q8BMS1	20913.21289	21128.54883	20690.23828	23549.80469	18109.94727	20613.32813	16936.29297	20302.46094	19842.51953	22987.22461	18199.8418	19261.70508	21099.92188	20790.03906	21053.84375	22723.75977
Q8BMS4	385.6393433	478.1360474	382.2653198	534.0020752	290.5698853	385.6191406	280.2537537	392.090271	365.5534668	296.0359192	251.7973328	248.8041534	255.3432007	326.7842712	245.1443787	618.6376343
Q8BMZ5	136.6544342	0	81.20240784	111.2370071	187.1999817	132.4974213	169.1930847	45.62539291	44.64541245	105.1423035	31.67308235	48.35293961	45.02558517	33.81606674	32.56686401	0
Q8BN21	50.47063828	0	32.88481903	59.92124176	58.89914703	61.8082962	83.73108673	42.04407883	0	62.19666672	13.21337605	86.85279083	130.4157104	30.29456139	117.5558167	0
Q8BND5	79.90962982	100.5226593	146.279007	103.6100006	192.4024811	181.304184	172.6229706	121.6883926	142.6203461	138.4262695	154.1793518	180.5366669	120.5414047	92.2171402	142.802597	46.36578369
Q8BNI4	220.5711975	411.6452332	327.9216919	228.9505768	496.2313843	401.8658142	480.2926331	507.1554871	210.6440125	458.0055847	261.9052429	510.9647827	584.8897705	340.2691345	327.4957275	130.2769623
Q8BNX1	28.20629501	75.93530273	70.0802002	62.29763412	16.01323318	36.90189743	23.14040375	74.97055817	87.43787384	70.78765869	85.65156555	37.99990082	55.78700256	81.02942657	71.14710236	84.61841583
Q8BP40	259.080719	254.7556	390.923645	277.4594421	261.3667908	251.6180573	301.9126587	297.7648315	235.5467072	285.0528564	311.0622253	278.1433105	278.108551	282.0491943	362.0800476	257.3979797
Q8BP47	1889.44751	2053.770752	2143.267334	1998.984985	3343.199219	2839.466797	3077.296631	2788.893555	2268.181641	2531.852051	2727.664795	2785.938232	2248.150635	2347.249268	2486.822021	3240.361816
Q8BP48	130.2146149	208.225708	214.7144623	221.4677582	259.3091736	196.3094482	161.5147247	185.1218109	177.4647522	197.0408325	176.849411	125.3870544	177.1171417	199.8106232	200.9733734	359.3746948
Q8BP56	126.7951889	156.021347	111.0968323	144.7610779	92.46417236	162.9528503	178.4556427	135.6339264	142.2835846	100.7804031	114.7001114	108.7877045	155.953537	152.2332611	155.0301971	254.4215698
Q8BP67	6177.904785	4622.121094	6101.812988	4746.149902	4086.678711	6239.657715	6080.635742	7028.814941	6294.222168	5557.085449	4695.492676	4733.742188	4189.981445	6031.004395	6565.456543	6085.599121
Q8BP92	72.65674591	94.57197571	63.04526901	135.899765	281.9056396	184.5232086	246.8654327	106.7454529	92.55482483	101.6443863	34.04774475	82.70452881	270.3253479	141.3339539	55.32666397	112.1074524
Q8BPB0;Q921Y0	197.8159637	245.4644165	0	80.07106781	227.5839081	207.728775	243.566452	102.0121765	380.0707092	55.77687836	52.59482193	103.9897766	113.9300156	187.8680878	134.0893555	257.1351318
Q8BPE4	52.49212646	96.14255524	67.10124969	93.28025818	134.9478455	134.6313782	66.83419037	128.1939392	36.61899185	121.8227386	153.3631744	97.14588928	191.2644501	143.8620911	30.54898453	0
Q8BPG6	67.39561462	85.63928986	46.45011139	61.14009476	71.17119598	122.2176285	49.23018265	31.78426933	42.32928467	60.48483658	28.07404137	38.11691666	51.4213829	32.20372772	71.48469543	34.59909439
Q8BPM0	47.15862274	51.58818436	38.82810593	27.50759125	33.0967865	43.18825912	56.13473892	62.91513824	98.00177002	0	55.76526642	0	0	53.20664978	72.22506714	0
Q8BPN8	210.3093872	67.01377106	0	166.2852173	96.23912048	124.0553055	125.6370544	15.09536457	0	126.4775848	90.3184433	55.88531494	120.0686111	0	0	0
Q8BPU7	0	38.27083588	45.07762909	25.52023315	36.81089783	9.669645309	114.7884293	51.65162659	0	33.19934464	28.43772888	14.57966614	27.95316124	22.7978344	13.92736053	0
Q8BQ47	40.02052689	29.58632469	24.67661858	26.03046608	15.7904644	25.41070175	73.45172882	104.0530167	32.79874802	4.160092831	77.3147583	16.68955231	56.38265228	0	23.36918831	0
Q8BR86	0	0	0	0	0	0	0	0	0	43.31497574	0	0	0	0	0	0
Q8BRF7	411.7010193	395.4444885	374.3933716	439.6664734	482.638031	376.5260925	524.3585815	352.7330627	437.7711487	364.5610657	433.8925781	336.6109314	434.0009766	380.2692261	386.0160828	290.1500244
Q8BRH0	53.12047577	98.27869415	135.2709045	114.562294	156.3904572	215.1579437	136.9733734	168.4251862	0	121.5590515	101.3292465	127.0990448	128.8029785	238.6530609	138.7177734	0
Q8BRK8	148.4056549	198.5051575	131.7917328	64.63719177	156.8206787	105.5585861	157.4460144	81.77069855	186.8610992	173.1162109	151.6029053	79.41418457	170.5442657	125.5216904	239.2200623	100.4097824
Q8BS35	127.6120911	49.69321442	122.3237228	102.5700607	205.2420502	234.8409729	75.02079773	132.0667419	61.57432556	144.2150574	134.7256775	32.56266785	181.8636169	102.3530731	73.56585693	0
Q8BS95	0	0	0	89.41387939	182.7263947	0	30.17214775	166.8265533	47.77265167	0	36.79389572	66.6648941	0	83.96224976	0	0
Q8BSE0	650.2208252	802.4645996	580.7443237	772.5879517	536.2758789	708.7454224	821.3057251	473.5067139	819.9835205	615.6246948	761.8354492	803.5474854	691.2744751	849.9447632	884.0720215	385.0438232
Q8BSF4	87.82397461	156.1404419	101.3247528	118.1498032	171.0036163	199.6756897	237.6673889	176.4678192	128.9600372	164.7314301	163.7999725	118.7311859	196.1472626	145.5135498	117.5785751	312.7026978
Q8BSL7	133.602478	55.9960556	155.7690582	181.906662	254.8712158	68.1608963	232.4371185	221.1907501	117.6613388	129.9152374	73.36772919	114.0038223	140.3731079	194.653717	159.7075195	262.3453979
Q8BSQ9	0	0	0	41.86551285	12.28388309	0	28.59047318	0	0	0	0	39.88106918	18.16719055	0	0	0
Q8BSY0	550.6090088	516.6027222	574.0974121	570.8909302	957.4685059	713.9937134	809.3515625	665.0279541	578.4520264	581.3641357	509.9918823	657.4297485	599.40448	607.5196533	581.1766968	585.1813965
Q8BT60	692.1635742	759.9561157	915.8763428	1021.671936	943.7636719	981.2730713	1185.326904	853.1972656	881.1050415	882.6625977	1016.617249	848.4332886	933.9945068	1109.411011	1124.020508	692.2166138
Q8BTE0	29.35704041	16.92349243	12.93560791	0	20.71671295	21.99491882	68.37652588	31.37880135	48.71308899	16.9502697	0	10.39256668	25.81757545	0	13.11992645	0
Q8BTE5	43.45119858	72.16068268	21.6062603	28.63488579	30.26963806	0	28.24530029	0	0	51.29102707	88.70632172	20.83480644	18.52182388	104.4090652	43.90856171	0
Q8BTJ4	104.561203	128.0270691	175.5556641	138.7263947	135.6019135	185.7427216	224.228241	231.6549683	101.1529388	193.8927765	107.0197906	128.2545471	103.4309921	163.9064178	81.22356415	132.3699188
Q8BTM8	350.7492065	410.2729492	358.7888184	297.3983765	885.9459229	414.5420532	2084.7771	501.2799072	463.3294983	581.1014404	486.0531006	575.7717285	542.8369141	411.1968079	470.3553162	664.7819824
Q8BTR5	56.2479248	29.39520073	0	74.53903961	173.85466	67.88684082	37.97780991	63.28458405	24.01906967	6.671215057	0	14.85635471	69.6922226	47.01057434	69.24269104	177.0136566
Q8BTS4	97.9757309	100.9726028	106.8998108	48.08412933	120.4076385	109.7547302	114.770668	108.5724411	111.6548004	130.8917084	88.83341217	111.0014267	143.8565216	120.7454834	120.5001602	239.6276398
Q8BTV2	74.24891663	106.4305267	124.158989	48.50007629	67.73145294	50.74594116	65.37773895	58.94852448	92.64611053	52.04103851	45.93052673	72.25005341	77.51654053	25.63671303	60.47840118	72.31884766
Q8BTW3	98.81751251	40.36371231	52.71849823	61.53793716	63.03774261	122.8138657	70.88897705	90.6743927	119.5115204	34.51299667	41.57540512	102.9561844	60.91500092	67.99520874	62.14894485	0
Q8BTY1	1465.668823	1051.550171	1348.47522	1512.081787	1573.769043	1755.119019	1022.057556	1526.847412	1547.929932	1471.43811	1541.541748	1751.977051	1234.162964	1437.352295	1460.028198	1626.936157
Q8BTY2	0	0	0	0	0	0	45.61300659	44.26594543	0	7.847966671	0	33.82214737	0	14.22357368	20.50974846	0
Q8BTY8	48.48015213	68.64441681	87.83366394	82.18981934	128.2465668	159.3728333	177.2628326	99.18500519	101.9601822	52.8501091	122.523613	93.53118134	91.46821594	104.0545883	97.08689117	120.7194519
Q8BTZ7	369.3841858	406.9424438	539.206665	506.966217	462.9190369	413.8309631	430.5036011	524.1292725	409.4675598	401.7193298	377.6308899	417.5141907	417.815918	338.5672302	450.6558228	639.7625122
Q8BU11	0	38.06258392	161.4587097	40.06435394	105.2908096	38.75727844	52.60673141	82.69021606	0	9.030051231	3.609787464	41.95718002	56.35757065	30.10915947	79.30862427	316.9201355
Q8BU14	118.0847244	197.3863831	139.0391998	186.9481964	149.6513214	235.7658844	164.1079102	186.3092346	296.5528564	148.6117859	133.17659	149.3928375	278.9271545	161.9894257	153.4656677	189.3913116
Q8BU30	557.81073	647.7678833	568.949585	598.7858276	799.8023071	900.9989624	893.3287354	924.5282593	749.4441528	768.7072754	724.5475464	774.15979	745.572998	611.298645	719.4769287	788.02948
Q8BU31	226.11763	356.0111694	452.841156	308.5825195	345.0790405	269.9063721	196.3465424	364.8635864	118.5463486	234.3813782	188.882431	462.4371643	821.0919189	417.2904358	988.2561035	0
Q8BU33	129.4030762	112.6229401	163.6080627	124.4634171	245.7732391	177.6688538	228.8247375	125.8859711	58.29996109	121.0763779	133.2229767	150.2711945	149.7537079	139.8504181	99.11170197	122.3030853
Q8BU88	199.7888336	199.3504944	200.1179047	122.5149918	106.9351044	158.3099823	151.191391	143.4266815	177.7612457	102.6540985	146.8755188	105.0626144	110.6178665	174.6521454	262.2749329	208.1544495
Q8BUB4	28.39172554	0	0	0	0	3.012215137	8.373710632	0	7.265656471	55.77099228	24.30417824	0	4.952280521	0	0	0
Q8BUE4	101.8605576	109.7359619	64.49520111	103.3666306	197.661438	148.6882172	158.0740204	161.5834656	107.4534683	158.6381378	201.8566284	94.40044403	185.4937286	159.4320679	76.05947876	229.6460724
Q8BUK6	126.3519211	129.2860565	97.57141113	98.8506546	172.0619659	129.9225159	126.5624084	162.272934	133.2366943	118.5347443	77.25480652	143.4764557	110.6321411	150.9761047	118.0196991	46.53238678
Q8BUV3	445.0865784	359.2736206	353.8057861	377.9746704	265.2424316	308.0863342	232.9116058	423.3059692	447.1727295	304.4669495	345.6869507	399.5585632	357.5311584	416.4605408	397.5389709	518.8788452
Q8BUY5	79.37807465	183.0828094	187.4947205	252.2119141	113.9870758	70.72957611	104.9509201	94.7665329	53.34278488	197.3522491	109.6700516	208.812973	92.98149872	68.87598419	232.2819824	0
Q8BUY9	2.46916151	5.692588806	20.57699966	45.87741089	0	24.72719002	28.58430481	33.18696976	4.709130764	5.46524477	7.64434576	65.133255	9.150729179	8.202560425	17.95708275	62.79720688
Q8BV49	15.26598835	0	0	97.75935364	17.46656227	42.24435043	239.9339752	102.2943192	41.4390564	44.98818207	41.75355911	23.52900887	0	67.2379303	64.67967987	0
Q8BV79	120.1357193	295.6029663	247.5583496	106.2109756	209.2812653	92.68188477	72.82630157	42.09889603	151.6231079	114.2772369	325.8824768	188.7345581	218.0127716	157.6705933	153.3712311	243.7194061
Q8BVA5	145.6549225	119.6219101	160.4061432	104.6964188	107.3231201	203.3530884	215.8417206	123.4608459	85.99773407	191.8790283	103.4803162	148.2924652	135.3599396	154.0234375	124.4378204	0
Q8BVE3	272.4666443	188.6448059	288.369751	264.3036194	462.6990356	376.6739807	464.6168213	411.9436646	305.8400574	217.4633942	269.1088867	259.8110046	284.969635	276.1973572	210.9598389	259.5205688
Q8BVF2	57.93837738	89.42289734	68.5450592	78.28765106	58.66675568	104.4714966	199.8609467	177.3453064	126.7633514	87.44631958	50.19265747	94.36923218	87.29502869	30.83649826	111.8441086	0
Q8BVG4	108.1549225	57.62325287	58.82032776	77.19474792	70.36720276	57.80447006	123.590744	83.11721039	70.20684052	89.76675415	113.6690521	117.8956528	69.3786087	79.98323822	42.42634583	130.9221344
Q8BVI4	10210.85547	10172.16992	10294.66211	10926.6748	6158.291992	5193.524902	4461.036621	5598.658691	6225.454102	6008.986816	5841.458496	5998.32959	6501.071777	5434.083984	6443.163086	8660.311523
Q8BVI5	130.8945923	68.07440948	40.22451019	153.3006744	110.8362122	78.41448212	116.5643997	88.32769775	114.5723038	40.62514496	103.8911896	221.5761871	145.4033203	138.4987183	122.7838593	0
Q8BVP5;Q8C4X2	47.3391304	50.51065063	85.48612976	49.33864594	71.69826508	104.1621933	70.65840912	88.0326004	5.755014896	55.45286179	95.61084747	82.6047821	55.46315384	53.94440842	39.67024994	0
Q8BVQ5	85.65076447	94.70567322	100.0512924	58.62297058	100.2302856	80.70830536	152.946167	90.1133728	145.5590973	96.30141449	126.0466003	99.3011322	72.87808228	146.8540955	119.9321518	201.4429474
Q8BVU5	53.95879364	31.79091644	29.19281197	58.53614044	51.01733017	16.92853546	52.07370758	36.45915604	41.24946594	83.66689301	60.29880142	69.85134888	36.70276642	43.89129639	27.86064529	354.7775879
Q8BVW0	72.26383209	42.02626419	71.41165924	44.66747665	81.91018677	147.9379883	61.02984238	67.51861572	14.02565575	79.7661972	0	24.41633987	60.15142059	84.63700867	68.60823822	0
Q8BVW3	473.149353	198.8427429	270.7932434	259.8591309	411.0458984	204.8926697	93.54642487	168.1193848	164.6180267	231.7887421	210.6717682	234.5400085	279.3800354	232.8912964	338.2281799	236.1287079
Q8BVY0	92.15139771	73.79995728	62.73526382	53.70894623	49.47561264	78.9417572	60.22215271	58.88498306	53.25065613	70.81390381	52.32774353	55.82819748	69.64668274	67.53067017	56.81824112	142.84021
Q8BVZ1	87.59056854	144.5458984	111.0814896	118.0037155	168.7133026	134.1405182	89.26541901	192.9670258	101.7566223	169.290451	113.4629974	108.7171707	161.8110809	111.3159409	100.0523758	0
Q8BW75	4054.749756	4206.902344	3853.995605	5254.397461	3485.555664	2938.610352	2608.993164	2843.622314	2674.233154	3421.287109	3426.70874	2475.097656	3014.991455	3399.063477	4624.701172	3429.412354
Q8BWF0	2301.269531	2099.223145	2084.986328	2748.52124	1734.795654	1706.199585	1877.661621	2102.765625	1988.061279	2289.284668	1706.331787	2235.929199	2735.786621	2396.336426	2429.94458	1777.823853
Q8BWG8	87.67978668	70.90225983	101.0763779	68.5925827	78.72390747	101.7678604	157.8751678	157.2425842	88.28538513	158.617157	99.90661621	110.7478333	77.35797882	71.3769989	78.60362244	101.8374557
Q8BWJ3	76.07695007	68.81784058	76.86714935	64.29244995	71.59879303	31.69474602	26.96490479	37.33810806	47.43489838	25.68680382	83.94550323	31.80173492	46.25423431	19.39321327	18.69068909	0
Q8BWL5;Q91W59	141.646637	52.26475906	162.1889191	27.95789719	158.1513214	0	333.528595	147.4195404	138.5968475	104.2668381	126.0109024	161.3591614	161.4968567	78.67956543	96.17179871	0
Q8BWM0	584.2168579	545.8493042	498.4015198	666.4899902	434.4967651	446.8670349	468.642334	431.7297058	438.5127563	515.5195313	477.9306641	443.3556519	395.4530945	462.0273438	482.1809082	413.8356323
Q8BWN8	420.6710205	321.3248291	266.9093018	417.2965698	628.3903809	441.2951355	630.4511108	703.0167847	508.3950195	426.2028503	546.3798828	517.6011963	621.3414917	674.5480347	367.473114	636.579895
Q8BWP5	2135.804932	1381.577271	1616.87915	1905.605225	2521.110596	2155.606445	2465.758789	2322.564697	2121.584961	1784.980957	2229.063232	2031.016113	2245.494629	2318.002441	1890.034058	1901.623535
Q8BWP8	43.60514069	77.13624573	66.46570587	29.12920189	65.31031036	50.39196777	46.9794693	59.24617004	56.17477036	30.44394302	77.07355499	54.6558609	51.20341492	76.51861572	56.63241959	96.93178558
Q8BWQ1	8325.413086	9540.524414	8057.825684	8498.673828	6184.021484	7236.532715	5115.679199	6382.963379	8709.537109	6873.288574	6970.614746	6665.629883	7652.021484	7753.955078	7330.26416	10316.88477
Q8BWQ6	96.35460663	66.43920135	98.60005951	84.41931915	104.5461044	119.0230408	77.12031555	84.37859344	88.29685211	124.3888931	76.58811188	156.3871918	116.6050339	143.2159424	129.201767	289.0721436
Q8BWR2	96.5127182	40.64673615	178.5005341	78.70834351	0	78.16336823	29.17893982	145.9810333	45.99749374	90.52003479	84.76107788	144.2533264	90.29993439	24.49035263	108.7881546	0
Q8BWR8	77.19970703	0	64.77902985	131.1164093	49.94769669	64.67451477	230.2373199	182.6403961	0	0	58.03577042	87.87377167	0	0	27.96723366	0
Q8BWT1	57346.43359	42553.48047	46828.17578	61738.48828	33755.36328	48087.88281	33783.13281	38433.55469	52367.68359	50802.38672	44255.29688	47627.85547	47318.27344	47896.69922	40086.14844	49373.77734
Q8BWU5	87.2926178	40.64461899	69.42224884	69.61062622	124.0038147	78.46983337	45.06425095	83.69652557	72.4629364	39.76771545	85.50718689	89.49747467	67.47384644	63.62192535	76.7783432	87.49897766
Q8BWU8	741.6958618	1169.795532	873.3634033	869.8627319	913.5668945	424.4223022	202.080246	709.3828735	421.2232361	587.7640381	593.4714355	504.1651306	524.9874268	474.9673157	613.9824829	615.0945435
Q8BWW4	73.38130188	114.3919601	78.95430756	139.6902313	163.2988739	94.44561005	80.28014374	121.1443405	94.14432526	148.4281464	35.67065811	101.5186996	77.60285187	114.0072174	89.32741547	57.94871902
Q8BWY3	268.8509827	409.6961975	337.6987	341.5598145	470.503418	328.9624939	573.269043	373.4212036	441.0904846	288.4176941	437.9804077	386.5133972	412.3269043	375.3400269	380.6701355	231.3722992
Q8BWZ3	124.454361	167.4169159	149.7097931	108.6574402	106.0471573	119.6800537	253.0898743	138.3566742	179.5827332	116.1827698	192.2110748	118.3222351	167.164032	66.53977203	100.8008499	246.2065735
Q8BX02	78.11540222	89.16992188	87.99191284	54.32889557	145.0753784	86.78927612	93.5605545	52.81420517	27.74015808	113.8547745	80.97016144	44.91581726	81.76914978	140.7436218	47.66077423	513.8753662
Q8BX09	56.52346039	71.69960022	48.09798813	0	75.83662415	0	52.77713394	49.61579514	0	51.11320496	72.57653809	15.10821724	72.63706207	0	57.3359642	0
Q8BX10	58.26393509	118.1753311	37.67734146	116.4332123	24.9997921	64.47467804	87.7937088	52.61740494	39.66785049	69.83542633	34.6137619	53.457901	95.2101593	57.24462128	32.12984467	321.0646667
Q8BX70	83.7598114	134.922699	66.29553986	101.9932709	85.78611755	90.67654419	111.9972763	87.89646912	93.90080261	81.38601685	79.97380066	91.33193207	79.84408569	85.66847992	80.08078003	117.9531631
Q8BX90	108.2786865	167.0213623	101.425499	179.8772125	150.8703766	165.9017181	99.22393036	135.3830109	126.4340134	142.0118713	60.83571243	139.2746124	82.9292984	121.4072342	180.8171082	71.76592255
Q8BXA1	34.21781921	68.61239624	89.21784973	43.83657074	47.76681137	65.56503296	20.76397896	51.41074753	42.54250717	92.42115021	52.95265198	46.57927322	63.68991852	33.98416519	39.2922287	0
Q8BXA5	34.63476181	120.5520706	75.96631622	44.36055374	56.68527603	78.86453247	102.6064911	101.6893539	131.2819672	33.11540985	36.77148819	85.40190125	74.13682556	62.76169968	84.65493774	0
Q8BXB6	153.7963409	16.6748867	111.598114	61.50358963	37.18873978	53.3648262	76.19727325	23.59273338	104.8615494	67.09341431	57.10749054	45.28316116	83.26191711	31.05332756	57.46871567	0
Q8BXC6	124.8622513	114.7429276	147.7913513	96.99331665	183.8479919	121.7310867	281.8966675	184.0590668	147.6579285	135.3641205	154.1357574	88.01530457	221.2976837	130.7148895	164.8898926	121.6549301
Q8BXN7	92.8481369	96.56697083	102.5405273	61.06808472	78.23364258	166.7000122	109.1797028	135.6804657	199.9965363	96.72106171	76.07045746	146.1532745	121.705368	47.41837311	91.35301208	112.2845383
Q8BXQ2	29.01520157	199.3034363	137.5884705	61.75120926	213.5885773	40.15866852	132.388504	136.2200317	0	115.7192612	73.32746887	94.01295471	111.8639297	157.4347382	150.2986145	0
Q8BXV2	0	60.35393906	59.73529816	39.14087296	96.45563507	62.67595291	95.22429657	45.12945557	0	70.29893494	75.05443573	57.27264786	103.0784607	91.13873291	0	0
Q8BXZ1	108.7224579	101.1678772	134.9300537	110.0245056	148.822998	48.5882225	112.8946533	67.21456909	113.8134766	86.35748291	73.96647644	80.16692352	74.42355347	62.60932541	77.43440247	99.99072266
Q8BY87	181.8417969	167.3236847	146.2854156	180.6561737	192.0053711	197.4503632	235.489212	165.141922	193.5006561	150.7521057	163.2618713	196.5415497	188.6941528	166.3425598	138.3302612	200.1663208
Q8BYA0	84.39581299	31.46698189	33.90671539	30.89779663	69.58102417	43.76250839	26.88077736	57.88237762	16.18932533	5.244727612	0	7.160559177	7.322245121	25.93992233	24.51000786	0
Q8BYB9	61.08151245	66.50950623	34.41733932	35.45622635	70.1907959	33.84122467	102.7667618	54.25274277	78.22428894	39.65254211	52.24783325	48.66703033	77.16888428	95.90599823	54.00837326	117.3991776
Q8BYC6	197.6330719	137.9123383	183.850769	117.8174362	148.5268402	211.0623016	193.5658722	165.112442	145.6999817	166.6313324	196.6094055	170.925415	166.0256348	209.1193695	181.427887	123.4212646
Q8BYH7	84.26863861	39.01338196	26.79583549	74.7634201	20.89795876	15.59073639	53.19123459	51.75691223	40.648983	54.3150444	58.89944839	47.36063766	40.85158539	24.88231659	22.83809853	110.9240952
Q8BYI6	0	0	46.38250732	0	31.04761887	127.4906387	162.0149384	168.8535156	82.88716125	7.963165283	0	106.857254	6.533155918	66.92331696	67.31732178	0
Q8BYK6	220.3388977	168.1281891	154.892868	110.4513397	90.32971954	98.56332397	217.1959839	236.4338074	131.5357056	147.8313141	151.7256012	105.5620575	159.8077087	229.257431	93.71720886	152.1455536
Q8BYL4	339.3998718	226.0279236	300.5508118	324.2035217	264.0393066	322.9743958	193.5823975	283.7337952	273.9414978	238.6390839	278.1149902	197.0355835	271.6269226	265.7149963	263.8018188	361.739624
Q8BYM8	54.45181274	33.51464844	36.39002609	42.16696548	35.808815	46.80902481	62.69517899	37.00059128	45.00301361	28.36590576	62.50014114	61.75994873	37.46384811	38.88536453	30.88311768	0
Q8BYU6	146.0031128	212.2353973	145.1518097	205.7110291	311.8094482	154.481369	205.8778992	267.3983154	235.0677185	183.9835205	138.7620697	232.3964996	202.0931549	187.8498383	186.8065491	477.9758911
Q8BYW1	0	0	0	0	37.06755829	32.55090714	89.49285889	23.30983925	12.73039055	18.98243523	5.024494648	0	24.0464325	5.915894032	33.34391022	0
Q8BYY4	87.1224823	83.07380676	55.1851387	79.53024292	70.24763489	72.68634033	94.19747162	73.23345184	72.34905243	91.47872925	83.29933167	53.65905762	102.6472244	45.95799255	46.75781631	0
Q8BYZ1	0	50.11921692	0	0	0	0	116.6847992	24.59622383	0	0	26.37169266	0	0	0	0	0
Q8BYZ7	93.58307648	50.73377609	84.12490082	80.06898499	43.26099014	90.29795074	104.2135696	47.05600739	81.02291107	103.7148819	45.76307297	81.26629639	82.21260834	54.38212204	68.7405014	0
Q8BZ09	222.0675201	265.0374756	219.4577942	209.2306671	201.9624939	244.1599426	220.211319	207.6152802	217.3088989	286.8621216	348.8544006	177.2125549	268.662262	280.7164001	290.5597534	396.2834167
Q8BZ20	102.937355	90.4691391	129.8739777	53.70015335	170.6485291	55.80755234	162.7562561	149.6233521	126.0374069	120.252594	73.88874817	85.42962646	159.1729889	82.28717804	81.45210266	185.9447784
Q8BZ36	22.98504448	0	58.7620163	0	35.29803467	18.194067	81.17294312	58.32439423	25.39695168	0	28.05685234	26.4458847	61.49526978	91.4203186	19.98182487	0
Q8BZ98	507.4627686	6746.338379	985.1674194	93.62536621	482.8826904	399.8270569	2071.737061	363.7882385	374.4860229	0	354.8072205	358.4313049	2867.566406	0	475.6190491	172.2095795
Q8BZA9	53.10227203	66.39981842	50.76030731	42.79020691	92.33352661	26.80650139	79.34424591	66.17803192	83.43980408	55.84148788	49.15678406	42.69618988	66.81507874	42.58142853	77.44142151	143.4098511
Q8BZW8	151.9178925	131.5765228	145.3875122	102.3504181	169.9865875	132.1219635	187.25737	97.13339233	85.45785522	86.10231781	126.4015961	66.35323334	81.93346405	69.29797363	82.20360565	187.9466705
Q8C025	91.89241028	314.7042847	281.7531128	226.8683472	469.6686707	523.8825073	97.43665314	347.5040283	319.2518311	621.5540161	596.5101929	276.1807556	261.3935852	216.2841644	426.3757019	356.0673218
Q8C052	63.79749298	32.54459	35.07120895	23.94652557	84.18346405	102.1930923	136.047699	68.19794464	116.3372421	38.79211807	86.55648041	31.77477646	53.11239624	54.18543625	34.88595581	85.0650177
Q8C0C7	817.4165649	692.5307617	860.8983154	982.8300171	833.9134521	997.4537964	1059.985962	1093.220703	984.9923096	992.3169556	819.4040527	1035.179932	931.7473755	1071.359619	1008.489075	760.9664307
Q8C0D5	717.5950928	453.7703857	577.2007446	1033.171509	852.0910034	691.6142578	926.8530273	577.4624023	642.5988159	401.4153137	735.7918091	715.8954468	616.7444458	758.2226563	837.4608765	1095.948364
Q8C0E2	151.0514679	117.4078674	123.0119934	142.4995575	223.3039246	247.3779449	228.983017	183.0343933	162.1521912	261.0349121	188.5636444	231.4334412	206.2675934	246.3967133	182.6617889	141.8560638
Q8C0I1	39.37334442	33.67266846	23.47852516	52.87741852	75.8862381	69.64581299	54.73848343	57.08602524	45.60051346	18.35436249	23.04848862	169.0797577	24.74552727	14.55753803	33.95280457	36.9157486
Q8C0J2	57.41968918	66.46918488	32.47737885	63.13404465	35.14562607	33.701828	41.20113373	37.80128098	44.03873062	63.32853699	89.04473877	147.0223389	35.88773727	49.69071579	46.19329453	0
Q8C0J6	0	45.92690659	0	0	0	43.00938034	9.249840736	9.750861168	0	18.98470688	7.514000416	0	4.037212372	12.11023998	0	0
Q8C0K5	109.2695618	190.3896027	207.0983429	177.551651	145.8301849	193.9611206	91.5537796	149.2197418	130.2665558	137.9337158	149.0363464	158.2829437	182.0243225	241.1069183	166.398407	238.0119934
Q8C0L0	54.88653946	64.30437469	72.8269043	66.10352325	172.0749207	173.1435699	174.8928375	151.1838226	43.92253494	94.90177917	156.7770538	155.8590393	153.3289795	98.81530762	97.57025146	201.5231476
Q8C0L8	72.75585175	51.37830734	99.806427	74.94630432	105.6976776	177.2812042	93.21369934	53.50428391	70.46690369	100.2155151	47.5462532	78.24963379	88.93878937	35.42484665	91.34370422	0
Q8C0L9	490.9118347	332.136261	231.9917145	296.51651	166.3452759	532.8036499	172.2089386	425.297699	321.7919922	366.7068787	377.9230652	436.1925049	283.526123	233.0556183	324.8677368	124.1578903
Q8C0M9	135.6376648	107.3869171	109.030983	124.086586	87.22107697	145.4754181	137.8210754	85.88481903	92.67773438	120.1148987	84.20995331	85.99765015	82.76212311	103.1940613	63.26621246	78.1416626
Q8C0N2	128.5670166	163.8386536	157.004303	131.3175507	280.868927	253.2505798	369.2145081	302.5785522	161.0142212	139.6555634	219.0046997	123.2408981	175.7349396	217.6033173	138.0414734	0
Q8C0Q2	60.66493225	37.47160339	29.59889412	38.44515991	52.31252289	69.88806152	37.59269333	54.31041718	77.87462616	60.52133942	54.83965683	30.04748917	74.67423248	73.96617889	51.47571945	0
Q8C0Z1	262.5515442	279.4727783	186.3033295	264.8465271	233.7279358	266.6555481	175.4453888	310.346405	284.002594	346.65802	233.6200867	301.5142212	173.3084717	170.9753265	243.5640106	350.9533081
Q8C129	60.35738754	54.79279709	43.45041275	78.84526062	136.2202454	49.12840271	118.1568756	88.76020813	48.00721741	51.18545914	93.3681488	71.23448181	40.68201065	86.86012268	104.8615265	0
Q8C142	130.9294128	54.55241013	86.99456787	110.4828262	116.3564606	99.84815216	137.2496033	158.7076263	140.5392914	157.971756	166.710968	90.26238251	121.9477997	87.94583893	134.2104187	76.77322388
Q8C163	86.27022552	0	96.83026886	45.4305954	0	105.5942154	148.504837	53.68599319	84.00839996	83.98894501	30.84736633	75.69070435	90.085289	68.69766235	52.32192993	0
Q8C165	984.9527588	1049.742676	1008.841248	873.4915161	806.7231445	811.7050781	759.4291992	803.2564087	826.6029053	828.1380005	967.9633789	712.4525146	916.7628784	856.0415649	915.1052856	867.8989868
Q8C166	368.4591064	288.0333252	238.8083344	427.5946045	490.9034424	414.7443237	974.9932251	437.9384155	336.2701721	505.1770325	566.8121948	607.2226563	383.9946899	462.4476318	527.1591797	770.2399292
Q8C167	84.98877716	0	0	0	30.59986877	0	0	4.112835407	60.74984741	0	30.51219368	0	0	28.86997986	0	0
Q8C196	185628.5625	179478.9531	179493.625	183077.1406	98080.23438	97123.9375	65988.26563	79976.77344	102333.25	124482.7734	92309.67188	86685.10938	103580.8906	116088.9531	116968.75	121048.3906
Q8C1A5	123.9130859	108.5814285	156.5103302	165.2053375	231.198761	139.2031708	248.9193878	126.0145569	162.5296936	178.1758881	204.6621552	131.9499969	153.2439423	150.9211578	142.9539642	99.79318237
Q8C1B7	158.6238251	177.8772125	178.1000671	219.4373016	462.638031	254.5540466	525.543457	362.1045837	202.2342834	228.0351868	306.1814575	240.6458435	264.5061646	278.1140747	263.4783936	415.5742798
Q8C1E7	144.5882416	127.5507507	63.81807327	67.72943115	180.1506348	171.5907593	254.3671265	170.0822754	175.4279022	136.3011017	126.2562485	154.1856689	224.4365845	140.4853821	71.58587646	177.1551361
Q8C1Y8	50.51150131	38.73487091	37.10123825	17.80986595	28.63178062	46.84591293	70.96050262	69.53427887	58.27850723	54.9521637	39.15921783	57.0320015	47.62807083	54.90535736	39.45395279	0
Q8C2E7	55.1041832	75.8134613	75.53022003	64.85535431	94.98918152	44.99469376	102.9040833	77.36685944	61.33042145	84.49781036	30.58603096	86.21857452	81.89624786	71.48891449	76.66763306	39.36891556
Q8C2Q3	45.62596512	37.82888031	46.34482956	61.72131729	36.47425461	46.96347427	64.28647614	56.24720001	46.98932648	36.78833771	73.49467468	34.29968262	45.53895569	57.30825806	64.13759613	75.10037994
Q8C3J5	28.44060707	11.35978222	0	0	61.53393936	24.53765297	170.4760742	78.48543549	63.24452591	0	13.14728165	0	0	19.63048935	35.4596405	49.23532104
Q8C3Q9	86.61450958	61.12355042	0	52.64927292	17.41960335	0	116.2037277	116.8465881	182.9082642	63.3184433	136.4268951	0	43.43437958	63.69512939	0	0
Q8C3X2	46.6689682	46.03359604	0	0	15.61664486	10.16505718	63.30399704	90.04659271	0	42.07044983	99.93740845	14.95250034	75.88244629	61.28137589	43.10411453	0
Q8C3X4	60.67695618	79.31814575	99.35547638	128.7507935	37.19566345	59.15445709	48.95859909	42.79252625	5.331683636	53.42015457	0	101.3911362	87.47568512	57.2551651	76.85481262	330.4609985
Q8C3X8	92.58492279	113.3853455	211.4377594	50.23351288	193.4595032	91.11914063	133.9919434	162.822876	133.8666382	137.3752441	161.8223267	55.86568069	109.9437256	124.4122467	76.6900177	162.2598419
Q8C407	59.64764404	31.16394997	111.6549149	0	76.99510956	91.37347412	151.7103119	140.2886505	37.22503662	92.38193512	86.41706848	0	68.50656128	112.5394897	84.87454987	0
Q8C460	36.64451599	69.40534973	61.09846878	0	35.42638779	0	42.78210068	0	58.9213028	0	132.4812317	0	0	19.15163994	25.96025467	0
Q8C4B4;Q9Z2R6	145.7981415	90.13819122	77.9602356	97.90539551	192.7947388	227.4539948	270.2182922	208.6872253	66.09555817	233.7149658	183.4512787	292.8539429	96.82009125	49.77860641	251.8913879	0
Q8C4Y3	30.39587402	44.17027664	25.61984253	35.40074158	44.18835068	42.3716507	88.87890625	26.67160988	36.82968521	14.14571857	73.92540741	36.23549652	8.952493668	35.95996475	21.31246948	0
Q8C522	0	32.27148819	0	0	63.52843857	0	14.39584255	47.26905823	19.60032272	42.74116135	35.6692543	15.8538475	39.25683212	15.52342319	0	71.95027161
Q8C570	70.16765594	102.801651	62.08852005	48.42864227	42.13438416	69.42713165	90.23596191	76.68634033	18.21151161	74.8700943	65.55016327	68.3270874	96.75940704	42.19547272	91.78529358	161.2867737
Q8C5H8	1463.016724	1862.354736	1275.742798	1193.764526	764.1479492	872.4552002	696.588623	919.6542358	1105.532104	715.9310303	1091.11792	857.7171021	973.0878906	1061.484009	1032.146362	1392.138306
Q8C5N3	121.0280914	24.52223587	36.09291458	42.94870377	31.58758736	44.04615402	86.30079651	7.705669403	0	55.28470993	39.76834106	69.37207794	42.7473793	133.2833862	88.10892487	0
Q8C5Q4	110.677681	90.00008392	71.59133148	100.9992752	98.28170013	72.03842926	93.17858887	130.6729126	122.2912216	88.46862793	83.21234131	77.51192474	111.7450485	79.58931732	112.2177353	249.891983
Q8C5W0	190.0457764	158.3500977	205.01651	136.3683319	222.8954773	232.8744354	125.7567902	190.9651184	145.6840515	188.2559814	152.5437164	208.6534576	206.2165375	180.5249023	169.103775	294.1744995
Q8C5W3	459.489563	384.818573	436.1873779	450.9496765	527.3877563	481.966217	387.5709534	524.8112793	453.5489502	349.349762	321.3746338	365.0403442	329.5308228	373.678772	389.9440002	271.9180298
Q8C650	158.844635	189.2182922	137.5587463	166.9490967	107.8520203	222.470108	128.3008118	126.7562561	180.7703705	129.1344604	123.9817734	174.5936737	67.21863556	213.4833069	177.2027435	504.6699829
Q8C6G8	70.81526947	107.4300079	88.89616394	68.15439606	195.0605011	93.62589264	263.3440552	142.2525635	122.6598434	103.7501068	66.07968903	69.07751465	98.37730408	122.6585693	68.93267822	214.4192505
Q8C6I2	181.6682587	196.1035004	202.1128693	198.7977905	101.9221649	142.9978638	135.1864624	168.0078125	225.1450958	268.421936	141.8267975	229.350235	145.576004	184.9210663	256.153717	215.592514
Q8C729	59.56845856	25.24033546	51.85432053	35.25762939	61.47699738	106.9270172	0	35.2870369	108.3323746	0	19.95837975	24.13614845	57.35528564	29.75202942	42.4691925	0
Q8C754	32.59617233	51.9004364	22.51931572	39.39745712	33.9899826	59.90488052	59.0325737	41.72334671	33.38931274	64.67807007	63.3858223	31.16605186	29.2427578	57.14205551	66.98490143	0
Q8C7E7	185.1922607	139.3663177	280.0291138	200.0573273	374.5736084	388.6293945	337.9292603	234.4777069	211.6414337	277.5240479	224.6281433	161.365509	447.3296204	335.7414246	227.4120941	386.7919006
Q8C7G5	222.3694916	191.1513672	211.2913513	212.4825592	145.2170715	184.435791	138.9226837	194.6798248	110.1022263	203.5628662	122.0992355	166.9425201	111.568367	195.4715271	175.7796936	126.5761566
Q8C7H1	84.4417572	194.5682678	164.0227356	226.9690857	167.8629913	252.4398041	149.198761	140.2889862	150.238266	189.2314453	171.1959229	177.6012878	182.1348724	132.6062775	153.5556183	235.2874756
Q8C7R4	73.82473755	52.90618896	92.0717392	98.36385345	110.990799	82.14366913	130.8100433	78.12458038	106.2529984	100.4628677	56.28165436	84.91134644	97.72530365	44.11886978	135.3408966	0
Q8C7V3	59.60664368	0	0	55.61620712	171.6380768	0	310.8635559	217.8032684	77.09954071	111.4059601	0	211.1530762	121.5833893	139.5642853	0	0
Q8C7X2	356.0105286	433.780304	333.9388428	395.9761658	379.0935669	423.3337097	413.1516418	375.8085022	442.1125793	393.3596191	544.9944458	437.9075012	399.3469238	417.0385742	366.5861206	642.2157593
Q8C854	40.98173141	129.434845	75.49115753	53.59816742	72.54718781	113.9416428	104.2168961	65.23628235	78.78105927	97.56582642	91.21411896	103.5825043	106.8679504	100.5790634	132.351593	0
Q8C863	19.85899925	15.57077694	22.54956055	47.71213531	47.6975708	53.11608124	38.38511276	97.16757965	51.78539276	37.60491943	40.81941223	43.29040527	57.82275772	46.28414154	52.21087646	0
Q8C878	90.75858307	142.1101227	92.58113861	92.00293732	171.9090424	126.5820084	116.081337	145.2008514	127.3648148	96.58944702	101.8865662	115.6729889	121.9535141	131.3517609	105.004776	65.59862518
Q8C8T8	29.97484589	0	13.79589081	9.486240387	4.885915756	0	13.03596783	21.77699852	2.479421377	31.16674805	20.27614975	0	22.48335648	51.43817902	43.28060532	0
Q8C8U0	65.82946777	82.46594238	95.92646027	103.0355225	129.2632599	127.160759	192.6077728	126.2104568	147.0158844	130.4661102	85.43289185	105.5884628	100.1209259	108.8967743	77.91879272	131.7215271
Q8CAK1	80.24604797	72.69743347	97.52804565	61.00402832	41.95132446	86.30884552	61.73719406	89.97901154	88.88616943	48.32897186	70.02831268	92.81762695	97.55417633	86.71380615	91.73399353	80.42441559
Q8CAK3	63.54124832	52.16786194	126.0715561	94.63717651	280.553894	169.3973389	8.51736927	199.8066101	170.0200348	127.6941528	107.333168	89.3921814	172.713089	116.1921921	181.0029755	260.5259094
Q8CAQ8	2302.799561	3012.171875	2467.128418	2544.375977	1916.603516	2247.278809	1799.018066	1719.789429	2345.156006	2205.337891	2422.112061	2181.014893	2154.310547	2136.064209	2149.884277	2513.609863
Q8CAS9	200.8252563	258.6573486	199.9044189	245.3630219	232.2814026	238.1612854	252.8706818	288.4903564	232.4855042	197.7758636	171.3083954	194.3773499	201.8548737	217.6026306	178.8773956	194.7650299
Q8CAY6	12065.9541	8185.137207	9723.956055	13039.87988	10455.46973	7801.843262	7793.750977	7513.713867	7672.290039	6402.334961	9423.361328	8516.337891	8210.59668	8183.175293	9646.069336	6735.64209
Q8CBA2	62.35503387	0	36.10667801	85.41299438	48.59669876	25.51861763	129.4717102	78.41966248	0	0	27.0753994	0	0	27.34737968	0	0
Q8CBE3	75.76540375	90.15989685	66.33664703	52.95488739	133.9874268	68.19686127	145.9456482	86.39254761	69.98974609	0	42.21338272	102.8587112	17.81867027	89.17787933	36.58575058	0
Q8CBQ5	46.67489243	109.051796	0	44.48710251	0	51.9974823	71.53046417	82.62376404	0	39.18894196	0	41.41265488	25.37589645	48.34653473	5.465981483	76.60023499
Q8CBW3	107.4844971	96.30778503	86.99745941	108.5809021	76.91566467	141.0620117	326.6578674	124.9605179	52.90295029	39.05436707	83.56958008	31.28069115	62.20914459	74.90705109	91.49851227	64.11193848
Q8CBY0	0	0	9.921948433	0	0	77.07946777	0	0	57.87984467	16.4044857	92.64513397	0	0	41.49576569	95.4788208	0
Q8CBY8	60.03915024	41.33184433	35.18344498	63.40083313	26.38229942	67.46129608	94.73902893	73.50260925	47.50287247	55.72390747	69.99271393	47.03305054	43.5768013	31.80667686	52.02521133	164.2628632
Q8CC86	1163.629517	1229.512695	1135.191895	1086.275635	675.7593994	1018.794739	907.5249634	1381.874756	1317.294678	1111.805542	1372.227173	1353.71167	1028.086792	1154.413574	1252.100464	1461.045898
Q8CC88	2419.919678	2374.275146	2070.877197	2557.168701	2122.43335	2465.916504	2142.186768	2053.730957	2066.534912	1982.705688	2139.961182	1990.507202	2118.763916	2080.058594	2037.946411	2221.84668
Q8CCB4	58.99436188	37.11211777	30.2580204	44.76218796	63.56229019	26.15603065	99.05246735	72.88205719	92.36555481	96.07905579	30.53336525	59.14584351	55.2559166	28.03376389	98.69361115	113.5014572
Q8CCF0	132.5751038	142.7284546	95.20687866	115.4717407	124.8442764	134.0950012	296.9960938	94.67900085	59.38396454	136.749176	135.960144	92.55302429	110.8134842	119.6057129	144.3765869	0
Q8CCH2	204.203537	142.784317	231.9474335	317.4121399	270.2628784	315.1364136	421.4733582	351.8936768	200.0430908	308.2496338	347.2163391	380.3127747	334.6779175	363.3306885	309.291626	231.2572937
Q8CCJ3	431.663147	469.9235229	475.710083	610.128418	476.5379333	591.7169189	472.7963867	390.1943359	453.092804	469.4723816	449.9032593	420.7880859	324.0699158	495.8247375	443.262207	677.8787231
Q8CCK0	23.0605526	88.0750351	55.48378754	0	45.00657272	66.34001923	100.6627045	13.214818	72.71900177	129.5313263	79.16082764	61.68920135	99.27602386	26.3729229	22.65930176	0
Q8CCM6	88.01166534	111.6422806	123.0996323	136.5081787	103.9126816	170.4674835	84.23088074	118.6066589	78.72811127	74.44094849	80.25111389	101.9588852	57.26083755	70.93413544	125.2439651	123.6474609
Q8CCN5	68.96996307	43.90742493	64.05924988	74.18585205	83.9238205	108.3654633	48.69154739	28.01575279	62.21020126	96.18044281	36.64275742	43.74662018	26.92352486	95.44028473	30.16883278	17.04256248
Q8CCP0	57.13492584	57.75814438	101.299118	26.35842705	93.98207855	69.01917267	50.67996597	67.27220917	74.6023941	131.5853119	63.71674728	125.3998489	96.58154297	92.69510651	54.83527756	48.47709656
Q8CCS6	256.0631714	323.3917542	242.2171478	195.9961548	309.3405151	175.7522278	293.0284119	325.2884521	345.8058167	194.1757965	375.9183655	239.9511871	162.0464935	191.0610657	156.1747894	381.0207825
Q8CD10	0	58.80722809	41.58559036	44.03193283	9.271544456	0	101.4159088	0	0	71.33385468	0	28.77080917	44.20357513	51.91588211	62.61672974	0
Q8CDA1	37.8961525	75.39571381	21.07471085	34.91966629	53.68300247	25.32183266	0	47.35419464	32.75592041	0	15.35410786	44.47252655	19.284832	12.93370724	0	0
Q8CDG3	100.9950943	85.53574371	67.3025589	62.34738541	78.22579193	111.3232574	109.4855347	84.28163147	132.2749634	76.70472717	120.296196	84.77114868	78.88822937	70.61067963	105.1455307	189.5089722
Q8CDM8	57.31298447	73.52959442	39.30162048	87.53889465	106.7189407	80.97103882	78.80595398	70.95910645	13.52295399	48.66601181	95.53855133	98.43916321	69.35050964	55.20436478	132.4650879	245.313446
Q8CDN6	1297.985474	1349.677246	1424.20874	1312.073608	1738.397217	1003.581238	2071.881592	1291.897583	1352.164185	1445.506348	1271.511841	1515.251709	1477.741821	1076.811768	1397.112915	1226.355225
Q8CE96	23.9534111	18.71673584	19.39248657	0	24.76663589	0	45.06081009	5.10790205	0	8.241549492	24.26922607	0	15.06403446	33.51608658	24.59626198	0
Q8CEC0	119.6592255	58.36685562	13.3927145	57.25298691	72.81041718	57.48972702	159.5988007	50.26094055	74.41446686	66.62360382	37.16011047	87.38707733	42.80434799	86.90861511	62.66733551	0
Q8CEC6	47.30770493	30.64390182	46.04481125	49.99035263	16.64585304	35.51023102	67.08530426	68.63805389	23.76004791	6.545970917	43.23293304	49.84173965	39.34676743	57.94813156	16.06527138	0
Q8CEE7	83.5258255	84.14427185	47.00342941	65.05148315	55.69307327	95.77809906	42.30340958	99.38560486	54.36984253	43.93621826	28.77062416	50.16049194	86.08437347	56.32937241	58.36929321	188.9779968
Q8CEI1	298.0811157	370.9711304	341.4646301	412.6155396	143.0496674	71.50426483	74.68496704	364.1572571	51.49329376	179.0576324	32.95359421	33.74502182	340.9308167	265.9595337	157.4067841	0
Q8CES0	25.63083076	57.11618042	71.41512299	44.55063629	250.0347748	78.80323029	65.75428009	66.64727783	111.3454132	74.00704956	53.42421722	22.41677856	142.3041229	43.13700104	23.74541855	0
Q8CF66	97.02746582	127.6361771	151.0712433	88.3797226	180.4881287	124.0218964	204.1908722	171.371994	40.96875381	123.5834885	86.14872742	151.7768097	137.4920197	144.6891632	66.29620361	128.1182556
Q8CFA2	852.1030273	852.4785156	928.5184937	1159.712524	873.333252	666.7739868	914.0214233	564.8374634	617.7617188	760.8323364	898.0244751	628.3167725	931.2487183	972.2269287	882.8356323	1143.904175
Q8CFE4	168.9935303	103.0481262	117.7517395	113.8600464	174.9125366	89.69846344	262.95047	200.7268677	173.1735077	179.3895264	172.0954437	206.9123383	144.9839935	156.2115173	171.7432404	510.3580322
Q8CFH6	0	0	0	25.94910812	0	50.53748322	41.00963974	36.25978088	28.61204529	40.73112106	64.63990784	0	0	0	71.31293488	0
Q8CFI2	31.47412109	2.08851409	60.94757462	25.03809357	25.0779438	40.74119568	11.54481316	32.677845	27.54232597	26.68514824	14.54493237	64.64788055	22.84296989	32.32275391	13.31514931	125.9866257
Q8CFI5	106.4195862	108.5642929	96.71888733	60.63864136	56.99787903	79.21736908	79.92912292	33.65924454	38.86270905	67.23656464	90.44418335	78.24477386	113.4586334	84.69861603	87.08228302	224.5211334
Q8CFI7	76.88243103	66.78164673	108.6345215	101.9345245	164.1134491	51.16779327	105.3744812	98.87827301	81.40772247	65.63398743	80.04244995	86.16446686	103.3854218	77.27503967	63.26741409	123.3172379
Q8CFJ7	255.2324982	192.8773804	121.7288818	171.1609039	82.85378265	104.1976624	125.8979797	104.5878372	176.5614624	87.80517578	197.2436218	142.5675659	135.8740692	163.1266327	186.2831268	97.8369751
Q8CFV9	31.27923203	97.19916534	49.18159103	46.45113373	116.8166962	49.52259064	103.4080811	57.72948074	100.6161423	24.27424431	83.82039642	86.39589691	63.97990036	60.36640167	90.28328705	146.8013153
Q8CFX1	1696.792236	1807.309937	1972.42395	1827.009399	2574.513916	2112.620605	2509.814209	2353.069824	2111.494385	2100.823975	2259.913818	2236.799805	1977.580078	2283.894531	2317.051758	3521.547607
Q8CG14	86.00294495	37.83270645	90.10684967	58.95338821	70.02962494	125.1046448	132.2392883	40.66526413	75.49242401	87.1239624	98.49297333	117.7990799	55.89216232	113.7762375	107.3503036	76.44329834
Q8CG50	36.99924088	56.60223389	73.57634735	50.08036041	34.36246109	47.46383667	59.17353821	69.73183441	70.65499115	62.97363663	78.3055191	115.5498581	97.25043488	48.11880493	86.60829926	74.98935699
Q8CG72	1975.088257	1787.124634	2090.949463	1830.455444	2225.551025	2043.899536	2668.093018	2324.512207	864.5675049	1066.433838	2000.734619	2410.582764	1669.748535	1045.736938	1265.384644	1294.815308
Q8CG76	2987.466309	2719.009033	3051.86377	2856.383057	3449.854248	3723.323975	2877.605225	3158.289795	3332.149414	2905.784912	4025.741699	3443.135498	3574.650146	3936.519531	3033.880371	4021.244385
Q8CGA0	105.9091644	119.01371	155.8299255	98.97637939	144.388855	135.1730804	159.8476868	158.0458221	95.82180023	122.3756027	127.6451492	103.4293137	162.8419189	79.8660965	152.5848694	76.75753021
Q8CGB6	132.3110199	81.28598022	74.51669312	74.16535187	200.2651672	83.4461441	148.0336456	112.2417374	69.2280426	75.32701874	73.58222198	104.9361649	52.26388168	131.5772552	71.75891876	116.9331284
Q8CGC7	1125.319092	1227.288208	1156.860474	1190.784302	1242.696045	1203.160522	1222.001343	1329.845703	1295.854492	1297.316162	1122.561035	1388.955078	1069.185913	1112.52124	1224.431152	1504.086304
Q8CGF5	66.20405579	132.1628571	85.53329468	64.35944366	153.2949677	199.7142944	124.2389679	149.4447327	123.6411285	85.03769684	216.4972992	100.3087082	68.45446014	169.0944366	117.6470108	356.2346802
Q8CGF7	181.568985	159.7797394	160.6910858	150.9984741	184.5970612	278.4197083	268.785553	200.4431305	211.1692352	181.3969269	185.9265289	162.5191803	162.374649	158.8266602	169.8368225	182.4125366
Q8CGK3	2442.721924	2854.499756	2637.137695	2790.629883	2563.062744	2591.107666	2821.291748	2425.600342	2850.88208	2671.031494	3177.574951	2506.613037	3098.913086	2815.617188	2880.089355	3010.761963
Q8CGR7	86.59677124	80.70731354	0	80.55699158	75.71107483	110.368103	14.41502666	0	0	20.11423111	183.4949493	0	0	0	0	0
Q8CGY8	122.6144409	73.73029327	44.59457016	64.19280243	98.13822174	99.89194489	129.8724213	101.6727219	94.15595245	136.4079895	58.14212036	117.0463333	62.06038666	87.11522675	52.71128464	213.4195862
Q8CGZ0	77.25918579	50.59735107	95.42973328	85.77259827	90.25374603	89.76961517	153.9790192	52.28638458	94.52619171	111.9633484	72.88025665	100.5547791	65.44910431	94.90462494	107.9450607	38.70825195
Q8CH09	92.74835205	522.522583	15.80965328	400.4641113	87.07488251	5.662495136	250.7873688	50.55226517	587.2444458	387.0518494	612.8666382	226.5644379	382.6372375	114.9642487	444.1280518	150.4311829
Q8CH18	158.0785828	143.1309814	149.3631287	151.9892426	267.1255493	207.285141	283.3249817	275.4362488	145.6407928	165.2166748	111.4194641	219.4482117	120.2393188	154.6170044	174.937973	254.9717865
Q8CH25	151.1658936	98.19845581	48.17503738	62.73070908	96.29282379	137.187027	169.4863281	63.25110626	36.72173309	103.9146194	130.7504425	65.73052216	92.09671783	102.9485703	94.63642883	0
Q8CH40	159.6124115	198.2064056	182.2639618	41.42689133	125.0176239	104.8060913	24.03965759	124.8498077	0	106.1395264	108.1279526	177.7393494	53.79979324	38.38586807	77.8756485	416.4985962
Q8CHC4	50.82471466	32.83612061	97.15274048	40.189991	31.44828415	87.06269073	121.8913498	107.3560638	77.62283325	33.83459854	18.14189911	46.31689453	52.63505173	50.58173752	65.01390076	0
Q8CHG3	26.5956459	35.6278038	41.8219986	19.82387161	29.34528923	19.11922073	37.95597076	28.98519516	43.40809631	32.4417572	29.49715042	53.71987534	48.58203125	18.48915291	14.7914362	83.10037994
Q8CHG7	21.29957581	0	65.12327576	0	0	0	117.8651886	0	0	0	0	0	0	0	99.82091522	0
Q8CHH9	66.12858582	20.66407013	56.42866898	24.69316673	73.19104004	47.44277954	82.68784332	14.02070141	86.47858429	48.17429352	57.97504044	43.00185394	26.47302055	7.670832157	36.93976974	13.89773369
Q8CHK3	28.62794876	68.24076843	101.7226334	71.66182709	93.76807404	102.7788696	90.12807465	104.1480408	36.39593506	60.39818192	39.13975143	107.5004349	100.9692459	144.5271454	247.1850739	915.9052124
Q8CHP8	160.8545074	158.6135712	238.5721283	295.099884	299.8388977	244.7012634	169.0767822	190.6158905	227.2987518	287.3931274	283.7463074	300.9806519	311.8060913	238.3672333	230.7298889	258.5396118
Q8CHQ9	1945.454468	2030.396484	1845.369507	1557.327393	1654.496948	1325.317505	1795.102173	1901.626831	1291.877319	1898.835938	1604.334473	959.4753418	1514.607788	1416.643799	1855.335815	1929.18335
Q8CHR6	4246.149902	3899.928467	4026.960449	3643.126221	2043.74646	2559.446533	1884.741699	1493.487671	2596.606201	2303.67334	2876.830811	1972.864258	2217.645752	2591.903809	2581.512207	4021.931396
Q8CHS8	73.40803528	130.5654755	80.02169037	81.76522827	96.95353699	127.2256393	98.9213028	121.5117493	94.17337036	0	0	105.3015213	96.51177216	0	96.25392151	0
Q8CHT0	8717.245117	9217.260742	8870.051758	10342.50195	6306.114746	7020.690918	4927.954102	5246.973145	7535.45752	5566.850586	6068.823242	6043.689941	6627.770996	5956.514648	6066.157227	3383.166504
Q8CHT1	46.32534409	82.31908417	0	47.41093063	28.35678864	24.78171921	25.11409569	14.1327343	45.35977936	27.02970695	70.43128967	57.25753784	26.52594376	21.38121986	51.42665863	0
Q8CHT3	53.91294861	0	0	0	0	0	83.17218781	0	0	0	0	72.09213257	47.68567276	0	27.48948669	0
Q8CHW4	124.4499893	189.6078949	178.4874115	186.6579742	174.7185211	246.397995	167.1322632	98.77549744	157.0167542	131.6008759	135.6370544	259.6325989	114.7441101	147.8574524	104.8350143	177.8533936
Q8CHY3	102.6368713	74.41074371	32.37433624	71.68173218	49.11145401	71.84164429	45.32731628	75.35203552	54.07374191	67.21928406	75.95795441	108.8154526	116.4756851	103.0482941	78.69898987	0
Q8CI11	16.48396873	0	0	69.91306305	36.26961136	57.90489197	45.31386566	27.82584763	0	23.28071594	0	16.76544189	0	17.88578796	60.92630005	0
Q8CI32	103.0413437	193.3440704	141.8855591	140.5219879	221.3458862	104.8012619	140.5672455	119.0215454	116.0118942	115.8487473	138.0415344	138.4850464	125.2720108	122.695488	77.50554657	255.9684753
Q8CI33	121.7887344	76.51704407	82.54182434	222.4675751	87.48735809	79.86151123	118.8139267	44.67093277	75.41101074	97.21075439	161.038681	81.54884338	46.53570938	74.20324707	92.80442047	203.5710144
Q8CI51	552.9437256	889.1364746	767.3633423	492.4130249	917.791687	705.9544678	964.8146362	687.7116699	567.6143799	532.3710327	607.2659912	775.9199219	737.4393921	631.6318359	737.8097534	767.1789551
Q8CI59	197.2288208	214.4206238	194.0775299	224.1650543	147.6295319	202.5684967	189.6838074	322.8051758	208.0957336	155.8434601	105.2457123	99.31761169	212.5758514	102.6968918	98.9604187	387.6308289
Q8CI75	78.79933929	70.98232269	158.911972	125.4978027	78.32486725	85.52596283	86.45872498	133.8569183	72.19647217	121.0427322	87.79756927	78.18965149	64.61592865	45.47224045	43.77799988	77.85342407
Q8CI78	236.4250336	153.958313	185.0280457	256.1981201	204.7711182	248.8921814	163.5948181	184.9616089	137.9914856	193.0215149	163.3523865	132.1676483	128.1492615	226.5381622	266.1687927	236.0661163
Q8CI94	279.9364014	175.9695587	162.0227051	122.439827	825.802002	233.8517303	465.4138184	253.4101868	287.1185913	284.4512024	216.3699188	292.2579346	257.1146545	190.3318787	157.253891	613.975769
Q8CI95	125.4908218	77.68340302	126.4311981	177.2709808	165.5456085	80.23277283	188.2658539	139.7563171	104.4343033	116.0473251	94.21824646	168.5088959	114.6360855	100.2491531	116.5996704	86.91651917
Q8CIB5	523.8544922	735.3410034	471.346344	598.9822998	771.8045044	673.3065186	824.7267456	624.6949463	610.1953735	655.0545044	765.0921631	723.3825073	706.8555908	626.2635498	537.2106934	806.5084229
Q8CIE4	0	0	23.92310333	0	0	0	0	0	0	0	0	0	9.208091736	0	0	0
Q8CIE6	1444.619263	1558.338501	1377.338989	1627.978882	1935.799683	1681.834473	2093.683105	1890.243408	1635.807007	1475.806396	1676.955688	1956.078247	1738.773682	1572.330933	1554.566162	1649.967529
Q8CIF4	309.1290894	406.769043	445.0531921	382.911377	381.2008667	373.6582031	371.6255798	444.2603149	362.8443298	549.8768921	276.7081604	449.9174805	449.0562744	324.7949829	397.5791321	463.5490112
Q8CIF6	96.65222931	91.39282227	24.74323654	101.8517227	102.8943481	105.7217407	100.0158691	131.7269745	73.85557556	51.34551239	58.46091461	83.53317261	105.7590332	161.7280579	51.7389946	0
Q8CIG8	125.7413406	88.74066925	104.0169754	76.74659729	174.8432312	115.5902786	141.8565979	120.5082703	80.40883636	103.6543274	104.4770889	121.5521698	112.5745926	74.23709106	84.59851074	81.03262329
Q8CIH5	54.44833755	0	92.13262939	26.23790932	53.78713226	61.86175156	170.0664825	56.19989777	82.38256073	43.5448494	31.62166595	0	46.07326889	45.60800552	51.61535645	0
Q8CIH9	188.3032227	261.0288086	157.317276	195.1265717	164.5956879	185.7937317	261.5655212	159.8618469	243.82164	207.2590637	243.1681671	168.4633789	268.786499	230.664978	282.8173218	262.7033386
Q8CII2	78.06165314	184.0676575	37.41241837	151.5472717	101.8977814	185.9972229	140.874176	96.25493622	61.26118469	110.240097	48.36721039	76.17311859	106.9761505	126.7622452	176.0780792	0
Q8CIM7	7943.960938	7389.831543	7742.056152	7754.505371	7589.522461	7059.540039	9233.030273	7784.338867	8120.102051	6864.297852	7128.962402	6109.779297	8121.404785	8173.074707	7171.718262	8592.744141
Q8CIN4	182.440094	159.7983398	122.335762	126.1366425	176.004715	140.7925873	341.4324341	128.2217102	133.7207336	125.2234955	215.9854431	104.6531677	189.9692841	104.1822739	142.2252197	165.2611847
Q8CIX8	58.47366714	76.03939819	114.7485733	83.7811203	50.57601547	29.36556625	39.45173264	111.4336548	113.8302917	165.4954376	46.88867569	29.68011093	72.90383148	82.92845917	94.4655838	0
Q8CIZ8	73.44130707	79.13561249	70.62584686	96.64192963	80.603302	89.56832886	114.7039642	95.30513763	108.1177902	107.1470718	112.5925064	92.70848846	67.18696594	85.32646942	99.2742157	0
Q8CJ53	17.6112709	0	37.6161232	94.51654816	34.73212814	0	107.8377838	50.79825974	0	0	0	41.53409195	68.45368195	54.52843094	58.06669235	0
Q8CJG0	42.24943924	180.5906219	35.21108246	34.17147064	118.5933533	63.8693428	71.10443115	49.71266174	84.13414001	81.98509216	88.54564667	102.0865173	68.31522369	96.49359131	130.9065704	174.0944214
Q8JZK9	235.2359314	302.8435059	262.534729	177.0606384	59.89788437	50.67802811	127.442421	106.5250778	72.13579559	36.07242966	74.92084503	157.770813	68.30370331	49.24912262	120.8166275	242.4571075
Q8JZL3	151.797821	122.1844864	125.0321426	190.0740204	152.2174072	150.8569489	102.0584335	120.2192001	121.8063583	118.3091278	216.6980591	157.431427	142.1215363	212.0065308	151.1812439	230.7117615
Q8JZM0	167.3712463	106.290184	174.4549561	126.6748657	333.648468	205.3442993	130.627533	0	102.3974838	112.0580215	79.80580902	76.06646729	107.5417862	132.261795	326.7261047	0
Q8JZM7	92.22821808	43.27932358	60.31763077	52.12518692	74.94848633	84.69590759	94.93383026	84.85836029	105.2468567	59.46175003	114.3264389	98.75331116	62.25759125	57.70225525	88.5169754	112.5042953
Q8JZN5	844.2808838	941.4477539	707.6340332	766.1450806	697.3317871	673.1040039	656.538208	751.7683716	664.7848511	696.5395508	699.4616699	515.4219971	633.7379761	758.1342773	618.8278809	756.7172852
Q8JZN7	188.2067871	193.759201	197.7834015	212.4677124	173.0763245	165.4570618	185.9005432	180.5217438	178.8597717	206.2278137	201.8541718	185.6902008	171.3559418	189.2836151	187.360611	257.1472168
Q8JZQ2	697.2685547	805.8920898	864.578125	802.2192993	617.7773438	726.1339722	528.897583	794.9653931	544.1050415	762.6393433	509.5745239	717.8500366	765.5418091	879.3537598	604.458313	844.1183472
Q8JZQ9	832.7322998	777.4533081	871.5289917	1057.206299	940.2005615	1059.431274	1301.915405	934.9169312	1134.701416	842.5617065	1101.260864	1072.698853	1019.865723	935.2624512	782.9197388	1208.193604
Q8JZR0	3989.141357	3762.038574	3799.425537	3914.675049	5236.102051	2398.446289	3204.335693	2587.241455	2221.538574	2534.294434	3329.88208	2308.567383	2882.39624	2615.207031	3271.784668	3576.460449
Q8JZS0	222.6990204	186.7645874	192.5900574	272.6142578	201.061554	92.11484528	183.4012604	245.6635132	128.5326843	169.3025513	96.44889832	124.5283585	64.6188736	112.3427887	226.0045013	135.9008484
Q8JZS9	38.09965515	43.01396942	63.78473663	94.64644623	75.28421783	39.14178848	65.39212036	72.47532654	82.11959839	15.1792326	96.54187775	66.5030365	100.3301697	69.28007507	14.75158405	0
Q8JZU2	2200.814697	2188.202393	3201.736328	2416.570313	1886.717041	1965.552002	1796.567261	1999.735718	2092.498291	2100.97168	1608.245972	1541.560913	2550.422363	2359.297607	3058.982422	2193.759033
Q8JZV7	135.8712921	237.5012817	222.1340027	128.4595184	314.4982605	147.5557404	351.2955322	151.0689392	130.1908875	145.4452515	118.5945282	184.9117126	89.8213501	189.7680511	183.3830872	109.6453323
Q8JZV9	111.6377029	74.47419739	118.1687317	126.640213	114.9425735	43.47162247	52.24219131	57.26500702	35.83568192	27.32069588	22.04051781	30.54523468	58.07006073	68.18105316	64.91789246	0
Q8JZX4	53.2347641	58.52672577	15.3732729	37.67943954	4.697805405	105.4001389	119.7586594	75.00128174	26.94543266	35.02897263	38.21271896	85.9065094	78.57905579	71.59247589	97.12000275	0
Q8JZY2	72.81551361	154.489502	118.5457001	143.4033356	106.4540329	139.9350586	162.1303711	96.93756866	92.49428558	146.8929749	83.37312317	87.45916748	190.4076843	90.99143219	133.1974182	136.7824097
Q8JZZ0	2664.271973	2618.804932	2160.540283	2674.332031	1898.036621	2260.501465	1841.923706	2786.428955	2724.631836	2429.903076	2835.019531	2378.214844	2266.408447	2510.783203	2418.163086	2893.559814
Q8K003	130.563385	14.45859337	121.1062775	46.67376328	79.06816864	89.86352539	0	54.13690567	0	51.24335098	57.39051056	0	0	50.36339569	0	0
Q8K010	1511.366455	1428.106812	1656.073608	1501.337891	1690.641968	1935.508911	1624.020874	2415.884277	1543.423096	1899.282349	1896.885254	2205.425537	2112.3396	1949.427246	2018.646606	1836.938721
Q8K012	0	0	17.44404411	26.46829414	28.35248184	11.9325695	77.53546906	42.6967926	6.845769882	28.98394012	6.651858807	0	46.4690361	8.743251801	4.377698421	0
Q8K019	32.88077927	21.05797195	16.82975578	31.43634605	14.57287025	15.57560921	26.39573669	33.47232056	93.05545807	0	40.06477737	24.22873688	59.69225311	16.20895958	0	30.94279671
Q8K021	78.09260559	51.39550018	37.60520554	73.75881958	60.88713074	64.38655853	18.88320732	41.74917221	0	38.56604385	67.22542572	0	54.59371185	48.53879547	66.71117401	0
Q8K0C4	298.3547668	257.194458	266.3189392	416.5541382	137.8222504	51.40695953	49.72370529	81.97594452	53.38720322	64.57907104	26.14252663	60.49629593	75.18838501	59.79320908	137.3691406	98.40122223
Q8K0D5	861.9281616	1017.864258	713.7750244	1026.810791	762.3238525	1009.443909	826.0176392	1001.050903	693.069458	904.9758301	871.6825562	697.5635986	935.7486572	887.7353516	845.6919556	888.0175781
Q8K0E8	1407.254028	2126.525635	1316.479126	1348.92688	1880.259155	1765.461548	4260.260742	1697.881104	1372.158569	1800.712402	1710.607544	1938.650757	1738.67981	1400.931152	1479.923706	1541.395874
Q8K0G8	109.5250244	74.83313751	174.1932068	40.95103073	38.68174744	120.5293655	135.5547791	124.7147141	149.6782379	73.74766541	58.71053314	139.3547821	99.95014191	95.19090271	30.24020386	132.963501
Q8K0L2	52.71957397	110.5092773	84.74017334	146.1501617	63.40346527	18.58991623	69.61096954	20.24950409	0	72.29443359	31.1111145	30.77696037	44.30889893	59.79353714	77.16545868	0
Q8K0L9	82.19587708	47.00944138	106.8728485	79.18202972	110.5694046	79.37268066	56.90090179	77.39120483	66.80967712	81.91952515	70.62548828	149.7684326	90.03092194	53.70834732	47.20687103	60.5446434
Q8K0P3	40.49475479	68.2547226	53.92261124	19.80572891	26.05561447	48.38669968	18.74913597	53.05834579	32.25994873	14.83906746	40.98081589	48.51156616	46.75860596	18.79492378	56.44429779	0
Q8K0R6	211.5638885	85.93151855	245.1895905	62.32801437	379.1001282	306.8700867	88.93772888	157.2054291	135.9437408	127.4289322	153.4095001	136.7217865	116.0827255	161.2229156	213.4685516	156.5137177
Q8K0V4	16.00216293	70.56827545	35.86957932	8.055033684	53.42953873	54.27308273	38.8478241	11.57962704	0	82.74562073	0	18.00006485	29.61690712	44.27905655	30.07975388	93.70380402
Q8K0Z7	298.839386	321.960083	428.2468567	302.1754456	279.7945251	230.4067688	177.2635498	218.417572	220.8151398	220.6838684	260.8968811	209.4572754	266.343811	197.7004547	179.3161926	130.8936157
Q8K124	12.82510376	7.824468613	24.15925598	8.090021133	17.70934677	3.429435968	37.06325531	65.68389893	8.658488274	0	18.07288742	20.97001076	0	7.010372639	9.196673393	0
Q8K157	3105.727051	2722.240479	3304.181641	3339.640869	3160.838135	3372.537598	2702.894287	3228.38623	3184.230469	3396.884277	2996.817871	3200.839111	3078.792725	2685.620361	3586.71582	2145.601563
Q8K182	183.1218262	133.7805481	119.0334473	79.14086151	148.1983032	79.43683624	117.4283905	201.0139465	126.7990112	163.8428345	99.60942841	134.821701	220.8136597	101.5748901	134.7460785	135.0972748
Q8K183	889.6928101	924.5653687	1140.7948	1061.938477	769.0657959	938.5744629	822.397644	741.3601685	909.2055054	1089.723145	773.8873901	963.6818237	928.3088379	777.5665894	918.8463135	1186.755615
Q8K1A6	28.63731003	229.4906921	494.3755493	0	150.8500977	294.7572632	196.5812531	0	164.7600098	125.6748199	183.7240448	163.6924286	224.5694122	354.7331543	304.9384766	0
Q8K1B8	106.318573	56.98992157	59.23251724	51.54483032	135.0710602	109.7704239	426.7137756	186.7184601	178.8187561	86.02477264	81.42028809	188.4510193	76.5514679	103.7594299	135.7440948	51.38636398
Q8K1E0	82.9484787	123.2003174	96.75570679	67.25907898	127.8582077	56.9151535	187.1760864	120.3364792	121.8799667	120.1604385	87.59197998	95.99368286	138.3253784	151.4516144	83.53614807	226.3356781
Q8K1E6	57.08649063	41.43321609	0	0	71.79787445	124.9957199	129.4949188	65.57157135	120.4572372	32.76532364	57.7881012	126.9750519	161.4459686	83.57565308	0	0
Q8K1H1	59.16464615	57.46715546	75.49539185	17.26446533	69.32875061	40.87797546	68.18221283	0	22.10683632	30.67083359	43.00967789	45.05358887	46.44895935	28.58540344	55.85399628	0
Q8K1J6	62.89022827	125.9245377	118.3767548	112.3904724	121.5946655	79.12765503	115.2717056	99.39250946	135.0197296	111.5776901	129.1834412	107.0036316	111.2349472	90.01708221	108.0908508	147.7057343
Q8K1L5	12.04512787	38.94743347	78.14755249	77.28897095	77.48190308	0	17.26981926	0	0	111.2106171	143.8722992	0	76.6991272	33.60073853	8.890075684	0
Q8K1M6	357.7932129	385.4070435	360.2941589	502.1246033	330.7104797	350.2409058	451.7986755	326.6703186	296.8699036	394.6541138	371.7352295	319.3495483	330.4743652	332.3752441	362.1637573	662.7449341
Q8K1N1	238.2624054	111.1137695	273.2783203	322.6326294	206.5174255	179.5131378	331.2480774	252.4250793	123.254982	127.7083359	307.1516724	282.7920227	304.5108948	150.1599426	324.9167786	413.3458862
Q8K1N2	39.27038574	28.91228485	23.75187302	74.41654205	63.59040451	27.91138077	82.54537964	69.16925049	31.33191872	47.72785568	60.24124527	32.45602417	7.712968349	55.29011154	23.84572411	0
Q8K1R3	218.3717041	253.1676941	242.4668274	293.8995972	195.1225739	318.5942688	145.4301758	233.1988525	288.7348938	251.3665161	194.2854309	175.4259491	196.1904449	237.8466644	207.8918304	297.9379883
Q8K1R7	80.60069275	56.2361908	122.0370178	58.53913116	142.6239624	87.82194519	167.1957092	72.71160126	81.74901581	115.2707901	53.30277252	58.32876968	143.2412567	71.50085449	71.9495163	193.9752808
Q8K1X1	81.28223419	63.39663315	55.82361984	46.65475845	40.94800186	149.9016266	72.80969238	64.59182739	61.82905197	67.41285706	57.44084167	51.67063904	3.955347061	55.75413895	36.78056717	302.1011047
Q8K1Y2	0	144.4241791	51.94600677	41.59673309	102.2673721	62.08437347	0	0	84.42355347	124.1194611	133.7115936	84.48183441	0	0	0	496.024231
Q8K1Z0	1877.268188	2689.365479	2071.051758	2038.972778	1213.10791	1119.843628	780.6265869	916.0331421	1224.354248	1630.345947	1738.944336	1078.971558	1319.977539	1795.664551	1062.56311	1368.200806
Q8K211	633.859436	796.7055054	332.8442383	370.3653564	346.9739685	161.5142822	520.769104	233.514389	389.9889526	454.4605103	459.9768677	365.2286682	263.4830322	326.493988	288.7766418	307.673645
Q8K215	268.0636597	217.9707031	208.2646027	207.3138885	224.3263397	187.4468079	283.127594	179.3643646	172.2487335	216.5929413	197.6291809	98.25547028	250.5140533	351.8558044	169.2705841	169.1528473
Q8K224	28.78175926	48.91533279	59.92459488	103.2757034	107.6247559	117.4617691	102.8502579	129.5622711	68.22637177	113.7120972	58.82258606	56.34916306	65.90942383	76.45581818	47.61701965	0
Q8K245	0	0	0	0	0	0	0	0	30.56130219	0	23.43255234	0	20.22168732	0	0	0
Q8K268	99.26457214	116.3804321	131.5046539	92.00899506	107.3859711	156.4168091	128.321701	141.6655884	106.3116531	115.6373901	130.272583	144.5926819	130.9956207	107.28405	92.80165863	189.9129181
Q8K273	0	127.3129883	62.52120209	63.55142593	71.11173248	106.4534073	85.1638031	51.32225418	72.07348633	54.36919785	169.7357178	28.58073616	92.43412781	68.17700958	93.09803772	0
Q8K274	208.9406281	254.391571	238.9608765	286.8761292	132.0363312	115.4012299	345.9778137	166.9972382	277.5658569	279.9311829	283.3722534	286.2763062	189.9703217	182.0584259	107.6872559	421.5961609
Q8K297	165.737915	202.260437	226.4006195	230.4237518	440.3706055	239.2298431	604.4050903	336.7304077	132.2940369	210.4485016	195.140152	259.85495	227.8067169	305.443512	236.8228302	496.2532959
Q8K2A7	25.48644257	23.18439102	26.18597603	18.9020443	34.48158264	8.425114632	36.84212494	19.87074852	24.8617115	25.96981239	20.89456177	33.56206512	44.96999359	27.70288658	20.2525959	0
Q8K2B3	7882.810059	7633.971191	7422.774414	6943.216309	4699.138184	4924.526855	4068.200439	4403.715332	5849.894531	5699.416992	5641.666504	4437.415527	6058.702637	5979.663574	6285.325195	6436.993164
Q8K2C6	253.5688934	269.1470032	171.4715881	288.0296631	186.9281158	163.0719147	150.3819733	182.310791	161.9371948	202.6079102	219.0749207	178.0940094	170.5187073	152.8547516	204.0556793	272.4741516
Q8K2C7	62.83218765	152.3115845	130.3418274	110.6103287	128.1483154	120.2701645	98.94249725	70.84885406	96.7203598	54.68850327	105.1661453	149.0495148	163.2559357	144.0927124	100.2369003	96.7300415
Q8K2C8	147.9103394	62.16267014	80.01828766	101.0851898	141.2820129	195.5647278	76.18860626	163.6091156	114.1896133	97.88222504	78.3309021	95.6909256	207.0778046	161.6041412	129.4276886	113.1500015
Q8K2C9	1049.262451	1200.151245	1163.05188	1071.377075	1442.555664	1093.549194	1133.860229	1385.10498	1175.3479	1264.335205	1151.572388	1208.193481	1112.832397	1196.505981	1083.886108	1004.608948
Q8K2F8	37.53390503	0	0	27.08622169	28.47459412	10.13973522	53.07105255	0	41.72184753	52.85599518	23.90762711	0	29.15062904	0	39.56645966	0
Q8K2H2	82.15262604	67.04277802	63.97327805	0	29.44368744	24.86785126	100.5274582	89.2894516	48.95620346	76.47250366	24.61439896	103.2110367	61.60338211	60.76067734	65.59735107	0
Q8K2I3	112.1993713	62.15688324	121.9076843	79.72200775	98.8812027	73.58356476	135.9043427	82.86976624	94.26454163	111.7776947	71.85896301	113.8040619	83.90483093	81.17806244	60.9854393	108.5043793
Q8K2I4	166.5370483	210.0434113	127.7719345	217.1248932	150.3422089	230.8065643	256.641449	367.8111572	233.1904449	281.6859741	336.7374878	265.9170532	220.020813	329.0623169	207.7566681	235.6027069
Q8K2K6	167.7145996	257.8790283	85.39416504	215.5812683	97.47536469	271.4209595	180.7546234	233.6604614	195.0783997	144.0816803	199.0959473	157.2921143	328.8512573	166.2245941	83.2751236	169.5447388
Q8K2L8	91.41399384	70.39728546	66.86618042	82.03936768	64.56455231	45.79624939	41.59208298	65.47914124	67.46308136	81.55166626	67.60783386	72.81745911	67.17782593	81.12810516	70.29811859	153.9736328
Q8K2M0	235.0630951	306.4426575	144.6772461	293.8179626	141.2683563	260.6385803	149.3077393	220.1819153	163.3299713	180.3755951	199.1516724	307.413147	209.7676086	205.4645844	187.8383942	431.9786377
Q8K2P1	24.61720848	0	54.80715561	57.70816803	38.13280487	115.0315323	47.64395142	109.2848969	0	36.24738693	0	0	121.91745	65.51676178	62.25274658	0
Q8K2P2	0	0	0	0	0	0	61.99304199	0	0	0	4.979840279	0	0	20.69141769	0	0
Q8K2Q0	55.42248154	111.8660583	85.08172607	56.77219009	100.8030701	93.71340179	87.28757477	72.18928528	77.93997955	70.75378418	92.37623596	62.65934372	49.07859802	67.51846313	80.20912933	67.83296204
Q8K2Q7	101.0205078	79.14465332	41.68024063	115.55336	123.8620834	87.7902832	83.56312561	159.5250244	132.8610687	80.72064209	36.2999115	121.4110031	57.0349884	92.27412415	105.048378	179.328186
Q8K2Q9	62.33156204	62.79032135	83.41336823	74.66053009	108.6848984	63.28195572	102.0950546	103.263855	96.81504059	38.41972351	85.01430511	64.18527985	68.96984863	85.96635437	66.74649811	98.97994232
Q8K2T1	160.7934113	253.860733	202.15625	220.3736572	166.8182526	254.9966431	250.6688385	205.4127808	175.7276611	259.958313	361.7694092	375.6763916	155.9326172	255.9230042	356.5231934	407.8992004
Q8K2T4	69.75765228	39.1004982	38.14994049	61.37511063	52.0603714	187.1638794	34.23828888	0	41.16023254	22.17951393	54.49702835	54.7957077	71.42419434	47.98227692	19.22300529	80.03277588
Q8K2T8	26.69246483	24.78286743	12.65158463	71.14788055	58.09893417	41.0940361	73.87834167	45.60683823	82.48023987	50.03232574	70.51171875	61.30741501	23.7806282	28.46765709	50.16703796	0
Q8K2V1	58.87905884	26.22616768	73.3221817	45.96727371	31.19852448	27.92767906	154.1990509	73.48912811	0	27.97476959	74.35923767	50.3270607	47.935009	49.07419586	69.88788605	226.4560852
Q8K2V6	0	0	17.41462326	0	73.61979675	0	0	0	0	0	51.93910599	0	0	6.072241306	0	0
Q8K2Y7	297.6408997	409.4997864	406.8192749	254.504776	169.8639374	236.0115051	233.700882	156.9339905	218.7479858	162.584198	233.5920258	299.4451294	196.4347534	198.1596832	200.3369904	548.7513428
Q8K310	573.8277588	494.330658	542.8392944	519.4580688	583.3987427	576.6686401	830.6782227	388.9916382	450.861084	491.4645996	485.8141785	482.8406067	620.2515869	478.3858337	516.3145142	762.2468262
Q8K327	0	0	11.88034058	43.06204605	16.99832535	17.93394852	73.35649872	52.1523819	0	66.34539795	0	50.4240303	7.27283287	15.116992	27.83704567	0
Q8K337	62.01768494	0	29.18256187	76.37142181	0	109.7638168	135.9175873	0	56.92864609	0	61.37844086	74.84532166	73.3605423	55.07057571	70.37757111	0
Q8K354	150.9691772	238.5112305	117.8842773	247.6958923	829.7937622	277.8435059	856.3096313	1597.47998	308.5787048	272.6613464	820.1867676	512.6569824	575.3837891	504.0336609	950.9277344	673.795105
Q8K363	24.29711342	0	34.5494957	42.91670227	65.80825806	45.04376984	87.8565979	13.74513721	55.49898911	72.76648712	51.71928787	53.2635498	49.49134827	32.32997131	62.02090454	0
Q8K370	1339.599365	1465.141602	1426.353027	1668.849731	1047.72937	1283.333374	1151.066528	1129.202271	1189.863403	1300.36792	1425.741333	1406.731812	1228.008911	1566.038696	1400.859009	1624.914673
Q8K385	189.6290436	131.228775	105.852005	82.7950058	55.76462173	113.9190598	189.5619202	123.2953949	180.3225555	97.51019287	83.85081482	192.4002075	252.3045959	120.0281143	132.8444519	173.2673035
Q8K3C3	53.76210022	69.10020447	42.28170013	113.0228348	148.2567749	48.46207809	46.17922592	102.0569458	37.5152359	86.40198517	85.60467529	91.82019043	77.1966629	72.41619873	76.18173981	0
Q8K3G5	107.4682846	111.0777359	77.22367859	41.29944992	97.75113678	105.9880981	188.3394775	59.69943619	70.56104279	113.3308029	154.6147461	71.35915375	157.0783234	54.11506271	22.99925232	51.58869171
Q8K3H0	107.6971817	49.59391403	41.92089462	56.18206406	78.20883179	41.03378296	83.37651825	62.13629913	26.92318535	86.04052734	18.24442101	77.21281433	61.00930405	43.08150864	38.45230865	50.45313263
Q8K3J1	2842.884033	2828.42749	3103.400146	2559.056396	2442.772949	2281.556885	1688.950684	1946.67749	2370.233398	2175.69165	2500.860596	2125.036133	1987.244995	2269.983887	2238.725098	2475.444092
Q8K3K7	553.3532715	654.5055542	483.5969543	529.2883911	696.9005127	728.2888794	689.8782959	731.0015259	931.6463623	602.5056763	747.7122192	599.7990112	667.8388062	679.3428955	637.7937622	668.0783691
Q8K3K8	117.3988953	112.1480026	85.44860077	154.2930298	119.0130615	131.4901276	159.2706299	199.984436	148.4953003	127.4239273	140.4943695	262.9915161	106.5904694	101.6725082	173.4674683	252.194397
Q8K3W0	172.2673645	184.9658813	159.375824	156.4069061	244.2322235	276.1297607	314.8036804	221.9250488	153.3920288	145.9673615	105.3921356	179.2301941	219.4446106	184.4261932	203.8060455	278.625946
Q8K411	344.6956787	485.8486023	343.4006042	376.6430054	293.2594299	418.128418	363.1484375	316.8410645	337.7798767	324.0515747	449.138031	318.6791687	369.9417114	391.1601257	375.4605408	399.4249878
Q8K440	86.27351379	163.2223053	60.69345474	91.24147797	142.8931274	182.5215607	102.3160477	79.06019592	141.8304443	140.3093109	108.265358	158.5121002	109.6735153	139.8869476	109.5631714	104.5920334
Q8K441	164.4241486	182.8937073	121.0783005	190.5025482	184.8049927	116.3386078	102.9549866	145.9846191	164.701889	126.4710007	144.1671753	167.7066345	140.4006805	172.6338043	161.4588776	254.0506592
Q8K449	225.1487427	177.6738739	80.09406281	223.9188232	245.5059357	93.76383972	279.9638672	79.64338684	182.2263336	92.53882599	191.4847107	158.5792389	293.8519592	197.4725189	238.9844666	170.6280975
Q8K4F5	497.352478	802.4428711	662.4628296	813.6383057	521.9591064	599.0459595	439.9653625	517.7977295	628.9193726	456.9889221	598.0055542	726.0314941	606.6482544	492.4985657	561.9041748	684.6759033
Q8K4G5	0	63.4818306	36.97675705	67.15568542	111.0091095	40.34373093	46.35895157	17.3339653	11.31921768	40.11514664	36.21126556	0	95.59734344	89.08370972	81.46118164	0
Q8K4H1	398.8807983	604.9078979	413.4720154	395.2319031	253.0841522	327.1216431	252.6977997	195.1421967	321.1544495	245.274353	488.8353271	319.1831665	229.445694	386.3894958	263.7845764	553.857605
Q8K4K6	166.0610657	29.82950211	140.040802	166.895813	68.92391968	66.15515137	141.7266235	131.6123047	105.282074	63.47121048	106.2434769	75.43276978	69.09056091	49.44142914	91.56435394	271.2469482
Q8K4L3	40.07422638	71.13247681	41.30932236	155.122757	137.672699	93.98296356	53.56701279	83.04036713	52.41386032	116.1142502	31.25490189	34.77013779	51.49146271	65.52809143	100.5143967	0
Q8K4M5	24.29906845	37.98905945	15.85151386	38.85827637	52.68315506	186.1780853	28.19727898	73.8150177	86.50510406	61.04293823	74.51849365	60.36923981	32.84566498	18.23402023	92.13708496	0
Q8K4Q0	44.53742599	66.72844696	71.5918045	31.30074501	108.3388138	57.38723373	58.19652176	106.7319946	53.54108429	96.58937073	44.4125061	93.82157135	97.6191864	48.71867752	50.08158875	0
Q8K4R4	34.86976624	27.61786079	11.98290157	12.01224804	42.57227707	59.36251831	11.88491726	26.86152458	81.18862915	79.10430145	3.515128613	0	0	0	0	141.56633
Q8K4Z3	2115.192383	2821.929443	2500.989014	3119.690674	1553.326904	2216.563721	1845.584961	1933.131592	765.4458618	1821.431274	1386.458374	1957.454102	2067.378174	1878.626099	1851.002075	1898.65564
Q8K4Z5	215.7622833	216.7092285	223.6775818	205.8089752	188.9335938	314.0382385	343.5788269	323.228363	241.2583466	271.3564453	273.9316711	302.4872131	278.745575	233.2909698	171.8273926	254.856781
Q8K5B2	554.171936	494.9887695	481.3530273	645.4332275	689.4275513	847.6976929	524.5701904	771.0610352	863.182251	705.222168	606.5713501	705.3729248	662.8321533	662.8071899	759.4840698	521.6830444
Q8N7N5	258.9723206	270.7466125	370.0158386	313.5741882	273.1244812	328.5861206	508.4440308	495.824585	326.4240417	370.4333801	518.1629028	406.6656189	461.9999695	427.7558289	444.3739929	423.0732117
Q8QZR1	255.7521973	389.2653503	303.735199	259.7880554	431.3102417	313.4370728	110.3134842	413.9076233	304.1803589	418.7909546	319.0175781	440.0681458	499.3479919	329.5420532	253.1950684	366.4524841
Q8QZR3	13229.62012	12135.69629	14215.14941	15039.4541	13582.20703	10949.11719	7763.893066	13447.35059	11079.76855	13192.03906	12960.78516	10502.80859	13202.88574	14513.55078	11377.41504	14178.83301
Q8QZR5	3932.062988	5479.159668	6113.958008	5322.902832	4670.328125	3781.530273	3276.976563	3253.05957	3437.560547	3756.876221	3937.969482	3557.74292	3888.039307	4766.092285	3376.919434	4652.719727
Q8QZS1	3170.739014	2353.372559	3409.149902	2944.679199	2003.129883	2527.13916	1774.467651	2468.200928	2117.885498	2747.074219	1972.713257	2317.715576	2530.385498	2816.263916	3184.501221	2528.666016
Q8QZT1	13189.96582	11752.8252	10218.11523	12397.23242	10166.81152	9960.152344	11337.1123	11605.69336	11750.87207	11382.17871	12550.77344	11776.60254	11315.125	13380.48047	11711.55762	15132.05273
Q8QZY1	507.2669067	485.9619446	410.9182739	430.7966003	507.7831421	531.0081787	589.8150635	562.5026855	482.8473511	449.0845032	479.4064941	467.2566223	481.0985718	469.2197876	519.8326416	520.4842529
Q8QZY2	1230.769531	1456.201904	1093.785889	1106.964355	867.1697388	1219.505737	676.6973267	862.3646851	962.6112061	1026.262695	1017.19873	1154.714966	802.574646	765.7648926	1161.857422	1504.323975
Q8QZY9	206.125412	198.092926	167.7830658	210.1578979	209.8164368	215.9590149	312.90271	102.4189682	92.59472656	140.7614594	134.452179	150.6047974	151.5556335	237.1004028	181.7087555	554.6862183
Q8QZZ7	225.4933167	174.5334015	106.2636719	360.2715454	247.7114716	62.848423	485.2949524	173.2178192	229.2368011	464.4349976	230.6920319	283.5033264	297.1438599	267.8943176	253.2106323	64.08404541
Q8R001	10.55125046	49.43700027	40.35939407	38.44500732	33.78409576	27.08835793	0	32.81179428	0	0	0	35.6216774	0	0	12.43439293	0
Q8R010	187.6894836	257.8207092	225.9557648	174.9241333	288.4936829	215.7711029	378.6129456	296.556366	290.6960449	369.8005066	223.8023071	272.3935547	295.9954529	271.2045898	237.2311554	299.2928772
Q8R016	908.0864868	588.4713135	966.0696411	970.8970337	1041.265259	789.7971802	901.6339722	637.289978	893.7501831	1015.613586	812.0236206	1172.367188	1019.476135	906.7971802	820.1549072	1531.286377
Q8R035	164.9498596	262.0677185	211.9526215	165.2655334	137.6247711	146.1268463	155.7552185	81.80754852	154.5014648	134.3358002	179.9020844	190.9953766	181.5057373	257.6727295	266.0266113	216.418045
Q8R050	265.3851624	269.673645	309.0400085	379.8195801	344.0896606	334.5616455	311.5851746	333.6339111	341.4852295	314.0765991	384.8974609	334.3059692	249.805954	364.1522522	299.6179504	299.0516357
Q8R059	327.0125732	300.5717468	327.7172546	372.6018372	462.2161255	210.4648438	276.56427	205.2665253	147.289032	153.1984406	201.8227234	256.5482483	162.8028717	149.170578	251.5808105	257.1133423
Q8R081	633.746521	1007.083069	882.1932373	648.1897583	1006.062378	762.093811	1112.674072	887.5372925	717.0731812	814.9283447	752.307251	823.9868164	681.0733032	887.8594971	820.1898193	814.4577637
Q8R086	3250.201172	3717.998047	3091.380127	3952.180176	1781.48291	3027.349854	1795.734375	2388.649902	2517.030029	2630.881836	2734.950684	2509.457764	3056.571533	2905.895508	3001.020264	2205.601318
Q8R0F8	1040.002686	1467.031982	985.3504028	937.1802368	721.4615479	721.5889893	515.1235962	611.3479004	741.828064	741.2415771	500.513916	638.956604	870.114563	735.8258057	681.6118164	1604.951416
Q8R0F9	2067.501221	2625.345215	1946.375854	1682.076172	2119.342285	1783.386353	1692.982788	1849.160522	1926.279541	1859.609253	1717.671387	1865.820923	2143.237061	1946.37207	2381.615234	2971.130371
Q8R0G9	338.0579529	301.6488647	316.7772827	543.8825684	402.7668152	362.8373718	317.1567993	391.3822937	510.6527405	413.4530945	245.8707123	277.9653931	376.2185059	193.3400879	193.7083893	766.2998657
Q8R0H9	112.3541565	80.43455505	39.28485489	104.2316895	103.8217773	141.0325623	201.6209106	109.0174103	168.5620422	97.5412674	114.5961227	163.5886078	129.6730499	99.78849792	130.690979	0
Q8R0J7	24.08265686	52.40612793	69.75217438	32.80196381	0	0	111.2133102	0	32.81842041	53.69723892	54.15725708	38.44540405	44.12120056	71.08849335	18.80026245	0
Q8R0J8	266.490509	282.6770325	344.4127502	250.1841125	193.5948792	222.8054657	324.2609863	337.4022522	228.7257843	195.9838867	116.971405	229.1299133	332.0600586	305.0974121	265.9649658	352.7871704
Q8R0N6	2088.267578	1929.513794	1870.728394	2168.52124	1201.008667	1625.350464	1109.92749	1350.833618	1276.777954	1365.505249	1417.676392	1544.550537	1427.206055	1703.923706	1504.381104	1913.171387
Q8R0S2	31.087677	0	47.28415298	31.15593147	46.77555084	25.39162254	47.47327805	85.20288086	0	85.65671539	8.104755402	74.00534058	32.18863297	36.70104218	32.84719849	0
Q8R0V5	868.6481934	896.7972412	871.2816772	688.9146118	485.0325317	513.2407837	367.4008789	505.4684753	728.779541	524.5009766	772.4902954	618.1659546	553.0872192	606.4358521	554.187561	773.272644
Q8R0W0	1166.581665	1042.854248	1315.446289	1271.883789	2349.218994	1135.429688	2130.174805	1544.881348	1135.271484	1363.917603	1529.63501	1034.177856	1239.415527	1464.144287	1447.152832	1029.528076
Q8R0X7	1641.281372	1463.207397	1620.828735	1908.979858	2378.418213	2147.316406	3647.438232	2424.192871	2433.936523	1537.466309	1985.18103	2117.7146	1302.313599	1707.477661	1836.748291	2142.250488
Q8R0Y6	43646.28516	39865.14453	43362.73438	40774.21094	20333.07227	17175.5625	15516.4209	15744.63477	21131.5957	20336.66992	20114.56641	16618.00586	17778.00195	21848.7832	24454.70898	24660.44727
Q8R0Y8	603.6589966	525.6677246	304.7491455	581.3076172	377.1824951	681.2024536	479.7875671	538.2645874	545.6547241	570.055481	610.1860352	621.8930664	530.7618408	670.4654541	641.8007813	586.6583862
Q8R104	293.6000061	215.0642395	184.1320343	320.655365	143.2037811	220.6076965	135.4042358	181.2672882	184.9472198	168.8985748	135.7641296	143.5434265	221.9502716	258.0704956	164.8593445	265.2839661
Q8R121	67.80656433	107.6054916	69.23773956	58.81790924	187.9069214	100.5312195	252.2049408	195.5001221	120.5955505	72.61393738	117.9306107	75.04647064	119.2027359	124.9824829	84.27846527	58.46856308
Q8R123	153.3192444	145.8624268	143.2584534	130.1203918	87.27533722	138.4447784	110.7970581	143.5668793	124.7908249	149.6505585	111.0551224	141.2990723	99.00214386	143.0816803	165.6495361	113.5066605
Q8R146	674.6878662	750.0144653	765.1131592	535.6550293	637.3641357	654.2938232	600.517395	607.2196045	596.0777588	604.0231323	561.9208374	561.8061523	628.4805298	597.6741943	594.9411011	651.802002
Q8R151	38.62039948	45.8885994	30.48556519	37.61903	48.51489639	47.31484604	98.53443909	28.86915779	26.75511742	81.52032471	61.14522171	44.45556641	70.20689392	61.59164429	71.22593689	75.35839081
Q8R164	10367.93359	11044.87891	9209.856445	10598.55566	6159.653809	8755.076172	6467.010254	7400.418945	9769.674805	8047.154297	9591.131836	6697.32959	7694.692871	7843.290039	8284.836914	9558.026367
Q8R180	124.5732193	141.0757599	209.1785736	160.1815491	261.8909302	155.1727905	296.8741455	157.3491974	111.8667221	170.7021332	177.639328	192.1689758	186.1652069	177.5584869	164.8843842	80.38198853
Q8R1A4	39.4607048	61.97242737	48.94664764	59.39879608	22.89464951	66.81548309	71.88339233	52.64223099	18.42027855	29.01855469	19.11260223	36.98986053	34.3120575	22.63632965	12.39496899	0
Q8R1B4	697.713623	791.5542603	633.5873413	818.4732056	772.2067261	888.9129028	995.8453979	877.8284302	777.1863403	688.677124	919.4928589	736.9155273	678.0552979	738.0081177	792.2188721	1003.698181
Q8R1F1	42.34677505	70.67893219	73.27196503	32.52968597	89.07537842	71.68375397	194.1390076	70.3819046	32.48381805	41.35055923	29.83482361	83.82028961	43.63621521	31.33260918	94.85401917	76.95392609
Q8R1G2	3101.405029	2512.830322	2901.507324	2735.163818	2606.054688	2221.828125	2274.914551	2454.592041	2976.776123	2505.980713	2774.697754	2308.460449	2956.046143	2549.960449	2964.605225	3790.137451
Q8R1I1	3415.12915	3144.891113	2770.306885	3710.380859	2171.520508	2747.098633	2364.466797	2140.89502	1879.935547	2286.592041	1756.508789	1990.353394	2627.952393	3258.921143	1733.143921	2197.098389
Q8R1J9	54.04027176	34.12626648	118.081131	68.42001343	156.2187347	165.1589508	272.5903931	54.49148178	57.05647278	52.24934006	141.0933075	89.39167023	0	64.75920868	54.54989624	0
Q8R1K1	0	0	0	56.31880188	50.53485489	49.43175507	29.78092384	0	123.1281052	59.26128006	107.4161682	0	49.50214386	32.23888016	88.16178894	0
Q8R1Q8	189.9086456	172.2242584	173.3201294	117.4971848	266.5020447	195.0163269	314.1972046	231.4020386	176.3615265	142.4466095	192.5471954	163.1486359	196.5348053	170.5154419	216.5677948	261.5186157
Q8R1Q9	113.9445877	136.0932159	115.9781342	160.2875671	137.7262726	94.86935425	114.886322	64.50466919	128.1983948	170.2657776	48.88128662	79.89361572	158.4758911	157.7975616	75.4491806	176.7337036
Q8R1S0	821.333313	808.3118896	476.3773499	470.0718994	311.1087036	678.2402344	567.9463501	600.8170166	609.0968628	533.5239868	725.4507446	545.2338257	529.2681885	703.4074707	490.2900085	424.9366455
Q8R1S4	72.94403839	74.297966	81.86871338	56.36525726	77.71308136	88.16327667	22.6654892	340.2731934	92.59825897	98.9716568	93.2972641	77.72039032	83.48126221	131.6845703	72.58355713	0
Q8R1S9	292.5683289	167.4170837	364.8446655	361.2400513	445.8712463	253.8708038	40.50712585	149.6269531	235.6446991	106.7603073	188.9477081	194.1204224	223.2476654	274.0508118	236.2967529	0
Q8R1T4	247.6973267	98.69417572	226.7141418	281.9879456	295.9121704	168.9072418	222.5505524	198.9344788	277.13974	240.9033508	131.9946594	525.0274658	309.6384277	253.6408691	206.2795105	229.9100037
Q8R1U1	39.912117	38.55205917	15.87094212	71.13143921	38.78032303	45.0864563	113.4284973	15.31563187	29.34055138	5.485186577	0	79.00771332	35.25656128	20.62199974	31.38225365	115.7858047
Q8R1V4	282.202179	309.1153259	283.4361572	372.1568909	338.6724548	315.0608215	422.1156616	435.1967773	230.9918518	321.483551	278.1047668	216.3627472	315.6282349	373.4000854	360.8266296	150.3470764
Q8R1X6	13.30277348	34.52080917	90.3061676	40.13117218	46.55065918	103.8826675	30.6482048	88.67616272	28.18783569	113.2354355	35.74034119	66.77980804	72.07363892	35.99055862	34.54671478	31.82121468
Q8R1Z9	0	109.89151	211.9262695	229.4999847	87.05283356	173.2107697	215.4814301	121.6177673	0	78.47090149	134.8762207	78.55905151	41.70651627	74.35047913	117.941864	312.0107422
Q8R238	79.71685791	112.3132706	106.2686462	90.71317291	197.9099426	89.62753296	77.11721802	68.65361023	61.9096489	117.5533447	72.8502655	71.90896606	88.43806458	95.34298706	132.8664856	81.67586517
Q8R242	105.8844299	168.1738892	58.4655838	108.8602371	126.187149	39.08323669	130.9940643	85.12012482	67.08825684	161.6455688	73.10448456	123.4259109	124.7874985	34.25970459	97.77199554	72.19316864
Q8R2E9	96.10054016	189.6041718	181.4102325	184.8494263	197.2824554	267.0354004	214.1163025	331.3186646	254.6885681	201.7145538	148.9716187	277.3836365	212.4906006	195.6514587	231.8582306	545.5698242
Q8R2H9	0	0	4.300122261	42.74363708	89.85343933	218.8529816	31.64610481	122.4563293	0	168.6750031	31.5136776	44.03515244	201.388916	21.20297432	147.7393646	175.6637878
Q8R2K1	424.9858704	287.0281677	294.837677	270.1674805	517.7924194	207.1956787	475.0342407	440.7254333	353.5066833	352.9647522	382.2261963	320.7824097	508.9405212	364.4425049	346.1034546	353.5340271
Q8R2L5	132.1083679	78.94799042	124.8865356	53.22424698	32.41640091	86.65029144	55.25903702	40.71518326	145.6977386	0	29.13186073	63.80378723	34.84893036	0	59.13987732	0
Q8R2Q4	128.4334412	211.2728424	121.488121	208.54953	84.84584808	147.6058044	93.21352386	129.6687164	127.8373413	121.3796921	133.5326233	106.5765076	147.3550873	150.5114899	124.9454422	107.3566055
Q8R2Q8	45.08183289	46.94855118	45.39923096	65.5860672	375.1618042	52.93672943	124.2006073	403.2108765	9.559597969	29.18303299	282.1315002	265.380188	129.5929565	107.6831818	22.011343	27.12840652
Q8R2S8	0	37.42296219	0	0	0	0	131.2227631	21.99847031	0	0	0	0	0	0	0	0
Q8R2T8	35.4890976	0	0	41.4076767	15.72557831	0	62.48606491	46.24972153	22.20138741	0	27.57289696	26.1769371	0	0	16.04361916	0
Q8R2U0	68.7713089	41.67579269	109.5451813	71.41726685	105.6920547	88.90544891	109.7193527	107.8878326	91.47186279	78.89634705	135.1027832	56.40306091	70.81189728	102.5727234	121.0951157	0
Q8R2U4	30.83411407	87.87888336	56.60523224	31.59049416	31.26556396	54.12566376	73.110466	33.64504242	50.259552	75.99674988	100.1488953	40.83694077	0	123.031189	74.66645813	0
Q8R2U6	79.8290863	133.7615509	108.1580429	142.7218628	156.7670898	99.9974823	159.2016602	106.2163162	162.5316315	74.09953308	163.0371704	163.5098419	45.11375046	100.5806885	56.0051384	111.7945633
Q8R2V5	89.65572357	97.96796417	122.7193451	83.63581848	58.38330841	47.39474869	115.2164383	112.0166473	147.5326385	72.45040131	91.10413361	120.0034332	78.97349548	90.78596497	79.6721344	1122.645874
Q8R2Y0	107.9157333	147.2443085	149.9365997	163.6041412	182.2264862	219.1982727	193.7042084	191.5266418	199.3756409	143.952301	130.82901	212.4346924	247.5388947	217.1996002	131.1788635	302.1265564
Q8R2Y2	42.44503403	15.61518574	29.83794785	38.23440552	72.65177917	47.29362106	77.19930267	60.58152771	62.06193924	26.19752502	43.14719391	16.73022842	43.92403412	44.76929855	61.57387543	0
Q8R2Y8	741.7803345	819.8639526	750.3643799	737.9103394	769.6946411	648.8779907	772.7435913	591.5789185	587.9262695	670.7507324	758.9050293	625.8660889	605.3704834	922.314209	734.0896606	891.8164673
Q8R307	67.65228271	48.13301849	47.75193405	95.55565643	42.5027504	91.03192902	89.23090363	63.84804535	51.45723724	73.39582062	80.58921051	75.47280884	111.7422867	70.74867249	91.26233673	69.76437378
Q8R317	217.149826	244.72995	202.0775909	212.7182007	249.0089569	281.0547791	329.8579712	166.2451935	222.0011597	255.3108978	298.4325562	202.3323975	293.0822144	298.2157898	254.0736694	388.1978149
Q8R326	127.4715271	55.18070602	198.3770447	63.25417328	139.7950897	224.3805084	304.4408264	65.80702972	31.47954178	54.2690773	117.1874847	129.719986	270.9164734	50.54352951	114.9243851	0
Q8R332	0	133.8463287	152.6618805	60.34859085	64.59076691	68.52861023	80.69999695	69.3586731	47.62181854	105.5246124	0	74.88745117	39.26134109	33.88241959	33.91053391	36.51226044
Q8R395	50.27013016	21.73249435	32.00510788	63.14678955	59.40740585	92.21988678	74.09021759	48.90912628	57.16284561	58.7341156	78.17256927	65.9134903	107.7119293	70.63695526	46.70259094	179.0678406
Q8R3C0	13.7156744	43.04563522	0	44.56545258	8.29355526	0	0	3.933253527	0	0	16.02104378	36.24179459	0	6.44083786	0	0
Q8R3C6	76.30317688	258.4636536	215.2723694	357.892395	213.0024414	194.8786926	167.3256073	428.0310364	347.3753662	190.4288025	177.9221497	377.47995	235.2693024	289.8597717	304.7132568	275.512085
Q8R3D1	57.65857697	95.31964111	0	60.96292496	0	11.3655386	109.9007187	0	115.2587738	55.03707504	57.77975845	37.79119873	0	18.36040878	38.44176102	0
Q8R3F5	137.536026	161.9238129	152.9529877	199.2632446	76.33206177	69.58084869	93.0811615	137.037323	130.770462	100.5055084	161.4058075	75.59397888	69.90649414	142.9830933	138.4473572	265.8911743
Q8R3G1	49.39969635	0	87.57616425	37.98106384	53.45044327	59.99627304	44.05195618	57.69959641	0	45.2074852	26.92809868	82.10861206	0	65.9629364	99.21383667	0
Q8R3I3	37.30624771	69.00545502	28.30780602	52.90299606	68.06284332	31.99158859	103.0087204	57.25164795	34.24092102	0	62.7922821	63.46250534	0	37.7314682	38.63306808	444.9146729
Q8R3N1	54.61360168	79.07863617	85.54039001	54.55559921	33.43119431	78.2726593	137.8161774	37.23852158	0	116.8607178	102.05439	58.80538559	39.27025604	37.38488388	40.78118515	0
Q8R3P0	56.03635788	97.74007416	71.2634201	134.5890961	41.06545258	33.64190292	8.053486824	17.24253082	63.38422394	20.94500732	119.36409	70.07200623	143.0060577	214.2250061	120.5879059	0
Q8R3Q0	35.08865356	0	0	43.70325089	70.93170929	0	81.69082642	17.48006248	0	116.0716858	34.33107758	117.9021225	261.711853	0	153.3405151	0
Q8R3Q6	538.3778076	489.2658997	483.5898438	495.7662048	213.1962738	427.8430176	334.5407715	348.8430176	195.1642303	474.332489	365.2945251	515.0629272	509.1434326	448.6161499	538.0905151	325.1382141
Q8R3R8	62.78656387	44.07942963	107.359726	115.4319992	131.5613861	48.10026932	225.5475464	47.51266479	79.15470886	99.97277069	71.97215271	70.94364166	94.16215515	46.50567627	74.48152924	35.54119492
Q8R3S6	49.77167511	48.6071701	61.38669968	28.81380463	60.6056366	39.97768021	86.75750732	79.63331604	55.15823746	43.52446747	87.926651	62.23987579	78.19803619	53.94931412	53.82712173	177.4082336
Q8R3V5	103.2021255	114.6610794	125.6605225	73.90405273	112.1954956	111.4728241	178.7623749	111.8580856	53.89627075	149.9692078	89.94136047	93.89783478	73.06841278	84.98374939	75.37002563	338.8858643
Q8R404	403.6162109	238.5522461	601.3169556	501.690979	407.9475098	466.8789978	543.1781616	499.8052673	390.4259644	586.6610718	488.7036438	567.4161987	628.6013184	558.3028564	474.2000427	458.9379272
Q8R409	19.11733437	71.15307617	0	38.92897034	51.01800537	33.76833725	83.23500061	74.57868195	24.13892555	33.07616806	66.76726532	35.94460297	17.97245407	17.43799973	49.86714172	33.68591309
Q8R4G6	0	0	0	0	60.83242416	0	49.14932632	34.01068497	13.95561314	0	0	0	0	0	0	0
Q8R4H2	63.19722366	113.0351028	58.69004822	56.9525032	90.6150589	86.48282623	142.2571564	89.95931244	99.68837738	95.9772644	65.52131653	64.75646973	50.17168427	89.03196716	68.1088562	229.5650635
Q8R4H7	545.0255127	476.4099426	488.6572266	369.4642639	246.6372833	367.9944153	164.3159637	273.5595093	402.4612732	359.807312	315.2781677	332.1695557	262.198822	438.5107422	372.1772156	667.6660156
Q8R4N0	1210.926392	1672.814453	1528.47583	1873.575439	1190.538574	1180.020874	1141.589844	1052.99585	1532.990845	1422.665161	1279.890625	1228.640015	1249.864014	1333.834595	1327.75647	1706.056396
Q8R4U0	154.7307129	149.6616669	142.9626465	183.737442	174.4471588	201.044693	232.0399017	146.0381775	168.4215088	135.8041992	214.4790497	159.4545898	129.2388916	150.4846039	167.0136566	75.37055206
Q8R4X3	41.36119461	65.32223511	63.81743622	58.92872238	45.38521957	65.6697464	65.96539307	48.75317001	56.19835663	57.53392792	86.93365479	70.05495453	31.5586338	54.36981964	59.89461136	109.604187
Q8R4Y4	54.17952347	167.5909271	113.7252197	43.13500595	66.47446442	103.3290024	112.2311401	63.19318771	136.0954742	34.11077118	102.1342621	110.6703568	83.89584351	46.42761993	78.37980652	61.51571274
Q8R519	221.9667053	392.691864	241.8426819	458.8007507	279.432312	40.18545532	64.36340332	49.74061966	47.37217331	46.73109818	38.8990593	24.10114479	83.46208191	28.81499481	76.21859741	0
Q8R550	0	0	0	1056.058838	36.65504074	41.05667877	131.4017792	0	8.121358871	0	0	37.37649918	0	0	46.92123413	0
Q8R570	129.5704346	256.3779297	70.0062561	95.25982666	56.11201477	200.2388306	128.1350403	82.87084198	161.9584503	99.87484741	189.9545441	154.0063477	89.55761719	83.86868286	149.980835	301.2982178
Q8R574	167.477005	193.3345947	202.012207	221.7752686	178.5408325	207.2651672	381.0126343	113.545845	229.5778046	159.9451752	205.6259613	115.6390991	124.7161255	143.9089508	206.3603668	281.917572
Q8R5A3	26.47019577	69.73983765	17.95359039	148.8784027	68.16481781	105.4468002	142.1735229	102.6180573	96.70144653	76.68339539	39.60309982	63.57516861	58.01236343	54.97344589	77.10502625	0
Q8R5C5	168.1957092	193.1639862	221.6304016	155.9463959	223.7025909	215.0892944	292.4078674	185.5441437	214.3656158	189.6884308	176.871994	193.7241669	218.100708	250.69133	217.5773468	270.5267944
Q8R5F3	49.66108704	48.29339981	45.74485016	118.7527084	33.28520203	56.03689957	61.62102509	0	104.2434464	28.20443726	49.34154129	54.33206558	48.37020874	26.23379517	53.50368118	0
Q8R5F7	61.88309479	67.86907196	90.91320801	110.9152222	128.0514374	79.33169556	182.5091095	125.2005463	54.36696625	46.86083984	89.49655914	90.29824066	58.19706726	80.21585846	52.84350204	67.00904846
Q8R5H1	83.43061066	75.42327881	65.85595703	92.10661316	71.0565567	92.7388916	58.55609512	52.2898674	117.6289063	82.74524689	65.94936371	52.64651489	65.1672287	48.424263	60.54727936	561.1761475
Q8R5I6	250.7952728	323.8809204	375.0991211	320.7009888	443.1864014	292.2192993	302.3847046	795.5170898	403.9767151	419.5361328	561.1499023	521.3220825	494.2624817	412.0222168	511.2378235	592.6817627
Q8R5J9	623.5322266	484.0511169	613.4718018	682.7554321	880.328064	519.244873	1401.858521	734.4321899	630.5731201	530.9728394	499.4485168	563.7137451	645.6699219	672.6604614	661.6773071	481.3945007
Q8R5L3	21.04633141	33.76285172	83.07892609	53.7873764	33.19394302	45.57376862	83.94853973	12.92283916	34.6615448	0	220.9385223	53.85121918	14.55049419	12.68168545	0	0
Q8R5M8	129.5530853	112.2444687	145.0892639	169.7199249	219.4504852	93.58369446	226.8192139	158.4502563	83.55400085	212.076004	125.2154388	138.2957153	205.9195557	144.9622498	104.8149033	113.2993622
Q8VBT0	150.1501007	174.4805603	88.58194733	101.501503	163.8056183	72.58347321	184.1876678	119.688942	195.1340027	167.914978	114.8667374	78.98783875	44.54073334	110.4543152	75.23456573	261.239502
Q8VBT2	3030.831055	2986.720215	2782.604492	3297.439453	4348.218262	1677.531128	1233.056396	1233.348389	1501.700806	2067.898438	1720.875	1527.050415	1893.868896	2200.759521	1969.154419	1194.002686
Q8VBT9	187.8807526	139.5102844	102.7278671	131.5960236	114.938446	166.7800751	117.8616257	86.7092514	170.622406	103.5838623	148.1034698	133.2414551	116.1100235	123.0045013	119.9252396	0
Q8VBV3	243.2074738	176.8675995	402.9047546	301.9593506	166.0662537	144.8927002	238.8326721	120.8296127	263.7821045	238.5830078	255.2227936	312.2411194	231.7613525	247.5299072	276.4987183	1496.082764
Q8VBV7	321.8974304	340.2811584	286.5878296	361.4567871	334.5671997	265.2498474	416.5596924	497.7390137	300.6006165	352.7627258	414.5383911	376.1991272	290.0445251	306.8402405	250.3197021	313.0533447
Q8VBW6	88.29257965	209.5344543	189.0748444	54.14002609	202.5402527	197.1214294	200.3765869	188.5823822	92.03965759	156.3784027	156.2418671	156.8203278	136.006073	115.1789932	173.7160645	366.7572632
Q8VBW8	4129.213867	2523.677002	2777.159424	3720.434814	1853.193359	2799.522217	1130.1698	1305.655273	2712.493164	2805.622559	2784.226563	1776.378296	2179.306152	2777.704102	2257.015869	2432.306641
Q8VBX6	61.53286362	56.44695663	62.44834518	20.3304348	88.85738373	66.25384521	48.80979538	3.297466278	46.90793228	63.17378998	47.3850975	48.13066101	111.3793106	31.03025627	65.12335205	0
Q8VBZ0	41.8618927	53.86057663	70.95264435	19.35325623	80.82307434	71.34635925	53.34931564	48.41059113	31.88090134	101.9834976	104.8852539	61.84340286	55.96203232	87.88704681	48.37848282	0
Q8VBZ3	50.24090576	77.71001434	63.78932953	62.68690872	70.484375	66.37721252	81.29823303	122.4171448	32.90942001	107.9742508	67.29868317	63.53429794	81.22875214	63.63948059	79.57789612	0
Q8VC03	28.01518631	12.62451363	52.02944946	32.65074539	42.87487793	32.60543442	45.47071838	64.63299561	68.52857971	46.44578552	40.81240845	59.24609375	66.66693115	27.59407806	39.31443405	0
Q8VC12	9699.068359	8933.37793	10668.95117	10393.16016	9322.477539	6478.062988	5432.662598	6640.043945	7550.587891	6376.560547	6397.939453	5924.861328	5841.07666	6425.07959	6961.557129	6543.660645
Q8VC19	36.03689957	35.84604645	46.93135452	90.02674103	50.32021713	26.45172501	44.17993927	44.38111877	52.24811172	74.68352509	42.76890182	148.2740479	75.12469482	83.29676056	42.24528122	81.77921295
Q8VC26	196.6446075	92.47304535	90.91136932	115.5501709	92.88866425	90.38860321	0	45.97423172	92.30448151	77.05224609	162.8578796	167.6263428	93.5295105	148.6613007	126.8028641	0
Q8VC28	4203.797363	5145.850586	5844.5625	4778.768555	4490.808594	4693.308105	3903.947266	5898.208984	5423.93457	4865.234375	4717.733887	5464.825684	5794.180664	5452.249512	5439.283203	6853.966309
Q8VC30	11134.2168	12366.29395	14201.82617	12799.35938	14771.30859	15869.08105	15039.32715	16625.63867	18265.57422	18025.70508	17556.28711	19887.68555	17736.41211	15636.51758	18419.82617	21601.85156
Q8VC42	65.74648285	27.62090874	32.29096603	59.30067062	83.60928345	66.0147171	89.70339203	17.6981945	23.8195591	31.36087036	22.2765255	90.55590057	105.830925	76.38323212	59.68624115	76.63704681
Q8VC52	262.1440735	233.9017334	166.8002472	232.3752136	86.86518097	136.0612488	132.4678192	255.387619	246.1636963	148.4946136	145.8080444	185.4473724	167.8545532	234.1535645	243.7644806	444.6401978
Q8VC85	119.1246567	135.9440002	0	90.68914795	30.63374329	75.7260437	90.83039856	143.3044586	0	128.7291565	41.8345108	76.11354065	161.1584778	3.489029408	47.62783051	0
Q8VC88	39.08554459	25.70870209	27.59254074	12.11120605	85.52033234	75.9981842	68.68043518	72.37228394	46.78288651	18.27903748	8.48086071	28.28338623	36.96225357	16.05504799	24.92258453	0
Q8VC97	812.8453369	778.9573975	884.3874512	752.5397949	481.7674561	360.1406555	410.7891846	491.581543	484.0108948	436.1319885	622.881897	646.0109253	511.5776367	601.100647	510.8111877	730.5482178
Q8VCA8	1195.674805	1201.471191	1217.886597	1018.851013	762.0224609	874.9324951	772.0931396	921.2039185	1024.62207	1262.373779	934.9793701	1045.842773	883.4619141	924.5402832	1092.216064	1204.900879
Q8VCB3	1979.902954	2133.97583	2207.480713	1715.183472	1246.600464	1568.690674	1241.303223	1402.976074	1628.233765	1651.199219	1814.194214	1697.603882	1898.974121	1691.974121	1367.993286	1773.587158
Q8VCC1	387.1537781	290.0377502	315.9177246	322.5019226	187.010849	106.1804504	147.0920563	249.3082275	242.1109161	162.4595947	307.031189	257.1691589	475.5725708	489.1275635	297.6668091	329.9534607
Q8VCC2	7736.076172	7777.732422	5526.470215	7269.226074	6491.103516	5272.375977	6801.022949	4868.875977	7103.03418	5616.351563	9515.956055	5841.211426	6409.508301	9362.039063	7695.054199	9754.581055
Q8VCF0	640.0698853	558.6468506	383.4114685	616.6518555	321.821228	349.9914551	225.355423	229.763916	451.6540222	339.215332	331.9265442	452.0217285	392.1967468	351.4367981	451.1001282	447.8192749
Q8VCG4	431.5114746	444.2376404	429.4187317	462.681366	683.3775024	735.3461304	645.9888306	403.2068481	681.416748	534.3483887	637.215332	603.9767456	457.3670349	588.7592163	531.7332153	366.4338684
Q8VCH0	18899.9668	21278.38672	16587.87305	20380.11914	36486.78516	29136.95703	26515.30078	28655.46289	28506.96094	31392.30859	34316.17969	28930.4043	37972.75	30472.63867	22680.77734	42222.19531
Q8VCH6	463.9050598	598.6226807	540.6417236	422.1699524	1122.008789	397.5308838	364.3267212	1085.464233	338.3788452	495.0743103	797.9138184	499.6809998	641.5608521	458.0444336	457.7767334	961.4121094
Q8VCH7	6.959148407	39.56493759	52.48287201	12.78176403	20.71699142	42.68648911	0	21.24884987	43.82432556	31.6729908	39.9029541	34.58820724	0	15.05969143	7.049723148	0
Q8VCH8	437.2675781	400.198822	301.4145508	442.318634	480.2156677	448.730957	476.6395874	474.4102783	336.520813	507.4423523	386.9654541	326.5053711	611.637146	402.5203247	358.5825806	241.7344055
Q8VCI0	324.6860046	334.5054626	398.1367188	408.6336365	335.1425476	532.5844116	663.6842041	570.1121216	504.0498962	474.4983826	474.2108154	469.9148865	437.4165955	509.4825745	489.9755859	577.4196167
Q8VCI5	211.2448883	249.6877289	262.1443176	328.1875	274.158844	296.2474365	320.7086182	415.4689636	307.4379578	193.173584	319.98703	403.2106323	386.6405334	242.5433197	296.8474731	357.941803
Q8VCL2	191.8257751	129.5532227	158.216095	174.6891937	284.6368103	208.3177643	151.5450287	163.5767365	189.5265808	96.76512146	181.9706879	144.0854797	144.5538177	153.9462891	107.1786575	188.8653717
Q8VCM4	29.79226112	63.2583313	28.84675407	45.01278687	63.87540817	60.73826981	49.29359818	37.47504425	15.40626812	47.70607376	62.39744186	17.07814789	66.3712616	16.98044777	61.10909271	0
Q8VCM5	103.0625229	67.53601074	159.5843964	99.77846527	27.7209301	83.66368103	128.4950562	90.25948334	127.3423386	99.37297058	90.60076141	95.66381836	22.69620132	121.1567383	117.0843353	0
Q8VCM7	3753.6521	7090.71875	4210.668945	3601.250977	3940.216553	5502.333008	10716.23242	4430.993164	5093.720215	5549.760254	4548.540527	4767.450684	5002.141113	3925.65332	4145.163574	4596.088379
Q8VCM8	298.1707458	495.6461792	367.7489929	339.2755127	434.6513672	343.7997437	501.272644	468.5783691	476.2095337	362.7831726	563.4204712	374.6942139	405.9083557	439.5545044	360.1620178	540.2863159
Q8VCN5	21396.87109	24412.30664	17734.4082	23222.92969	13370.24414	9392.607422	12561.99805	9427.081055	11435.90723	10179.83008	12393.97266	10710.41797	10426.59375	11385.47559	12033.22949	11206.80566
Q8VCR2	3615.964844	3778.252686	4160.257324	4614.969238	16699.65234	8322.959961	9567.472656	9168.640625	7827.253906	10098.55273	8684.223633	9612.951172	9445.4375	9183.62793	7172.788086	9600.871094
Q8VCR7	10457.09277	9141.041992	12506.83496	12793.98828	8657.381836	9934.211914	8340.773438	6112.10791	9821.992188	10085.03809	9291.485352	9418.530273	10871.35156	8779.816406	8705.029297	8760.054688
Q8VCS0	0	137.3522034	0	0	0	8.972935677	97.12673187	92.99784088	113.2385635	0	73.11367798	98.93984985	0	58.82843781	138.7605896	0
Q8VCT3	436.9579468	572.3643188	402.4736633	459.8528442	527.1533203	556.9016113	725.0003052	535.3428955	589.6226807	433.7955627	545.984375	530.102478	542.0221558	506.2610474	462.0439453	1018.063232
Q8VCT4	17204.35742	16123.88965	18811.36328	16489.78125	18911.21094	24619.92578	19090.77539	22852.29492	22717.16016	24352.20117	22777.87305	30580.72656	27948.53906	25868.82617	18829.36523	28017.25781
Q8VCU1	29410.86133	34120.39453	34247.34766	29413.125	27529.99023	35938.95703	18269.49805	25840.96094	32852.34375	37028.69922	22125.67188	28284.31836	28931.26953	30062.96094	25738.2207	37733.32031
Q8VCW4	131.7341614	0	0	197.3515625	170.5071716	121.0214767	322.4252014	160.5562592	74.52696228	170.6061249	115.6812515	246.3506165	138.4917603	92.77885437	155.1491547	0
Q8VCW8	7000.199707	8621.34375	8245.841797	9860.652344	6216.648438	7461.907227	5517.90625	7719.344727	8722.618164	7916.592773	8083.525879	9511.601563	8127.595215	7765.048828	7478.213867	8655.608398
Q8VCX1	3851.123779	3748.717285	3871.844238	3678.969238	1989.289795	1572.536499	1435.343018	1174.67981	2807.412109	2360.116943	2696.067139	2088.490479	2137.144531	2543.643311	3151.785156	2339.04541
Q8VCX6	11.44960213	35.81497574	45.19158554	0	14.89436817	14.65113163	0	0	53.66257858	5.748095512	17.49090767	26.79393959	18.85091782	0	0	0
Q8VCZ9	1240.770508	960.6925049	627.9523926	934.9019165	502.1464844	527.5270996	382.2151489	324.0014343	665.2253418	612.690979	594.4815063	501.5944824	557.4451294	678.5231323	363.3309937	538.180603
Q8VD04	50.37861252	32.7413826	23.69224739	48.1789856	60.06137085	32.36055374	57.30956268	69.19355774	41.5056572	55.19361877	63.65600586	29.48208237	71.01966095	13.26745796	63.41367722	45.78069305
Q8VD31	55.21783066	83.35337067	88.31508636	127.153595	143.2394867	49.35248566	88.28923035	225.4087219	113.6785355	85.85636139	78.12109375	106.3065414	151.3171539	106.212883	99.87062836	224.5467072
Q8VD62	41.88954926	46.32252884	58.47264481	64.15708923	68.94033813	80.66573334	40.83713531	18.29990959	279.0250549	101.0079041	49.15114975	143.3530273	16.4145546	29.92464828	86.541008	148.127182
Q8VD65	96.47393799	88.34453583	40.40102768	36.28852844	52.70179749	93.63864136	110.1359711	80.50016022	96.40584564	79.52833557	85.29970551	58.0995903	101.8462524	69.37839508	88.67778778	82.27184296
Q8VD66	92.91567993	99.3319397	55.38137054	103.8069763	165.2972717	157.3990631	328.1860962	285.2896423	124.4318314	180.1339111	171.8904419	131.8122864	147.168335	145.4801331	117.4988937	95.29649353
Q8VD75	33.51838684	69.9969101	0	147.4927216	108.384285	24.0131855	104.0445557	67.66647339	58.36600876	16.52822113	84.50960541	63.72839355	31.98009682	0	83.9455719	0
Q8VDB2	62.66072083	67.27355957	178.7931213	89.15177155	0	103.7834778	0	13.31130791	28.572649	30.08244324	0	0	33.74751663	130.4295654	16.11701584	0
Q8VDC0	128.1818085	84.30181122	95.00255585	137.4002533	107.2976379	84.85404968	82.88898468	92.90594482	116.5974655	92.79722595	91.47189331	156.5050507	82.26959229	82.80825043	66.35707092	119.7400131
Q8VDC1	89.91091919	82.17585754	64.7541275	85.54357147	62.70544815	100.2175446	83.87078857	65.11082458	132.3431091	87.39568329	49.08457947	78.00970459	99.83201599	82.14864349	42.68422699	157.5714874
Q8VDD5	3065.799072	3265.671387	3209.155518	3290.090576	6336.460449	4124.6875	10329.29102	4119.402832	4019.974365	4272.162598	4350.50293	4050.898193	4178.218262	3889.427246	3810.567383	4029.781494
Q8VDD8	23.92006111	172.2407837	64.87935638	69.52783203	38.37103653	63.9794693	81.66527557	0	0	108.0114212	82.60836792	209.2895813	90.53098297	43.06811523	0	0
Q8VDG3	90.42458344	98.92366791	61.79602432	74.40452576	118.8839417	135.3885498	125.2763672	106.4766235	65.16996002	63.76115799	94.10353851	45.26011658	126.7908478	143.3833771	72.18488312	58.56996536
Q8VDG5	337.7996216	326.276886	301.29245	338.6279602	417.165741	365.9533997	458.1630554	439.6444702	333.385437	365.794342	263.0066223	389.8210144	366.2275085	477.2252502	364.3397827	295.530426
Q8VDG7	411.973999	308.5813599	332.4215698	408.7750244	596.2261353	541.4144287	436.1176758	510.6347046	377.3182678	398.9385071	387.7843933	452.4673462	440.2333984	573.4831543	414.3695068	501.7113647
Q8VDH1	103.6532364	53.03625107	60.6042099	97.01190948	35.66834641	73.684021	42.14250565	102.745697	45.80231857	89.09544373	44.2049942	137.5854187	70.32579803	86.55652618	122.839798	0
Q8VDI7	116.8745422	0	167.76474	120.5293808	259.7147217	85.78385162	207.8201294	58.0227356	135.4292908	107.5431137	109.1966248	281.2472839	158.9695282	193.2431488	183.844635	0
Q8VDJ3	3577.724609	3045.663574	3485.588379	3653.456787	3568.161377	3908.693848	3184.221924	3235.403076	3313.067139	3209.47168	3444.564209	3454.354004	3468.975098	3598.572754	3391.123779	4132.920898
Q8VDK1	1712.660156	1718.291748	1336.44104	1813.533203	1553.737671	871.3067017	1090.423462	1263.202148	1401.925659	1356.773193	1419.031006	1525.320679	1086.391357	985.7287598	1660.787231	1056.256714
Q8VDL4	93.59614563	100.7838135	94.91634369	118.915062	204.3448486	223.3237152	318.1262207	173.0473633	90.0687561	76.32424164	77.38581848	76.12931824	129.2977753	67.7893219	82.43561554	48.26550674
Q8VDM4	1282.778687	1242.991699	1254.290527	1246.869751	1479.374512	1377.775269	1663.83374	1210.672241	1239.296997	1095.706421	1378.18689	1336.159424	1048.907349	1206.66626	1249.604492	1738.458496
Q8VDM6	110.1588135	140.5090179	117.9902802	111.2274475	181.7663879	223.0885468	215.7108765	164.2823334	138.6982269	129.7240143	130.369278	189.045105	155.1682587	152.7907104	200.4628448	474.4960632
Q8VDN2	3060.1521	2985.82373	2543.483398	2966.248779	2587.112061	3098.405029	2752.389648	2813.664551	3332.416504	3115.205811	2280.277344	2887.308594	2830.269287	3070.929932	2890.353027	2212.379639
Q8VDP4	128.0495453	113.7399902	93.59583282	115.2590714	154.025238	148.5033569	179.5322266	140.3448486	101.8226013	138.4790039	122.8498383	99.01741028	114.3228378	107.0245819	113.5245438	47.52614594
Q8VDP6	244.4116974	174.5939331	136.2184601	96.77117157	366.6711426	207.0498352	195.5551147	403.397583	294.3600769	271.4013062	207.839798	224.0989685	92.70304108	298.3841248	141.1153564	371.4534302
Q8VDQ1	693.1389771	706.9657593	721.605896	935.319458	877.8893433	828.6522217	894.2249756	841.7219849	999.0580444	698.0980225	701.0621948	1015.86261	927.9473877	700.1347046	903.7893677	804.6826782
Q8VDQ8	112.811821	127.3773041	110.148613	118.9380722	123.1891708	129.041748	215.2640228	100.4077682	127.4159775	80.34116364	80.0489502	113.4013977	81.73365784	108.7226791	100.7329025	208.1034698
Q8VDR9	8.621194839	15.29677296	0	0	23.08914948	19.47661972	93.50905609	59.0103035	5.203359604	22.50055122	27.26219749	0	34.31726837	25.77504158	30.80204773	0
Q8VDS8	115.8737335	100.3582611	254.6209869	68.52772522	71.9327774	92.93849945	113.8901749	104.7024384	97.81267548	132.4744415	115.2088013	44.3562088	66.43312073	56.90104294	119.7801514	241.7251587
Q8VDT9	217.4620819	296.3054504	185.6177063	233.7079315	203.9046936	186.0206909	126.7876587	200.5904083	163.4491577	165.1432037	200.0499878	186.3474731	164.8320007	152.016861	161.1287842	243.9475708
Q8VDW0	2050.7854	1893.593506	1663.777222	2074.605957	2842.154053	2140.328613	3346.480469	2399.17041	2331.120117	2221.613037	2193.99292	2291.907959	2159.977539	1892.467285	1627.076904	3014.63501
Q8VE09	548.3216553	814.6464844	575.6675415	539.348877	419.1569824	598.4622192	196.4658661	262.7634277	546.0344238	678.4011841	478.5390015	510.7441406	425.166687	363.633667	507.5137634	806.5180054
Q8VE18	0	0	0	0	0	0	25.38488388	0	0	0	0	0	22.25471878	0	27.31761932	0
Q8VE19	47.6828804	26.50579071	50.47327805	52.86506271	61.35787964	44.35419846	64.94352722	49.27451324	31.20912933	43.70560455	17.14227295	81.25926208	49.28029251	56.56714249	31.37200165	0
Q8VE22	443.5618591	558.8106079	392.8283386	381.4381409	325.4423523	340.8879395	312.8562927	250.848465	406.0329895	288.5801086	341.8178406	380.4364624	318.3557739	414.8971863	281.3155518	480.7017212
Q8VE37	165.6222992	150.0400085	188.8001251	156.6417847	273.8065186	207.7290497	277.4047241	220.9683533	233.1363373	309.7469788	186.4447021	189.7741089	252.6257935	186.1629944	237.2897949	154.3352509
Q8VE38	231.7297363	161.14888	187.8352203	223.8739777	165.5081482	78.68267059	124.6572495	89.2298584	172.8061676	105.8718414	83.62388611	86.49798584	173.8146973	135.7565613	159.7561646	27.35853195
Q8VE47	251.6731873	303.2434387	385.710083	305.5743713	204.0957947	243.533905	310.6242981	360.1222839	203.9204102	179.3738708	237.9085999	221.2075806	210.7524567	161.5459442	330.1105957	471.7002258
Q8VE62	75.40553284	88.43901825	159.7362213	54.25379562	103.4961395	157.4623413	175.6842651	129.8850861	124.8094177	179.4053345	164.6372986	132.9161072	95.74323273	173.3843536	143.2863007	188.5080261
Q8VE70	49.2832489	105.8740082	130.2377777	116.7922058	64.75974274	108.9031372	208.3257294	111.3853226	119.1713791	62.08896637	168.4485168	135.9448242	80.66823578	105.3953476	135.913681	36.82204819
Q8VE80	83.49563599	65.31335449	65.349823	0	58.33464813	56.43193054	20.44430733	90.50265503	101.7405243	69.65644073	64.00413513	73.16137695	46.63228226	55.37809372	40.37508392	288.0290833
Q8VE88	83.0817337	127.2696915	106.5943909	91.87373352	149.305603	75.44861603	177.5126648	49.9955101	60.85436249	197.8040161	73.50769043	150.9744568	212.7067108	133.0710144	78.87608337	0
Q8VE95	265.1014404	344.1410828	218.7136078	255.817337	209.4509888	255.6468353	133.5072021	227.5731812	184.3160858	163.5605164	203.7722168	217.7967834	221.7062988	241.6944885	160.6684723	134.7119751
Q8VE97	138.3363495	177.6600037	104.371933	54.38700104	51.12279129	73.23899078	259.2955017	111.615715	85.05039215	101.1923447	139.7680664	128.8247223	186.2586823	236.5656586	80.07818604	191.8286591
Q8VE99	45.41807175	0	23.79708862	0	11.882164	9.951038361	24.33608246	80.03314209	0	98.79039764	0	30.45544815	0	65.64950562	23.7270565	0
Q8VEB4	89.53073883	129.7576294	163.1929321	137.1329346	205.3006592	210.6716919	291.5028687	242.6775665	191.0351715	232.7935791	135.6366119	225.6919708	214.1837463	261.4101563	210.7936401	184.8748779
Q8VED2	40.75366211	138.9638062	77.16959381	114.7259903	174.0455017	161.421051	180.9415894	168.8855133	93.37444305	117.6009293	131.6114197	107.9426346	49.56669617	142.5043793	117.278656	60.56567001
Q8VED5	1451.853149	2093.431396	3913.984375	537.4851685	614.1751709	371.2213135	807.1578979	353.3776245	677.2212524	263.8056946	499.4880371	476.3703918	441.2868652	352.2263489	237.94133	1099.039917
Q8VED9	39.66877747	25.25901413	23.37944603	87.61863708	90.71382904	54.29912567	40.50608444	52.05481339	32.09098053	90.91472626	52.9502449	117.0889893	64.57091522	67.05223846	33.95837021	416.1347961
Q8VEE0	199.4285278	118.3921585	213.6214752	201.8068848	133.6239471	121.0884933	126.2360382	152.2522736	144.2287903	109.5500641	122.3831482	209.2201691	108.4461365	140.3838501	194.1779785	215.0228577
Q8VEE4	93.15505981	106.7717361	88.86798859	57.16983414	81.59521484	128.9869537	156.6821442	75.33402252	101.9265213	129.6042938	85.6204071	130.1217499	80.86949921	82.90032959	48.74338913	0
Q8VEH3	0	0	0	0	18.97854042	60.78925705	120.6702881	0	82.50217438	0	93.83248138	0	0	64.12899017	71.54750824	0
Q8VEH5	181.6523895	107.7419281	134.4004211	149.3181305	170.4020233	256.175415	192.717041	224.8243713	226.0958252	230.9367523	167.1363525	249.4388275	130.1082764	220.6365967	270.1859436	0
Q8VEH6	15.57675552	172.8574524	113.6669006	109.4585571	110.0080795	100.5507889	61.9658432	179.8392181	54.0729599	57.07431412	107.6061249	128.060379	53.53204727	160.170166	107.0643463	278.9898682
Q8VEH8	95.56270599	142.8487701	94.81768799	55.78701782	48.17250443	90.56449127	160.8777466	63.16336441	104.591423	69.33602142	142.9841309	89.68508911	88.35263824	109.7311554	83.22543335	282.9990234
Q8VEK0	637.965271	651.3230591	598.2530518	565.6002808	460.0065613	517.2340088	782.1408081	577.243042	628.1564941	679.1817017	449.2550964	567.1626587	669.3327026	557.2800903	889.0709229	640.2216187
Q8VEK3	733.1809692	1138.848389	820.8255005	891.9370117	1028.626709	594.8320923	1496.017212	879.4482422	761.1907349	826.4383545	732.46875	975.932373	1265.968872	1006.086548	808.9572754	1690.37085
Q8VEM8	8980.760742	6481.200195	7397.184082	7820.422363	7343.959961	6336.658203	5834.608398	5257.131348	6020.253906	8131.805176	9084.019531	7729.410645	5983.053711	7001.911133	8134.416016	9058.089844
Q8VH51	276.6046143	346.4413147	240.8408661	317.5962524	367.8554077	250.1497192	468.756012	344.2220459	343.2092285	322.868927	401.0800171	233.7314606	280.0132446	272.761261	318.7597656	357.9415588
Q8VHE0	653.2415161	866.0825806	827.4703369	784.5155029	939.489624	1085.897705	1034.430054	1049.952148	855.3026123	989.5939941	996.9666138	1118.551636	1007.02655	896.6644287	859.9377441	902.2247925
Q8VHF2	0	45.20914841	0	0	71.29781342	0	70.19482422	30.17764664	103.0565262	0	114.1212692	14.75498676	0	60.92980576	0	0
Q8VHG0	68.88691711	109.8898087	85.53910828	23.11138916	99.18889618	42.87759399	49.74674606	31.37829018	61.46988297	88.09587097	65.14329529	38.63084793	40.85061264	68.76463318	88.40637207	189.4832458
Q8VHK9	88.69841003	121.8022003	76.27866364	44.72603989	7.311800957	62.22559357	65.03668213	63.53023148	77.33543396	69.64403534	101.6881409	44.83104706	64.1205368	77.97344971	98.98072052	152.3307953
Q8VI36	158.95784	90.63555145	69.66640472	89.19316101	141.329483	79.02207184	131.2799072	103.1060028	95.12625122	97.6605835	121.3294907	56.3707695	71.6101532	88.271698	77.62198639	142.6144409
Q8VI47	1445.792725	1294.369629	1263.647339	1671.006348	1078.915161	1474.928711	1058.086304	1678.095947	1339.771851	1256.589111	1354.911987	1333.379883	1186.699463	1442.745483	1294.580566	1197.04834
Q8VI63	167.4435883	77.22264862	31.81515884	62.13059616	0	52.64141464	54.32078552	94.30513	65.84016418	69.00039673	58.65341187	124.0764389	35.68560028	6.980347157	69.39067078	0
Q8VI75	127.6510162	106.823288	132.16539	141.87854	205.7706451	155.2249298	272.6134949	187.1297607	175.0463104	202.2833099	133.1232605	151.3139343	140.2027588	125.2221069	184.7943726	1388.517456
Q8VI94	120.1336975	111.4981232	106.8078384	133.7314606	151.2577362	58.11831665	174.5639648	169.8136444	45.50164032	65.90966797	66.25392914	67.01525879	88.55751038	70.90634155	109.1792831	150.0202484
Q8VIJ6	845.3473511	837.1982422	753.3642578	897.336792	1099.399048	1018.163818	1249.174438	1124.10083	770.892334	837.5499268	952.5236206	797.2391968	816.8047485	873.3446655	792.47052	814.1599731
Q8VIM9	26.44336319	27.27382088	10.98066044	0	62.68597031	49.64319992	78.63925171	36.22620392	123.2762375	0	59.46873856	48.73082352	83.29413605	11.19515991	19.59792709	0
Q8WTY4	125.0212555	109.4458542	175.2180481	157.0039825	117.4241257	121.0042114	241.5550385	187.9266357	126.1981506	171.347229	160.0088348	224.8312073	163.8825684	198.5556183	232.0099792	0
Q8WUR0	801.5235596	559.486084	693.0749512	312.6714172	524.3961182	444.7225342	689.3493652	839.8240967	586.2521362	733.6743774	771.0166626	668.0327759	647.522522	670.0050659	740.1915283	510.9206238
Q91V01	598.4390259	521.2910156	735.0474854	373.8502502	780.3654175	713.7512207	906.7421265	649.4307861	529.3150024	624.3894043	783.9117432	534.9263306	652.3118896	486.8329773	546.8900757	618.574707
Q91V04	137.8884583	157.8238983	138.1387482	183.5733185	129.7955475	102.9611282	328.5816345	227.8951416	268.8303833	322.7729492	130.5471497	102.5074997	65.08171082	175.9287567	275.2496643	129.5400848
Q91V08	100.7795944	75.95701599	115.2695465	57.08914185	58.70373917	83.79929352	69.04320526	50.26363754	48.02574158	7.191783905	68.12928009	30.58208275	127.4946823	238.2094116	183.081955	0
Q91V09	44.22621155	143.5527039	57.48768616	115.5943832	128.3792877	75.00787354	210.4504395	114.9114151	124.7682266	91.30172729	57.67994308	79.90638733	57.50975418	28.60243607	149.949295	0
Q91V12	558.12146	522.1174316	550.2015991	620.8075562	600.4115601	484.59729	790.4412231	538.8015747	507.4529419	598.2540894	529.7530518	522.3320923	581.0697021	477.5842896	435.5018005	460.8578491
Q91V16	330.6200256	356.6299744	233.5584106	456.0543823	123.1394501	161.4667358	169.0054169	312.1319885	103.5585938	299.6060791	359.7454529	179.8097076	332.868103	151.8105774	332.9941406	260.6733704
Q91V41	1319.167725	1401.308838	1046.240601	1368.670532	1222.617065	1520.777222	1706.154541	1364.978394	1256.904297	1416.020874	1410.420776	1284.039185	1467.583496	1350.158569	1400.286865	902.6853027
Q91V61	100.8992538	79.75527191	43.64772034	82.00918579	134.9513397	220.7065582	224.6487427	104.3310394	52.67512894	34.28361511	92.9512558	64.29560089	41.54746628	49.76281357	70.4176178	245.6001587
Q91V64	1215.756104	1203.392212	999.0371094	1088.605103	1080.858398	1376.075317	1167.084839	1358.027588	1308.577515	1224.379395	1550.274414	1287.533813	1377.340454	1089.275879	1320.768188	1137.843018
Q91V76	3695.731689	3592.397217	4685.591797	4225.620117	5531.032227	6420.098633	4775.570801	5765.670898	5439.003906	4735.646484	5063.387695	5311.273438	5570.66748	4896.456543	5194.561035	7330.604004
Q91V92	4782.758301	3948.780762	5258.5	5806.543457	2871.714844	2471.685059	2121.074463	2502.744873	2891.150635	2781.640869	3974.121826	2870.436768	2962.674561	2506.421631	4999.537109	2707.198242
Q91VA0	19166.0918	21115.37305	17235.65625	21454.51563	9730.808594	17267.13672	11865.96973	16923.13086	19267.04883	19240.29883	17836.92578	19343.14844	18414.17773	22145.7793	21704.89063	15530.10449
Q91VA6	748.635437	831.486145	662.4664307	919.9994507	669.4083862	873.8787842	824.2363281	568.5286865	604.3218384	780.5211182	721.6220093	697.9335938	694.9569702	613.1923218	651.2575073	1400.708862
Q91VC3	643.9364014	431.3014221	556.6627197	681.3640747	629.7639771	639.296936	1012.818054	684.9899292	571.7830811	517.296814	567.8813477	546.7583618	633.6522827	712.1946411	765.6065063	941.769043
Q91VC4	150.47995	103.5134659	60.90187073	151.9208221	88.19602203	129.5964661	167.2896423	158.2329865	141.9945526	171.9259186	74.94590759	154.0022583	89.65589905	141.9302368	160.208374	0
Q91VC9	30.03085899	100.0581207	122.405983	70.08866882	87.90237427	60.8030777	184.4512787	150.2351074	44.11945724	102.1995926	97.1681366	47.4367218	79.74645233	110.3293762	152.5579376	187.9310455
Q91VD9	4109.677734	4085.727051	3406.379883	4209.051758	3223.892578	3698.136963	2899.005371	3368.756348	3617.764648	3831.930176	3426.042236	3141.733154	3256.700439	3507.399658	3658.733154	3541.91626
Q91VE0	164.9880676	206.9927063	240.83461	224.6894989	298.3291931	355.4692993	304.565033	294.0783691	242.5018005	197.1846008	331.959259	264.3887329	273.0710754	229.6472931	320.5502319	311.1902771
Q91VE6	0	17.79887772	0	0	15.28207779	0	127.7872314	19.2303772	0	0	0	0	0	8.972171783	13.14108086	0
Q91VF2	304.1133118	495.1437073	395.8888245	355.4794922	256.9211731	382.1959839	238.9323425	182.9993591	332.1522522	297.4095154	338.5426331	338.7577209	444.087738	380.8714294	266.5585327	657.9624634
Q91VH2	243.9083252	244.6365204	202.977356	262.5307617	173.2259521	180.0178223	283.0418091	259.0230103	356.194397	212.1011047	267.521637	195.3390045	161.0961609	283.3174744	274.462738	289.1208801
Q91VH6	140.5680542	181.6540527	169.7758026	127.807579	176.3762054	104.037674	142.7440491	149.270874	203.8189545	154.590271	174.451004	153.605484	137.0497437	184.6773071	140.392746	116.1243057
Q91VI7	1382.737549	1370.188721	1764.321655	1270.897461	1592.683838	1496.278687	2548.104248	1751.127686	1203.891846	1442.044312	1209.498047	1468.249756	1296.951538	1426.015381	1337.481567	1966.952515
Q91VJ4	57.03649521	109.2179489	188.7217255	82.64478302	44.48110962	126.0726013	70.33042908	36.28849411	97.81336212	147.1463623	39.61700821	210.4553528	101.6474915	89.75592804	173.2428741	152.1453247
Q91VM3	59.20241928	124.6629791	17.12846375	13.87771797	57.90670395	51.95162582	169.4422913	134.398407	32.91422272	93.01003265	25.36689186	0	40.93990707	106.9827499	159.327179	0
Q91VM5	945.1817017	1015.366028	932.1073608	686.7518311	1106.861572	816.0289917	1522.098145	710.5673828	813.232605	1083.838867	802.6167603	1074.839966	860.3658447	510.6737061	769.7017212	1616.697021
Q91VM9	933.0521851	1017.933838	1279.017944	1113.35437	739.7132568	1091.303955	758.114624	929.984375	999.2153931	849.1298218	1137.352905	1091.035767	1079.83252	923.4375	1206.658569	1195.601807
Q91VN4	17.84258461	15.41065121	5.113276482	0	33.17453003	10.43614769	20.4358654	56.36153793	0	46.41755295	0	37.7857666	90.26184082	31.41610146	48.51657104	0
Q91VR2	8680.386719	8740.27832	8173.19043	9527.874023	5933.35498	6234.666992	4350.931152	5841.874023	5185.344727	7490.85791	6200.726074	8177.844238	4924.848145	6011.61084	7157.290527	6562.749512
Q91VR5	604.1813965	659.6416626	783.8140869	697.6236572	754.1410522	688.3032837	1009.592896	985.6396484	707.5990601	629.7954102	815.1452026	840.7036133	842.6749268	685.5080566	677.2962646	809.5134277
Q91VR8	75.23167419	33.26503372	84.07177734	38.17547226	136.6775665	122.8169937	123.2819901	98.56072235	20.3945694	51.45702362	63.25362778	169.5939178	124.0606842	123.9056625	80.12133026	0
Q91VS7	20180.07617	18520.6875	15083.0293	15515.54102	16355.66406	23056.06445	16504.85156	21091.99023	30212.03125	24449.35547	26543.49805	20248.18164	18457.16602	23322.79688	21353.43555	34010.48828
Q91VS8	103.3723221	107.9534302	84.33230591	104.0895996	61.67657471	165.2744293	91.94638062	159.4288483	113.6822357	106.2913818	141.9498749	146.4236755	100.3288651	106.3254395	126.4127045	267.0959778
Q91VT4	874.9486084	1103.467285	1069.094238	1232.270142	711.7054443	641.0109253	556.5241089	641.1218262	658.1488647	752.4367676	625.4332275	857.4602051	935.4653931	716.2241821	777.4429321	1000.846802
Q91VU0	76.75102234	95.65477753	76.43360901	154.914093	238.2580872	170.6417999	184.269577	196.5825958	124.8308029	172.3996735	242.694397	142.1723785	178.8916626	173.6338959	26.09946632	42.00596237
Q91VU6	124.817215	159.3919373	137.5631714	155.6060028	176.549057	175.067276	67.40127563	123.3089676	234.9924622	135.4444885	148.6835327	87.67263794	134.6992493	86.54523468	205.3735962	161.6477661
Q91VU7	0	0	0	0	0	734.5700073	62.91077423	53.11597824	75.3359375	0	70.50550079	0	0	44.45132065	0	0
Q91VW3	396.9164429	172.069458	299.7447205	261.987915	579.630127	461.5762939	1901.288818	506.4904785	333.5371704	313.5482788	234.9545288	313.2579041	411.0878601	477.7418823	277.6963501	83.81633759
Q91VZ6	159.8726807	106.5742722	184.077179	99.86943054	253.1959076	110.4344101	88.4373703	185.2418823	80.38261414	169.6916504	77.90307617	290.9007874	123.6989441	52.40009308	75.67921448	252.85289
Q91W39	45.93531799	68.07167053	121.5714569	94.36817932	244.4428711	169.9533691	75.58610535	118.7099915	63.77482605	36.77699661	33.43801117	104.5106277	81.18230438	174.3239899	62.62775421	179.5490875
Q91W43	1284.506226	1344.629028	1619.009033	1474.508667	1192.220337	851.9520874	567.4732056	940.2997437	888.8601685	952.2547607	644.828064	837.394104	917.1150513	1216.019653	1098.030151	985.3502197
Q91W50	255.5182037	235.760025	241.6323547	292.9797363	322.4178162	311.9327698	440.8685303	286.2723083	277.3282166	275.6226196	240.6708221	295.2989502	296.3330383	265.1365356	223.1266022	187.3424988
Q91W52	439.1647949	173.7036133	442.172821	41.81715012	186.6100464	370.3378296	366.5383301	524.3406372	191.9016113	178.6564331	416.4206848	153.085022	134.9041595	453.2867432	947.1862793	651.4978638
Q91W53	106.8419418	0	75.8326416	123.6322708	32.31991959	104.1292038	88.40714264	32.94630051	97.03422546	51.08480835	88.81188202	75.85167694	146.0777893	96.69380188	43.29503632	0
Q91W63	56.97008133	79.74259949	186.0448151	88.21954346	222.6496735	163.9424133	43.6931839	137.0201874	109.1167831	212.026062	254.6456604	116.177803	243.2133942	156.7844238	126.5349426	0
Q91W64	2038.637573	1909.048706	2857.929199	2429.562988	2428.505127	2666.053467	1407.586914	1531.278076	2264.218994	2278.373535	2126.713623	1354.265991	2262.975098	2617.526367	2018.895386	2918.524414
Q91W86	50.48459244	72.09044647	111.5621643	83.77178955	70.96307373	76.40033722	78.30512238	73.6378479	52.84137726	58.6002121	22.33666229	96.89884949	52.87692261	52.16587448	49.38842392	99.87782288
Q91W89	98.07119751	54.83496094	79.22467041	45.38917542	98.20804596	76.33004761	120.8712234	78.94052124	62.94252396	108.862587	123.6047058	102.7640533	74.08244324	128.103653	62.52697754	74.12441254
Q91W90	2564.130371	1957.36084	3286.858643	2860.375977	4323.695313	3410.890137	4444.033691	4034.333252	2891.440674	3382.089111	3691.455322	3225.817383	3193.101563	3116.85376	3326.601318	2836.08374
Q91WB4	118.1075974	32.7389679	135.6744995	97.94455719	38.7710228	0	49.90059662	80.81049347	20.99298286	38.72185135	16.05131912	123.7154465	39.81694794	65.60827637	54.48976135	0
Q91WC0	209.8597412	85.31246185	135.6626129	129.005127	153.9649811	125.7311096	150.1849976	157.5779724	117.4325562	174.2017517	151.647583	140.6435242	123.0350189	164.2892609	177.6772003	177.3451996
Q91WC3	26.73949242	18.98005486	0	0	0	0	0	2.327395201	0	10.45403385	20.83318138	27.30851173	76.19290161	0	0	0
Q91WC9	31.21471596	54.38751984	56.43792343	50.64290237	48.06299973	65.59239197	130.8955383	39.86199951	35.479702	31.03610039	55.71409988	56.02732086	53.05785751	71.52711487	46.5212326	0
Q91WD5	2138.873047	2007.10376	2062.495117	2046.757324	1531.780884	1808.987915	1332.555664	1526.488159	1699.028076	1736.12207	1755.395874	1584.787964	1761.219604	1714.257446	1762.397583	1549.17749
Q91WE2	0	83.99723053	0	0	0	0	77.83049011	52.20659637	0	41.85620499	44.0569725	65.73880005	0	0	69.2984848	0
Q91WF7	0	0	0	76.81607819	71.84230042	60.86403656	67.20641327	64.34255981	53.49078369	83.39600372	20.1641407	34.6815033	54.93774414	0	56.44337463	0
Q91WG0	9558.547852	10121.62891	9311.901367	11679.8291	8998.466797	9388.177734	7203.396973	11604.89063	10284.45801	9062.498047	10164.71289	8577.385742	8717.398438	10167.51953	13195.87402	6872.597656
Q91WG2	26.37842369	27.60060692	61.30202866	166.8786774	26.65976143	28.91810417	29.9464016	59.6109848	51.45340729	29.69122314	25.09568214	27.09908485	16.19264221	112.7067719	21.46105576	0
Q91WG4	42.58653259	58.98295593	61.2869873	43.14505386	77.25328064	18.09851456	137.982605	42.79995728	69.48812866	44.91836166	104.9787064	71.4180603	53.42802048	52.51901627	112.4438324	0
Q91WG8	1030.008057	950.5652466	988.3057251	1137.395386	807.9695435	1213.112305	695.06073	1191.266357	833.852356	970.6148682	1231.277466	1209.353394	917.3956909	841.805603	1104.183472	1166.726074
Q91WI7	0	0	24.23201561	0	0	0	0	26.29846001	0	46.65545654	46.71822357	0	0	0	22.72766304	0
Q91WJ8	191.6343231	150.8400421	127.9115143	156.0706482	333.1231689	211.9084015	234.9672852	166.9755249	172.3891754	160.7222595	192.7702179	283.848053	289.6445618	224.548996	183.084259	147.6782532
Q91WK0	89.72681427	71.06661987	79.56197357	70.06086731	65.84555054	123.8000107	152.7644653	115.5264969	26.83550644	104.4459839	77.98753357	27.46445274	82.74739075	39.24092102	91.28111267	0
Q91WK1	358.387207	400.8768311	389.9109192	326.2522888	325.4846497	332.7423096	376.7720032	295.1217957	238.6416016	290.1882935	347.8755188	333.4138794	320.6178894	288.1217041	287.8976746	387.6375732
Q91WK2	576.0491943	515.3477173	446.2721558	626.3824463	648.3726196	714.6182861	848.1895752	627.7198486	627.5248413	553.4130859	561.9854126	687.7717896	499.883606	582.2596436	653.253479	625.4434204
Q91WK5	354.0523071	270.5588074	136.8353729	294.4118958	326.0087891	241.2162781	134.9723816	186.7168579	343.0220337	147.5624084	168.3211975	154.4321747	189.7028198	134.1546631	297.5052185	294.3789063
Q91WL5	667.2769775	1157.027344	675.5134277	973.961731	333.7290039	1236.044556	439.0742493	860.81073	866.2431641	644.3961182	667.7565918	692.253418	783.3742676	813.0869751	1160.119141	562.5012817
Q91WM1	72.48855591	118.6992035	52.66187286	90.80371857	121.625145	45.7440834	52.3921051	66.46949768	81.68075562	39.60931396	79.62095642	31.32532883	156.78685	77.81604767	99.72582245	174.5883484
Q91WM2	475.999939	481.0622864	629.4541016	666.0037842	422.033905	467.48349	379.8381042	354.6110229	451.9508667	450.3938904	456.5937195	516.9102173	401.7930908	494.4198914	718.6907349	384.6517639
Q91WM3	119.5321274	32.95729828	29.81637383	63.79177856	53.75774765	121.0197144	149.5798492	91.71442413	120.4620209	52.71491623	50.91735458	46.34141159	23.49948883	53.88100815	113.9427261	0
Q91WM6	245.6763306	247.6933136	232.8833313	249.9416046	263.5450745	213.7379456	237.4970245	83.53390503	103.7389679	171.2182465	89.92959595	88.19410706	204.0231781	233.1609497	249.835434	154.6810303
Q91WN4	5425.274414	5149.922363	5610.691406	6296.331055	3872.529785	5866.342773	3480.137939	4381.492676	5144.855469	5466.03418	5559.73877	4522.28418	4867.317871	5789.774414	6475.073242	7198.07666
Q91WP0	81.55950928	140.8792877	75.24359131	112.9184036	114.5060806	76.19898224	47.99080658	72.96401978	134.4584351	68.24314117	69.35640717	26.77114296	73.67121124	132.4010468	16.42096329	0
Q91WP6	90.7338562	111.5986099	169.6059265	105.8634262	191.8105316	223.9727478	522.364563	173.0858002	121.4596405	165.8245544	199.8416595	173.0270233	169.0072021	154.4799194	119.7148819	212.0956573
Q91WQ3	334.130188	392.3058472	345.4736023	407.4078369	492.1757202	654.4910889	489.443634	622.2265625	412.4099426	468.4043274	491.2790527	501.0913391	378.1773987	489.0455322	527.9498291	627.1254272
Q91WR3	72.8951416	30.95755196	0	87.88212585	99.44145966	66.55373383	130.5188446	52.215168	95.7324295	79.11593628	76.41729736	34.00358963	108.6200485	47.58795547	67.24873352	147.0923004
Q91WS0	4136.304199	3539.47876	4497.935547	3647.037354	2524.826172	4884.625	2484.183838	2320.628662	1664.869873	3364.697021	3021.36377	3517.55957	4666.280762	2778.914551	3965.64917	3763.834961
Q91WS4	120.616188	50.47075272	101.1058884	69.09684753	34.856884	33.78015518	0	18.54031563	0	0	46.89623642	69.38077545	70.7462616	0	0	104.854866
Q91WT8	366.1948242	323.3713074	273.5490417	386.4758606	264.1110535	398.7312012	222.3215637	350.6105652	340.6757507	329.473999	349.538208	310.6156616	297.2286377	297.7358093	334.2839661	372.2370605
Q91WT9	2514.334961	3081.142578	3008.088867	2393.126465	3442.213135	3116.12915	2330.71875	2370.65625	3158.376953	3036.008789	3022.958252	2387.30957	3104.227295	2574.332275	2543.797119	2740.936035
Q91WU0	10233.06836	9002.584961	8649.419922	8471.446289	12120.14453	12393.60547	9261.805664	15071.67969	10634.92871	10380.70996	14207.34668	11217.9375	11273.50781	11696.56836	9151.205078	13137.24316
Q91WU5	569.0740967	411.9620972	454.4037476	443.7406616	689.166748	450.6513367	467.438446	466.5151062	449.7765198	496.6500549	543.7001953	505.525116	549.0438232	373.592926	411.2021484	400.4148254
Q91X34	2286.95166	2415.366943	2432.385742	2248.890625	3016.381836	2454.203857	2665.117188	2990.112305	3012.313477	3194.42627	2651.098877	3228.563232	2758.820557	3121.679443	2740.048828	2246.358398
Q91X44	980.6220703	749.0889893	850.6206055	814.6263428	772.4301147	817.2394409	746.7739868	804.9007568	787.4019165	805.6276855	887.1099854	961.4884033	787.2097778	782.0686035	829.1586914	1160.064453
Q91X51	103.1416473	97.68786621	66.25164032	76.32628632	62.53058624	44.51711273	25.01156425	57.5445137	75.91179657	99.04879761	34.47816849	32.03083801	40.62545776	35.47146225	45.36607742	0
Q91X52	885.9436646	888.3079224	1465.399902	1109.86145	794.9059448	654.40448	735.31427	889.067749	658.9024658	636.8654785	859.6914063	781.9303589	849.977478	1031.456543	808.7727661	961.920105
Q91X72	1892.18042	3706.673584	3542.817139	2436.299805	3594.88623	4563.185059	8443.977539	6653.991211	3515.411865	5330.143555	3887.62085	5571.755859	3446.668457	3717.657471	3442.774658	4708.619629
Q91X77	1930.741455	4291.935547	3011.36084	2101.455078	327.1288757	998.659729	909.7658691	1061.215088	2339.196777	1752.285522	2515.990479	1452.651367	1687.192139	2533.971191	1761.756958	3052.630859
Q91X78	105.8174744	126.3654175	99.89458466	136.9551544	183.9924927	204.1830597	222.557663	220.1793976	189.4544525	182.0105438	141.9950104	161.6472473	181.6872559	190.6798553	146.008255	0
Q91X83	29601.37695	23070.00977	23705.41211	23812.57422	29534.90039	21834.22266	28208.48047	22394.44531	22836.07031	26260.90234	24723.42578	30453.55664	21832.31641	24573.95703	20748.36719	27509.65234
Q91X91	2391.214844	2359.679199	2684.77002	2480.511475	2379.834473	2624.706543	2023.19043	1456.147095	1863.498291	2309.083496	2311.120117	2082.148438	2114.230469	2018.275513	1778.268311	2326.548096
Q91X97	106.2921143	101.1461105	68.4787674	49.00823212	82.02748871	74.25105286	125.0493011	64.88232422	86.67367554	49.60974121	146.9168243	78.58000946	74.28572845	100.2677231	58.70231628	189.0544281
Q91XB0	28.07772446	0	8.627252579	78.53984833	52.38633728	79.33253479	253.0951233	102.2639389	43.01966476	35.46193314	50.64138031	30.43638611	51.3897934	64.33752441	25.79600143	0
Q91XB7	126.5685425	140.4526672	98.82533264	101.8618317	171.6481781	126.0001373	194.6214447	162.6502991	89.90731049	104.0314636	107.1548462	113.7188416	206.7178802	173.1511078	63.49585724	0
Q91XC8	163.3751221	303.0039673	317.8329468	63.72067261	315.6077576	188.2054749	223.2223206	302.7440491	235.249939	240.8476868	104.3263245	476.7922058	192.2673798	183.7097168	168.0416107	0
Q91XC9	108.8559647	134.1601257	127.1647263	71.60819244	235.4564667	134.6621552	79.13223267	291.8446655	78.28807831	98.46567535	57.54110718	124.2430573	125.5445023	194.4641113	236.5169373	294.7307434
Q91XD4	6328.623047	6513.025391	8414.707031	6349.658691	5702.583984	5524.949219	5006.16748	4235.499512	5506.241699	4445.194336	4020.875488	4534.23877	3834.944092	4462.621582	5676.050293	4437.303223
Q91XD6	93.03536987	186.3087006	167.3103333	183.2124481	315.9087524	115.2229767	251.7911682	262.1139832	348.300415	160.8063049	184.8580017	190.5852661	158.0977325	222.5201874	243.4495544	192.7953949
Q91XD7	69.96576691	79.60202026	34.63807297	74.9250946	117.5887985	72.58021545	185.6500549	99.55422211	182.5056152	75.26992798	113.2503738	111.2829208	123.2948685	89.63568878	161.5446777	123.6691666
Q91XE0	15695.86816	17719.23828	14881.73145	16068.56055	9437.132813	15208.9541	9218.119141	14437.27441	16313.75781	17006.84375	16100.60352	14573.45605	14784.9082	15104.20215	16262.77637	18256.64453
Q91XE4	797.3809814	705.4473877	999.1517334	800.9382324	283.0934448	825.8261719	798.9030762	960.4423218	1057.401611	813.1915283	1035.227417	772.6935425	842.980896	510.0870667	1146.953735	1096.419434
Q91XE8	2119.032227	2853.69751	1761.012695	2895.860596	2157.29248	1799.433716	2871.559814	2261.499023	2691.249023	2499.502197	2229.747559	1972.800537	3253.202148	2465.043701	2798.701172	2678.960938
Q91XF0	1103.841309	1181.062988	1065.795654	1236.35791	1272.755005	1089.862061	1173.767578	1158.790405	1122.682983	1164.234131	1337.21936	1325.958984	1234.515381	1088.843384	998.9091797	1390.983276
Q91XL9	189.4839783	173.5005035	112.9735718	137.0217743	110.5325089	174.3312988	164.2647552	138.0800323	198.5927277	146.7337799	196.3703613	152.2760315	146.6447906	111.9132156	174.1014404	230.5654144
Q91XT4	251.8180847	346.346344	362.98349	185.759491	292.993103	296.4856873	215.3302307	235.1651306	308.1059875	175.5830841	363.71875	307.3158264	271.118042	337.0489807	232.5170288	247.9390564
Q91XU0	95.32094574	64.33040619	59.57614136	88.87889099	35.19865036	62.27647018	10.23396873	45.44794083	42.68082047	131.5952148	89.25108337	94.18602753	97.81682587	96.72957611	107.7992859	77.58297729
Q91XU3	72.04640961	33.95886993	71.61000824	64.19374847	181.4892426	76.42604828	218.6255341	147.7086182	43.09240723	104.9358749	48.02511978	100.7665787	131.8243713	117.1317596	100.3424911	125.0918961
Q91Y74	39.79715347	28.41919899	51.72389603	63.87220001	30.82480812	93.53037262	72.91704559	75.53887939	106.8216858	17.52988052	61.77844238	59.03992081	90.10591888	36.85901642	53.21352386	61.05282211
Q91Y97	60230.80078	54028.55078	54611.50781	54819.00391	57214.34375	57915.65625	55042.18359	57251.51563	65171.35547	63400.87891	64053.92969	63297.75391	55334.57813	59420.33984	61642.82422	68079.76563
Q91YD9	89.79836273	188.7109985	173.3283844	111.1250839	70.22234344	110.2687759	169.6570892	161.6672668	93.56002808	102.5178146	163.475235	218.9536438	170.6253967	129.2980499	173.4564209	0
Q91YE6	77.05098724	64.09089661	53.84142303	89.72171783	157.8534851	84.9694519	117.1962051	95.13540649	88.07341003	88.72374725	76.80530548	96.50495148	70.18328857	85.98290253	102.870697	33.75799561
Q91YE7	0	0	0	0	12.97519684	0	11.18201637	0	0	0	0	9.310371399	0	0	0	0
Q91YH5	524.0343628	331.1891174	394.5334778	473.4508362	735.9755249	546.5819092	734.7659912	516.9924927	499.0264893	601.1982422	568.6889038	519.5823364	614.0004883	604.2037354	562.1239014	603.5068359
Q91YI0	25989.86523	22411.24805	20547.94727	21884.9082	16664.99219	18861.25586	14800.11523	13680.13184	20726.10156	17000.66016	18125.3457	15326.86719	13650.29883	16323.37793	15979.91406	16872.05664
Q91YI4	49.50650406	39.94519043	32.27929306	179.0189514	96.49575043	63.61433029	137.7748566	48.27688599	78.06743622	83.44197845	40.42955017	59.13400269	110.948143	113.7897568	94.64396667	41.94734573
Q91YJ2	138.3435822	108.3578339	81.4434967	149.3496399	117.7361298	160.2717743	191.8035278	166.3094177	151.8929749	166.9406738	186.2221527	129.0118408	158.2194214	128.7924805	159.2292023	107.6671066
Q91YJ3	104.8833923	80.15411377	65.91165924	57.45631409	48.15399551	99.33656311	141.2402191	82.02993011	26.62754631	19.51654053	80.18127441	69.0297699	39.8442955	36.97635269	77.76467133	0
Q91YJ5	117.1414185	143.7151031	100.622551	101.5800552	57.61460114	85.61951447	72.88652802	103.1537628	97.61360931	84.84773254	78.69070435	114.7010345	87.40132904	70.42974854	78.52259064	120.0535889
Q91YM2	82.38496399	88.24851227	63.53730392	61.84951401	54.00196075	66.40829468	90.65350342	91.83942413	75.33961487	40.58511353	32.33509064	108.5157242	45.7925148	63.6835022	67.22108459	85.00322723
Q91YM4	251.821106	205.6030731	84.97541809	206.7223969	141.6273956	100.7110214	110.6075211	141.7121887	133.2471313	180.6651917	135.6853638	125.8437119	152.8113251	163.8027954	101.1054153	129.9676971
Q91YN5	132.631134	134.7468872	114.8283081	108.4479141	105.9308319	142.2244873	156.2767487	178.6443329	118.6686172	125.9878464	151.6669159	121.4223328	112.3259735	123.7178421	136.0006409	138.6692657
Q91YP0	604.9197998	633.2645264	594.3665161	508.8204346	449.1293335	469.5678101	248.2823334	331.940155	596.5126343	370.8224792	485.4944458	361.0648804	479.8032837	465.5840454	462.6984558	424.8973694
Q91YP2	265.5365906	219.9038696	296.1707764	331.5397644	241.7803345	234.4303284	261.1358032	250.5003204	253.2681122	186.6005859	220.2064514	237.498642	225.6909637	220.4340973	255.5201874	280.8426514
Q91YP3	659.7946777	498.9611206	666.227356	701.3112793	528.2269287	517.3643799	468.8232727	514.2486572	562.5443726	504.179718	406.1730652	586.9562988	427.3464966	550.0761108	490.9247437	368.7314148
Q91YQ5	3810.286377	3492.047119	4038.986816	4097.582031	3840.449707	4387.027344	4238.644043	4086.605957	3604.815674	3656.009766	3889.919922	4121.803711	4062.565186	4081.456299	4088.775635	4002.903564
Q91YR1	572.4572144	501.1666565	552.2347412	537.6966553	625.0115356	485.3457336	685.0062256	566.8974609	538.281311	671.1154785	527.6373291	601.5030518	489.7692566	668.8825073	584.2918091	579.4135742
Q91YR5	0	0	0	0	0	0	0	45.66771317	7.680677891	0	0	0	5.012810707	0	0	0
Q91YR7	69.91522217	76.14768982	75.29343414	99.51428223	132.2458191	128.0647736	122.8155289	145.6576233	64.78964996	51.71285629	92.09371185	133.8203735	79.3110199	105.8164825	98.22283936	136.8508148
Q91YR9	118.0568314	150.4831696	149.8350372	124.8729172	161.1987915	186.4806213	279.140564	204.6669006	178.049057	156.6797028	155.4719543	152.2020111	143.9199219	191.2206421	117.8751144	89.0799942
Q91YS8	135.7990875	70.68328094	65.71128082	73.45045471	184.44487	71.80925751	334.1625061	175.3927765	134.3262939	151.9877167	128.8736877	66.73903656	90.19796753	81.47779846	96.01670837	224.4958038
Q91YT0	2952.009766	2781.50708	2960.946777	2423.156494	2602.261719	2592.441406	1723.923706	2027.15625	2882.320313	2108.62915	2316.056641	2262.401367	2651.65918	2572.758057	1987.305054	3167.21875
Q91YU8	7.504300117	23.96133423	0	12.2174511	41.16957855	0	71.82661438	51.73934555	27.44605064	36.93886185	26.4915905	0	80.07712555	0	75.27553558	0
Q91YW3	506.375885	589.6879883	595.8093262	736.2625122	847.8988037	772.1204224	956.067749	850.6828613	557.2601929	544.5733643	645.2652588	777.6416016	622.7649536	656.1141357	555.2243042	634.5667725
Q91YX5	348.2046509	261.4251099	339.3306274	232.0886383	291.6300049	393.8885803	485.9191895	319.4659729	312.0789795	304.826355	425.9906006	372.3260803	301.5664063	272.2333679	348.1241455	320.3364258
Q91YY4	94.92707825	119.7633286	190.0757599	144.7532196	100.0101318	87.72747803	62.03933334	39.08650589	23.11292267	62.3447113	29.89196587	102.9936752	75.44263458	69.33886719	108.1876755	0
Q91Z38	54.24132538	103.6161423	82.15039063	0	81.25892639	52.99769211	99.70426941	25.16326332	35.00304413	27.22445869	78.91963959	15.47197247	44.40302658	58.89638901	65.95471954	0
Q91Z40	53.38798523	62.29220581	55.38346863	51.64201736	54.5633812	37.78494263	213.8041687	247.9682159	68.08361053	97.72580719	70.34670258	47.24873352	83.51226807	37.67477417	88.99626923	166.3646088
Q91Z53	7101.482422	6115.272461	8559.34082	7528.666992	7507.018066	8517.556641	5899.640137	8254.8125	7050.703125	7687.456543	7730.887207	8074.411621	7208.324707	7718.489746	8240.004883	12322.30176
Q91Z67	0	16.68157578	0	22.1067028	4.406560898	14.15493584	80.7980957	51.8671875	64.45024872	6.331686974	57.03608322	0	0	0	23.16827774	0
Q91ZA3	2868.23877	2794.12085	3137.081055	3082.828857	1774.486694	2249.657959	1828.890381	2227.616455	2267.996582	2060.30957	2086.083252	2229.518066	2436.581299	2532.592285	2292.602051	2913.255615
Q91ZE0	265.1591797	195.8511505	186.1824036	252.5605774	187.882309	191.4297638	155.2692413	157.0197601	146.9546814	182.3437195	205.1037292	65.8885498	186.7722473	171.1604919	146.3378143	220.9967804
Q91ZH7	114.9077759	54.08802795	134.1687469	50.75054169	86.29089355	125.6223907	135.2908478	135.5380554	63.14186478	99.04957581	137.8058929	146.1249084	193.4754486	140.2526703	151.6603241	167.6086273
Q91ZJ5	7795.942383	6879.760742	7900.409668	7261.882813	6666.801758	6156.041992	8368.979492	8063.615234	6168.649414	5880.524414	7171.174316	6486.710449	6099.410645	5040.303223	6919.8125	7880.669922
Q91ZJ9	125.7158585	195.0586548	110.5512314	91.76876831	71.947052	162.5992889	131.145462	85.73652649	172.4663696	70.24951172	128.8520813	106.5942459	47.05192566	144.5805817	86.91825104	0
Q91ZM2	115.0409622	69.4489212	0	79.72195435	71.72993469	52.21352005	0	25.47745705	0	0	105.0336304	0	39.82429504	23.2376194	0	0
Q91ZN5	57.64242935	15.57608604	51.29864883	98.77454376	148.1929169	24.0249691	86.47151184	0	41.01416397	83.82105255	24.72365379	52.44196701	49.97080231	65.89581299	43.75347137	0
Q91ZP3	245.263504	192.568512	168.8710327	123.4250183	194.5007477	326.8060608	132.2915192	255.7848206	192.040451	229.593338	115.5890884	96.42913055	217.1598969	83.30524445	118.627861	328.2478638
Q91ZR1	67.32149506	139.6054077	143.0043335	111.8727264	90.38920593	77.57523346	160.4593353	153.32164	111.243576	79.57720947	98.37111664	81.59993744	74.36400604	102.7709579	91.29690552	179.9779816
Q91ZR2	40.19995117	29.85232162	40.93659973	47.43837738	39.24765778	52.2382431	67.11769104	57.11055756	93.18966675	50.24636841	29.54508972	77.31678772	68.0577774	41.91256714	48.52292252	0
Q91ZU6	48.29397202	123.8844299	39.01876068	8.267274857	152.9239807	266.1381836	19.06109047	68.68769073	143.461319	0	0	169.9575195	136.6290436	115.0867844	0	0
Q91ZV0	196.2201843	167.3488617	218.3060913	191.0027466	191.3944702	222.3867798	216.160553	232.5289459	151.4024963	163.1815033	194.1195374	230.2641602	160.6540375	217.8879089	108.2131653	281.8278503
Q91ZW2	38.65073395	43.55837631	42.23752213	51.81361008	66.81210327	42.91053391	61.55270004	70.11871338	110.984787	24.66978455	127.9098969	34.67975235	53.85186386	40.88358307	57.53791428	0
Q91ZW3	94.50299072	94.61211395	114.8492737	62.99334335	170.342804	110.8587952	196.880249	164.5866241	91.89516449	98.86432648	99.80906677	118.7701645	107.2297134	98.51300812	143.8262329	163.1534576
Q91ZX7	613.8964844	572.2590942	550.449585	627.244812	702.6114502	663.489624	767.0306396	610.9028931	610.9379883	577.4970093	744.7022095	641.5543213	661.68573	678.9299927	604.0344849	588.3209229
Q920A5	717.5670166	837.2588501	899.8623657	1027.474365	682.442627	735.1144409	644.9119873	1099.984131	411.3997192	865.1793213	751.0611572	925.5814209	1049.495239	749.3651123	938.2458496	604.2921143
Q920A7	75.93869781	146.0075684	127.7388611	204.9115143	124.1618958	189.4034424	94.99278259	92.35238647	87.67073822	115.5187302	168.2011871	119.1432724	154.0041199	160.7853851	141.144455	187.9347534
Q920B9	94.04183197	106.0005341	102.6334839	97.80008698	145.3717194	127.0036316	147.5650024	112.2646255	99.87558746	94.33420563	120.4341736	197.557312	128.1708069	79.51083374	99.12464142	114.2611618
Q920E5	3019.893555	1932.88855	3192.247803	2099.940918	496.2278748	88.32310486	226.7357483	123.3567581	97.08287811	187.6073761	306.1333313	172.6003113	190.5471649	221.8656158	677.3618164	227.6268463
Q920I9	0	15.8379879	30.75625801	0	16.29335594	17.81529427	0	19.16604424	44.48514175	0	0	0	11.40666294	0	38.22970581	0
Q920L1	531.6569214	430.3010864	479.0584106	523.7382813	755.7929688	207.9561462	380.9058838	404.744751	319.4630432	211.0619812	378.8664551	215.0882263	442.0605469	342.7147217	326.9515686	190.4081421
Q920Q4	108.9395523	110.7921906	29.28700638	133.658371	103.5972977	183.0725555	196.5494995	91.94435883	171.4671021	138.9912109	117.7932205	137.681778	133.268158	119.3154678	126.5530167	114.0154648
Q920Q6	146.190155	67.08795166	114.6755905	138.7422028	287.7025452	173.1665955	150.1303101	213.922348	163.5068817	152.2860718	143.3813477	131.7714386	178.1883698	207.0773163	165.6024323	509.5427246
Q920Q8	52.22333908	51.75237656	96.94139099	106.0299301	122.5054321	42.0413208	77.31938934	118.8075409	93.05908966	48.56708527	37.69207382	71.21102905	115.9725952	33.58075714	25.20408821	116.9775162
Q920R0	61.28041458	48.94167709	70.83165741	94.37841797	40.19565582	99.74398041	61.27722549	39.64945602	107.7077484	87.03423309	70.58332062	107.542984	194.129715	61.8898735	45.93328094	71.79489136
Q921F2	1584.877686	1705.2146	1599.780273	1431.663818	1628.398071	1362.227783	2318.624512	1364.984497	1455.080444	1720.37207	1609.89978	1567.337646	1857.452393	1488.637207	1366.07605	1825.866333
Q921F4	208.4618683	147.0371246	189.0329437	171.9503632	241.3501434	258.3688965	225.8078613	122.9233246	201.4485779	186.6343079	216.9268646	285.7880554	188.320343	195.7164307	162.6448059	162.5665131
Q921G7	4957.330078	6848.61377	5158	5828.212402	4902.516602	6116.015137	4324.538086	5042.341309	5109.36084	4875.508789	5855.967773	5121.759766	5017.361328	5123.724609	5134.86084	6157.593262
Q921G8	66.01909637	112.8898773	43.3400383	46.36820984	68.54603577	46.14619827	64.43641663	23.6152153	124.5941467	59.31489563	40.37534714	229.969162	34.69550323	66.02675629	37.96344376	0
Q921H8	3553.770996	3441.61377	4308.175293	2577.200928	4334.833008	4530.474121	4206.430176	4874.828613	3387.932373	4035.170654	3962.568115	5067.456543	4234.181152	3924.360352	3735.673584	3329.856445
Q921H9	463.4199524	230.8990479	428.6500549	429.0833435	567.600708	437.7029114	466.5837708	507.0040894	296.4262695	411.1266785	542.4907837	336.5369568	292.4979858	404.4421997	385.4507751	247.1851654
Q921I0	181.2417908	0	0	0	142.2693024	34.05925751	0	0	0	223.6291046	176.7263489	187.7963104	81.06339264	0	0	0
Q921I1	6857.647949	10400.625	7354.932617	5536.69043	8728.583984	7789.847168	17169.51367	7995.260742	9359.820313	8873.675781	7891.336426	7810.424316	7249.063477	6766.004395	7099.624023	6524.665039
Q921I9	69.6558609	70.21038055	59.06665421	51.47674942	74.03199005	81.04625702	113.8969421	61.48549271	45.74303436	85.06964874	57.80648422	46.90518188	50.14891815	76.15090179	70.14086151	244.4325409
Q921J2	205.4268646	62.72003174	136.3659515	114.7879181	192.0264587	79.45539856	211.4151764	95.87425995	115.3005371	121.5271301	190.0415344	85.30422211	224.5520477	107.2645187	122.1115417	23.10196114
Q921L3	369.2319946	422.9196167	495.9999084	372.3570557	595.7450562	489.4703979	343.2776184	469.1394958	358.0117798	564.4504395	519.40802	435.711731	533.1759644	402.2120361	403.3766174	850.1177368
Q921L5	117.3244019	62.74124527	208.0486908	104.5911102	145.0798645	139.9069214	114.2930984	156.4329681	83.64471436	121.7933502	62.0956955	155.1972046	131.9515533	39.8000145	156.0810242	66.20896149
Q921M3	321.3985596	287.6871338	261.5540161	336.9083557	396.021637	381.6894836	637.1646729	440.3083496	324.4344177	303.6801453	381.822998	378.1962585	335.9976501	347.3087463	359.6231079	462.6819458
Q921M4	68.23936462	189.245575	137.8026733	134.6744232	151.6571503	127.1511078	194.9153595	190.3035126	149.8972778	161.2901154	110.7481995	130.1434784	149.1636047	97.89344788	152.9832001	486.1144714
Q921M7	180.4035645	181.5032654	113.5150528	148.6907196	451.3494873	121.8956985	740.5933228	284.4616699	181.9526978	170.1103973	109.9986649	142.2038879	162.1616364	130.7915497	129.3509674	426.8493958
Q921N6	0	71.92140961	76.37587738	55.329319	65.67578888	145.6326447	100.4478531	89.70144653	84.94387054	93.79382324	46.59488678	117.1876755	59.01960754	0	62.08654404	272.6618042
Q921N7	115.3166656	135.3339844	65.85394287	145.2303314	331.4015808	0	26.77615166	0	42.19499207	134.7067108	230.9387207	127.2221985	248.7830963	0	38.97317886	0
Q921S7	173.0822601	324.833313	264.1276855	292.9174194	212.5094757	251.3804626	247.2880859	188.6151123	183.45961	241.0484161	322.8662415	197.2248535	211.5687866	262.1921082	183.6905823	126.6330338
Q921T2	254.1685638	232.9900055	172.7887573	192.1798859	270.2156067	336.8971558	472.9441528	199.9280548	278.3962402	260.739624	276.0709839	264.7303772	328.4431763	291.7752075	299.3768311	78.70014954
Q921V5	63.8203125	99.4415741	60.01679993	65.09487915	78.03605652	78.07616425	134.0613556	86.63872528	52.85416794	76.26204681	89.62458038	90.472435	111.1082001	43.45838547	72.99068451	94.29758453
Q921W0	121.7218399	24.62813187	113.8544235	36.00257111	141.3767853	138.1882629	422.4223022	108.2613297	149.0210419	62.42514038	143.8024902	102.2186432	54.20870209	77.12094879	146.1474609	346.4295044
Q921W4	52.40851974	106.9154205	47.02557373	24.48900795	95.7276001	44.07403946	71.18732452	48.50260925	117.1682129	54.87682724	31.66148949	55.16312027	44.92787552	28.73647118	107.7197495	0
Q921X9	1040.937866	1017.375671	1403.562012	1148.023315	1222.993042	1349.735352	951.0541382	1237.179932	960.6697998	1182.000488	885.4220581	1231.048218	1279.448242	1231.400757	1238.372559	1223.646484
Q922B1	418.3993835	353.8265991	371.3676147	348.8271179	216.9249573	436.6583557	295.88797	309.2480469	269.3266296	442.4903564	330.8699341	394.9596252	232.0474091	434.1615295	464.8321228	467.2081604
Q922B2	1312.167969	1433.546631	1737.950684	1411.233154	1462.038452	1661.144897	1752.794922	1749.220703	1215.672974	1360.020508	1389.109131	1571.934326	1347.411011	1247.938232	1579.870483	1710.320068
Q922B9	52.12420654	130.727417	49.96829224	61.24024963	48.29706573	61.48240662	46.29419708	128.3189545	79.82853699	64.50901794	82.10114288	71.00790405	116.3229523	117.5140457	58.59983826	214.2954712
Q922D4	100.1829147	112.4831161	59.62319183	105.4048309	98.01844025	105.0341949	135.8159485	111.7719269	73.90019989	99.25791931	148.3415222	113.272644	94.37336731	112.0758896	111.0493469	205.9801636
Q922D8	8469.62793	9603.893555	8709.0625	8132.841797	5591.538574	6274.38623	5411.730957	5246.205078	8214.318359	6280.050293	6520.710938	7245.45166	6041.690918	6079.509277	7413.139648	8059.52002
Q922E4	1304.143555	511.7365723	666.6646729	917.494751	1192.396606	903.4931641	863.9509888	968.6036987	806.8062134	890.277832	1077.660522	984.0817261	951.0199585	811.1519775	965.8465576	1093.6521
Q922F4	133.526413	69.32628632	154.2485809	86.14517975	221.2341309	72.56239319	366.0458679	115.8748016	145.5515594	89.48087311	93.73146057	63.34191895	124.8366241	88.253479	120.5689926	72.90828705
Q922H4	138.039032	112.8661652	77.92977142	189.4239502	137.3165131	220.511261	112.5984421	229.9801941	152.8318939	141.0762024	204.5527496	198.518631	99.54656219	165.3948059	160.2068939	225.4557648
Q922J3	66.98104095	60.64554214	60.84954834	48.00368118	60.87116623	48.83460999	56.35141754	46.06798553	30.04394341	49.24048996	69.29253387	29.69380188	53.5801239	57.6944809	23.18861389	70.65943909
Q922K7	70.70249939	103.8392105	62.04512787	50.11915588	117.2934418	127.2885437	166.4006958	147.2639008	84.46366882	134.4836121	45.21448135	53.57382584	76.63127136	102.6236267	27.75079155	98.3217392
Q922P9	74.95677948	79.60838318	65.49245453	71.91428375	76.17401123	50.95031357	128.843811	58.65893936	78.68288422	100.2405472	21.19516945	57.95650864	93.62591553	68.84409332	45.81577301	166.9378357
Q922Q1	5157.658691	8909.143555	7026.884766	6390.558594	6832.726074	4493.926758	5216.342773	3761.551025	4951.867188	6505.205566	6283.685547	5104.355957	3915.414063	5399.40918	4678.202637	6285.666992
Q922Q8	4278.009766	4915.979004	5340.47998	5434.845215	5540.194824	7373.89209	5607.397949	5454.899414	5063.978027	4654.57959	4997.640137	5514.868652	4744.006836	4706.039063	5491.87207	4583.10498
Q922Q9	54.87356186	101.8308792	64.36830139	58.03943253	56.9835968	53.62771988	32.72424316	70.1439209	34.08460617	67.71760559	63.53220367	31.62011528	43.35332489	72.57306671	37.55990601	147.0237122
Q922R8	6565.307617	8735.419922	8519.832031	7701.440918	11499.45117	10419.91602	13043.22266	11623.47656	8591.209961	8634.692383	8218.364258	9352.27832	8733.630859	8864.305664	7614.010742	10643.47656
Q922S4	31.93549347	40.33074951	20.26482201	38.39824677	61.59344864	64.95057678	73.10033417	50.46118164	71.21929932	52.03874588	42.93572617	44.44284821	71.12398529	91.90641785	51.80958176	0
Q922U2	88.33113098	84.26277924	153.9342499	40.50094223	95.72766876	71.33227539	53.87961197	16.62103081	144.0945282	42.24846649	33.77170181	91.64441681	94.65646362	49.94485474	112.4328461	99.63839722
Q922V4	259.5409241	213.6733246	214.8241272	301.2420959	213.8650818	163.1760559	142.21315	265.745636	304.164032	408.607605	749.7022705	94.76740265	163.4288483	244.9486389	118.8780823	465.8986511
Q922Y1	184.8670044	309.73526	287.9678345	216.455368	338.90448	274.7132263	172.5381165	214.392746	237.2943115	317.2817993	220.7492828	210.9009094	230.197525	206.5654602	245.1324463	216.585144
Q923B0	337.8897705	242.0923767	337.3301697	158.8034668	228.0773315	120.8745956	233.3697815	199.6068268	316.1755371	142.5718994	197.6406555	186.7692261	168.6137695	108.8082581	189.6459198	212.223587
Q923B6	324.8509521	430.3282166	449.7159729	451.0922852	634.9863281	606.9225464	1161.445068	605.1548462	554.7904053	643.2768555	695.8800049	575.8659058	389.7894287	531.7052612	424.6713562	323.5948181
Q923D2	3822.452393	4077.477539	3324.298828	3586.025635	4660.787109	6416.874023	8282.279297	8655.4375	5440.591797	4709.427246	6233.408203	5840.258301	5920.918457	5618.33252	6647.266602	4617.425293
Q923D4	75.65693665	59.12062454	34.69324493	102.5147018	107.3298798	48.96169662	106.803627	41.22596741	21.65744972	43.23965454	59.77952957	22.9203949	24.23666573	159.1090546	15.19041729	120.937767
Q923D5	78.99846649	79.72168732	46.06051636	56.93069839	77.86620331	63.23389053	155.1915894	83.53994751	22.71469498	105.7819214	68.51072693	69.82006073	33.4417572	59.86172867	80.91133118	0
Q923G2	93.29774475	49.62944412	67.75624847	65.62607574	42.85681915	47.0524559	108.3419113	58.56087494	65.49785614	57.53936386	74.83174133	58.25926208	66.9732666	31.89649963	30.36189461	0
Q923K4	12.33068275	30.96909142	23.03398705	0	45.24131393	0	0	0	0	0	0	13.2988205	0	0	0	0
Q923S9	38.35966873	0	12.99162006	7.256612301	0	40.03821945	14.69885254	61.62249374	21.52582359	12.06029034	12.09909058	40.21101379	11.45041752	3.943187714	8.606720924	0
Q923T9	209.1576996	65.29182434	48.75034714	69.85154724	164.2265167	268.0357361	154.3795929	129.6437531	40.65998459	71.09552765	150.2793579	171.2813263	83.29376984	105.1008148	218.7186737	0
Q924C1	7.749173641	0	20.2755146	23.59108162	18.19411278	17.35848427	44.44741821	15.1138401	45.56196594	7.765168667	0	32.94241714	14.49556065	33.59638214	20.48618317	0
Q924D0	401.5675354	524.0267944	501.9666748	453.4766846	276.120636	411.2859802	259.9068298	321.186676	486.7746582	380.469696	321.2042542	348.9471436	377.5562134	488.8575745	512.4076538	363.4422607
Q924K8	12.47922039	0	53.55434799	18.48657417	52.21764374	40.46546173	71.50841522	23.31297874	81.10472107	65.74490356	29.19476891	0	8.542635918	41.12678909	91.68165588	0
Q924L1	73.75804138	100.7831116	64.53058624	48.73426437	123.6074371	146.0430908	43.34682465	136.6600952	135.3817291	108.5198975	164.6577606	49.17648315	92.14891052	97.59383392	145.1326447	0
Q924M7	112.5882874	158.3086853	63.76233292	119.4959793	162.1846008	136.6066589	117.4938965	125.0747757	160.2783356	114.7213745	124.821991	133.2743073	66.74858093	99.20050049	127.7271805	331.2144775
Q924T2	197.1434784	244.2337341	435.5768127	188.5883026	335.3707886	150.6923523	203.4166412	283.6192322	230.8701324	205.8140411	276.6758728	158.7155762	166.2195435	130.5450592	239.1806488	80.35158539
Q924Y0	1913.077759	1337.210205	1715.714478	1589.470581	1410.675293	1457.284302	1014.236633	1518.221924	1883.255005	1633.4198	1870.296753	1892.958252	1549.811523	1676.341919	1655.89624	1668.526123
Q924Z4	885.6894531	825.119873	772.0130005	1024.514526	761.3602295	821.6022339	1005.716553	685.9910889	903.9683228	750.8187256	753.3103638	779.7150879	937.447998	677.7478638	768.1488037	1167.700195
Q925B0	23.64495468	135.8627472	20.71087837	32.89289856	75.9091568	85.51067352	307.7497253	152.7697906	21.2719574	16.68930244	33.49396133	77.39859009	146.4595032	33.75381088	13.67875481	0
Q925I1	1288.63855	1454.828125	1149.786377	1311.697266	887.7424316	848.5531006	800.3060913	910.6459351	1044.102417	937.4875488	1175.742432	894.590332	938.1862793	1107.019653	958.4788818	1425.289795
Q925N0	188.8049622	217.6411133	177.7800903	178.662384	203.001358	188.1162415	113.9026031	370.6382141	222.5076447	179.3338165	184.2190094	138.3139191	177.8391266	176.3681793	107.5728531	204.3831024
Q925N2	1218.453979	1103.299316	789.4127808	1039.948608	579.4215088	662.2490234	405.4313354	627.618042	746.0840454	833.6365356	618.9042358	686.9788818	755.4879761	1022.452209	838.7229614	625.3546143
Q93092	1944.362061	2050.804932	1766.413696	1391.968018	2124.107666	2727.843262	2284.288086	2285.329346	1889.240967	2280.873047	2351.075684	1722.290894	1729.686035	1646.51416	1615.539795	3244.272217
Q99020	1474.23938	888.4550171	1604.512817	1330.69751	1466.265137	1206.839355	2074.151611	1259.110474	956.0139771	1329.741089	1050.925415	1407.165039	1278.365112	1153.129883	1190.770264	2421.066406
Q99J08	5223.44873	5903.202637	5259.457031	5878.765625	4623.604004	5108.248535	3749.158691	4822.340332	4997.765137	4916.327637	5297.912598	4257.342285	4876.107422	5263.549805	4667.90332	4610.975098
Q99J09	141.5391388	200.6702423	218.1114502	151.6640472	76.82770538	122.2600403	179.8531494	172.4887695	123.7077332	113.1613464	87.13014221	178.1730957	154.764267	36.54617691	127.2199097	0
Q99J23	21.50901604	26.99908447	13.33615303	28.36565399	94.30381012	44.7015152	95.63113403	38.4443779	7.811906338	77.12518311	65.38392639	33.95267105	27.81227684	29.87623978	38.72244644	380.3708496
Q99J27	90.57736206	110.5549774	68.86830139	94.50978088	159.3659973	87.51493073	96.60375977	45.89972305	114.2353058	108.0937958	36.09972	100.0029602	63.48379517	68.49310303	73.43583679	0
Q99J36	85.1513443	115.1055908	63.53911209	114.9750748	134.485672	132.4122467	205.4084015	104.6866379	158.901413	116.4036484	106.8839111	150.6498871	131.2227173	134.6949921	135.4328308	79.13526154
Q99J39	823.7584229	941.3547363	807.5917969	754.9869995	773.0114136	613.2461548	516.2589111	561.703064	750.7408447	587.8960571	728.3178101	601.0274658	740.7126465	663.3212891	646.0793457	1122.118286
Q99J45	34.03584671	71.23468018	80.15345001	48.45457077	42.64619827	69.3690033	101.3727341	43.41238785	22.47077751	39.68837738	80.96878052	6.007232666	47.2437706	29.14575577	50.53349686	17.66780281
Q99J47	284.2259216	294.2685547	381.6929321	373.3059692	492.364563	395.1518555	563.697876	394.6895447	270.2411499	327.4622803	478.2783508	330.2205505	497.5218201	331.5510254	419.9989319	292.9703369
Q99J56	614.4554443	356.0178833	421.8000183	351.3735657	517.8500366	734.6531982	793.0593262	728.5337524	385.1940613	738.3062134	477.5559387	489.1904907	537.385498	511.4968567	632.2451782	840.2736816
Q99J77	590.864624	420.3656616	478.6885376	464.9665222	683.0144043	439.8666992	749.2525024	571.6924438	514.2733765	413.4768372	515.508606	619.7877197	394.4103699	495.6895447	651.8096924	389.2487183
Q99J83	79.67170715	99.74411011	82.77812958	49.09622192	96.07022858	95.33626556	44.11130905	121.8993378	27.56359673	40.56672287	54.10235596	60.48407364	94.49075317	75.35588074	86.84007263	130.1775665
Q99J87	57.83274841	0	53.45343781	58.59541702	58.70316315	66.47273254	206.6494141	132.1347504	65.71056366	78.03943634	66.87857819	115.4072952	38.06238937	34.69923782	40.64815903	0
Q99J95	62.39824295	60.05103683	41.22241592	92.21385956	41.95430374	114.8170013	74.8107605	67.75082397	50.9401474	43.28997803	68.34264374	72.21270752	50.95392609	75.86427307	54.73009872	81.91582489
Q99J99	2287.45166	2332.771484	2469.515137	2889.129883	1338.777344	1567.484741	1019.240051	1179.263184	1493.636597	1441.096436	1305.711914	1382.106812	1653.819092	1696.453369	1528.436523	1569.544922
Q99JB2	579.8123169	970.2260132	753.1039429	652.6132813	597.3374634	678.2389526	603.8475342	520.5709229	711.5265503	504.1072693	787.1140137	546.5253906	668.9754028	608.921936	734.8689575	1066.972046
Q99JB8	243.3382111	288.7296448	282.453125	162.5189056	271.2721558	281.0853577	286.1114197	288.6907959	220.499176	296.6012878	260.8050842	265.4171753	248.2176819	299.1333008	220.9165497	244.9583435
Q99JF5	517.31427	339.4160156	404.619873	263.2140503	91.24508667	0	136.7522125	0	152.9706268	0	104.342453	0	0	0	149.8853455	0
Q99JF8	172.2237396	203.7461395	195.7180939	201.4045258	255.5533295	186.4407349	320.7949219	235.59375	194.852417	210.7716522	258.3858948	236.4454803	178.2101288	132.7613373	273.6981201	210.7688293
Q99JG3	6.715028286	12.45812225	27.88311768	33.70377731	30.15279388	26.94757271	27.81732178	20.60899734	6.86134243	0	0	30.23892975	22.49803543	27.05311394	26.87622452	0
Q99JH1	162.2875366	51.21985245	173.1197052	135.6749115	222.4871521	72.91434479	286.6023254	177.959671	30.50459862	95.81459808	67.56175232	86.49767303	64.25670624	63.70214462	25.89417458	0
Q99JI4	652.0845947	864.7953491	724.4663696	778.1199951	788.5993652	692.2686157	1038.579346	797.3244629	651.9051514	735.8032227	668.0441284	772.8435059	575.3134766	836.7697144	798.1124268	1045.746826
Q99JI6	142.5357971	75.1445694	85.50642395	43.93319702	54.41268921	46.90723419	153.4356842	152.3982391	72.01166534	74.87744904	74.46070099	55.08115768	111.8014603	55.25078201	88.998909	0
Q99JR1	2879.563232	3822.413818	4114.386719	3781.029785	3577.773193	2504.143066	2789.595947	2589.973633	2826.648438	3007.072021	2741.647705	1907.427856	2383.074707	2622.999756	3350.238037	1805.496216
Q99JR5	309.5529785	371.7234192	309.5816956	211.469696	102.1274414	269.0413208	275.8330383	193.6017303	315.5902405	331.3171692	226.9629059	158.094162	372.899231	297.978241	252.8070679	279.2985229
Q99JR6	204.0119476	201.4958344	180.7588043	170.8124847	133.5201721	206.9162292	135.804184	123.7879715	47.05105591	146.4121246	287.2550049	120.2645645	92.56543732	149.1601257	115.3803711	163.2420502
Q99JT9	713.6888428	1043.081421	879.1351929	867.8494263	753.3494263	668.9105225	776.2487793	690.7868652	760.0122681	675.0007935	868.0894775	749.2067871	744.190979	875.2449341	555.2263184	1158.423828
Q99JW2	1189.500488	996.4470825	733.7874756	1213.790283	635.9456787	601.1448364	492.240448	358.0830383	899.2165527	533.5966187	811.9699707	741.8457031	609.8584595	768.8182373	824.4404907	587.2276611
Q99JW4	255.2462921	328.4951477	252.7744141	221.342865	110.9702072	106.4255524	503.8397522	325.3752747	315.3352356	177.2785797	163.4161987	231.8587036	163.909317	432.3245544	143.5011292	0
Q99JX3	142.9349365	219.2294617	213.7771606	178.0168915	107.588356	160.7205048	176.181427	167.6145477	182.0281677	145.2385101	148.7190704	158.7509155	122.7798843	107.2602005	170.6286163	310.8078003
Q99JX4	230.8434296	269.2115173	342.0292053	213.4398041	280.199646	359.0378723	319.4926147	320.8111572	219.6938019	371.533844	276.2807007	309.4280396	227.1028442	218.078064	208.3392029	270.7107849
Q99JX7	113.4641113	46.81671524	96.80233002	83.95935059	130.7511902	123.5889893	160.0708923	102.3405304	79.83982086	109.5160522	99.14149475	102.794548	95.09760284	85.60439301	80.76557922	226.9463043
Q99JY0	16870.77734	20687.69336	19201.91797	19095.66992	16032.05762	17725.39844	14554.49023	16765.47656	16162.45801	18378.99805	17443.40625	18748.69531	20029.76563	19650.28906	18558.75195	20612.46289
Q99JY3	541.7044067	590.6680298	516.7969971	640.2124023	665.0788574	769.4221802	1033.747925	965.1722412	696.5939331	774.3412476	566.991333	730.7001343	672.4594727	875.0378418	809.9641724	796.3032227
Q99JY4	221.9888458	163.1919403	177.9625549	236.211441	166.6462402	226.3246002	127.8221207	203.0088196	139.7047119	170.083252	137.7511292	116.2417908	208.6812592	140.2519379	266.0765076	194.0656281
Q99JY8	374.341217	271.0538635	222.4064178	110.5265045	170.7456207	249.7876434	313.4802551	107.2977448	313.8719788	232.2809753	372.3733826	146.2705231	289.2891541	215.2385864	207.8315277	163.2875977
Q99JY9	2399.902344	1862.272827	2190.955322	2347.876709	2470.814209	2504.519043	4077.358398	2592.178223	2310.614258	2565.301758	2856.747803	2804.623779	2556.747559	2448.339844	2920.67627	2683.633057
Q99K01	204.5046082	268.4797058	112.2574692	188.4304352	200.1477203	264.4614563	262.4920654	164.0073242	261.6586609	169.2018127	177.7128296	136.2774963	175.3975372	199.1027374	219.9340668	255.0553131
Q99K23	106.5713959	114.1003876	87.12130737	135.8556976	103.6825104	124.5326767	185.2521515	146.7170258	103.3551712	125.5425034	135.5408478	147.3763123	131.5650787	148.4286957	129.586441	132.8917847
Q99K28	221.9608307	153.8872833	262.9802246	163.2174072	292.7543945	294.7475891	195.4813385	243.9421692	197.6346436	294.0374451	282.4294434	225.6262665	249.5800018	286.3664551	258.6227112	87.1882782
Q99K30	345.3471069	357.6381226	370.9891357	353.2358704	342.6774597	420.3562927	383.7633362	336.3699951	394.6429749	375.08078	333.9943542	285.2298889	420.6969604	333.9342957	298.257019	471.0180054
Q99K41	138.5263062	137.583786	123.7119293	138.5745392	316.7390137	226.2409973	290.6251221	148.0609589	134.0220947	184.6213684	209.973053	153.80336	188.297821	137.610321	140.1693573	217.3913727
Q99K48	970.5707397	888.2869263	658.5551147	1121.5177	1350.709961	957.2059937	1234.383301	940.4390869	843.1679688	894.9301147	1050.362793	1182.87854	988.7218628	1118.858887	1111.839844	1150.116577
Q99K51	1480.80896	1729.615845	1611.97583	1624.408813	1738.558594	1773.735596	2242.039063	1760.453003	1449.221802	2097.960449	1474.283691	1964.752075	1806.633423	1998.215332	1792.161133	2406.259277
Q99K67	7838.588867	8639.828125	8240.133789	8653.363281	5642.373047	4965.723633	3681.492432	3792.401611	5116.585938	5400.683594	5553.759277	4139.213867	3688.188232	4564.488281	4166.906738	5509.516113
Q99K70	167.3434448	295.6551514	202.7678986	205.9076233	193.79039	150.6529541	406.0243225	192.4059753	541.7810669	252.3091736	142.1578064	252.3070374	394.2829895	150.9864807	186.5624084	509.5006714
Q99K85	0	14.49431133	173.7698822	0	118.9878159	133.0085907	194.7793274	106.2672195	46.26817703	82.3915863	159.1519775	162.5399628	131.9372864	19.79249763	58.94049454	0
Q99K95	138.9851074	20.82723236	127.1685181	137.8701019	89.8608017	206.6027374	174.3089752	186.7510071	100.6871185	190.6326141	72.85387421	191.0296021	161.7880249	198.1956787	92.53518677	266.9111633
Q99KB8	2776.744629	2405.654785	2008.722168	3212.146973	1922.955811	2218.74292	1289.013306	2321.274414	2445.396484	2221.107666	2537.429199	2147.30835	2105.810303	1680.508789	3059.320313	1309.154785
Q99KC8	734.8103027	775.5403442	446.8021545	769.5046997	740.8322144	758.6377563	1677.176392	855.3671265	712.3128662	1007.561707	1014.815491	925.9718018	817.0078125	938.8188477	1003.288818	898.0264893
Q99KD5	41.43384552	76.5801239	64.48770142	48.82414627	108.3360748	77.64413452	133.3521729	88.03909302	78.94814301	71.88936615	58.11416626	134.5129852	69.5069046	79.45429993	96.73107147	0
Q99KE1	51.18665695	90.90857697	17.22500992	47.91711426	47.82790756	38.1930275	131.0351715	55.3401947	61.64801025	33.70133209	47.89788818	51.60414505	65.78936005	82.29221344	40.07585144	0
Q99KF1	598.6697388	605.5635986	791.2999878	587.7733154	826.2668457	746.0358887	696.055603	939.7023926	669.7429199	593.7955322	772.6890259	849.2501831	848.0085449	454.0740967	819.630188	565.6725464
Q99KG3	24.27613831	76.40822601	30.27479553	34.66619492	82.27629089	67.83966827	44.05516052	0	50.56352997	98.90692902	60.33704758	128.2420654	45.41576004	64.97021484	0	270.396698
Q99KG5	155.0911407	228.1650543	185.6793976	231.7871857	185.3339996	169.3460693	84.8306427	171.7634888	136.6964722	170.2934723	205.6655884	149.3557129	153.614151	168.2364349	160.214798	174.5950623
Q99KH8	57.70992279	152.9797211	118.6535645	77.21593475	94.58078766	117.4272995	88.24723053	117.056839	108.4696274	74.06909943	72.86141968	99.99201202	122.2306747	98.17363739	104.7388382	128.2156982
Q99KI0	8815.740234	8743.819336	7466.245117	8585.948242	6006.054688	5909.17041	5534.583008	5983.195313	6031.169434	5987.158691	7031.200684	7121.965332	7041.950195	6762.961426	6835.137207	7234.946289
Q99KI3	40.96661758	82.43531036	82.30208588	104.446991	86.08030701	119.2562866	71.5058136	82.60513306	128.6819	88.34072113	71.79261017	87.1461792	78.81703949	116.5044785	146.8803558	119.9401398
Q99KJ8	446.2606812	449.7025146	413.4635925	470.5064392	551.3704834	390.6225891	557.4730225	483.757782	398.4674072	413.2017212	479.8789063	475.0094299	372.0630798	469.8513794	433.6326294	593.6311035
Q99KK1	66.39901733	52.05180359	66.72502136	15.73983383	77.0021286	69.43948364	75.42686462	49.73225403	89.1423111	70.18011475	63.15616226	63.36377335	37.09931183	58.94455338	40.538414	46.97822189
Q99KK2	692.715332	841.6842041	666.9381104	775.2959595	687.4546509	1002.929199	902.7983398	946.6055908	896.5875244	869.1049805	848.0247192	874.8199463	702.4567871	885.9954834	961.3419189	1197.242554
Q99KK7	872.7266846	715.8641968	864.800415	763.4376831	854.203064	825.746582	1076.520386	811.5087891	802.927063	819.6832275	813.7224121	875.2452393	814.0643921	841.0023193	743.0901489	815.7028198
Q99KK9	78.52539063	118.5572128	89.70394897	55.84687424	75.90653229	90.55364227	52.52694702	87.20150757	85.65013885	66.73947144	134.9581757	118.8789368	71.79151917	73.7175293	75.46800232	173.7253723
Q99KN2	71.31893158	98.05107117	31.15821838	62.12408829	94.62016296	147.0126953	162.8397675	50.7030983	0	215.6884155	77.65425873	131.1620636	145.1021881	121.6154785	88.58809662	159.7995911
Q99KN9	266.5168762	204.1713867	203.1183014	265.9046326	205.8076172	279.0903931	326.7800903	223.7521362	274.9593811	221.0860443	188.6015015	266.5993042	215.6328735	222.3918304	161.1662903	187.5102234
Q99KP3	425.4212952	474.2576904	517.8632202	583.4638672	431.3751831	187.1071014	259.5318909	335.1395569	267.2451477	227.8974915	218.9710693	238.6871796	234.4365082	338.5925293	214.8444366	256.5213013
Q99KP6	289.1624756	381.4870605	371.8035278	452.1655273	327.0390015	415.5623169	616.6748657	323.6920471	300.0062256	449.7348328	236.6185455	457.8799438	432.5487061	378.2926941	244.5162201	326.080719
Q99KQ4	1169.382935	1301.973877	991.7748413	1231.938965	2103.223145	1542.454102	1735.88562	2316.427002	1401.42688	1812.538696	1591.022705	1792.863647	1439.390503	1388.819702	1849.817139	1230.09314
Q99KR3	2313.945313	2230.526123	2651.174072	1735.428833	1945.866211	2223.770508	1175.420044	1835.785522	1927.423706	2525.121094	2145.177002	1832.37146	1847.572876	1855.555664	2544.710449	2391.622314
Q99KR7	755.8275757	587.5803223	408.2186279	646.6194458	340.7116089	419.4818726	531.843811	344.9844666	513.413208	755.0872192	436.200592	414.5318604	703.3672485	1047.970703	921.4216919	241.9041901
Q99KS6	153.6065216	102.8328629	0	120.9188004	74.54361725	143.4518738	224.1399078	125.9665451	15.85431576	154.6422272	178.4451752	114.1643448	66.80548859	58.0562439	166.3000031	0
Q99KU0	180.5917664	150.5044861	220.8302155	92.5124054	178.3425293	192.5619965	86.12597656	135.6717682	282.4006958	97.11714172	77.40951538	285.78479	339.9595032	211.1116028	226.1623535	0
Q99KU6	0	59.71690369	0	39.70573425	112.3307266	86.84945679	77.6595459	55.96464539	27.01645279	36.24813843	92.05561829	56.09883118	51.71424866	62.23298645	73.32419586	0
Q99KV1	582.7935181	623.5582275	728.9569702	577.0681763	607.3108521	937.9833984	764.9195557	921.6724854	620.8911743	617.6815796	668.3170166	641.1889038	639.357666	727.6708374	670.4512939	586.1569214
Q99KW3	0	63.12475586	6.472680569	35.00880814	8.524166107	0	31.82026672	3.402873278	32.79352188	85.06684875	94.90062714	40.73696899	6.401935577	19.15064049	6.930662155	0
Q99KY4	119.2823792	112.4697418	59.63407898	47.79558945	121.6882629	145.7353058	105.9455032	84.1625824	90.63087463	110.9796219	83.96798706	68.36019897	94.091362	108.1698914	92.19503784	200.5922852
Q99L04	1852.820068	1690.9646	1982.161865	1826.058716	3040.66333	2434.315674	3334.258789	2517.728271	2800.318359	2868.901367	3145.783936	2414.790039	3785.750732	3239.852783	2762.422119	2112.140869
Q99L13	8201.847656	8409.243164	6228.890137	9120.149414	4626.840332	7043.605957	5046.748047	6982.000488	6391.195313	6680.697754	7232.395996	6644.459473	8339.862305	8574.098633	6140.441406	7264.762695
Q99L20	2739.406738	3158.475342	3016.864746	3300.32251	757.7695923	1127.591675	1063.850464	1194.150513	1262.47522	942.1202393	1458.239746	1285.461548	1430.45874	1638.355103	1375.031494	1551.62793
Q99L27	32.56292725	85.58905029	66.98855591	115.2551804	152.6281281	67.40248108	128.7447052	108.6020966	131.4944153	86.11191559	101.7103882	104.6140823	102.6150589	103.3629608	125.9383011	82.67251587
Q99L43	124.0001068	130.6251068	101.5440979	127.6605377	147.0355225	79.41078949	206.0733795	159.6362915	138.6829987	86.31956482	111.7735977	137.7705688	122.5697403	137.425766	159.0019836	188.4150696
Q99L45	504.1680298	552.6773682	384.0995483	485.2776489	538.288269	396.9429932	631.0499878	549.0755005	692.3656616	453.1339722	588.4820557	566.2730713	556.0744629	540.2501221	437.5556641	991.6416016
Q99L47	3177.638672	3325.509277	1851.647705	1797.967163	4113.793945	2264.66748	4022.426025	3859.859375	2729.591064	2808.017578	2326.942871	1942.459961	2692.757813	1862.352051	2311.492676	2840.121582
Q99L88	660.7915039	751.1333008	622.4382324	534.1122437	842.8838501	793.3143921	628.3361816	599.3712158	719.5183105	623.1310425	661.3301392	663.9052124	676.406311	585.2752686	732.762207	1240.022949
Q99LB0	353.9582214	0	0	314.6936646	0	733.6974487	495.3835449	0	791.3214722	596.5740967	0	0	621.9478149	558.3537598	585.8742676	0
Q99LB2	3521.002686	3405.473389	3820.710205	3970.69873	5898.336426	4493.425781	5129.012207	5549.47998	4204.280273	5422.026855	3722.513672	5385.307129	5471.53125	4470.227051	4242.59668	6365.531738
Q99LB6	215.3669739	228.5228424	277.3301086	211.6426544	308.4382629	294.8617554	335.8048401	381.7828979	291.4203186	215.1996613	234.4722595	494.4016724	324.7918701	276.3031616	276.20047	193.6896667
Q99LB7	23367.03125	25007.04688	24195.37891	23764	10590.16309	14112.99219	9074.942383	11195.96289	16684.19531	15461.12305	16089.58203	13628.6084	13851.6709	15712.81445	15607.67188	19153.59375
Q99LC2	108.1822662	132.2567444	89.37503052	48.94951248	73.95581818	79.74480438	148.0255737	96.76138306	75.28991699	137.8026886	83.06398773	50.73235703	124.6609573	109.3876495	157.2772369	87.94490814
Q99LC3	3659.651367	3922.718018	3883.421875	4055.074463	2829.137451	2866.318604	2424.936768	2732.283203	2652.456299	2584.435059	2949.749512	3275.5354	2770.151855	3325.264893	2999.993652	2659.655762
Q99LC5	42081.70703	41151.23438	41585.53125	44026.60938	25153.78711	37225.53125	23688.83008	32894.40234	36128.39453	32803.71875	33479.19141	30706.54297	33274.07031	34008.30469	33705.99219	38124.84766
Q99LC8	57.21051788	66.74858856	33.19658279	97.56591034	87.67987823	147.7798615	65.86486053	107.3611374	70.53903198	82.27371216	74.84799957	119.0288162	80.45546722	72.60705566	77.04650879	49.33269882
Q99LC9	199.9808502	226.1174316	149.0099792	209.0769806	243.9827881	238.7966919	241.2188263	274.4313049	177.6507111	187.677475	258.5614929	231.7905121	183.887085	273.7953491	205.7332458	287.6175232
Q99LD4	108.3324356	222.4406738	230.414505	154.0878906	182.6275635	137.8593597	151.8588562	220.7851715	220.1183014	148.7513123	149.1981201	203.2854614	159.2650604	115.8712463	148.1180267	172.9437103
Q99LD8	116.7797852	95.10230255	48.0068512	135.6932373	62.1555748	154.2489014	98.18343353	159.6950378	107.7557144	38.62375641	68.93792725	88.91575623	228.7467651	92.16628265	108.3040161	138.3541107
Q99LD9	180.1052094	128.0077057	74.24237061	178.3683167	91.61095428	227.5922089	111.0488052	229.1915894	137.2874756	132.6127167	96.21979523	177.2618713	126.256218	85.46892548	122.5076447	100.4622879
Q99LE6	102.4142685	113.4227524	115.1494446	149.2514191	154.9229279	144.9951935	193.2360687	172.7444916	131.0276031	148.7460175	174.316925	168.1670837	148.0418549	165.0796509	137.6854248	111.3781662
Q99LF4	677.229248	685.0813599	723.3317871	840.432312	886.0916748	751.2716675	898.230896	913.1588135	700.7902222	864.2438965	776.3043213	707.0178223	731.6096191	664.6524048	967.3362427	934.2233887
Q99LG0	0	27.12913704	27.41821098	0	48.36492538	69.88272858	38.31334686	0	0	0	101.0067749	0	57.05051804	43.10852432	0	0
Q99LG2	51.45713425	33.67811966	39.90000153	68.63191223	85.59401703	35.53834152	79.88246155	12.67176628	62.21263885	20.68005562	40.07517242	65.89736176	70.11631775	102.1580353	32.18567276	0
Q99LI2	82.41641998	54.88489151	58.996315	102.2026825	63.61799622	90.72913361	68.13298798	64.36662292	32.11445618	43.50504684	98.7598114	48.74966431	61.16641235	60.26849747	92.47814941	166.9553375
Q99LI7	52.89256287	34.09187317	22.93605995	65.05475616	56.20928574	62.40301895	121.8951797	55.92263031	67.07720184	38.6207695	95.72213745	50.3655014	56.11186218	61.98549652	84.0745697	0
Q99LI8	81.93715668	94.50114441	141.6310883	124.1934662	82.47975922	157.4139557	145.3865814	125.5229568	116.5866852	71.07631683	125.2774429	102.3961945	103.2188034	122.4003448	104.7425995	144.0882568
Q99LJ1	122.4921265	220.8161316	69.14522552	146.6325378	96.90511322	40.57437515	100.233223	94.2956543	49.83081818	81.95205688	167.4751282	67.24224091	91.53121948	55.3412323	63.22687149	157.088623
Q99LM2	253.767334	249.3687439	334.3487854	247.0666656	297.0068054	381.7070007	453.6195679	230.9656982	229.9559174	258.3125	261.397522	292.5357361	263.8482971	197.8821106	326.8163757	344.8985901
Q99LN9	428.9594421	200.4318085	158.7158356	321.3128967	98.47301483	188.1053925	135.8174744	261.0170288	225.3654938	170.9342957	203.2319641	120.4706879	166.6617889	161.9192047	164.7534637	0
Q99LP6	1532.890137	1697.911987	1741.790283	1815.525635	1318.702148	1620.05481	1534.231934	2066.604736	1733.002686	1581.899292	1569.70166	1033.517822	1266.52002	2065.971436	1494.629028	3071.153564
Q99LR1	77.37891388	101.2441483	114.5930023	123.1859207	217.6360931	142.3502808	300.7458191	180.2318878	145.6359406	101.5100555	89.62303162	96.00931549	103.0681686	151.3212738	113.3461075	111.0737152
Q99LS3	105.0017319	173.0189667	207.5610657	180.6576385	157.2214661	154.1677399	205.616684	141.9344635	130.2099457	183.4987946	124.1616669	268.2559509	132.6465454	47.75318527	80.71309662	459.4876404
Q99LT0	138.4125519	123.4453125	160.4013672	73.89349365	219.069458	79.79860687	108.8079681	158.5053101	110.2608414	83.70014191	178.2798767	179.3339996	93.73853302	114.7447281	114.073082	242.5896912
Q99LX0	6892.165527	4837.693848	6210.505859	6156.698242	6999.671387	5655.990723	7566.543457	5996.688477	6686.630371	6406.063965	5826.876953	5756.415527	5405.429688	4944.45752	7297.125977	7311.550781
Q99LY9	1277.431519	1312.858276	1769.27124	1518.175903	1139.890015	790.880188	784.6563721	776.0878296	1455.106567	1391.93689	657.3916016	1090.4021	1443.415161	819.9244385	848.1799927	490.1926575
Q99M01	108.1725159	112.8417435	118.4075928	36.20638657	81.80902863	37.72903824	1.166268826	47.64973831	87.87353516	38.56113815	68.31919861	57.06230927	96.66049194	48.63353729	83.45249939	113.9863281
Q99M04	107.1694946	127.6720581	72.76717377	90.21385193	97.9312439	81.65727997	81.23431396	51.81060791	68.07346344	71.19610596	99.13859558	103.2118683	103.9144058	73.69626617	86.62908173	202.5275269
Q99M15	56.05609512	32.31398773	59.39588165	63.11542892	81.51735687	26.16874123	62.47767258	89.47646332	13.5284481	24.55591774	30.02156448	44.75259018	24.02675819	34.79811859	0	0
Q99M28	224.342865	165.6754303	217.5300446	178.1177673	137.2501068	170.0766754	352.266571	228.9066467	182.5870972	294.9279785	226.457428	233.7352448	231.2450104	256.1123047	216.2175293	156.9882507
Q99M31	56.84087372	88.08672333	47.9449501	41.44684982	34.826828	44.62516785	82.05653381	60.09609222	83.38037109	31.89868355	69.9586792	47.36749649	79.87858582	56.54294968	52.72102356	78.57454681
Q99M51	170.0031738	179.6114502	252.683548	311.1183167	177.8100281	263.5012817	214.5779266	222.5283661	174.6872253	220.2343597	200.0459595	154.0908356	126.9048843	142.9390259	254.9404449	242.6825256
Q99M71	13.65218639	36.89199829	123.8904495	82.98654175	118.9964142	94.26900482	93.17984009	70.04140472	38.41012955	65.16607666	44.85004425	140.727066	64.72939301	66.58953094	87.79025269	0
Q99M87	1027.309937	971.5014648	938.0090942	1081.342529	954.7265015	1062.985474	851.4672241	984.8269043	787.0969849	895.7062988	894.5524902	1149.155762	933.4180908	929.1488037	1109.753662	522.4313354
Q99MD9	63.47169495	92.03213501	66.41133118	63.5477829	111.648674	70.08250427	179.3058929	74.1018219	119.5210571	73.37593842	74.13179779	123.7645798	90.75873566	68.27305603	68.84687042	329.9087524
Q99ME9	56.35647583	36.7090683	64.13031769	78.76475525	72.17190552	111.6202164	160.1961823	50.13783646	8.997121811	43.72762299	31.97556496	19.19115639	80.32453156	40.21563721	10.09274006	0
Q99MI1	62.17479706	115.2464752	80.61479187	126.9953308	103.9646149	97.25572205	121.4496994	99.17641449	109.5226517	68.63795471	113.2607422	103.6080322	93.28366852	76.10929108	82.65327454	111.1305313
Q99MK8	156.8086853	174.8634338	0	25.05680847	130.0901794	189.686203	173.8904572	129.5891266	78.17507172	83.57356262	210.9972382	131.6493683	158.0834503	50.58059311	112.7987289	0
Q99MN1	621.6160889	622.8377075	595.4280396	696.7680054	700.4984131	722.2939453	797.0916748	591.5302124	639.392395	785.9523926	849.1275024	759.3117676	534.8167114	622.076416	741.3448486	755.7844849
Q99MN9	4691.060547	4134.691406	3619.89209	4422.121582	2576.669189	3286.42334	2382.267334	2827.206787	3774.4729	3034.675293	3103.842285	3090.637695	3250.8125	3614.513672	3052.23584	3531.971436
Q99MP8	238.6439514	164.453598	207.020401	210.2958832	334.4241638	176.2090454	259.4408875	366.6616211	216.8554993	204.2420502	250.6967926	325.6534729	208.0315552	223.9999542	349.3019104	281.9943237
Q99MR3	13.24219894	49.13322067	18.69802475	38.55462265	73.44254303	66.97267151	60.79531479	109.2785034	31.28650284	53.11750793	40.51886749	21.90868759	43.85543442	0	29.52950096	0
Q99MR6	182.5609894	234.5653992	273.4526062	241.3432007	224.9408264	260.2507324	283.8873596	275.5368347	231.6448364	191.3413086	155.7564697	277.5982361	282.5037842	254.0661774	206.1853943	537.7869873
Q99MR8	1995.475708	2104.776367	2078.276855	2245.935059	1426.13562	1778.280396	1117.05188	1469.084473	1441.009277	1363.965698	1565.080322	1390.768921	1754.603149	1869.647705	1706.453979	1437.253906
Q99MZ3	89.99103546	108.1870193	68.38554382	107.8701172	88.21727753	87.50032043	37.53202057	57.05636978	89.85694885	60.51439285	65.48816681	38.95787048	82.01625824	83.27005768	64.43579102	0
Q99MZ7	4235.577148	3295.160156	4090.912598	4301.053711	3315.492432	2612.139893	2698.543701	2848.464111	2736.563232	2526.073486	3360.338135	2993.003662	2267.185791	2747.834229	4294.018066	1973.252197
Q99N16	418.6058044	753.1922607	299.0956421	464.0878296	375.4815369	671.8989868	497.8030701	336.3870544	673.4656982	497.6445007	622.0645752	287.7175598	443.5297546	484.3918152	411.5421143	494.9101257
Q99N50	1659.249634	4130.481934	1786.630737	4447.635742	4052.407471	2031.876465	1615.405762	44.13830185	3719.186279	1376.199707	1143.329956	3799.467529	593.8151245	1691.853027	2900.490234	909.3630981
Q99N85	77.30446625	137.851593	169.6757965	68.71651459	152.133255	88.14702606	49.01787567	48.79514694	167.8647308	48.20933533	24.35911179	74.16901398	144.1264954	169.7660217	139.5189972	451.6757813
Q99N87	495.1409912	664.4524536	843.5236816	618.1660156	545.0375977	608.6921997	401.5848083	498.4486389	499.6066589	583.0562134	439.0291748	446.7070923	421.2352905	556.2529907	407.0332031	543.1747437
Q99N89	108.8696365	183.6474304	265.9142456	200.7727509	171.4826813	87.01695251	95.76933289	162.5674286	152.5649872	64.48288727	161.1742706	56.15397644	276.1437683	82.21234131	180.6442871	199.0523224
Q99N91	193.7024994	82.40378571	203.9451599	81.775177	25.95729828	82.0256424	62.10340118	28.03680229	219.4484406	142.8791809	80.95838165	174.1802673	86.60798645	125.8907166	164.2923126	0
Q99N92	130.4709015	114.0681915	164.9802094	151.1034088	107.606102	85.66079712	128.2011719	122.1927261	46.67247772	166.7402496	61.71663284	118.4333725	100.0326462	49.58711624	121.6700287	96.77120209
Q99N93	138.9855804	235.7934723	177.1177521	120.4852219	47.91687393	125.1777573	120.6359787	153.2014465	137.8335419	118.2309113	203.5053558	89.92352295	126.2643509	163.584137	182.91185	0
Q99N94	162.914566	153.9962463	251.5084686	201.190567	148.810379	198.1438599	92.16270447	159.1256561	161.434433	170.6555634	171.2470245	123.3225861	146.5243683	179.3787384	147.0709991	250.5791931
Q99N95	365.4147034	571.7727051	548.7155151	405.1326904	287.1295166	379.9945374	234.8547668	224.9987793	158.8651886	249.6348724	341.213501	333.0584412	195.604187	272.8044739	324.6869507	977.8686523
Q99N96	140.2761993	174.0117188	192.897522	162.2555084	101.4451523	163.7932739	89.0887146	147.7688904	195.6083832	137.3056488	233.062912	157.5757294	161.1897736	210.4098053	258.413269	473.6744385
Q99NB9	221.1711273	217.2941742	287.7905884	261.4645996	317.6205139	331.1061707	472.4536743	322.9085083	376.114502	318.8292236	342.5063477	336.6773987	290.1783752	322.8166504	263.4850769	364.5706787
Q99NF1	75.1044693	91.60942078	53.1021347	134.822876	17.97062302	136.5896606	58.22742462	130.1004486	91.53726959	82.01255798	89.64060211	59.16541672	106.3761978	106.0633621	114.0242538	111.5599594
Q99NH0	54.74085236	0	15.81135941	0	57.60479736	0	126.4326782	208.2097168	18.80917931	0	115.1283875	78.1322403	26.05078316	0	0	0
Q99NH2	99.04125977	83.51977539	18.1579628	70.83975983	25.00109291	69.7773056	13.27522087	47.63681793	19.58633804	25.33328819	66.24568176	42.64457321	55.03052521	11.66797638	0	104.2720795
Q99P27	222.0964661	195.6528625	122.9737473	77.66420746	313.6345825	334.5438843	102.9832993	218.8959045	216.9925842	225.1992798	244.5704041	118.0643158	341.5688782	189.7060699	258.6573486	282.0993347
Q99P30	13677.34668	15656.47949	10771.96094	11528.8291	5306.912109	11027.76758	4416.361328	7850.916504	9447.634766	13225.73047	10611.19043	8514.078125	10491.75391	11796.09277	11193.54688	5987.263672
Q99P31	75.60503387	99.45667267	57.93048096	30.18147087	55.65699387	63.61933517	95.80609131	87.39762115	28.72424889	0	29.22540283	48.14551926	73.48576355	26.22466469	67.69726563	0
Q99P72	81.02248383	78.40106964	179.9778442	130.259079	419.2597351	281.8890686	365.1281128	240.2911224	111.7468338	242.0419159	241.3964844	216.2948151	302.6767273	210.2805481	52.42367172	213.4455414
Q99P88	120.9829483	77.59779358	118.4747009	85.91981506	87.62225342	168.5971985	182.3436584	107.5174637	94.32128906	92.91252899	142.2863312	177.9968109	80.53913116	130.6583405	139.7714233	105.9965668
Q99P91	546.5184326	985.0810547	60.28065872	230.7097626	703.5128174	34.86446381	3862.214844	65.23443604	21.53812218	71.4799118	253.973526	29.36370277	45.87175751	105.5285568	0	184.4025574
Q99PE8	63.06999588	81.60493469	38.18928528	96.73007202	142.8777771	248.1748962	149.8244781	149.9120789	176.3677216	163.6702728	198.6745148	63.61951447	167.9654541	115.9040146	101.7288208	186.1017303
Q99PG0	6404.379395	5783.729492	7045.484863	6561.598633	8193.964844	6911.54834	6015.776367	5125.741211	6710.515137	6461.145996	6543.554688	5951.861816	7364.176758	6251.475586	6921.379883	8276.362305
Q99PG2	20.32765388	74.757164	107.7875671	52.24747849	86.3254776	44.63201141	109.8526459	83.78672791	54.49566269	50.99284744	80.07912445	64.71916199	92.82878113	108.7858887	78.01218414	0
Q99PI5	98.86486053	125.7847595	76.90679932	98.74981689	152.3928833	173.4559631	80.67288208	270.0471497	120.6735382	140.9648285	77.18553162	176.0172119	221.3143616	171.6273651	135.4970398	366.7437134
Q99PL5	1529.422363	1607.183594	1381.391602	1671.301147	1645.30603	1914.322388	1383.760742	1570.257446	1653.895508	1460.834595	1225.629028	1395.852173	1401.229492	1671.244263	2059.711426	1617.883301
Q99PL6	104.0164642	85.34697723	81.9797821	73.39260101	35.42542267	78.26059723	67.15784454	38.59846497	24.77817535	39.58184052	66.85772705	41.74847794	69.71130371	85.87953186	61.722435	121.4574051
Q99PM3	0	77.08085632	80.19327545	14.95379448	25.54395866	31.38333702	98.79545593	167.7810059	0	37.38234329	52.05735779	79.09265137	17.10042	72.40548706	62.98970032	0
Q99PT1	2018.518433	2207.109619	2365.312744	2202.505615	2822.071533	2155.262939	4820.848145	2270.866455	1605.122314	2774.580811	2532.819336	2414.393311	1535.39563	1987.459839	2056.433594	2659.37915
Q99PU8	49.1043663	123.6767807	86.53575134	94.78575897	54.62751389	68.83965302	74.59792328	106.1148834	48.4031868	74.76013184	94.25741577	95.5929184	101.4743271	105.2246552	138.0576935	55.14946747
Q99PV0	219.9260101	253.2122192	211.7614899	250.8235931	285.2949829	301.5923462	356.1802979	248.5017242	254.4039764	299.5360413	279.4879761	281.4191589	233.596756	241.8252411	240.1896362	413.9142456
Q99PW4	130.2353363	101.9250107	218.7712555	162.8373413	236.2657013	76.55964661	285.4498291	144.1887207	31.61505699	192.8712769	58.19753265	197.3722534	78.68005371	189.6374512	166.2210541	100.2935104
Q9BCZ4	52.82094955	0	47.70002365	0	0	62.78396225	54.05545044	0	12.31041241	41.62337494	17.06438637	27.41327858	27.00898552	25.65695763	6.333251953	0
Q9CPP0	6.396972656	42.01251984	32.82422256	37.67504501	43.60596466	0	238.7879944	0	20.60429573	96.4924469	0	35.15067673	95.73410797	22.17568016	0	98.49642181
Q9CPP6	2272.5625	2316.823486	1720.985718	2695.664795	1468.770874	1719.981934	1621.109131	1819.998901	1955.736694	1922.359009	1839.077271	1966.853638	2055.367432	2548.506836	1850.139893	1606.570068
Q9CPQ1	2566.959717	2089.337158	2511.916992	2252.2771	1854.223145	2137.243164	857.7872314	970.3517456	2318.626465	1752.296143	1998.527832	3096.567383	1949.97998	2678.152588	1519.550049	2635.658936
Q9CPQ3	457.8217773	508.7828369	488.3631287	591.4552612	643.121582	470.8250732	492.6277161	321.5621338	352.1073303	400.1575928	267.3875427	364.8253479	441.1224976	434.9227295	405.0906982	248.3524475
Q9CPQ8	2275.745117	1822.486206	1877.885498	1907.982666	1193.652588	1853.741943	1587.010864	1176.960938	1769.16626	2132.73999	1469.737915	1686.19812	1626.911377	1494.679443	2091.931641	1842.103149
Q9CPR1	74.34973145	97.11347961	110.891571	92.24183655	81.32194519	84.24694061	197.689209	96.02697754	134.6788025	93.5971756	87.04160309	122.3301926	0	69.0055542	70.49732971	96.48435211
Q9CPR4	3284.309326	3626.479004	3786.047852	2824.256348	3234.601807	3035.164307	3707.157715	3916.254639	3422.286621	3774.944092	3120.186035	2594.396729	3265.734863	3467.081299	3918.961914	2369.486328
Q9CPR5	145.7266846	307.5003967	150.2432251	231.2209167	128.7059021	199.1273041	168.5178528	187.5066833	301.0731506	245.5177002	299.5058899	103.5797424	146.0164642	234.7867889	187.7125702	337.5423584
Q9CPS6	139.1188812	36.33589554	75.1542511	127.7615051	79.26450348	145.8995667	48.2371254	45.1644249	110.798996	110.8432617	98.19504547	71.89722443	83.39468384	135.6866913	112.5421371	127.5501022
Q9CPS7	0	0	37.33854294	0	90.10514832	0	124.5569687	0	0	18.55836296	0	0	18.61444664	5.216537476	15.45346546	0
Q9CPT3	300.8319397	126.2296448	190.4849548	184.3500061	80.1557312	172.5244293	207.2763214	204.1025543	219.0259552	104.45504	88.38726044	182.2871704	122.5384369	138.8746338	150.275589	390.7776184
Q9CPT4	1228.150879	815.9281006	843.2080688	629.3208618	1457.527954	1337.219116	1304.987427	1206.433228	828.5279541	1446.909424	1055.792236	821.7324829	811.017395	791.4196777	1058.734985	621.4365234
Q9CPT5	58.10340881	0	45.58278275	20.07626534	51.49336624	85.26966095	81.66958618	23.88946152	13.03748131	44.96934128	44.32376099	7.133402348	43.54620743	41.8757019	30.96741676	0
Q9CPU0	13037.66211	12259.82129	14044.39063	12637.41211	12545.56348	15042.58984	10636.17676	13372.73047	16671.90039	15127.69043	13282	15567.96875	15503.70605	13481.06152	15820.92871	15977.4668
Q9CPU2	243.4717102	434.4907532	388.6983337	120.1225128	281.257843	328.625885	246.4240723	149.3687592	304.5397949	525.9829102	202.5861053	410.019165	294.9924622	499.5345459	281.0550232	180.1651459
Q9CPU4	48.66793823	119.9702682	54.34646606	53.72815323	36.60616684	38.61274719	39.90870667	77.62511444	34.35521698	76.69668579	101.819664	53.20432281	44.93320847	79.91638184	53.50251389	417.2537231
Q9CPV3	34.24356079	67.56777954	28.28988075	36.00003052	11.69403267	0	118.0716019	0	44.32380295	12.4138031	75.95075226	48.02174759	26.47018051	45.37121201	31.82392693	103.5664215
Q9CPV4	1501.845337	1477.509644	1404.894897	1498.415894	1221.042358	1385.834473	1591.889404	1372.895142	1251.632446	1456.476929	1539.444824	1402.315674	1173.857788	1452.634644	1502.821045	1889.995972
Q9CPW2	99.79081726	71.69431305	165.8933105	88.63874817	71.36077118	56.38466263	67.37986755	116.5249939	108.683075	173.3006897	57.08940125	106.1263885	72.81127167	68.47025299	147.9727631	0
Q9CPW4	815.9127808	830.3150024	840.0858154	800.3458862	674.2841797	979.454895	1598.432007	1088.303223	846.8322144	830.7490845	1238.785034	630.380249	1092.002075	619.9919434	905.8029175	1038.481812
Q9CPW9	131.0318451	108.6392517	26.71937752	69.14135742	89.70895386	51.11777496	28.27079773	53.8625946	40.40916443	88.38076782	58.8012619	55.84704208	55.70791626	34.68884277	46.91078949	0
Q9CPX6	716.18573	717.211853	287.8580627	435.5090027	502.5740051	599.8358154	616.8703003	385.4335022	560.0579224	591.1821899	621.9896851	405.360321	489.1152039	438.206665	427.9621277	688.7155151
Q9CPX7	181.411438	194.8577728	236.9398041	275.7443542	238.7403412	138.7245483	218.78479	242.4426117	179.9248352	174.668335	230.5301971	139.65448	158.0257111	234.0714874	268.6105652	201.864563
Q9CPX8	3093.953125	2117.216797	1634.651001	2831.551025	1693.834229	2088.822998	2352.639404	2402.917236	3101.115479	2972.847656	3356.541504	2681.372314	2726.375	2399.174072	2799.871582	2903.026611
Q9CPY1	99.24032593	82.5715332	103.9479065	136.8252106	108.6910019	125.6831055	139.3511047	90.34729004	112.0855942	135.8385773	149.1578827	126.3711472	146.6599731	132.4940948	94.78148651	0
Q9CPY7	6721.584473	6109.970215	6919.37793	7700.118652	6658.401367	5692.671387	4917.926758	6540.631348	6796.298828	7205.955566	6552.470703	6573.121094	6932.38916	6052.238281	5648.009766	7861.942871
Q9CPZ6	106.3509064	33.27257538	15.58363724	102.070282	28.89270401	54.75030136	130.1690826	148.7219696	0	97.92683411	163.7034149	60.05166245	79.46744537	88.0984726	49.83650589	0
Q9CPZ8	142.2251129	284.8994141	286.488678	273.4686279	275.4034119	295.1756897	93.32496643	0	149.9213562	138.2054749	283.6329346	120.5356522	103.5593033	166.1024628	268.601532	204.0775757
Q9CQ02	98.61626434	67.23872375	71.11504364	74.46204376	69.38686371	84.69992065	156.0281525	58.51667786	107.9648819	199.2393951	65.84712219	149.3937531	66.70700836	91.65350342	50.9718895	202.7283325
Q9CQ06	199.5054321	147.5596161	203.2918854	183.2375183	220.5824585	214.4105225	104.3591003	220.2737122	135.96492	159.9790649	261.028595	151.6809235	187.8039856	116.5085068	162.1547546	46.21598434
Q9CQ10	163.5086365	199.4661713	184.0463409	209.3756256	107.3748856	285.3862915	253.925705	202.0002899	65.16582489	190.4180603	189.649704	104.6487045	172.8142853	193.342926	142.0932465	220.0086365
Q9CQ19	58.58294296	21.96545792	68.594841	63.54023361	62.63603973	34.90190506	63.10881042	112.5233078	41.49455261	45.73479843	55.45859909	75.52242279	71.13014984	53.99044037	54.58645248	0
Q9CQ22	117.6504669	164.2134857	179.2826843	162.1073914	182.5036621	142.1111755	245.845047	212.2741852	157.4883118	172.998291	128.3775482	115.8414536	174.4589233	176.6156006	204.0506897	210.0812073
Q9CQ40	181.0140839	133.2069244	280.0618591	133.9256439	165.7454681	164.3402405	79.24993134	115.5921707	179.6552429	155.9399109	139.5328827	205.5572968	197.5134277	177.7742004	155.5561981	208.1893768
Q9CQ43	70.15757751	27.26129532	15.09401035	57.87046814	90.77494049	51.3033638	39.87311935	0	38.38818741	88.97122192	77.98239899	116.1363373	45.44454956	0	30.98782158	85.93512726
Q9CQ45	44.800457	158.3695068	49.5760498	24.10075188	88.96389771	40.46190643	39.62517166	81.99864197	27.19368172	7.411190033	118.7878113	19.1274662	43.96925735	41.94760513	68.80269623	251.206604
Q9CQ49	130.2043457	217.1853333	45.28943253	56.7753067	77.93566895	133.2505646	52.47726059	106.588974	80.84213257	50.84772491	104.5043182	122.5574722	119.7491913	26.24824142	67.14456177	0
Q9CQ54	1373.219971	1168.589355	1505.634155	1510.875244	1225.796509	1023.885559	564.881897	772.8634644	1013.345154	1013.473694	1213.774902	1047.341675	958.0540161	1372.339844	1266.928345	1025.553223
Q9CQ56	44.49742126	91.33578491	77.61954498	72.36465454	71.43464661	77.51580811	119.8327026	20.58346939	60.5737648	35.14057159	89.40100861	80.07032776	92.50831604	57.15262985	102.872345	0
Q9CQ60	1549.246582	1042.080322	1485.090088	1517.697144	1445.209961	1561.669067	1732.580566	1657.401611	1255.410767	1203.621338	1752.402222	1726.039795	1460.767456	1310.84082	1373.641357	1640.928833
Q9CQ62	11013.86328	12162.85449	10931.43359	11224.54199	9373.632813	10434.50879	8409.65625	10730.13379	10637.13281	9722.063477	9583.133789	10289.92871	10425.21191	11298.97461	11398.49316	9048.615234
Q9CQ65	503.4702454	619.4407959	465.7408447	461.5272827	496.2612915	464.2998352	621.7739868	463.0296021	476.4953613	459.8442993	525.9686279	395.2012024	481.6864929	439.5628052	410.4373169	933.1723022
Q9CQ69	5456.644531	5520.878906	5115.997559	7245.180664	3715.756348	4526.72168	3805.525146	2913.240479	5541.654785	4359.90918	4217.953613	3917.76709	3521.263916	3248.450195	3262.100586	2331.052979
Q9CQ71	37.61032104	65.70244598	35.03558731	29.60263634	23.76261139	18.09107971	76.36361694	12.52616596	29.79874039	40.15340805	22.02844048	31.80705833	23.90153885	69.70497894	58.36215973	225.6553497
Q9CQ73	111.0285645	149.5611725	89.83126831	102.446907	116.8024139	132.4378052	123.1720734	114.2881622	132.1124115	139.3465729	107.8104019	76.62386322	83.72206116	106.6510925	96.19441223	154.3144836
Q9CQ75	1424.907837	1427.577148	965.7954102	1124.509399	1109.179077	849.750061	879.8039551	1329.213745	734.7380981	1146.221924	861.3527832	1052.790894	770.0236206	848.3248291	1178.000244	611.9537964
Q9CQ80	187.5289917	230.9691467	177.1860962	132.749527	254.1306763	139.1759033	252.7467804	193.8496094	169.9633789	136.4051514	202.0973206	225.6596527	188.1609802	155.9194183	200.1453857	350.6184387
Q9CQ85	230.1669769	72.45065308	89.68686676	176.4592896	216.4802094	251.6940918	125.0756989	207.3119202	251.0282593	72.73005676	155.9277191	144.8609009	124.2118912	308.7839661	125.6054916	0
Q9CQ86	138.5728912	199.6484985	133.4290771	291.4353027	168.4565125	238.9009399	383.441864	270.5473938	73.34098053	279.5941467	349.947937	274.4270935	152.1159821	124.8000946	153.6095886	242.2201233
Q9CQ89	563.9244995	447.2395935	492.3758545	673.4052124	642.8678589	592.6448975	509.6282043	599.2197876	583.5160522	411.2739868	575.8483887	525.3981934	462.2068176	441.807251	452.4460144	278.7180786
Q9CQ91	765.3049316	894.7818604	1027.151001	743.024292	675.4568481	596.2210693	640.9470825	627.2443848	435.4670105	795.3815918	577.953125	445.6014709	603.5714722	656.7402344	657.9987793	468.6853638
Q9CQ92	485.9998169	254.1591339	371.587616	364.507019	402.8362427	455.0458679	598.2860718	570.34552	409.1663513	402.8722229	600.6820679	392.3315735	467.3705444	498.4095764	453.9323425	176.3429565
Q9CQA1	97.12480927	41.11082077	56.92278671	119.3997345	164.0224609	97.96502686	180.2832642	152.4661102	95.87799072	68.48451233	26.0887394	69.16410065	105.5425262	89.7543869	156.1382446	57.93881989
Q9CQA3	11643.81738	7812.676758	7611.727051	9437.291016	5537.004395	7510.475098	4568.850098	6725.006836	7336.022949	8828.18457	6764.671387	5554.090332	6126.44873	7153.421387	7556.48584	7091.391602
Q9CQA6	1.230809808	36.24533081	0	69.96359253	46.17712021	0	6.994126797	130.4555817	8.680768967	0	71.03964233	13.70281696	25.48914909	0	55.75365829	0
Q9CQA9	5.390543461	36.25	103.3473587	94.48057556	55.72997665	73.82039642	96.96491241	0	0	99.67391968	88.67337036	64.8151474	70.68352509	57.55096817	0	0
Q9CQB2	244.0357361	153.0919647	134.0826111	88.50943756	146.5379181	239.9346008	131.143219	163.1367188	165.2631989	256.9740906	85.91317749	67.16670227	119.818985	294.5473022	105.1600876	0
Q9CQB5	408.9642944	366.4576416	392.4381104	314.5715942	355.9265442	352.5549622	420.1208191	295.08255	323.6843872	417.5517883	255.5622253	331.8570251	418.0231934	225.6055908	175.6613007	300.6225586
Q9CQC6	457.4455566	462.2144775	492.8936768	495.087616	700.9418945	467.1985168	709.3117676	597.656189	484.4682922	526.8200684	449.5178833	619.1352539	575.5181274	437.3177795	532.1156616	582.9645996
Q9CQC7	1819.889771	2034.686768	1767.348022	1866.796631	1286.968262	2446.013672	1868.416626	1343.212158	1963.134888	1984.810425	1417.466187	1499.161377	2358.207764	2150.246094	1359.967651	1166.733765
Q9CQC9	2690.98877	2733.681152	3653.783936	2854.246826	3736.444336	3811.335449	3819.657227	3012.473145	2697.291992	3047.075439	2973.848633	3398.661865	3057.828125	3206.488037	3157.025391	3216.709229
Q9CQD1	1344.034546	798.0180054	1093.831177	939.15979	1619.261963	1197.833008	1731.359497	975.3056641	1423.720215	955.821167	1200.651123	1072.775146	1969.54834	1267.406616	1480.71106	1216.248657
Q9CQE1	2077.827148	2178.772217	1772.855469	2173.341797	1532.473145	1907.02063	1937.812256	1925.946411	1754.627686	2086.263672	2050.623047	2001.050781	1911.099854	2076.250977	2206.64624	1875.111084
Q9CQE3	204.2312012	181.1560211	371.9932861	344.8771057	147.3668213	319.2638245	88.53181458	231.5027771	204.6144867	201.5401001	91.78483582	191.2293549	144.5590515	285.8782043	340.5108032	85.48123932
Q9CQE5	0	0	0	548.005188	0	0	252.7418365	790.2896118	292.8243408	111.1655655	568.7579956	0	0	0	725.1984253	0
Q9CQE7	47.68163681	0	80.94119263	55.35520554	94.11683655	80.21437836	24.72994423	82.82123566	63.70452881	141.9661865	49.36930847	51.84130478	162.2550201	25.79443932	18.83202553	79.73747253
Q9CQE8	540.9248047	365.7492981	681.2391968	575.3258667	713.6627197	584.6547241	721.8389282	637.3659668	424.85849	598.2993774	566.8982544	697.3433838	629.9812622	581.0786743	602.0461426	561.7719727
Q9CQF0	211.149765	295.2281799	263.6904602	327.0536194	303.8945313	224.3716278	145.0822296	209.3647614	230.4632111	151.500824	289.7259216	162.8758087	295.987915	230.2669983	255.93367	281.5180054
Q9CQF3	376.0905151	315.4704285	346.7943115	251.1363525	379.6273499	282.0202637	394.6775208	341.0616455	400.5760193	398.2346497	287.8192749	359.7332458	323.8752747	313.8385925	281.2185974	358.8258362
Q9CQF4	59.72089386	88.28152466	70.67662811	74.13047028	48.98729324	76.12528992	87.33292389	48.81965637	88.39458466	63.34117508	23.02726173	54.00315857	59.54341888	29.50879288	46.21493149	0
Q9CQF6	95.66544342	79.73558807	79.46848297	82.83222961	55.56179047	87.91625977	64.23053741	37.18497849	74.95158386	96.77602386	84.00557709	65.37306976	112.2444992	105.7171402	77.57855225	32.02817917
Q9CQF8	185.3687592	160.6074524	204.2526703	128.5197449	29.19758415	50.74950409	30.15507889	102.7797089	34.45728683	154.8929291	120.9847031	130.517868	37.90262604	94.90266418	110.5034256	197.8607788
Q9CQF9	796.3882446	899.9302979	1013.451416	1003.513123	1117.796997	1067.198975	1059.634033	1015.388123	738.7042236	952.0712891	984.9127197	767.5490723	877.3411255	819.7732544	843.9523926	857.1863403
Q9CQG1	83.24456024	73.84474182	107.0221558	139.0471954	110.7624512	105.3059158	127.2358475	104.9735565	137.1696777	107.2585526	91.87815094	108.8428726	160.2665863	105.6265106	125.6369171	124.4277573
Q9CQH3	1325.443726	1543.559082	1827.604126	1502.230713	1101.596313	1447.964844	697.427063	712.6843262	1380.653198	872.7659302	1408.263794	1005.836365	1291.020752	1263.352905	1307.569824	1592.567017
Q9CQH7	220.3278656	303.7920837	450.5256653	487.4639587	189.3213196	432.1957703	419.256897	484.4786072	346.8320007	356.0195923	389.1624146	344.2429504	318.215271	330.3727112	489.5144348	309.8245239
Q9CQI3	181.9733582	218.4562531	263.1421204	338.7861023	298.5792847	235.1222076	576.0976563	454.5734863	298.994812	396.2018433	216.0485382	392.0774841	389.3815613	340.1813049	323.2674561	235.6811371
Q9CQI6	682.4729004	692.7473145	497.0368042	872.911499	1546.058228	972.8403931	4322.02002	1577.169067	1082.899048	1002.238037	965.5092163	1169.046753	1035.592285	764.2831421	1016.980652	993.3702393
Q9CQI7	173.0124969	74.99428558	69.14613342	80.57138062	234.2958832	80.53126526	134.4089661	196.7340546	143.3768921	62.44592285	64.29760742	115.6026688	139.4387207	36.65932465	31.61390114	54.68058777
Q9CQJ6	78.48725128	122.5658188	141.4816132	144.512207	71.98410797	186.6065369	112.8642349	216.1862488	112.2466583	101.2161102	117.5459137	137.6369476	177.3121033	104.3875122	148.5229034	250.5642242
Q9CQJ8	808.0837402	772.5690918	1118.322754	1005.13916	752.6443481	916.1026001	449.3770142	705.4669189	657.3486328	505.5666809	699.6569824	1104.188354	561.991272	911.5291748	747.5927734	656.9544067
Q9CQK7	189.1569672	161.1163483	205.9076996	214.243515	264.6265259	164.333374	233.0721283	370.4757996	190.475647	232.0440826	191.4349518	167.830246	180.2833862	199.1773987	279.0603638	254.8610077
Q9CQL4	140.5828857	171.2923737	172.4294586	132.7607269	77.66544342	201.6465912	58.90958786	96.27085876	175.2354736	142.7053986	192.335495	107.9708939	49.2476387	135.5111542	204.7703552	101.0618744
Q9CQL5	110.1027603	267.5688477	128.2457581	143.1454926	122.7031326	120.7276611	118.2369003	111.5519943	230.2821198	118.8718948	218.1593475	276.4753418	135.9073486	105.8782806	138.5646057	259.7492065
Q9CQM5	726.6686401	626.7836304	563.8101807	440.9082947	637.1553345	496.1202087	745.510498	635.8692017	427.9245911	349.8666382	401.5431824	709.2900391	887.3651123	565.4733276	645.2228394	1751.53894
Q9CQM9	900.8539429	1053.918457	1047.418091	714.9268188	1077.942139	919.020752	1091.020996	878.2716675	1145.192505	790.6720581	1017.849426	923.484314	809.7991333	734.9473267	981.3908081	1090.69519
Q9CQN1	2583.099854	3200.295166	2791.321045	3071.814209	2415.088623	2881.535156	2116.926758	2717.876709	3020.233154	2656.558838	3147.823242	2752.342773	2786.130615	3005.32959	3023.245361	2745.140625
Q9CQN3	483.8196716	640.230896	500.3508301	406.959137	412.8614807	458.0943909	437.2708435	323.431366	308.2186584	419.1807861	495.4187927	400.6670227	457.4652405	466.9603271	425.2225647	871.1525879
Q9CQN6	892.4616089	608.6483765	780.3643188	496.5726013	391.0804443	301.2807312	282.5969238	379.2120972	350.7186279	409.7566833	444.7256165	473.9567261	183.8374786	473.9454651	365.9518738	1087.579346
Q9CQN7	139.0707397	148.5693359	192.2529144	152.3482208	115.210289	88.68412018	140.9234314	128.8690643	131.3791046	86.10267639	138.641037	97.67563629	106.5642624	148.3319855	186.0689087	190.6067963
Q9CQP0	91.5382309	188.7036133	64.73736572	147.374649	18.71343613	72.9631424	108.1565475	111.6759109	88.68759155	66.23052979	91.78523254	133.61203	57.75059891	106.5603027	73.64545441	0
Q9CQQ7	6503.09668	5107.129395	4697.517578	5563.008789	3581.849121	4100.218262	2246.036377	3241.560059	3902.334717	5060.777832	4386.878906	4063.941895	4309.672852	3425.431885	4471.593262	2847.346924
Q9CQQ8	391.1227722	342.3526917	242.5892334	230.3551025	381.8804932	81.41350555	281.973877	486.0967712	510.2626953	230.22052	212.8848572	199.7844391	112.9788971	355.9924316	71.34329224	317.3776855
Q9CQR2	2413.111572	2700.962891	2549.018799	2417.781738	2267.296387	2618.22998	2475.424316	2357.314697	2002.407227	1505.53418	1885.304321	2291.68457	2389.843262	1904.957153	2618.741211	3529.048096
Q9CQR4	1048.517578	936.4472046	893.5985107	1199.312134	866.6241455	788.8456421	811.6870117	907.5951538	877.3859863	847.4608154	1133.965698	967.8482666	1070.511841	989.1942139	913.0965576	1235.764038
Q9CQR6	215.8589783	192.1914978	209.9443359	226.6646118	121.9458008	83.83959198	200.2752991	184.7913361	138.1461182	171.7290955	227.0470886	187.3740997	234.2234802	239.3234253	282.4634094	357.4972839
Q9CQS2	72.99460602	27.96046448	93.88938141	84.44159698	131.8224792	76.90351868	156.6740112	73.97047424	31.24110603	113.1324692	39.17126846	110.7269058	72.47814941	48.94404602	78.8074646	136.6713409
Q9CQS8	337.4704285	379.9285889	225.3965759	499.195282	675.8048706	872.2168579	1304.826172	658.3170776	448.927002	173.9632111	314.2844849	968.0595703	989.574707	1124.36731	533.5862427	736.6456299
Q9CQT1	343.4267273	381.9386597	312.2457275	511.4205933	243.5679321	196.5951843	449.7304382	427.8226929	445.856842	515.694397	456.9639282	305.6663513	313.0065002	282.18927	293.6201477	356.5360718
Q9CQT2	18.06521988	0	33.97783661	28.48661995	3.782521963	0	125.2960815	109.3874588	22.60915184	34.76940536	0	4.628445148	91.76025391	27.10279465	49.55443573	0
Q9CQU0	954.1716309	774.2094116	907.553894	1009.995911	1396.002563	1088.528198	1346.7948	1463.048828	1122.533203	920.3901367	989.6744385	536.142334	1241.967651	561.6878052	1047.865234	671.8700562
Q9CQU3	327.9489441	329.5816345	338.5514832	409.8759155	358.2377319	331.3006287	340.5995178	315.638092	387.5814209	454.3336182	384.2808228	259.2932434	240.3280334	422.8729858	352.5539856	270.5473022
Q9CQV1	56.49547577	176.0343933	161.5832214	131.1199646	69.85694885	95.71001434	86.85171509	29.84367371	82.60113525	74.88286591	72.67680359	129.5269928	62.97694016	51.12044907	104.2805099	80.70223236
Q9CQV4	302.2486267	336.8193054	353.7844543	250.4049072	363.3769531	278.2655334	346.8002625	346.6130981	359.311676	202.5553894	290.4144592	142.0174713	390.1959229	269.7798462	172.2733612	217.5804749
Q9CQV5	375.2411499	411.1283264	373.6808472	409.7463379	255.9891205	318.9519958	199.7605286	238.7339783	122.9486771	398.8354492	147.1098938	310.3835754	265.5116882	353.4191589	310.3049927	191.4275208
Q9CQV6	143.93573	262.4286804	142.5137177	205.0855408	152.5323639	220.9930115	279.3164063	178.3774567	230.7634888	292.319458	311.4932556	232.7391357	210.7878723	120.5564651	150.639389	335.0773315
Q9CQV7	130.598526	222.5090942	256.6239319	167.6481323	59.80128479	191.2316437	212.7269135	228.5443878	253.3223724	175.5449677	207.9443512	232.1583405	86.59690857	181.6192932	247.603363	190.8996735
Q9CQV8	16221.38574	14473.77832	14373.66016	11966.71484	17285.89453	13672.53027	20428.50195	15507.5918	17913.25781	16343.30273	17523.56055	18497.87109	14616.00488	14608.83789	15940.75781	14350.4375
Q9CQW0	234.8602753	184.9618683	154.8079987	250.3478546	232.8517151	639.6044312	158.8317719	294.2565613	155.1262665	27.93670082	388.5710754	468.4380493	182.4337006	360.4448242	362.1608887	518.4122314
Q9CQW1	184.2471313	213.3526917	226.8745117	217.9115295	205.7060089	221.2219849	332.4993896	195.6341248	198.0596619	194.1968536	272.8759155	187.9971924	263.8232117	209.0219269	271.1603699	201.6464386
Q9CQW2	301.1269531	346.2562256	301.8945923	352.6454468	291.5685425	445.612854	628.1988525	463.87854	353.801239	526.6138916	405.7959595	367.606842	411.6046753	499.9683838	363.3034363	272.4848938
Q9CQW3	133.9753113	69.83060455	0	76.37993622	120.504097	79.56299591	102.150528	109.7659454	0	0	63.56362152	0	122.3182755	105.4578629	0	0
Q9CQW9	98.24131012	29.77747345	328.2988892	455.8680115	172.228241	355.4089661	127.1638565	701.5040894	145.7896576	101.3076706	88.28990173	144.7478943	260.2470398	110.2818298	121.3054733	198.3631134
Q9CQX2	3558.47168	3411.436279	3618.391602	3983.0896	3911.537598	2838.946289	3602.808105	4218.194824	2708.57373	3067.108643	4379.162109	2293.896729	3708.241455	2912.049561	3852.636719	3434.310303
Q9CQX8	397.756897	337.1263123	403.643219	239.9033661	298.1372681	177.5657806	402.2492065	101.7987289	274.0093384	171.2760315	387.6499634	164.9429474	244.9747314	254.3022003	279.6713867	299.4216309
Q9CQY5	288.8843384	468.7534485	262.1659546	439.187439	511	325.3807983	509.2562256	295.0272217	362.079895	313.1388245	279.434845	496.381958	216.6706543	231.7416382	355.0083313	882.1640015
Q9CQY6	91.22972107	98.66146088	52.54687881	84.80644226	83.0138092	159.8936462	77.04616547	37.79754639	54.84121323	82.4896698	73.91498566	97.40465546	98.64221191	99.00515747	91.37744904	0
Q9CQZ1	210.3507996	0	159.2552643	0	269.6375122	114.2524872	310.7940369	118.881485	119.3196182	23.63902855	181.9942474	0	172.8993225	63.90076447	70.57000732	0
Q9CQZ5	1895.112793	2251.282471	2485.206787	2784.134033	2048.94165	1810.592773	2136.195313	2306.610596	2078.000244	2306.531006	2330.615967	2438.440674	2701.062988	2088.273682	2285.336426	2749.607422
Q9CQZ6	1390.055542	867.2373657	1182.525391	749.644043	1156.70166	990.5881348	869.3899536	861.7706909	781.1091919	1265.063843	722.2449341	765.5792236	1104.610229	879.180603	1172.887451	854.6443481
Q9CR00	315.2076721	501.6329651	520.2497559	323.8775635	654.5007324	386.3792114	532.6348877	546.7792969	222.8530426	455.4238281	577.8641357	404.4938965	373.0249634	485.6195679	533.1598511	344.3920898
Q9CR09	343.9814453	246.3243713	407.0322571	206.1142883	519.4903564	503.769104	321.5770874	251.8996582	598.5073853	359.5077209	249.552887	284.6989441	356.2596741	383.5289307	292.2731628	457.3821411
Q9CR10	169.4903412	269.9828491	188.8951874	176.8287659	0	211.2613831	87.8848114	0	112.8539658	196.1404114	105.1376343	0	222.4872742	125.0915756	147.7582245	17.79434586
Q9CR13	71.45793915	106.2000885	169.9101715	67.31981659	95.43973541	54.08180618	90.97558594	91.09313202	52.13375854	0	61.66418457	27.11366463	86.49446106	79.11482239	32.10420609	162.9298859
Q9CR16	515.121582	427.4370728	540.1242065	431.7845154	586.868042	507.7154846	417.3083801	634.5594482	593.180603	559.1760864	548.296875	539.598877	565.3183594	508.6238708	579.1479492	496.3435669
Q9CR20	483.5106506	406.7077026	302.3858643	337.8911438	268.0646667	192.6282349	249.3930664	185.6832123	338.5094604	521.3283081	169.5445557	271.4826965	211.2219849	446.5657959	446.6245117	471.2558899
Q9CR21	151.2593231	130.8301849	116.5967178	180.674881	89.1384964	159.9344482	146.1826935	139.2925568	127.7639618	129.9151917	114.6655197	69.94350433	115.7983017	137.8525848	140.9187469	199.9347839
Q9CR24	268.259613	253.0708466	202.819809	351.4113464	152.5984344	148.3626251	99.24069214	219.6708832	447.5062256	409.1326904	216.9984283	270.1965637	214.6044617	244.099884	177.2276001	185.4642944
Q9CR26	111.382019	107.6276016	111.1813583	175.3802948	108.8528824	85.80860138	175.4791565	208.3920746	157.3728027	192.9689026	85.37332153	70.19474792	87.76101685	151.0182343	221.8513794	198.7465363
Q9CR27	18.55498505	122.7969818	71.26882172	44.17759323	106.5614319	0	68.9029541	48.61819077	77.56414795	112.8703842	107.8381882	0	120.0126724	61.92890549	64.02980042	0
Q9CR29	65.59282684	0	7.265686989	25.77369308	13.29036713	64.05943298	47.575634	0	0	46.69488144	0	0	56.44245148	36.7179985	57.01872635	0
Q9CR35	0	70.96088409	24.50488281	0	79.73517609	0	205.5942078	0	9.914429665	0	32.1246109	24.33461189	0	0	0	0
Q9CR39	118.9553986	54.53536606	108.5946655	186.6015167	81.6542511	126.5366058	176.7082672	177.0024261	280.1245422	149.070343	269.4223633	276.6382446	198.316803	150.200531	129.0257568	162.1128235
Q9CR41	211.9269562	257.3795166	134.0209045	179.1588898	214.807373	187.036499	200.7585144	148.9105835	161.378479	183.8920288	259.4825134	252.6122894	310.5718994	194.1335144	227.3768311	130.350174
Q9CR51	247.478241	56.98645401	173.2688904	198.2211609	634.4547119	261.2476807	843.4266357	304.7365417	167.4389801	302.7017517	306.2031555	252.265625	345.5600281	211.5255737	270.1461792	86.04595947
Q9CR57	5326.268066	8351.454102	5753.200195	5882	4332.436523	5941.002441	7031.420898	5627.863281	8390.099609	7423.205078	9955.80957	5738.603516	3469.374023	5121.816406	5792.17627	4529.267578
Q9CR59	234.8800201	255.0763092	197.5771179	173.3163757	205.72966	143.7710266	77.67050171	119.1225052	186.0565186	178.836853	167.7552185	203.4816284	116.1854324	201.1105499	164.9143066	177.3469696
Q9CR61	547.90625	578.6195679	606.7946777	852.0358887	457.7290039	559.7803955	445.7486267	396.6021118	488.3309937	638.4337769	577.213562	427.0330505	570.8953857	743.1767578	660.3392334	365.8900757
Q9CR62	2398.906006	2243.972168	1648.438965	2338.216309	1450.373779	1656.125854	1631.051514	1660.196167	1870.281128	2054.481201	1854.828979	1709.476074	1747.855957	2456.272705	1917.962158	1495.612793
Q9CR63	40.29132843	75.81702423	7.881951332	17.774189	10.60094929	30.52398682	41.04240036	17.94220543	17.31835747	122.5123367	53.28306198	16.74258995	12.09226036	0	15.2252779	0
Q9CR64	54.26789093	96.50069427	76.47238159	23.04954529	22.73636627	91.97409821	50.34256363	32.87809372	125.4692459	84.09361267	135.1086578	40.54400635	191.6577148	61.96255875	77.37872314	0
Q9CR67	424.1653442	389.3825684	231.5927429	576.5066528	663.6668091	541.8832397	559.0947876	535.0377197	308.687561	401.7785339	344.6079712	356.3225403	348.8861389	317.8440552	376.8276062	619.6895752
Q9CR68	4279.126465	4569.604492	3625.583252	4884.077148	2846.506348	3689.017578	2595.599365	2712.129883	3915.362305	3281.190674	3146.170898	3037.347656	3626.065674	4028.571289	3978.540283	3685.525879
Q9CR76	17.00910568	66.40998077	0	15.64915752	15.83543015	26.68126488	27.60589981	0	92.86875153	21.3900547	51.17595291	70.57862854	66.78399658	13.45738792	85.99691772	55.7057457
Q9CR86	626.7486572	568.8121948	648.7767334	440.511261	743.0912476	570.6019897	642.3259888	487.5843811	534.4691162	419.694458	510.5223083	384.7175293	582.4497681	579.3778076	400.8429871	832.6051636
Q9CR88	153.51297	109.8210373	135.1795197	142.6476135	133.4714661	125.452652	124.8019485	64.63878632	218.8316345	75.90530396	118.479393	90.19717407	109.1411972	120.6647873	174.9546661	0
Q9CR89	70.35903168	124.8520508	106.1198883	102.646347	79.51115417	110.1796265	83.23558807	93.06825256	86.62441254	101.9989853	78.63004303	103.373085	66.55447388	96.3970871	90.00091553	0
Q9CR95	202.9201355	166.3064117	116.2277908	135.6282806	105.1238098	92.50819397	90.29033661	178.4843597	196.6051788	86.69922638	156.141983	127.7216492	274.8809814	109.1034927	344.1209717	77.84445953
Q9CR98	1089.686768	1035.617188	880.6389771	1182.07605	343.6004639	470.1712341	575.1876831	698.0617676	721.6561279	686.3273926	771.0053711	436.0561523	808.630127	454.4654846	620.1855469	1021.422729
Q9CRA0	113.3426514	236.2835693	0	153.3999481	270.5867615	192.9875641	356.16745	149.0259705	134.3892059	209.9391479	280.0579529	185.4836121	122.8016357	138.7691498	48.19041061	98.97934723
Q9CRA4	15.54396725	147.2978821	65.78546906	71.92460632	29.63874054	0	0	0	0	5.876072407	0	0	16.13588715	0	28.28735352	0
Q9CRA5	85.0655899	54.70162964	202.870575	143.2508392	118.9188232	187.0921326	319.2761841	302.1779785	179.6093597	264.7581177	261.3243713	122.4537811	105.49617	276.6944275	208.2222137	0
Q9CRA7	162.664093	74.08113861	62.43028641	130.7046356	95.39712524	176.088974	165.6208344	110.9237976	74.1706543	109.5905075	144.131546	156.2530823	105.0423355	122.7765961	155.122467	0
Q9CRA8	57.77292252	82.73350525	41.97920609	12.31494045	108.2010956	62.27169037	90.01873779	28.23289299	136.1562195	36.0136795	38.70329285	85.95987701	39.23747635	93.0609436	0	0
Q9CRB0	58.92672348	84.67791748	77.07051849	134.311554	80.64591217	91.35392761	79.99501038	164.0207825	66.8527832	140.7270203	193.0925293	128.5803375	84.39174652	107.3616943	71.02331543	0
Q9CRB2	155.4651184	255.4946136	381.0630188	296.1063538	182.7488403	185.1561584	375.7507935	247.5016022	116.6070099	279.20578	136.5826569	288.1386108	244.3829651	202.143219	227.5462341	245.8783264
Q9CRB3	6860.399414	7700.231445	5325.776855	4597.741211	5636.560547	5954.517578	4023.403809	5765.896484	5134.22998	4893.268555	4474.255859	4648.779297	4568.194336	5849.658203	4656.822266	6702.772949
Q9CRB8	123.6530533	90.13851166	98.68238831	159.2033386	62.36301041	67.17313385	82.75413513	54.91993332	99.6962738	68.69564056	88.81487274	117.1620407	144.7455902	121.4833755	114.9337845	283.5335999
Q9CRB9	407.4406128	642.6733398	267.7622986	567.2214355	304.3261414	322.3096313	139.6405029	349.5975647	515.7006836	246.1851959	261.0189514	339.9662476	312.7702332	256.0603638	247.3843689	304.691803
Q9CRC8	43.92666245	81.41786194	63.40982056	93.34067535	71.27765656	54.93904877	64.94480896	93.72149658	62.97108459	87.57766724	43.51274109	76.82099915	110.1593094	78.59964752	94.33279419	422.5378723
Q9CRD0	540.3314819	369.1889038	384.2312927	460.4247437	371.7743835	605.3831177	610.0627441	414.4421692	352.284729	342.1620178	504.6889648	359.1707458	436.9871216	519.3621216	548.2043457	316.230835
Q9CRD2	209.0920563	183.2724304	203.5802002	136.7378998	280.3836365	325.5632019	188.0408783	218.1172028	199.3555603	216.0979767	236.1878357	270.0874329	155.1965637	166.406189	125.2558899	301.6445618
Q9CRT8	77.30517578	94.01384735	60.83794022	65.269104	111.7501068	103.4092865	127.1555023	106.1047974	59.44981384	85.13424683	71.44490051	89.4703064	60.86313629	85.02367401	99.86104584	0
Q9CS42	1556.797241	834.7592163	805.1292725	2728.513916	798.8850708	3166.044922	650.9621582	1973.698364	2708.107666	1063.52002	1628.508179	1538.719116	1978.904907	2482.979736	1519.702148	1401.009033
Q9CSH3	92.12726593	99.76327515	68.91605377	87.63976288	64.89867401	32.03452682	165.9450836	73.73460388	57.34151459	86.76026917	117.893158	69.31984711	75.89406586	41.99230957	72.66561127	80.00415039
Q9CSN1	43.6797142	85.39794159	77.92843628	38.74936676	70.09833527	71.22272491	115.2114182	98.70597076	62.52128601	79.34085846	52.51136017	103.819397	40.55084991	67.16007233	54.16714096	51.10454559
Q9CSU0	207.7459106	116.2055511	151.3656769	164.2967529	177.4553833	199.0248718	325.4697266	172.1052094	102.4704132	167.0848846	246.8190765	240.5838776	233.3044739	122.3456573	141.6846619	182.6760712
Q9CT10	66.05916595	64.2596283	68.81781006	84.89675903	99.4616394	50.93463898	206.8932953	109.8142776	47.50100708	56.2025528	49.83112335	49.33200455	105.992218	88.1852951	47.28470612	74.75860596
Q9CU62	103.9517441	136.590744	108.7688065	117.4077225	168.3100128	220.6841125	160.6551819	144.3605347	148.6386719	166.9394226	107.7706299	179.5704651	100.4176254	101.7078094	135.3497925	104.9010696
Q9CUN6	204.6645355	141.6192932	69.17743683	53.35446548	49.5761795	94.17541504	55.62255096	122.355011	213.8794403	21.82627869	68.11067963	246.5548859	103.9681625	72.48214722	160.1005402	0
Q9CV28	161.9118652	161.8926392	19.43782425	120.6305237	29.67131615	106.2146454	101.3783646	82.0513382	75.0129776	99.54828644	52.87724304	100.8803864	110.3757172	69.88608551	87.47558594	0
Q9CVB6	1121.500122	1165.370605	958.1398315	1149.738525	1475.742432	1199.405518	1661.230591	1159.483398	1281.137573	1235.516846	923.4514771	1462.529419	1367.432861	1273.367188	1141.180054	1185.448364
Q9CW03	49.93947983	109.3751221	87.35316467	75.47233582	70.6665802	86.13869476	105.9051437	147.9711151	77.79516602	58.46212006	87.32299805	76.52429199	100.6952209	68.39231873	114.4710541	155.1655884
Q9CW42	1750.042847	1932.991699	2355.354248	1793.278564	1742.227905	1718.682129	858.0875244	1199.684082	1227.473267	1388.42749	1217.308228	1513.149414	1541.028931	1497.934814	1381.594116	1593.502441
Q9CW46	25.30704689	54.85886002	107.5428619	77.34580231	56.52445602	84.08631134	147.9241333	75.14586639	70.38643646	56.10654449	41.08188629	90.29377747	51.17903137	71.47460938	132.9788818	80.76773071
Q9CWD8	127.490715	167.3794098	144.9099121	123.9432068	70.52316284	141.5643463	106.4126129	108.6338959	81.24028778	63.21150208	99.66223907	51.71907425	96.86708069	104.2573853	149.0645142	304.3313599
Q9CWE0	100.870903	82.49794006	123.285347	90.34240723	64.29072571	41.6765976	65.61903381	20.36576271	63.91467285	51.61528778	58.7927475	29.54404449	97.63878632	40.85156631	57.69699097	0
Q9CWG8	82.03173828	95.86863708	63.43364716	91.56999207	71.93254852	94.4495697	28.79232216	67.1530838	28.73736572	61.54239273	84.22889709	95.90824127	72.48970032	93.32848358	55.33955002	0
Q9CWI3	106.8360443	234.7701721	122.0577316	194.1587067	93.05477142	170.3117371	222.3484955	126.5219955	165.6278076	127.924614	301.9963074	174.0564423	194.837738	121.1926575	102.5436478	387.9835205
Q9CWJ9	1098.485352	895.7976685	1028.656616	949.3927612	1134.971313	1018.470398	1536.08252	1095.742554	1165.483765	982.2094727	1004.916992	1037.399048	1072.41394	1045.223755	1073.171509	1241.195801
Q9CWK3	170.6455688	129.0053558	77.35881805	104.3598785	0	42.0403595	115.6797028	72.14881134	79.80574799	55.95780945	9.119736671	0	0	76.5005188	42.09240341	62.23284149
Q9CWK8	738.6005859	795.6911621	552.1020508	718.0402222	989.0263672	809.59021	982.6755371	844.6907349	626.512207	760.9873657	631.6708984	728.0845947	954.640625	583.0888062	882.8220215	1170.005005
Q9CWL8	82.76603699	110.2864838	144.4252472	110.7912292	117.8572769	79.21807098	138.8043976	97.96328735	76.85697174	110.0740814	98.45211029	145.7822266	83.66352844	91.55757141	98.79820251	199.5373993
Q9CWM4	108.0700226	85.98210144	117.071228	132.8392792	141.9074097	134.52005	384.8892517	162.2001038	70.19400787	231.6224823	172.7403412	177.3807831	132.8972015	207.8236084	152.3430481	365.1436462
Q9CWP6	168.0971832	115.6848373	92.29344177	121.8191605	158.5001678	142.9784393	167.016037	107.2813644	92.50924683	86.34792328	95.64621735	119.7431641	124.7417297	128.4443359	136.1170654	83.91578674
Q9CWS0	1874.945801	1802.385132	2037.729858	2496.159912	2163.163086	1613.085205	2298.906982	1620.951904	2080.244141	1860.571045	1727.681396	1928.740234	2504.646484	2236.945557	2503.803955	1745.175903
Q9CWU9	58.22517776	48.6125946	25.10061455	65.03387451	0	93.27792358	13.06470394	35.91525269	34.25042343	94.28648376	15.51883602	11.07180882	29.01151085	13.62421227	42.08528519	0
Q9CWW6	112.5905685	132.8501892	61.811409	73.32602692	66.00978088	93.92144012	118.9252625	109.5106354	61.41197586	95.22608185	109.3309402	71.75726318	75.89929199	89.33200073	102.05616	49.33459091
Q9CWX2	187.1583405	206.1503754	173.772049	169.6322174	103.9672165	122.7880096	101.0954208	149.9920654	146.6417084	154.0513916	139.6535645	113.4770432	108.9520493	58.26018906	188.5453491	160.7283173
Q9CWX9	36.47976303	21.83269501	91.85057068	79.28469849	72.21791077	60.18722916	108.3834152	50.54766083	83.33101654	58.75156784	95.31118774	92.6463623	115.7642975	68.44220734	69.46270752	0
Q9CWZ3	227.3774719	260.5497437	155.3938751	272.5683289	268.5294189	182.3600769	318.1973572	260.5147705	266.9181824	290.4617615	149.9103241	195.918396	111.3440704	229.9030304	130.7571411	179.0951538
Q9CWZ7	18.71121597	111.7651367	69.09476471	59.28650665	80.0672226	99.81741333	132.0579529	23.52784157	73.7891922	59.7547226	63.71354675	43.35877609	43.46741486	70.11507416	81.43297577	280.7967529
Q9CX00	165.6144104	189.411499	166.7323303	207.9599304	285.5570068	127.0892334	271.3222046	197.3146515	113.2615051	145.4373627	174.4789276	149.7092438	222.1895447	154.9692383	168.6011353	210.2077484
Q9CX13	65.05099487	0	99.407547	155.1382446	119.1386566	76.61378479	195.9811707	266.2842712	83.28451538	266.5195923	107.6435699	208.2290039	40.4499321	0	217.3651276	0
Q9CX30	8.520778656	7.116619587	30.44020462	61.71967697	53.59326935	116.4046936	39.86269379	33.82707977	106.0074692	25.42637062	65.4067688	28.99853134	30.85185814	27.97465515	87.52380371	0
Q9CX34	141.4099274	107.1140137	43.41906357	103.2615814	133.3899994	70.82610321	191.8723907	126.038208	80.47957611	97.00701904	38.86078262	102.7242126	166.5787048	77.0791626	91.32205963	172.6951599
Q9CX56	618.1228638	574.7006836	687.6491699	519.515564	672.652771	640.6980591	719.8406982	542.5734863	576.5046997	602.0620728	534.0011597	696.2752686	407.5931396	589.1555786	596.1916504	699.15979
Q9CX80	203.6993103	169.0136108	234.1539917	189.7814789	626.8349609	194.2582855	360.3631287	131.9875183	203.1911926	272.0764465	258.1626892	273.6686096	280.5536804	194.1529694	273.9559021	121.71772
Q9CX86	443.6098938	130.3053436	329.6290894	332.9067383	368.1835632	398.8726196	880.7127686	438.1401062	157.4067383	151.3352966	83.41381073	249.826004	485.2934265	551.0491333	110.4654617	209.190918
Q9CX98	68.06436157	90.79655457	76.79737854	122.6749802	89.70899963	113.7344131	64.72098541	81.06613922	73.11508179	138.3782196	85.68282318	73.72718811	96.4513092	93.41466522	126.97892	0
Q9CXA2	321.2120361	170.8442841	217.9843445	336.1899414	241.3842621	287.5949097	301.7315369	213.3370056	225.5713806	285.6572266	202.2584991	316.5961609	333.539032	275.0095215	222.9249573	226.3017273
Q9CXD6	0	0	84.40094757	0	177.0013123	35.82084274	0	24.6444397	9.684364319	56.12983704	0	0	44.58860016	23.62212372	22.5530529	0
Q9CXE7	1052.691162	1010.154114	990.5385132	967.0953979	1326.422363	1229.534302	1777.030273	1887.237671	1588.973389	899.5571289	1185.834106	741.3571777	1088.018921	808.5964966	1478.449707	1275.800659
Q9CXF0	2951.498779	3307.414063	2972.925293	3363.725098	2408.833008	2148.625	1670.442139	1880.960327	2576.25293	1900.230225	2483.503662	1642.116333	1962.225098	1806.771973	2251.956543	2658.324951
Q9CXF4	111.9560776	114.4251709	123.4350662	186.9716797	199.7224731	148.5559692	343.5880737	191.4711609	185.9117889	138.0986481	119.0848083	187.667038	176.3419495	169.996109	154.9248962	176.9073944
Q9CXI0	189.6265106	153.8804321	244.1919861	300.8786316	114.0836334	154.0019073	134.9320526	118.8720245	121.9761505	199.2003326	145.2134857	276.286438	127.5360947	242.6495361	217.1596375	183.3854218
Q9CXI5	893.8173218	617.9697876	631.0315552	899.8425903	915.428833	654.468811	710.6321411	950.4425659	832.0132446	856.0065918	751.697937	668.9457397	767.1383667	925.2481079	869.2375488	994.5267334
Q9CXJ1	67.02325439	157.1515961	50.91812897	139.091568	96.66982269	67.64526367	102.2510071	139.0354156	76.58847809	161.7896423	85.88677979	123.8687363	190.7206116	84.19049072	125.9464417	111.7695847
Q9CXJ4	116.374054	103.4570313	175.1414032	150.5621033	87.46459961	109.4925537	76.92147064	101.302475	40.42693329	146.7423096	77.62985992	93.64526367	63.19110489	95.95691681	114.8709869	113.4290466
Q9CXK8	42.92626953	0	72.00894928	12.12289047	53.80242157	35.57117844	112.637825	129.3995667	58.37727737	71.2758255	69.38251495	48.10134125	83.13739014	70.7594986	82.94540405	128.8393097
Q9CXN7	2050.939697	2479.097656	2186.799316	2338.408203	1489.644409	2101.781738	1803.249268	2726.177002	1556.420166	2719.049561	1720.286377	2337.022217	2170.848145	2517.487793	1774.175293	2773.834961
Q9CXR1	190.8174591	233.6894836	259.3250732	247.7045288	353.0755005	259.7990112	699.515564	378.3471985	185.8678741	197.0991058	394.3918457	174.8657227	171.0393829	364.8208923	259.0780945	315.5883484
Q9CXS4	440.7089844	503.5614319	450.5342712	503.4879456	429.8204346	288.7690735	389.3920593	403.6495667	361.0478821	373.6099548	443.7736511	475.2055969	428.5357361	330.4359741	223.6820068	740.4501953
Q9CXT8	384.3633423	529.9279175	320.5947571	419.656311	373.2597046	420.7930298	303.5776062	332.7022705	288.3368835	306.5091553	458.0966797	335.8927307	465.0076904	301.3693542	432.8141174	425.098938
Q9CXV1	531.2996216	769.5316162	387.2971497	384.6274719	142.58815	303.7498779	188.6839752	273.845459	382.2622681	342.0705566	334.7806702	299.9237366	151.79245	410.5065308	423.795929	267.9200439
Q9CXW2	170.6753998	162.9850922	256.8748169	222.6459503	245.334671	156.9311676	155.8314514	181.701767	170.0406799	131.4963684	176.3088989	132.7803192	183.5466919	189.9003143	150.3022766	171.8970947
Q9CXW3	443.49823	544.6974487	375.8731995	454.4510498	642.3171997	519.4485474	563.3094482	787.1936035	503.4799194	449.6181946	327.8814087	503.2894897	588.3522339	606.2057495	430.591095	451.853302
Q9CXW4	2975.060059	3279.631592	3724.55542	4068.393799	3118.278564	3617.987549	3457.627686	3772.570557	2540.236816	3166.03418	2895.650391	3333.451904	3490.086914	3473.260986	3494.599365	2987.187256
Q9CXY6	207.4119263	269.5531311	312.730011	269.8521423	371.8282166	303.5585022	271.0189209	297.5055237	292.711731	233.716217	253.9186401	321.4262695	197.2701569	212.8918915	223.810379	447.1610107
Q9CXY9	124.0498123	166.1474762	125.9166489	52.97204208	142.5384827	0	118.8106995	75.71755981	91.57083893	128.4367523	50.26485443	32.35302353	56.13580704	38.47037125	139.4129944	306.6522827
Q9CXZ1	1738.759521	1740.715698	1741.717285	1637.028809	921.1026611	1089.079468	1494.930054	1557.116333	1373.344238	1458.904907	1877.957397	1208.51062	1377.360107	1685.006958	1600.537476	1301.500977
Q9CY02	8.667714119	4.82189703	8.163433075	0	12.97176552	19.84888649	0	3.797039509	27.69581604	33.62535095	0	2.527171135	0	0	30.79096985	0
Q9CY16	137.2123413	135.3892212	198.8257904	139.1144104	69.26561737	113.177269	71.4069519	71.75304413	60.04160309	98.8190918	94.55286407	113.4906082	119.5832672	73.82685089	60.60185242	0
Q9CY18	49.84764099	125.7522888	59.10059738	103.9016113	82.56755829	82.96054077	99.114151	41.31082916	69.6007843	40.97265625	110.8534317	80.38755035	68.39277649	104.1890488	77.12197876	164.1351929
Q9CY27	567.0384521	427.934021	195.7068787	316.6500244	598.6746216	250.1158142	419.4431458	499.7416077	171.6312408	477.7530212	301.1695557	342.3243103	355.1417847	342.4898987	469.9604797	403.4824829
Q9CY50	3666.803223	3300.539063	2537.015869	3770.361084	4232.629395	4513.757324	4295.788574	3675.62915	4434.336426	3362.617676	3515.520752	4022.822998	3764.800781	2791.649414	3851.831543	3005.429932
Q9CY57	57.68390274	18.80615234	55.24054718	41.64531326	36.71015167	0	52.70038986	16.32476425	20.87334633	18.2192955	35.69400787	0	36.64575958	70.24864197	11.48015118	0
Q9CY58	546.2255249	438.3139343	453.7576294	427.1193237	416.6489868	286.4028625	456.3885498	350.075531	297.098877	181.8298187	538.1202393	253.6886749	431.8555298	428.8158569	328.6603394	544.845459
Q9CY62	88.3968277	133.1331787	44.81914902	42.01587296	52.44289017	31.62541389	59.39250946	23.64328003	38.99555588	52.90211487	23.68453979	21.5353756	18.89876556	10.03380394	56.59803772	0
Q9CY64	308.1816406	371.3455811	454.8033447	347.0679626	344.1422119	438.7272034	647.4689941	496.7792969	433.9926147	319.0079346	507.5419617	397.8986206	415.5203857	424.5148315	368.6122437	447.2276917
Q9CY66	352.6529236	284.2460938	342.3425903	400.3059998	435.085968	423.9321594	439.8760376	280.4673462	399.9653931	186.892334	210.8466034	296.793335	234.3781281	300.5791931	366.0812378	268.780426
Q9CY73	114.8785248	180.319809	108.5090637	160.4592285	97.28210449	134.3721771	148.8197174	87.59661865	127.1983643	132.287735	45.3291626	72.69731903	108.3156815	148.1115265	143.3970337	202.2841949
Q9CY97	115.4924545	145.2208405	109.8886261	121.1074448	34.62156677	168.4954834	217.8232422	92.98118591	61.85009003	67.26808167	119.1277466	172.9134369	294.5950928	87.17493439	139.7328186	0
Q9CYA0	544.3494873	548.2233276	588.5358887	285.9061584	212.3913116	842.0904541	213.6559601	562.1992188	347.4945984	259.2758789	451.1823425	184.2180939	350.8681641	584.2755737	283.2533264	685.7443848
Q9CYG7	93.59080505	92.00608826	122.8041458	47.76776505	70.6079483	72.33393097	133.385498	85.29664612	74.08972168	110.3419418	47.40079117	41.0075264	70.37123871	53.86151123	79.13648224	62.05662537
Q9CYH2	629.5922852	682.5473022	745.864624	624.0215454	787.6522827	541.703186	420.1974792	617.071167	504.3331299	590.9266357	556.6096802	475.1807556	487.1427917	628.8537598	676.9130859	915.3240356
Q9CYH6	35.9442215	91.27485657	150.3182526	62.43596649	132.7599792	0	191.8129578	87.65821075	88.49294281	141.4941559	14.79113102	32.47208405	197.7214661	82.11050415	32.58603287	40.47751999
Q9CYI0	385.9832764	380.7450867	330.7928162	357.3910828	366.6858826	412.9681702	529.7838135	493.2866211	583.0415039	571.2450562	526.3321533	490.875824	463.4990845	628.1860962	334.0093994	0
Q9CYI4	50.05405426	103.5392303	71.36027527	50.50118256	25.2232151	106.7365189	32.69301605	60.08455658	56.68357086	72.09223938	32.62205124	27.71576691	44.72682953	34.27207184	26.79579926	0
Q9CYK1	71.08128357	14.3363657	40.89638138	5.125955105	29.04344559	18.66053772	68.74996185	45.5196991	48.22570038	27.64160919	0	12.39582539	57.96577454	0	0	0
Q9CYN2	324.2185974	643.4346313	829.944397	425.6909485	505.4151001	754.4472046	737.0004272	643.12854	599.8469238	480.2357178	477.6154175	454.0366211	643.7659912	554.6313477	508.6631775	643.4536743
Q9CYR0	712.8092651	720.8398438	516.4503784	654.4031372	605.578064	834.8111572	752.6779175	513.1433716	688.6314697	768.8922119	695.6361694	640.0983276	735.0698853	915.0598145	649.7037964	421.3262634
Q9CYR6	481.2915649	710.7304688	592.9674683	473.3332825	1017.316467	788.760376	937.7455444	654.083313	750.4732666	683.0037231	903.6295776	611.4594116	674.3068237	649.7875977	639.1179199	843.090271
Q9CYS6	355.8056335	136.9543915	149.7013397	416.6755676	351.7390747	298.5201111	326.3141785	271.9234314	173.9429016	370.5205078	328.7950134	222.529068	413.9841003	347.4657288	328.8692017	433.5076904
Q9CYV5	282.8443909	153.7702026	228.2614746	153.8144379	157.7812653	310.3510132	246.7699432	174.9349518	224.843399	165.8149414	137.5705566	295.6621704	305.8906555	247.0700836	301.8652649	164.6134644
Q9CYW4	810.5010986	945.5900269	934.0187378	1090.416016	506.8506165	1121.410278	533.302002	783.0133057	693.9205322	938.9306641	700.8899536	839.7133179	644.87323	875.3776855	1061.800537	1078.745483
Q9CYX7	6.80925703	0	22.46857643	0	40.63946915	35.50023651	80.75493622	17.36544228	29.56769943	38.34154892	17.24760246	0	32.86113358	50.64751816	20.75102043	0
Q9CYZ2	498.9066772	354.5292664	471.6953735	564.9907227	455.6880798	646.6355591	850.9417114	509.7247009	558.7872314	473.5428162	634.8417969	427.3754272	654.8233032	561.6045532	571.6346436	562.3632813
Q9CYZ6	130.573349	100.3988571	137.2303772	78.30671692	173.4389343	102.7786179	126.8514328	56.13156891	96.65494537	120.1130524	87.9852066	86.89180756	70.37007141	145.4349365	158.454895	131.1855011
Q9CZ04	89.37104797	214.2033539	79.02971649	114.3701019	201.0203552	68.21138763	196.5755768	187.5476837	141.2067261	150.201416	48.50119019	108.7698059	137.8349457	149.2935638	135.4368439	159.9514313
Q9CZ13	12128.23633	15015.78027	12143.5625	13192.02246	7706.412109	10904.72363	7756.342285	8657.662109	10003.27637	12311.53613	9779.969727	9292.729492	11543.5459	11604.24805	10065.4043	15089.87793
Q9CZ28	104.7080536	104.8841553	100.3333359	112.4474335	127.8852768	131.2897186	185.4442291	74.67437744	102.787117	110.3513336	117.48452	75.08579254	127.8986664	75.37062073	128.8247833	33.2284317
Q9CZ30	679.2449341	796.3511353	809.1724243	699.3668213	637.9249878	848.2172852	862.3448486	841.4179077	880.0368652	819.0363159	718.2859497	814.6237793	722.4452515	641.9711914	814.5462646	1055.934082
Q9CZ42	579.3825684	692.5979004	508.1980591	516.8352051	472.9436646	560.5352783	485.0209656	398.3261414	539.9215088	536.7033081	537.1700439	449.4642639	403.7259827	485.3908386	565.059021	731.4836426
Q9CZ44	504.5686646	540.512207	329.5818787	406.835968	591.7120361	544.9254761	636.1389771	463.7548523	432.6474609	455.37323	337.4537048	531.979248	417.3977051	733.8014526	408.1115723	645.9129028
Q9CZ83	172.9268799	310.7807617	228.7862701	176.5019836	206.903595	208.013443	158.3476563	179.8094635	121.2928162	165.910202	172.4433289	218.6676788	164.4648132	181.3830261	122.4137802	316.3137207
Q9CZA6;Q9ERR1	62.19111633	0	32.35337448	33.66027832	34.3618927	29.92632866	69.48664093	51.67355347	0	18.9190464	63.29220581	27.50331688	103.7196045	57.00315094	9.849215508	95.05808258
Q9CZB0	173.829361	267.0287781	349.8744507	349.1917114	259.0132141	436.9180603	88.43077087	236.5331573	303.7896118	366.5343018	76.98477936	76.41899872	368.0935059	359.3812561	465.7250366	150.9582214
Q9CZD3	632.6928711	594.1209717	602.4017334	708.2623901	1033.160034	789.4661865	1132.110718	875.199707	602.5213623	608.6559448	698.8886719	770.9283447	723.1277466	702.765625	729.1929932	756.7809448
Q9CZD5	14.60133934	42.9047699	100.551445	57.59399033	84.14187622	239.0144958	85.0877533	48.66295242	112.8268433	80.67578888	116.2898483	0	91.14781189	85.94235229	93.48412323	0
Q9CZE3	249.2769623	275.8469543	170.6312103	237.9514618	322.110199	217.6766357	476.0153198	332.3533325	254.1433868	109.8564224	197.1048584	224.4162598	151.9762573	294.7061768	177.1222687	235.1011963
Q9CZG3	76.02507782	94.30458832	92.6871109	98.83368683	37.30031967	66.9023056	85.08065033	55.3576889	130.4221649	31.06109238	53.50214767	96.58330536	106.6522293	22.58856964	107.6635818	0
Q9CZG9	52.49502563	65.99686432	83.59225464	53.90982056	84.13041687	131.5402069	159.0811615	116.2098541	117.5735855	68.5029068	46.27187347	149.9726868	70.1800766	21.97098923	68.46756744	53.09209061
Q9CZH3	40.44882965	50.35903168	66.54816437	80.92375946	37.83094025	61.49390793	110.1169052	119.0021973	33.70501709	83.86172485	72.42783356	51.18179321	121.867363	90.32274628	39.37159348	43.10379028
Q9CZJ2	124.1157837	68.75585175	40.34660721	82.79829407	55.04038239	120.7942581	96.59783173	59.28090668	83.64846039	112.8195953	97.38775635	65.73619843	98.06812286	80.69607544	78.5771637	0
Q9CZL5	415.713623	472.2064209	380.6784363	696.8644409	381.4961243	352.807251	356.709198	243.8014221	543.3705444	421.5430298	238.7102356	310.263092	416.0286865	507.3972473	241.4846191	484.5679016
Q9CZM2	4058.135742	3092.813721	3975.381104	3228.922852	3656.89917	3757.085938	4335.039551	3183.498535	3370.134766	4065.085693	3474.2229	3402.123779	3835.661865	4120.763672	3507.17334	4452.19043
Q9CZN7	5496.379395	6117.621582	5796.862793	6483.5625	5002.370605	4445.33252	3612.875732	5131.391602	4662.937988	5083.317383	5298.927734	4961.032227	5268.507813	5273.44873	4699.025391	5613.819336
Q9CZN8	79.56584167	17.52365303	0	80.16899109	38.04982758	60.58383179	0	69.05151367	0	112.3315887	26.55045509	46.85445023	41.6084137	38.22522354	52.79472733	0
Q9CZP5	116.046463	102.8762665	42.9824028	80.53637695	61.74803162	102.6612015	95.86168671	94.3028717	72.71285248	164.3057251	99.52907562	121.7023392	103.1336823	88.77205658	117.6418686	239.2373047
Q9CZR2	21.26821899	0	15.75397301	22.67280769	44.65961838	39.46809006	57.32870865	75.11846924	39.30300903	24.6531353	30.74416161	86.47766876	40.56756592	0	27.3610096	0
Q9CZR8	311.1665955	375.8424072	252.2703094	424.5548706	283.2020569	323.8846741	94.02915192	243.6141357	299.2987671	264.520874	210.2550659	222.787674	189.9048767	198.4591064	232.1903076	113.7259674
Q9CZS1	22611.45117	24170.30469	18830.63477	23592.70313	41737.28906	6741.776367	8265.436523	4738.988281	7912.697266	7998.49707	8723.492188	4168.026855	7506.437988	9270.166992	8135.012695	7742.862305
Q9CZU3	90.16165924	110.5222626	108.0384369	109.9467392	103.4610443	91.99326324	209.6195984	186.9906158	95.21390533	113.3069839	94.76808929	103.3902283	78.63665771	87.92388153	96.08719635	216.1152954
Q9CZU6	6478.518555	8012.46875	7647.011719	6216.928711	7178.42041	6538.960938	6075.022949	6439.79541	6501.192383	6610.480469	7492.77002	7455.370605	7171.498047	7660.244629	7680.316406	6287.791504
Q9CZV8	21.37698555	160.7254639	37.14823532	29.7677002	67.12931824	50.12652206	92.20808411	15.29724503	81.84719849	25.83542061	32.3194313	0	20.25039673	70.92783356	0	0
Q9CZW4	80.69538879	57.22867966	77.45842743	119.6281967	89.49158478	18.41402626	155.0106049	95.2681427	54.8155365	71.09265137	124.3688202	38.23051834	67.92945099	28.721632	64.26409912	102.0156784
Q9CZW5	928.098999	1066.401123	912.8712158	974.6514282	977.0819092	1093.797729	1344.526978	1074.119751	1179.356323	1291.137329	1106.502441	1250.465942	1204.953735	1331.734009	1308.828491	1530.615601
Q9CZX0	102.6345978	89.11549377	78.40751648	61.92052841	169.390152	80.67697906	162.7048492	75.42093658	67.04418182	107.4168854	91.6236496	111.7565918	93.95294189	86.80770874	68.57028961	0
Q9CZX8	3079.983398	2961.797852	4736.572754	3930.435059	3542.853027	4482.577637	4069.939941	4017.278809	3332.421875	4161.657227	4101.942871	4271.679199	3801.963379	3837.249756	4244.187012	5776.59082
Q9CZX9	228.7219391	137.1972504	141.4124451	91.9697876	176.3108673	237.3491211	216.9836884	155.6505127	165.0430145	176.0278931	199.1533508	140.6100006	192.3739929	143.3360443	241.6805878	193.9780731
Q9CZY3	1558.958008	857.7904663	1037.858398	936.3649902	859.3743896	1059.838013	1572.472778	1213.654297	1763.522827	1445.278076	1482.562378	1598.658936	1187.000732	1531.280029	1445.280518	1583.056641
Q9D020	253.1325073	250.3516846	247.2715454	241.723938	422.3757019	199.0873718	376.6977539	219.4326324	131.6906128	180.8638306	210.580368	223.8214722	198.3202057	189.6583252	213.0256653	330.2359619
Q9D023	2518.081299	2923.085449	2833.105469	2233.672363	1854.016357	1391.285156	2019.079346	1963.610229	1691.431396	2265.741211	2173.284424	1989.862061	1826.348511	2652.453125	2106.476318	4544.977539
Q9D024	352.6938782	419.5918579	310.7622986	413.620697	263.0195313	327.8921509	320.736145	315.7590027	389.5765991	417.7821655	273.9425354	362.6448364	370.9884949	436.0434875	249.8805847	243.6757355
Q9D051	4914.492676	4040.751953	4615.665527	5428.078613	3745.661621	4512.29834	3441.201416	4129.654785	4085.575439	3962.333008	4341.210449	4069.053467	5298.786133	5112.970703	5070.231445	6030.012695
Q9D0A3	85.98464966	75.57336426	32.92450333	18.14333725	57.15153885	10.4884367	77.21941376	55.36473083	64.30364227	81.41973114	2.05177784	59.03975677	75.13812256	28.03802872	100.7818604	0
Q9D0B0	116.4623947	134.9971008	24.04219437	68.65100861	36.80173111	78.30230713	155.9472504	77.95793152	89.56230164	31.85225487	44.49218369	74.94768524	112.7676849	88.67848206	85.00691223	0
Q9D0B5	137.3739929	90.21985626	116.4089355	166.7117004	151.5751801	38.67116547	67.07959747	81.65200806	82.39390564	111.5378342	106.738678	72.88592529	145.5582581	93.77169037	173.2025452	36.60885239
Q9D0B6	41.86283112	48.03386688	76.04608154	65.39368439	77.92628479	52.53237534	160.8951111	70.24344635	47.10865402	60.49985123	41.85983276	14.03518391	45.41107178	49.94077301	45.45391083	0
Q9D0C4	89.89159393	116.3240128	77.75071716	16.86856461	48.29990387	115.8211823	56.85042572	164.6382599	66.30245209	62.68543625	0	81.60219574	53.99430466	40.75056839	79.32426453	0
Q9D0D3	0	0	54.17582703	78.67248535	50.25393677	52.3782692	16.89043045	51.70308304	50.91707611	26.43368149	14.0070591	91.55541229	54.08647919	26.62490845	117.2409363	0
Q9D0E1	1689.617676	1744.14624	1736.618042	1383.121948	1615.982666	1158.895996	2494.481201	1218.592285	997.9903564	1441.033569	1026.229736	1523.909546	1443.21521	1573.251343	1563.608765	1753.437988
Q9D0F3	1901.336792	1869.045166	2331.770264	2628.067627	1890.743896	2589.518799	1367.357422	2190.481445	1714.744019	1530.858276	1759.41687	1929.285034	1955.850708	1946.814697	1884.0448	1952.642334
Q9D0F9	4454.369141	5000.87793	5096.48291	3877.942383	4039.057617	4141.611816	5347.978027	4418.348145	4712.108398	4443.193848	4024.493896	5353.18457	4508.652832	4022.433838	5178.196289	5800.06543
Q9D0G0	497.6246338	647.0013428	597.949646	726.3718872	640.3980713	571.2306519	630.295105	400.3215637	603.0352173	723.97052	633.6188354	532.8449097	594.7025146	591.9812622	457.3648376	336.5469055
Q9D0I4	221.380127	124.7424393	85.9733429	92.47409821	120.168396	101.7085037	131.4612885	62.56574249	66.24684906	250.3698273	25.45585442	46.79989624	116.4024124	72.94656372	80.29166412	0
Q9D0I8	64.39368439	81.19335938	55.28673935	59.25424576	62.17792892	43.41440964	94.28330994	60.8672905	73.07710266	80.29431915	102.1368027	84.82388306	44.11367035	68.47628021	96.97925568	52.61553192
Q9D0I9	913.0871582	936.2310181	1087.69104	1144.787598	1239.527344	1082.977051	1012.000671	1326.958008	1066.870361	1171.384399	857.9456177	1316.023315	1202.669312	1170.685669	1218.824097	1880.314819
Q9D0J4	0	0	45.63954544	18.55368996	85.70850372	32.96907806	73.89484406	39.07193756	67.7457428	28.30327988	55.37335587	94.7687149	67.00154877	62.5080452	54.12695694	123.6424866
Q9D0J8	2144.024414	1176.448486	448.6619873	1623.045898	186.8698273	257.1503296	229.5060425	140.0281372	2464.839111	3375.421875	2975.79541	918.4641113	418.4817505	2590.602783	3337.549805	912.8703003
Q9D0K1	64.55579376	58.31151962	49.84932327	54.45501328	82.69341278	60.74501801	31.08006287	120.1964722	52.01623917	72.63045502	68.12479401	61.07882309	41.1529541	79.85810852	69.07975769	153.258606
Q9D0K2	66.17051697	51.47268295	49.89186096	78.51504517	95.84846497	40.70928955	139.2183075	12.93401527	44.18508148	24.34135628	104.2053375	41.17941284	77.28328705	45.57132721	41.20331192	0
Q9D0L4	89.99160767	79.84169769	57.89200974	60.01559067	114.4315567	121.2131271	48.57278824	64.97052002	146.2394104	53.22183228	23.23359871	110.0053635	89.8544693	108.3510208	9.046646118	492.5180054
Q9D0L7	33.83924103	47.46392059	83.90674591	129.9483948	94.72304535	76.74108887	140.6502075	125.0437851	47.71556854	93.07611084	82.99082184	47.55907059	69.53890228	155.7077484	62.70320892	137.4085236
Q9D0L8	172.4374695	103.0213928	107.7013626	155.0073242	220.0817719	158.3696289	242.2291107	228.9801788	79.56614685	208.4949951	170.0823059	234.6546021	96.1296463	169.7796936	261.1389465	0
Q9D0M0	63.34455109	109.9313812	44.11768341	49.42826462	49.6072731	43.58797073	48.78882217	52.87321091	65.23418427	70.17559052	115.8968811	113.046814	116.6111221	59.42132568	33.32205963	0
Q9D0M1	320.0819397	268.8294983	280.6537476	336.0426636	291.6980591	415.8937378	353.5464172	282.1351013	352.6817627	259.6701965	235.6267242	250.2934723	231.9687653	265.966217	260.0317993	323.0416565
Q9D0M3	5982.133789	6514.211914	5713.478516	6584.11377	5532.745605	5064.753418	4502.879883	2879.098633	5690.96582	4712.39502	4823.715332	4588.123535	4832.755371	5321.103516	5694.94043	3893.44043
Q9D0M5	754.2200928	1769.915161	1105.508667	795.5959473	711.6416626	587.3770142	2094.345703	1306.412354	2224.427002	1200.675049	818.3292236	355.3018494	613.1370239	1055.411987	846.0717163	1202.723999
Q9D0Q7	141.5546417	125.8571701	109.8160172	153.1845398	114.1189346	134.1660309	104.7417526	88.91010284	165.8998413	109.3113937	182.1999664	146.7864685	177.5068512	97.58293915	178.8252411	83.83647919
Q9D0R2	1352.078247	1314.315186	1670.283447	1450.873413	1730.166992	1900.55249	1756.198975	1943.404541	1658.89502	2066.143799	1808.730103	2119.971924	1456.221558	1853.725708	1792.152588	2130.239502
Q9D0R8	118.0503922	135.3419647	85.7366333	172.3791046	116.9279175	107.393486	117.2372055	84.65439606	175.6452942	119.1608353	172.8837128	94.30673218	148.3063049	207.3799744	43.32630539	97.79563904
Q9D0S9	7082.443359	5315.754883	5975.09668	7362.177246	4871.57959	6316.473633	3747.334961	6244.983887	4792.319336	5103.299805	5831.387695	7296.412109	3991.856445	6701.512207	6846.44873	6061.469238
Q9D0T1	209.5401459	318.263916	376.7313232	69.4016571	284.0582886	164.1020813	544.4388428	330.1854858	272.6530762	322.8355408	284.5944824	412.9742737	245.776001	428.9508667	369.6775513	400.2417603
Q9D0W5	46.69809723	77.02980804	41.5538826	78.91637421	48.26013947	120.224823	87.81166077	85.45387268	64.40193939	91.24719238	84.49524689	53.51781464	46.3149147	52.89524078	86.74297333	59.63461304
Q9D0Y8	15.63682652	262.4290771	139.2707062	103.6085129	99.29998779	144.210495	54.47164536	0	96.31475067	36.82395935	0	25.35781288	55.00930405	26.91956902	148.5885315	0
Q9D110	231.575058	89.45004272	136.1284943	143.4831848	156.6978455	132.2211761	114.9265518	162.3819885	185.871933	135.9541931	110.7653427	34.8167038	100.4959641	144.5791626	218.2373657	145.1544037
Q9D125	114.2092514	97.46356964	121.9590149	144.1094818	81.65335846	67.84334564	105.3279877	72.78660583	85.53913116	103.040062	64.43694305	93.36727905	177.488739	107.1787491	64.44458771	74.1188736
Q9D142	40.83167648	32.43112183	93.17321014	131.7780609	116.396843	65.80601501	32.78921127	58.06821823	47.36779404	102.7436447	59.73546219	72.12830353	64.04991913	38.06195068	55.80136871	63.54605484
Q9D154	496.5825195	173.2934723	422.9521484	290.4810181	212.6231384	233.543396	1073.493896	221.2984924	375.8847351	277.4204407	213.9645081	261.2414551	252.2727509	244.7767181	267.0402222	318.5679321
Q9D172	1744.439209	2003.22522	1573.880005	1925.394775	1127.829712	1765.271118	929.0834351	1071.630127	1736.699829	1584.297729	1161.953369	1629.091309	1354.727783	1484.666992	1530.541992	1532.195435
Q9D187	175.7087555	100.6311264	90.53730011	148.982666	204.9952087	119.1475067	200.225647	129.1200104	76.43518829	94.65955353	128.6569824	140.3782806	153.3773346	127.9681091	93.98117828	17.79904366
Q9D1A2	1492.236084	1382.248901	1419.495728	1357.357178	1764.040039	1175.847534	2261.014404	1727.939819	1278.500854	1252.412476	1233.901001	1499.319336	1280.146362	1078.040039	1386.513794	1410.849121
Q9D1B9	94.54101563	91.2629776	186.3704834	216.2928314	167.269104	162.3877411	148.757782	155.3434143	180.3790894	48.74133301	175.8636932	101.8317413	183.7481232	99.41437531	116.3428879	89.87501526
Q9D1C8	22.91412926	56.90673828	40.246418	60.98259354	54.99541855	61.43885803	67.66849518	68.61832428	39.47337723	58.91955948	46.57758713	106.0556717	64.2897644	62.58824921	31.45903778	80.0124588
Q9D1D4	1163.166748	1502.692383	1481.688477	1453.243408	1712.014771	1646.127563	1530.216064	1480.547729	1194.450806	1626.029907	1100.30957	1273.16333	1294.30249	1310.264038	1367.165527	1913.114502
Q9D1E6	115.0234604	170.3312073	140.9189148	106.7583389	119.6648331	259.954895	230.3433838	99.94776154	104.0238037	126.839386	182.7572327	119.7624588	123.0720444	106.9441071	101.7147675	417.8690491
Q9D1E8	162.1134186	0	146.1347046	138.6786804	0	0	0	60.33441544	0	39.15645599	0	43.21160507	121.2526093	0	35.23181152	0
Q9D1F4	104.3410797	232.5549011	124.9564514	149.4301453	221.3931732	151.640686	164.3776398	105.4279633	58.8771286	113.2370834	131.8824921	160.9810638	104.915596	117.2866135	104.0749435	0
Q9D1G1	1445.760376	1212.73291	983.1010742	1437.092163	1550.690918	1453.072754	2072.762207	1869.623657	1758.814087	1707.720215	1652.07251	1397.930054	1804.308838	1631.304321	1538.893555	2181.286865
Q9D1G2	189.7697754	110.7376938	145.1472015	188.3445129	130.1700592	77.63743591	108.5624695	62.34543991	38.52223587	23.98871803	76.59739685	43.52647018	70.87208557	122.705513	18.75946999	0
Q9D1G5	74.86456299	78.66926575	135.2302399	106.2674026	67.2769928	58.90167618	180.9594879	139.9056854	94.36314392	132.5914764	110.0829239	82.64893341	144.2528534	63.66299438	85.87187958	0
Q9D1H6	219.6266479	210.0193481	185.2607574	231.67659	149.3584747	181.3489227	117.3972397	188.061142	171.4827118	169.2881775	188.9516754	219.2141418	222.2154236	167.4872284	163.4124146	150.5591583
Q9D1H7	89.1399765	100.4309006	84.63754272	55.93407822	132.0920715	37.39809799	174.7091217	34.30265808	92.76237488	58.93169022	113.434906	116.4523544	58.40958023	66.64172363	113.3119431	256.3254089
Q9D1H8	174.6005554	173.3372345	193.4846649	146.6326752	113.6755829	66.60472107	73.18936157	65.67446899	80.30644989	83.19663239	125.3286667	139.6303558	212.1934814	81.91966248	74.30554199	0
Q9D1H9	163.7704315	153.5085144	78.60825348	164.8436737	69.41651917	142.9304657	328.6724243	0	176.2229767	99.58956146	155.8749695	248.8488617	186.8282776	83.17372131	25.26930046	0
Q9D1I5	1249.354492	781.204834	1254.737793	1600.972168	444.2102051	973.8247681	753.1986694	704.4723511	648.5812988	908.9705811	437.6967468	1265.469971	865.8432007	901.9489136	1167.277832	866.6576538
Q9D1I6	141.3955536	109.5355606	88.82252502	123.1043396	52.89366913	97.60355377	38.47128296	84.8533783	124.3344269	69.03202057	111.6221161	107.9824219	68.20006561	97.84718323	110.421402	128.0871735
Q9D1J1	41.89889145	57.66408539	28.45630646	70.52791595	47.23756027	72.70324707	211.0718536	62.04811478	16.42682076	33.35927582	111.5183716	96.25785828	0	68.31716919	42.58269882	0
Q9D1J3	214.4034119	143.8992767	109.7026978	22.93868256	103.2187805	32.24283218	174.1611481	118.7542877	38.978302	17.5294075	42.24217606	61.10816574	136.3978119	95.40233612	85.04498291	214.0265656
Q9D1K2	297.8257751	180.8514557	162.9380798	265.5756226	399.9299622	318.5349121	516.4942627	302.3414307	293.8270874	326.3404541	328.545105	287.2036133	299.8094788	341.9473572	298.0154419	154.8107452
Q9D1L9	390.9931335	312.6439819	327.3582764	348.8240967	272.8118591	303.0256653	721.4118652	174.2852631	257.2383118	807.7012329	229.0737762	386.7845764	520.3831177	525.0079346	228.7093048	168.2686768
Q9D1M0	236.525238	423.3562317	276.4003906	405.0891113	816.5582275	316.5519409	330.7408447	511.2374268	414.4799194	414.6863708	294.2080078	562.2250366	471.0975037	457.6593628	492.8317871	436.2576294
Q9D1M4	556.2288208	701.788147	463.9593201	507.991394	490.7244873	563.4713135	557.387207	667.5223389	367.0813904	501.3728333	362.5020752	639.0524902	533.3797607	510.9334106	495.0186462	449.884552
Q9D1M7	260.2757874	276.4025574	380.0655212	310.604126	582.7314453	646.5396729	393.303894	480.3172913	398.3774109	550.1369019	259.0436707	450.2330933	219.58638	437.6048584	443.910675	275.8514404
Q9D1N9	138.9506683	183.4134369	310.6009216	223.3681183	147.2645416	213.2492523	119.5323944	214.3784637	140.4148407	239.9203949	79.08209229	170.9348755	192.5184021	90.94619751	174.1602478	264.9191284
Q9D1P0	191.6466217	260.9712219	160.7768555	218.3411407	203.2407684	186.5548553	184.2235107	144.7150574	220.7599335	151.8721619	236.2129822	168.5333557	140.1946259	219.4441833	186.6094818	184.1390839
Q9D1P4	186.6796875	192.1604309	262.217041	243.0668945	397.2296143	288.3599548	223.9869232	265.6278076	252.428833	236.3729858	103.678978	307.5935974	277.5071411	157.0956421	215.4013367	339.8598938
Q9D1Q4	106.0488739	64.32385254	42.92370987	92.53829956	214.9742126	166.7102051	0	151.3470764	105.7293091	29.75956345	155.8468781	55.04842377	55.7673378	52.17032623	72.50679016	129.2315521
Q9D1Q6	870.0760498	977.5006104	841.1584473	951.6394653	1102.572754	1277.133423	1087.992798	1011.48291	986.4990234	1012.671875	790.1607056	943.6165161	917.9752808	1002.739136	1034.9021	1077.324463
Q9D1R1	94.36110687	0	33.24187088	234.3437195	58.05236053	178.9842834	44.17930603	158.4804535	30.11260796	195.7623138	70.13288879	59.3491745	220.9871216	72.26064301	88.23391724	0
Q9D1R9	1850.173828	3355.660156	5012.297363	2504.994873	1372.003906	3056.623535	2782.828125	4501.421875	1752.06189	2601.055664	4043.612793	2782.03125	3191.791016	4365.292969	4085.089111	4492.065918
Q9D273	270.0691528	332.1869507	259.1506348	273.6333313	100.3366241	95.02409363	41.88817978	64.93401337	46.30453491	67.18925476	111.1401825	45.05000687	73.68286133	63.57754898	90.06134796	67.36475372
Q9D281	143.4455566	111.4423141	154.462738	194.4803162	127.7189484	127.5169601	111.7729492	28.77604675	78.79640198	115.2506638	131.0182495	77.4598465	67.62098694	57.30838776	108.8454971	186.7723694
Q9D287	75.50236511	75.85089111	117.8443909	47.26345825	81.60472107	71.44673157	113.2695541	63.76093292	47.3077774	58.67993927	58.08595276	73.72305298	118.3115921	62.6807518	74.14063263	0
Q9D2C7	450.1901855	417.2215881	312.1527405	519.8690796	444.8762207	290.3843994	651.0275269	761.5325317	345.3294067	387.8829956	457.0122681	454.5793152	418.4614563	369.5137939	498.0601501	448.5541382
Q9D2E2	14.02952385	55.1217804	0	0	119.5296249	103.3397064	63.55331802	26.25734138	53.96545792	25.3042717	74.46865082	94.37493134	85.53586578	61.8012619	34.91607285	0
Q9D2G2	7241.523438	8148.064941	8404.270508	8474.902344	5278.367188	6495.281738	5191.88916	4949.07959	5483.364746	5689.429199	6437.057617	6717.645996	6819.984863	5054.564941	5944.419434	6516.294434
Q9D2M8	128.7218323	64.93714905	105.438591	98.90594482	87.51208496	180.9676208	152.3815613	61.93027878	89.54834747	16.94854736	56.34226608	43.65316391	52.16976929	32.16207886	31.36509514	64.62963104
Q9D2N9	61.59367752	35.27753067	46.03392792	73.43191528	78.07034302	41.24341583	75.03979492	45.77632904	34.4916687	16.79289436	55.66960907	54.58148956	65.61459351	33.08917999	69.24214935	20.45378876
Q9D2R0	587.1697388	475.2061157	615.9560547	516.7745972	265.0805359	312.0838013	169.4271393	327.4069519	288.2550049	353.9620972	344.0383606	378.1929626	426.624054	309.6819763	479.8528137	955.3644409
Q9D2R6	294.1374817	313.2396545	402.6178894	293.4355774	383.7628479	284.8813477	270.4829407	355.028595	372.4276428	288.7323608	437.1447144	327.7212219	492.5450134	493.1536255	214.6208649	657.0083618
Q9D2R8	170.3909607	151.6184692	94.81743622	207.9136047	136.4258575	161.5160828	116.8475189	141.7731934	172.0473938	198.5118866	111.3859253	275.5150452	254.8800812	206.8473969	145.9029388	149.6706543
Q9D2V7	309.9724731	205.9062195	240.5630188	325.0024719	198.4184265	290.1547546	496.4013062	242.8488159	315.8626404	265.8886108	326.5014343	268.8539734	301.0172729	305.844635	341.0579224	256.3625183
Q9D2Y4	0	0	12.67176819	24.16412926	39.96533966	45.06092834	101.6799316	74.5594635	0	34.90228271	33.48438263	78.36943054	85.34999847	65.49770355	36.05665207	0
Q9D338	226.9309387	288.3108215	280.911499	167.1649323	221.4295807	309.7216492	136.0711975	172.8147278	143.13414	247.0815277	165.6498566	181.9116058	216.1693268	162.8076019	225.2391968	240.8439178
Q9D358	1031.710327	1222.599976	1243.578735	996.2554932	761.9719849	975.6151733	1014.293579	715.8065186	749.3162231	1161.569946	812.4040527	1331.171265	1338.725586	852.873291	1345.624756	1125.033447
Q9D379	7809.908203	8767.663086	6982.209961	7074.635742	19867.1582	15635.93164	14810.44336	23073.10352	12926.85449	13941.2666	18483.86523	17079.97266	15894.17773	16084.58691	11689.63184	12466.93457
Q9D394	94.51325989	62.96520233	92.78061676	125.9074402	192.3223877	89.97257233	73.43169403	92.99326324	123.2958832	99.36613464	111.9333115	66.48861694	137.2370911	113.4259644	111.301239	132.5303345
Q9D3B1	34.60890961	166.9819794	29.17576599	114.2715454	44.84467316	36.64232635	255.976181	0	39.1132164	0	83.83563232	0	141.5428314	160.5489197	81.77840424	44.02482605
Q9D3D9	8430.040039	8394.273438	3166.038086	5490.893555	3797.237061	5344.166016	4542.15625	6955.178223	3891.700684	4444.106934	5856.928711	2888.223633	5487.813965	5586.693359	2939.30957	1504.790405
Q9D3N8	0	0	0	51.93550873	0	43.68806458	0	107.2564545	0	80.26547241	0	0	0	0	20.88897705	0
Q9D3P8	0	0	0	31.2128582	67.28793335	46.74057007	20.05007553	64.0970459	27.54190445	78.96300507	0	14.07375336	0	33.65699768	19.86649513	0
Q9D3U0	0	0	0	14.55869293	0	0	47.55928802	38.17165375	0	78.4713974	58.03100586	24.44177246	0	0	39.14840698	0
Q9D404	500.0987549	546.5099487	542.8575439	516.2167969	349.7876282	385.5313416	321.8496399	369.8815308	375.600708	457.98703	469.9032288	491.7601318	418.8840942	493.9153442	466.2247925	522.6812134
Q9D417	167.1494293	318.4933167	244.5221252	99.14382935	57.74746323	76.40402985	0	153.8208618	0	39.1892662	0	194.1739349	146.4328308	0	240.7306519	413.6231384
Q9D4H1	90.42466736	84.7307663	127.6670074	91.97636414	89.6995163	106.4581146	147.0171814	50.22341919	94.90848541	103.1388245	123.0982666	79.23469543	122.0929031	71.89157867	113.2316513	0
Q9D4H2	0	0	0	0	36.33058548	76.57050323	0	28.65624046	16.126297	36.02836609	31.90789413	16.72250748	0	20.73365593	0	0
Q9D4H8	116.0313568	102.7275238	152.3895721	163.0195465	154.2940674	155.1916046	183.5187073	154.5540619	97.32168579	213.8524475	163.9984283	156.4581604	137.1537476	130.0372162	140.7135468	159.9227448
Q9D4V0	28.56303596	0	0	0	80.56169128	55.5637207	59.7641983	80.2590332	94.13771057	114.3374405	50.48308945	59.4562645	102.3842316	0	68.48249054	115.9590607
Q9D4V7	245.3234406	237.8376465	320.4745789	175.2112579	528.7260742	433.678894	599.8856201	600.7996216	615.0656128	258.5123901	234.822052	407.2093811	652.7114258	577.020752	643.6636353	815.7279663
Q9D517	318.7864685	262.7766724	453.660614	232.7100372	616.0762939	393.0448303	521.0526123	680.3416138	244.7432251	384.907196	282.9676208	276.8576965	750.1530762	280.0027466	436.7626343	251.9004364
Q9D554	291.6112976	263.6208191	290.4828491	260.6952515	237.1567383	360.7595215	426.4272461	282.9421997	299.1542053	298.8127136	315.6075745	331.9472046	433.8892212	219.2918549	317.7112122	509.7982483
Q9D5J6	680.3959961	798.159729	792.7161255	661.9435425	530.0862427	619.6914673	537.3950195	709.1437378	684.2263794	513.3096924	415.0851135	732.2141113	685.7596436	592.0574341	604.4026489	898.9588623
Q9D5T0	282.8737793	283.3283081	307.4912109	270.3210754	244.6699677	218.2186127	231.1632538	245.6511536	328.7321777	233.21315	272.308075	230.7751312	241.5748749	403.0342712	305.902832	173.4424591
Q9D5V5	135.959671	158.4400635	191.5430603	139.0842743	121.2894211	191.8413696	261.758667	127.0208664	161.6032562	171.8110962	162.8482208	129.50914	141.7430573	145.666214	208.9155121	181.2792969
Q9D5V6	128.6534424	92.23386383	116.3673325	108.6703491	140.954834	122.1036377	123.5834045	106.5854187	124.0831528	75.88175201	145.5544739	80.59165955	101.4188385	115.5443573	75.30963898	117.0764847
Q9D662	679.6060791	664.298645	571.1974487	696.9921265	745.9115601	915.6594849	1043.899902	909.6702881	734.444519	723.7271118	753.8127441	706.0773926	685.0075684	821.916687	660.8552856	1393.05542
Q9D665	166.1098328	175.0653839	230.3120728	314.0632019	253.2124481	204.2109985	29.73686028	132.269165	249.9159698	254.6911926	203.4416809	29.96408081	269.4040527	195.1416473	164.131897	195.3619995
Q9D6F9	0	187.6790924	0	0	59.47631073	72.37264252	82.28611755	169.1708221	215.3056488	0	118.7282791	49.59360504	81.28598022	106.2123566	165.8551178	114.1273422
Q9D6J5	2220.013184	1688.900269	1891.115356	1609.419556	1143.817139	1259.666138	1045.395508	1323.031006	1453.522217	1516.647949	1524.082886	1706.47229	1505.571045	2029.131714	1624.916016	2184.571777
Q9D6J6	3875.122559	3414.548828	3582.304199	4208.17041	2884.251953	3393.140625	2406.802246	2669.955811	2908.612305	3479.859863	2621.195557	2891.833496	3486.664551	3160.995117	3194.462402	3548.795166
Q9D6K5	354.8140564	441.8714294	477.0287781	406.5714417	339.0928345	361.0083313	303.397644	382.7556763	555.6876831	472.0538635	279.7793884	328.0069275	533.0073242	423.6851807	503.1748047	338.2547607
Q9D6K8	113.4114685	45.43539047	0	95.36954498	244.3761292	192.1764679	184.223053	105.2415466	0	0	60.29689789	92.05039215	106.688179	85.08055115	167.0505981	0
Q9D6L8	73.83013153	0	0	0	0	74.41163635	140.3057556	0	225.6841278	0	81.29296875	0	0	0	0	0
Q9D6M3	2241.89502	1656.061646	2029.449341	2329.140137	2792.651855	1960.29248	1395.675537	1957.769531	1710.850464	1737.378052	1422.467896	1251.050537	1906.479736	1973.26001	1849.522827	1757.487793
Q9D6R2	1271.42981	1507.878174	1375.145508	1177.596924	1386.583252	1540.534424	1139.254395	1091.493164	1517.594238	1253.655151	1379.604736	1061.725098	1438.531738	1417.290161	1711.292114	1561.606079
Q9D6S7	305.4629517	428.5682678	332.4644165	391.7640686	313.8633728	340.3513794	333.317749	323.3124084	410.1248779	387.4543457	431.7997742	170.5754547	298.7031555	258.6173401	431.7326355	454.7557983
Q9D6U8	556.973938	979.1517944	787.5814819	789.6113892	659.1424561	722.3099365	788.4259644	544.7058716	572.270813	805.9587402	809.6681519	883.3426514	770.6304932	694.5182495	750.6444702	957.5073242
Q9D6V8	45.36850357	0	27.66019821	36.70934677	56.23494339	95.99949646	92.87966156	0	14.95536041	83.19561005	0	80.00011444	44.52101517	14.19029713	79.67337036	0
Q9D6Y7	3624.470703	3142.718018	3453.728027	4086.377441	3232.657959	3838.30127	3097.974854	3718.047363	3180.770264	3447.04834	3313.388184	2496.540527	3782.715332	3375.708008	3120.111084	3172.424072
Q9D6Y9	3067.138916	3108.389893	3595.135986	3767.787598	3691.624756	2756.626709	3985.074463	3856.592285	3256.13208	3409.390381	3629.078857	3533.773438	3352.546875	3595.907715	3718.16748	3272.553467
Q9D6Z1	325.8154602	340.284729	371.4884338	339.3858032	345.4202271	319.878418	413.3360291	400.8345642	246.1101074	323.7023926	314.9468384	321.6957397	314.3032532	358.6282959	264.9397278	369.7209473
Q9D706	57.64366531	19.56583786	68.61946106	17.18463707	25.45199776	37.31111526	36.30090332	21.89077568	68.24395752	16.26282883	38.54246521	0	40.79951859	52.02388382	38.43362427	0
Q9D710	442.8305969	283.5726929	410.4246216	420.4212646	402.4072876	282.4262695	372.78302	433.6419373	380.487793	397.3770142	441.1097717	317.5088806	390.0097656	325.5901184	390.150116	184.1630707
Q9D711	155.8471069	210.9566956	212.1474762	257.2619324	398.5766296	234.1467133	328.9620361	404.7540283	157.6876373	266.9307861	279.5774536	205.1144257	300.9794006	283.6148682	268.0799255	452.1605225
Q9D753	74.29868317	43.23151398	47.96672821	92.10255432	91.28607941	94.98549652	83.63700867	126.1940308	53.82440948	37.50694656	21.92328072	27.11136436	33.12218475	59.11359024	40.5026741	0
Q9D773	187.6425781	121.7804337	103.940155	146.9441986	94.32327271	210.6412659	95.33571625	141.3795319	112.5771179	91.12361908	158.0376434	114.6796112	162.6306	209.920105	79.33292389	97.76545715
Q9D787	78.68109131	0	67.54875183	55.86392593	18.57879257	64.8902359	104.635231	83.98930359	57.52326965	67.60490417	35.59428406	35.32391357	72.6706543	58.59547424	98.90177155	0
Q9D7A6	292.2926941	287.8886719	223.2819824	232.0409241	181.147995	195.7659302	242.9744873	324.4676819	293.9421082	120.2787781	333.9598083	321.4644165	218.8110657	266.4802551	415.4553223	155.3868408
Q9D7A8	202.6009369	156.7297516	173.629303	172.6885681	96.09513855	127.062561	71.16057587	116.6796875	79.4109726	235.5229492	97.92125702	152.8845367	145.6758423	95.72020721	114.6742935	122.5458832
Q9D7B6	2069.720215	2575.549561	2282.839844	2619.421143	1641.112549	2158.533691	1335.500732	1963.02417	1595.230591	2327.255859	1739.450806	2222.667969	1599.159912	1764.313599	2372.171143	1822.952637
Q9D7G0	370.7623291	357.4836731	458.6810303	404.1846619	403.3127136	437.938446	631.3422241	583.9658813	381.3277588	412.1985168	388.6687012	341.9602966	309.8452148	284.9218445	289.8355103	560.5759888
Q9D7H3	68.93729401	105.1645508	123.2224121	52.9363327	81.31357574	104.013588	103.5837326	52.99697113	161.4477692	135.5106049	78.22518158	93.13652039	103.6345596	81.09165192	69.23901367	46.72982788
Q9D7I5	307.0007324	554.5115356	429.7936401	387.137146	207.8167419	337.8173523	250.4058075	263.0716858	290.5068665	267.2286377	597.3817139	227.3284607	376.4199829	356.57547	275.3705444	444.6690063
Q9D7J4	157.885498	94.05436707	0	70.88247681	194.1347961	212.773056	45.24850464	38.43667984	70.7647171	35.25701523	41.38591385	0	184.1915283	50.52688217	48.86168289	0
Q9D7J9	1529.323486	1221.637939	1770.285522	1291.30127	937.6638794	937.2106934	818.7045898	1031.042358	1119.135864	1140.28479	1033.744385	925.5249023	1276.956299	1616.311768	1498.233765	1898.436035
Q9D7M1	85.24712372	101.0539322	63.79096603	75.2090683	180.5478821	164.6665802	176.712204	194.6270905	73.4296875	154.8272247	83.85057068	128.3098602	103.0841293	117.305954	75.52935028	0
Q9D7M8	75.11489868	44.24200821	45.78464127	119.2806931	35.7828331	68.79319763	104.0548248	55.13738251	35.41470718	52.66864395	39.03579712	111.5241699	39.82368469	18.56586647	49.42424011	0
Q9D7N3	411.2454224	317.4710388	354.693512	436.5835266	332.4342041	318.6960449	230.3042755	239.1121521	319.2076111	299.7850647	294.4975891	229.087677	309.4790344	297.6895142	296.8763428	221.5714264
Q9D7N9	335.9952087	332.7311401	325.9694824	390.8861084	452.3086243	632.499939	358.9193115	370.2189026	472.9034424	447.7107544	568.7844849	417.9115601	455.7949219	455.9394226	377.3395691	737.1119995
Q9D7P6	0	197.6127625	163.6311188	88.09302521	307.4980774	219.5979156	0	175.4805908	94.71240997	307.4470215	392.0526428	138.582489	247.6096191	168.9127655	238.1447449	356.704071
Q9D7S7	192.5357208	331.8616943	206.1764832	473.6528625	189.7229156	199.9426422	276.3148499	146.3777313	136.1850433	61.87253189	239.7588806	159.3666534	121.3422546	137.7329102	120.2035675	283.0530396
Q9D7V9	75.12638855	46.46758652	77.50704193	37.8329277	108.0639191	74.11860657	229.570816	118.3353958	93.40634155	93.3826828	88.82726288	72.00334167	73.2772522	80.4296875	50.20563126	193.1029663
Q9D7X3	216.1503448	205.5155792	191.3777008	202.8917694	336.5466003	249.8223267	202.7451324	250.5858459	167.4338531	216.6106262	196.3308105	206.0335388	201.1174316	159.3500824	208.6217499	455.1260376
Q9D7X8	91.4628067	98.04827118	63.85035706	22.14297104	108.5124283	42.91373825	92.19509888	84.57309723	113.937355	110.4039764	60.31440735	47.55020142	53.35659027	77.39557648	88.27738953	210.9842377
Q9D816	2022.911377	1127.291382	1534.133789	2251.679688	1114.216797	1758.318359	732.5849609	1228.434082	1179.731445	1239.383301	1655.365601	1032.58374	1106.017334	1427.350952	1514.477905	1521.559814
Q9D819	7627.187988	7546.369141	7712.853027	8172.039063	8141.437988	7738.604492	7801.852539	7460.066895	7734.779785	7972.010742	7536.012695	8723.925781	6955.818359	7419.838867	7280.407715	6614.120605
Q9D820	95.65684509	117.7560654	100.9210205	153.158432	109.6014481	103.3160706	72.30577087	76.31005859	87.00017548	149.6543121	113.083519	86.49571228	104.7871704	107.7643967	165.2013702	226.9001465
Q9D826	4508.802734	4048.123291	4334.535156	3405.766357	4182.70752	2511.435791	2856.749512	3291.513672	2871.827393	4303.303223	3449.077393	3550.844727	3429.924561	4017.936035	2791.071045	3503.389648
Q9D832	131.1044312	235.7260895	180.5829163	117.2546768	234.2455139	234.5964203	171.2729797	193.230072	119.4856491	146.5698395	198.0795135	219.0527344	215.7682495	200.8718872	204.8249512	275.283905
Q9D855	5959.005371	5354.678711	4698.382813	6548.423828	3807.45166	4390.546875	3663.061035	3648.740234	4612.575195	3911.629395	5195.331543	4637.799316	4208.525391	4759.692871	4530.834473	5702.426758
Q9D868	178.070343	208.5380096	222.1326752	117.9311295	176.8456116	165.4706421	217.6925201	235.8025055	238.6433258	70.87898254	216.3464355	219.1378326	171.1290131	169.4822235	177.210434	0
Q9D880	368.6281433	517.59198	523.2974854	342.9727478	658.1959839	433.2479858	364.8331604	340.5856628	356.1634216	279.855011	428.7512207	358.9570007	397.0386963	331.3091736	555.3249512	276.1371155
Q9D883	652.281189	527.8002319	239.3128815	489.9794006	564.9293213	689.4589844	1257.372314	377.8218994	612.989563	407.1903992	470.0588074	455.2597046	671.9450073	101.8495865	777.6113281	468.5126343
Q9D892	169.9752197	190.2518768	201.4121704	164.7230682	154.2899017	265.71521	229.3829193	144.5114746	242.1118317	190.2877502	100.2079697	321.2686768	178.8782654	243.8875275	191.7359314	155.3649139
Q9D898	334.3920593	617.1149902	278.4017944	391.8239441	502.0626221	230.1709137	407.1445313	417.6454468	673.4139404	571.171936	585.1234741	534.3546753	503.1044922	769.9960327	397.4406128	678.1453857
Q9D8B3	87.02822876	195.2345276	112.2722321	16.90821648	119.6429672	98.78301239	208.7177429	122.7831116	85.34489441	58.61676025	103.1128387	81.43785095	180.5027008	110.5131149	43.34031677	282.016449
Q9D8B4	597.1460571	574.8227539	462.5358582	360.5960693	504.2661438	550.8116455	492.5407104	483.8620911	574.9555664	646.9138184	565.776062	471.4110107	279.2572632	610.0442505	554.4294434	575.5315552
Q9D8B6	98.22944641	179.8823853	71.65924072	130.7465057	20.31853104	19.48040199	45.8309288	26.57241631	84.2284317	47.27756119	139.7560883	87.10555267	18.58117294	38.44086456	123.0324707	0
Q9D8C4	138.4853973	209.3315277	151.7315521	130.5245514	179.0887299	170.7234039	259.6877136	125.3260803	185.0332642	124.2795792	200.9476318	142.4794922	145.4869843	163.5816956	158.190506	193.9335785
Q9D8E6	6428.609375	6997.34082	8646.03418	8359.720703	6974.643555	8363.696289	7034.490234	7758.106445	6381.426758	7670.916992	6817.67627	8087.209473	6883.495605	6075.623047	8221.613281	6910.661133
Q9D8N0	5005.116211	5928.508789	6233.134277	5681.936523	5454.125977	5997.546875	5897.95752	5722.22168	6161.228027	5840.90918	5251.901855	6336.213867	5836.327148	4614.757324	6526.739258	4428.882813
Q9D8N2	23.1370697	70.52677155	35.02827454	53.78313065	39.00489426	60.59591293	47.53735352	12.65581417	81.89342499	52.9689064	28.68567657	24.05999947	68.20105743	42.14022446	27.64150429	111.1024551
Q9D8P4	239.9851685	197.8401184	256.3726501	238.4136505	171.4485626	271.4016418	154.2075043	269.1433105	253.9290771	294.4918823	257.3455505	210.0491638	229.6588135	153.8236084	127.9786301	273.6404724
Q9D8S4	278.4730225	231.812027	214.4351501	404.5351257	298.2137146	307.9433289	596.6321411	334.512207	345.6265564	272.3005676	156.0319824	205.8915863	401.1860352	538.180603	452.4256592	137.5751495
Q9D8S9	298.606842	337.2948303	284.5722351	187.825058	231.3230591	256.8349609	319.8644409	217.8228149	264.8733826	211.7266541	271.0619202	290.708374	223.8146515	284.5250244	167.3756104	162.9135132
Q9D8T2	606.3867798	484.9692688	473.608551	518.1033936	608.1810303	718.5962524	873.3428955	909.3567505	695.0074463	688.6500244	582.9659424	625.7901611	498.262146	600.8043823	833.9973145	509.0261536
Q9D8T7	141.1248322	252.0315552	176.2215576	144.9060059	187.2252808	127.1197891	99.0798645	126.7576675	247.7363434	112.2453156	163.6669769	150.3774872	111.5959702	192.4378357	181.8569946	463.9782104
Q9D8U2	38.69136429	65.14425659	62.05643463	103.3890915	78.20162201	287.0298462	168.292984	190.1112061	125.7028427	184.3204041	59.72778702	189.3761749	119.797348	117.3034134	116.7299881	35.51842499
Q9D8U8	410.8492737	537.2754517	358.5314636	509.5505676	576.5128174	419.4341125	675.7732544	592.5410156	473.2790833	432.6009216	479.8820496	559.3493652	511.9742432	547.031189	476.3382263	661.5410156
Q9D8V0	587.749939	521.9642944	516.4772339	806.4378662	478.6109924	678.5722046	1280.497192	657.8581543	527.5791016	554.8185425	411.8713684	748.3737793	779.614624	660.8178101	623.2689209	479.7470093
Q9D8W5	830.5302734	869.6003418	980.199707	727.52771	997.3427124	753.2617188	989.6705933	800.1697998	778.1409912	764.1904907	742.5670166	1006.26239	662.6569214	905.62677	746.307373	1080.144287
Q9D8W7	382.1672058	345.8991089	171.1671753	174.3896637	235.8139191	409.7650757	90.55270386	330.4462891	310.7703857	377.7563171	414.0136108	261.571167	413.716156	169.1305084	248.0469055	297.1116333
Q9D8X1	366.5836792	460.6037598	446.6350708	283.1272583	195.7901764	427.4768982	261.8980103	207.1132813	234.6289215	409.6479492	273.5029907	379.9081421	744.1628418	213.4728241	284.5715027	319.4092407
Q9D8X2	217.0624695	245.8042603	244.2822723	216.3703003	288.1338196	225.8018188	164.0188141	262.3211975	407.1655579	161.7189789	80.09465027	184.5311737	152.7468109	427.0549316	231.1533813	155.2362671
Q9D8Y0	147.3152008	238.0364685	144.6835632	167.0832977	153.3166046	124.7716064	498.1174927	198.6984711	144.9768982	89.1559906	153.2080688	73.79804993	140.6804962	114.9283676	158.4340973	318.73703
Q9D8Y1	105.9571228	119.3801041	60.9020195	164.6300659	65.60257721	213.040329	49.52756882	178.6795654	152.7616577	115.7803497	90.12598419	151.4049988	47.79357147	199.5483856	79.88347626	0
Q9D8Y7	82.67208099	0	35.35028839	18.15211678	0	0	195.8005981	57.30096817	0	88.91918182	39.6326561	73.04718018	0	52.98168945	0	0
Q9D8Z2	25.45340538	158.9809265	213.045166	74.61711121	183.204361	172.4774323	84.34152222	135.0610504	0	83.25965881	161.8880005	383.722229	113.5544586	55.00041199	0	0
Q9D903	29.44292831	0	0	11.38127804	27.14725113	0	101.60952	0	0	0	38.84544373	54.58302689	89.41095734	18.50880051	24.84871674	0
Q9D906	486.4295349	412.2427979	603.1967163	549.2297363	623.2030029	890.0281982	740.9970093	668.5941772	601.8184814	892.0271606	586.5758057	725.0358887	669.2494507	635.6712036	501.1466064	1148.225464
Q9D938	133.5614166	200.7479401	119.8613281	207.3308258	67.91816711	209.4441986	154.0700073	233.7882385	141.7063904	246.6001282	212.4349823	151.5553436	139.1226044	154.0669556	315.0361633	125.7040634
Q9D939	43.29044724	136.5513916	89.19347382	0	98.65377808	25.61501694	82.92906189	72.99826813	74.48200989	60.11927795	129.5282898	118.1286774	44.62252808	64.4657135	64.74698639	0
Q9D958	333.2568665	379.6196899	424.9362488	382.8600159	726.2397461	425.4850464	686.0469971	686.8114624	532.2213745	444.1340332	387.2957458	471.3163757	423.1395569	265.8517761	363.9978333	507.8693542
Q9D964	47.71501923	47.92224503	10.09150982	0	64.42546844	54.08464432	157.4270172	138.8184052	34.67641068	71.51292419	24.50667953	56.25961304	44.2365303	116.5529938	50.61579895	0
Q9D967	172.5427551	128.7825928	172.2348938	232.1424255	230.0680542	194.7928772	227.0124664	113.8626099	82.09547424	255.2817841	181.3180084	223.0287781	189.1263123	225.1437836	139.8736877	274.7169189
Q9D975	120.0499573	0	0	60.62342834	293.2498779	0	1210.24939	321.4422302	9.541656494	0	84.35570526	68.50991058	106.4317474	196.3394623	39.91021347	112.3178329
Q9D9H8	44.56928253	88.71856689	36.97045898	63.95240402	52.30366135	64.23254395	60.32196426	1.368456721	52.5675354	25.6992569	44.32627869	68.83874512	38.64497757	27.6298542	17.75207138	0
Q9D9V3	1095.345337	960.9417114	1219.594849	1272.428223	614.9265137	400.8943176	423.0286865	582.2451172	683.0205078	559.4443359	797.0941772	640.6948242	646.3577271	471.4537659	886.8898315	559.09729
Q9DA03	47.29727173	146.0682831	13.39899445	80.33488464	0	56.26480484	23.04646301	149.2102051	33.45985413	43.83029938	67.16915131	43.83185577	16.72976685	40.80530548	27.11201859	0
Q9DAA6	0	40.93227005	49.38182449	0	9.393293381	16.1451931	0	0	41.27257919	2.930959225	21.23211861	11.39180946	31.53618622	42.86118698	0	0
Q9DAK9	55.62459183	121.2940216	93.5560379	103.6577301	191.2966766	131.3692017	157.2139893	122.1934433	46.4311142	62.10827255	147.3648987	126.8383942	153.8983002	113.8948135	75.94161224	97.01417542
Q9DAR7	274.8772583	389.438324	423.4585876	347.9069214	401.3351746	402.5924988	620.7879639	485.5069885	466.3650208	386.3451233	472.7894897	555.7773438	412.1953735	410.540863	399.3561401	294.0820313
Q9DAS9	518.0568237	754.8445435	285.7321472	313.394165	461.616333	472.3718872	409.8141479	548.2332764	413.5007935	451.0737915	361.2453308	396.0317993	489.9092102	513.3949585	355.3435974	434.4483337
Q9DAT5	28.42890358	91.0970993	37.64313889	33.44453812	65.48873138	71.33023834	91.37288666	33.38381577	47.46359253	60.57635117	55.35062027	31.93249512	85.35358429	85.85972595	37.10837173	119.0680847
Q9DAU1	149.8799591	163.5010986	99.54085541	73.55639648	20.54673004	98.22132111	325.2326965	86.12775421	72.03347015	260.4112854	106.0146942	301.1022949	132.7187958	55.82417679	108.3364639	0
Q9DAW6	133.8232574	131.3619537	76.69959259	121.9379578	139.878067	114.9077682	138.4089203	143.2288513	99.51526642	113.595787	89.22937775	124.8111496	149.555954	90.10063171	121.130867	171.8769836
Q9DAW9	127.9219208	142.9406281	96.05014801	181.7891693	199.2704926	118.1721344	235.469574	169.3110046	95.18180847	142.2872467	100.5360413	100.01017	129.5913086	169.6837616	123.1981125	175.4459839
Q9DB05	839.5778809	817.7938232	693.8311768	596.592041	1006.260681	757.6976318	1134.64978	805.8960571	680.340271	813.5944214	810.3457642	879.8228149	634.2131958	885.8599243	788.8451538	846.3258667
Q9DB15	424.933136	768.4090576	738.0146484	804.727478	691.7224731	917.7305298	441.3833618	580.3551025	614.9002686	597.552124	359.2245178	549.5422974	806.8135986	330.2041931	691.0543213	550.7133179
Q9DB16	170.5200958	136.1804962	122.6057053	154.3310699	181.3350525	170.1879578	138.1456909	186.3884125	125.6731644	149.079895	117.4207153	112.3778915	98.82234955	187.7246094	161.4639893	433.3522339
Q9DB20	17454.35352	15971.60742	15974.81055	20796.86133	11397.33789	14516.94043	11982.89355	13867.63672	15362.19531	14348.66699	14713.91113	14356.3418	13292.54395	15597.22168	15152.49316	15862.30566
Q9DB25	266.8480225	226.3967285	341.1653748	213.6807556	489.4868164	309.8217163	445.3192139	452.9912415	379.7868958	374.8076172	368.7661743	487.1295166	216.703064	495.0197144	309.4336853	401.8128967
Q9DB26	168.9017792	254.5614929	224.9840546	177.2345428	204.7685242	237.2455902	161.4851685	215.1686249	196.1496124	153.4227448	206.5936279	208.6354065	217.8773651	189.6109161	314.7435303	73.14073944
Q9DB27	272.1124573	345.6809692	219.1119232	214.9341125	314.1333313	339.5548401	341.1319885	281.0172729	383.6027832	308.6701355	312.8428955	414.8988037	316.3644714	348.9741821	298.0010376	606.8302002
Q9DB29	3198.600586	2700.90918	2795.833252	2869.687256	2129.160889	2788.48999	1850.653687	2776.544678	2265.034424	2396.739258	3173.705566	2783.178467	3504.358398	3016.778076	2988.390869	2387.444824
Q9DB30	24.56024361	119.341507	77.74301147	85.62752533	54.43970108	44.57241058	0	21.91215134	237.009201	71.95898438	36.35800552	212.9002991	36.46936035	134.0405884	63.89234924	0
Q9DB34	101.6090851	126.4167862	52.19744492	75.0851059	75.75039673	136.3928986	148.8525543	117.6922836	163.0602112	101.2131271	48.77474594	80.10585022	54.25525284	103.0088425	94.14660645	132.2193604
Q9DB60	125.53228	103.0334473	146.7254639	181.9329834	175.9502563	161.0251923	291.9100952	261.880127	101.2622223	159.7981567	158.8766632	141.103653	70.76742554	217.9970398	156.9156494	207.1904755
Q9DB73	42.10335159	100.8969879	62.07923508	29.98814392	113.8053513	0	64.47618103	64.32510376	69.35389709	87.18001556	75.73499298	79.08567047	35.15188217	37.25229263	106.2836609	107.7165298
Q9DB76	0	0	0	0	53.67651367	23.49769592	0	0	0	0	0	117.822319	53.73498154	37.25123978	0	0
Q9DB77	6551.169922	6306.623047	5472.916504	5738.961914	3679.196777	4937.385742	3670.695801	4130.526367	5472.400391	5232.541992	5330.852051	4445.446777	5173.971191	5366.115723	4497.222656	5939.789551
Q9DBA6	111.9349289	144.1006165	97.79390717	113.6333084	118.9719925	145.9630737	146.1873627	133.963562	92.29937744	108.9233856	130.3757782	130.2237244	111.9248123	125.245575	109.368576	84.55770111
Q9DBA8	1456.280762	1488.783813	1918.938354	2141.346924	1528.496948	969.2903442	984.2174072	1043.424805	1071.848145	1106.330078	1193.29541	1284.677124	1220.865112	1439.263672	1299.926636	1269.681763
Q9DBB4	0	25.47309685	88.29896545	0	85.02403259	23.95745659	30.27779198	49.88046265	42.0495224	60.21917725	18.48608017	114.3384094	31.97929764	0	35.65056992	53.71155167
Q9DBB8	5022.819824	3955.877197	4419.901855	5133.523438	3865.621582	4641.827637	4148.806641	4388.597168	4363.237305	4314.435059	4537.933105	4863.191895	5011.082031	4720.629883	4757.330078	6397.815918
Q9DBB9	145.0587311	266.7984009	192.8749542	140.2815552	160.0355072	174.6779175	232.5223083	124.9698944	236.3362579	141.9984894	138.1411438	152.7826538	185.8443604	140.5624847	145.2958069	227.235611
Q9DBC0	342.1012573	293.541626	333.7904968	245.8526917	278.7391052	216.4901581	257.632843	148.4575043	172.7948914	337.3896179	304.0119629	229.068985	206.6573334	255.8395233	287.796814	177.4055786
Q9DBC3	40.37092972	49.99160004	45.7712059	49.95007324	61.56003189	64.11734772	76.88304901	58.94374084	58.57610703	66.68661499	44.14356232	66.36660004	65.69020081	77.96881866	55.31481934	70.86669159
Q9DBC7	425.5422974	346.443634	339.5295105	380.5231018	278.1421814	315.7896118	449.8405151	334.6405029	357.4463501	334.3035583	362.1885681	244.0102081	298.7791138	220.6625214	334.134552	442.5227051
Q9DBD0	225.5975342	297.9544678	226.4078827	139.5097656	203.9211884	231.2417145	167.7812042	196.114212	267.0465698	151.6761017	201.7976685	211.1339874	243.3827972	152.0310669	219.6169739	191.3475647
Q9DBE0	3631.07251	4660.468262	2968.873535	3269.162598	10522.68945	15940.8418	8206.339844	15136.62793	16317.20801	18642.0625	17999.43945	20793.18945	16321.52637	15100.1582	10242.04395	16091.44922
Q9DBE8	87.44778442	73.70423126	121.7379227	91.53027344	174.4225006	96.94643402	219.9614716	189.547226	169.121994	109.7911758	153.126358	82.4499588	102.4553528	123.912117	179.2900848	221.0397339
Q9DBF1	15638.50684	19043.07031	14608.00391	17741.08398	8954.738281	10829.90527	7227.496582	9849.219727	13117.85156	10430.12891	11442.42969	9821.707031	11724.5332	11534.50293	13181.32422	14966.20801
Q9DBG1	5013.950195	6171.900391	5200.671387	6129.790039	2516.262207	3957.876465	2448.072021	3316.252686	3430.825439	4015.85791	4321.646484	4009.456787	3921.989746	4265.910156	4497.453125	4412.197266
Q9DBG3	662.3406372	566.675415	596.6566162	526.3153687	646.9807739	622.4331665	820.2682495	692.6293335	575.4434814	637.6832886	632.223999	610.2797852	638.8717041	606.4249268	679.9921875	839.5739136
Q9DBG5	112.3657455	129.0345001	141.6164093	144.4955597	280.197113	125.7114334	304.7756653	120.044899	132.1266022	162.3824768	73.71538544	114.5031509	154.0069733	135.4937744	111.8287735	276.3449097
Q9DBG6	2871.26416	2983.762207	2716.691895	3005.241699	2618.916748	2706.290771	2726.874756	2990.786621	3161.31958	2618.678467	2793.244141	2763.825684	2505.11499	2865.196045	2860.263672	2560.081787
Q9DBG7	470.5423889	491.8023987	551.2888794	476.5690918	493.9794312	668.7653198	607.1751099	620.425293	511.5164185	437.7996216	544.6074829	580.4404297	576.9086914	691.2965088	582.3759766	361.7927246
Q9DBG9	69.76322174	48.14212418	102.7849808	43.79057693	241.3629456	92.07524109	230.8992004	64.91970825	68.21907806	126.1839447	78.28262329	63.62726212	32.76134491	76.19971466	107.2267075	0
Q9DBH5	1700.798096	1590.422241	1400.210205	1344.182007	1143.876831	1185.442017	1171.335327	1309.900635	1609.176636	1440.761841	1120.573853	1606.939209	1409.445801	1731.701782	1346.285278	875.7294922
Q9DBJ1	9095.0625	9371.587891	9763.374023	11493.79785	9406.816406	9161.801758	13065.7959	10694.78418	10513.05664	10930.70508	10670.19141	8412.407227	10953.34375	11193.80078	10827.13184	7271.697266
Q9DBJ3	105.1501236	46.47310638	66.54629517	83.47986603	135.6510773	108.3182297	159.4674225	65.39785004	90.01628876	87.31179047	84.78549194	102.7438278	74.69893646	83.56429291	96.00656891	74.64983368
Q9DBK0	805.9411621	782.0764771	652.5461426	751.6502075	881.8820801	942.0205078	900.0305786	820.440918	791.7662964	838.6688232	1010.215881	1032.588623	1032.200928	778.7669067	689.6488647	804.935791
Q9DBK7	89.63408661	49.45916367	131.4461975	57.32611847	177.1149902	144.3546753	138.8337708	209.2008972	109.1939545	119.7951584	56.42881012	90.25435638	87.50389099	47.40602875	143.6155548	140.8935089
Q9DBL1	1248.586426	1386.828369	1212.644775	1711.561523	1029.432251	1394.389771	634.1997681	1079.322754	1084.303955	1235.643921	1380.763794	1125.171631	1056.084229	1141.893433	1100.943481	1216.44519
Q9DBL2	95.86705017	65.96999359	90.85603333	77.34941101	111.8300018	122.2548447	191.8937073	191.3538055	92.96024323	67.63736725	41.99866104	93.40251923	127.9909897	80.05483246	47.24026489	0
Q9DBL7	2512.568359	2553.306641	1959.750732	2245.354492	2151.260498	2327.252686	2181.624756	2497.626709	2642.064209	2312.571289	2742.552734	2736.43457	2760.860352	2705.587891	2344.332031	3851.660156
Q9DBL9	85.09005737	57.16509247	172.5782471	113.165184	119.2091522	141.4709167	256.6662292	219.2472839	100.3532944	143.7714996	82.13132477	117.4926071	152.6781921	153.6184692	179.6328735	146.9599152
Q9DBM0	69.26597595	133.6427765	157.5307007	140.1829376	194.8456116	199.3540344	161.8152771	327.9698486	177.8712769	240.8794556	134.3176117	130.2756805	242.7495422	236.7211609	119.6030731	520.2020874
Q9DBM2	22767.11133	24939.56055	19321.875	23357.46875	42828.76563	38648.91406	28455.39648	47827.26172	35730.44531	36289.06641	27594.97656	36654.46094	35339.10938	31006.60938	27203.17969	30779.61328
Q9DBN5	1145.061768	996.2669067	1083.776978	1037.45874	1160.828491	1501.733398	1189.540527	1528.456299	1256.735962	1298.491821	1294.470215	1462.936157	1401.01416	1106.883423	1308.461182	1472.119629
Q9DBP5	2752.638916	2728.854492	2615.252197	2687.155762	3759.760986	3716.092041	4078.06958	3368.548828	3579.773438	2960.224365	3969.935303	2817.014893	3185.239014	3017.584473	3114.031738	3240.92749
Q9DBQ7	58.52843094	61.04789734	72.33522797	146.034729	55.7414093	107.3986588	73.88731384	137.1904907	188.8800049	54.13684464	0	77.1246109	144.2414551	56.54080582	39.46878052	0
Q9DBR0	112.8548508	0	32.15927124	120.5951309	0	7.888093948	139.1819153	101.6848831	0	311.9399109	106.6624146	64.07196045	23.95532799	0	14.54120922	0
Q9DBR1	132.3011017	204.1620941	162.1925354	125.3280869	127.44207	97.45549774	274.2966309	91.04347229	123.5447464	206.5631256	164.4663086	240.8424683	104.6290283	193.2097473	165.364563	173.0998535
Q9DBR7	45.29150391	59.93663788	33.43198395	34.25530624	86.51091766	90.25104523	103.2378006	53.92900848	22.51402855	45.71348572	57.94325638	52.40006256	33.22951889	60.57627487	41.17006683	30.77502251
Q9DBS1	133.2878418	160.286499	176.6642151	109.3367615	310.3236694	222.2581635	542.4144287	224.562561	226.6460266	153.7569733	165.3244171	57.63798904	128.7813263	158.5695801	120.790863	130.5818634
Q9DBS5	68.40332794	74.53765869	60.8285408	53.17787933	74.06574249	72.65245056	73.96200562	39.13871002	85.94258118	60.54553604	61.39442825	81.766922	66.7020874	60.23013687	65.39926147	0
Q9DBS9	0	0	0	0	0	30.42398071	90.90400696	118.8147125	0	0	36.94449234	128.7164154	7.719396591	0	0	0
Q9DBT5	154.6829376	104.1169052	69.29872894	86.33810425	75.90606689	54.53493118	109.0138931	106.2907944	76.5351944	76.44081879	144.2773895	81.35752106	113.0548935	76.00737	85.41841888	0
Q9DBT9	18019.03516	17140.17773	16369.51563	17652.6543	7576.734375	9686.167969	7478.899414	8115.370117	10756.02246	10803.70898	10392.60742	9437.438477	10357.29688	9739.669922	12026.41895	10554.48926
Q9DBU0	105.312088	164.5360718	75.24938202	129.3717499	61.58493805	156.4429779	116.0858536	259.70755	99.72341919	196.592453	260.9745483	213.8095398	151.5555878	188.1943359	156.6166229	43.27017975
Q9DBW0	1268.814087	1582.798706	1266.376953	1634.660645	1098.118652	2437.524902	1112.509033	1296.25	1850.069336	1527.539917	1572.292236	1500.981323	1340.161377	1723.947388	1617.478516	2106.88916
Q9DBX2	74.47888184	42.84023285	0	87.86482239	0	108.1309967	58.77869415	33.91527557	67.07010651	0	0	102.4190445	0	151.7958221	39.34358978	87.19285583
Q9DBX3	64.99944305	54.71557617	54.19487	49.53401566	72.27173615	94.03240967	55.32265854	44.3064003	66.52488708	103.3372955	54.40678406	45.50035095	69.90880585	70.99649811	76.78941345	179.7650146
Q9DBY1	50.56002426	89.04467773	67.98135376	62.64656067	4.624459267	122.4819794	68.44795227	203.3074036	8.128576279	140.9545746	0	114.8407974	182.9214325	77.22370148	206.1287842	0
Q9DBZ5	631.9594116	342.4798279	498.1568909	719.2948608	816.0335693	539.4017944	956.328125	697.1377563	527.163147	637.3616943	587.9440918	845.4155273	678.8196411	600.4435425	522.7806396	785.1759033
Q9DC16	332.4244995	242.1164398	313.951355	323.9704285	260.9819946	295.9390259	552.0065308	390.4734497	370.2085571	221.6818085	285.0891113	409.2003479	251.9168396	271.429657	477.6533203	231.4393158
Q9DC23	55.52942657	48.32036209	44.93625641	28.04227638	84.47896576	47.85966492	49.82378769	61.89715958	64.8214035	80.5142746	28.17721748	60.22982025	75.20214844	65.02706909	71.67033386	440.7444153
Q9DC28;Q9JMK2	76.18035889	55.44432831	44.90886688	136.0296326	78.39634705	67.20841217	96.5270462	44.3394165	105.2518692	84.36241913	40.32764435	61.58134079	76.76819611	55.21133804	66.83822632	0
Q9DC29	52.15295792	61.58158493	67.72060394	94.73587799	141.4283752	150.8830109	86.91203308	125.3745193	132.6024323	115.3031998	139.3648682	112.3000793	137.6989441	119.3125458	125.8046112	182.5036469
Q9DC48	35.573349	51.66857529	111.5936508	28.56601715	89.22926331	35.17839813	104.3132782	82.63097382	70.00775146	25.06282806	51.22657013	109.5777359	32.14237595	34.94974518	31.70619392	0
Q9DC50	1950.17395	1878.803345	2220.06543	2109.134277	3325.258057	2616.147461	2095.041748	2382.382813	3396.436768	3017.069336	2648.731689	3562.647949	3448.43335	2792.546143	2884.46582	2790.612061
Q9DC51	269.1131287	140.4337921	151.8370209	183.2875824	220.4865875	205.7608795	387.7077332	201.572998	245.852356	233.9222565	275.5627441	232.6448517	263.3286438	212.0367126	244.4811554	324.3874512
Q9DC61	454.4497375	498.7659302	406.7607117	426.8519897	360.0659485	343.8470459	316.0046997	404.3356934	406.9634399	477.0814209	465.9559631	455.4621887	382.6717224	454.8291626	342.961792	290.7815247
Q9DC63	141.5942535	60.5823822	90.8084259	122.612381	141.6458282	129.6481476	138.3748016	155.1877136	192.9841919	218.7012329	189.2087097	73.89645386	144.7696381	131.7100372	148.7611847	258.0707092
Q9DC69	3015.687988	2826.319092	2416.929688	3383.029297	2210.494385	2740.666992	2023.342407	2738.867676	2966.85498	2658.730957	2624.092285	2844.224609	3057.082275	3114.939209	2854.746582	2352.053955
Q9DC70	2005.223877	1757.75293	2160.601318	1466.984863	1523.642822	1468.89917	1129.768677	1200.24292	1072.934692	1070.544189	1226.089722	1598.692261	1092.680542	1664.752197	949.1309814	1261.280396
Q9DC71	257.4305725	235.2842712	156.9467926	242.7198334	188.7031708	208.9083557	198.2238617	132.6354523	207.5800476	149.6687164	142.4172058	169.0783997	185.2640533	190.780304	189.1598816	90.57873535
Q9DCA2	125.9085083	68.615448	85.7311554	42.9151535	67.78987122	217.3897705	66.26842499	69.08678436	53.59408188	70.58027649	67.33255005	132.9104614	149.0763397	56.67358398	12.78203583	134.6407776
Q9DCA5	52.98567963	40.70962143	46.64907074	88.79725647	53.52138138	124.4532623	51.73854828	27.74025726	15.042243	33.95729446	41.90495682	70.22802734	97.85259247	53.16639328	67.37725067	0
Q9DCB8	166.0665131	274.7426758	242.2740021	152.995575	180.0689545	171.0749359	102.7242355	110.9975891	118.9118958	128.2158051	193.7690887	202.088913	253.3539886	128.6696472	196.8011322	163.0437317
Q9DCC4	200.4570618	299.252655	166.528244	559.2599487	99.89151001	706.9641724	260.7548523	346.9101257	399.812561	287.2094116	156.6655731	412.4795227	235.4495239	175.4738464	423.960083	373.6563721
Q9DCC7	325.7616577	244.5516052	304.1142578	297.6789551	233.2988281	211.3424072	223.5478821	192.0057983	156.5351105	156.7501373	135.3585968	193.1882172	242.8731995	208.3067474	171.6917725	215.2284698
Q9DCC8	98.33815765	96.01691437	106.7110977	79.57997131	140.5209045	96.78813934	51.25024033	103.2492905	36.25265884	90.28574371	74.01433563	64.37826538	115.2519073	0	41.03233337	0
Q9DCD0	988.2846069	827.6503296	1314.936768	1130.051758	1667.664795	816.1356201	3362.148682	1455.052368	834.4959106	824.2016602	1208.425293	874.1828003	930.2333374	831.7564087	1431.471802	901.9655762
Q9DCD2	75.77877808	181.0954437	0	0	0	0	88.69328308	120.3695221	47.09897614	0	33.27490616	25.70764542	80.94441986	197.8603516	43.66448593	0
Q9DCE5	26.89497375	50.73300934	76.52997589	38.43766785	84.20306396	102.2625046	60.94778061	108.3605728	41.05117416	98.18875885	24.07097626	44.57283783	39.88909912	0	36.35726166	0
Q9DCE9	210.4409485	93.13375092	95.87601471	267.9924011	677.6875	263.7171326	434.5143127	2500.501221	273.3433533	540.4939575	297.1731262	264.4675293	307.8652039	383.5736694	382.8600464	399.7649536
Q9DCF9	770.6894531	1277.751709	1288.876343	459.2420654	1096.583862	897.3051147	703.9824219	1060.421265	881.8693237	847.3377075	789.9028931	1121.334229	854.4313354	682.6254272	743.5733643	2114.674316
Q9DCG2	172.6625061	163.8781586	196.4437408	226.1346588	191.549881	142.381546	57.17658234	135.9464417	211.7120361	118.4467468	235.0729065	114.8525543	162.4151459	148.6865234	233.6872101	0
Q9DCG6	6998.214355	6235.297363	6463.753906	6498.109375	4437.756836	5715.101563	3831.295898	5401.32666	5977.267578	5517.65625	5998.946777	5685.82373	5212.924805	5778.984863	4994.72168	6759.604004
Q9DCG9	163.5305939	278.2108765	127.3194351	383.1193542	224.1640015	180.704422	354.0842896	228.7120514	316.3262024	191.535614	274.6512451	178.4407501	187.9995117	221.1851196	210.4880524	507.6365967
Q9DCH4	943.5172119	911.1224976	811.3878174	853.3244019	721.1816406	971.1994629	1078.959717	923.1213989	942.0282593	807.767395	975.0926514	932.4013062	978.1670532	787.475769	884.5390625	756.3027954
Q9DCH6	28.54816628	67.53534698	19.63140678	0	7.223639011	39.95217514	0	12.40430641	5.650002003	29.95521355	11.92855549	82.5976944	82.83679199	0	8.498606682	0
Q9DCI9	66.88776398	159.9363556	126.9787674	176.8232574	66.02613831	55.81095886	51.78945923	85.89837646	41.79946136	59.71337128	68.46063232	202.2306366	52.03511047	131.809906	82.45937347	0
Q9DCJ1	10.09292603	10.43166637	74.02601624	0	36.5572319	37.25426483	58.85153961	22.16601753	49.86231232	4.012156487	21.20080566	0	9.475344658	7.801473141	0	0
Q9DCJ5	1639.668457	1721.76062	1375.6427	1759.056152	1036.587524	1349.38855	995.0807495	1080.677368	1777.69397	1213.025146	831.4277954	1219.17334	1257.672729	1410.107544	1951.342041	1342.296997
Q9DCJ9	93.4799118	47.76449585	102.5782318	147.2162323	126.5323868	138.7863464	195.3282471	170.8383026	104.3573303	109.1619568	87.11168671	87.79489899	139.5829926	160.9066315	154.7043915	299.1578979
Q9DCK3	93.72498322	0	171.1611328	102.5713806	109.2174683	111.7509918	186.9264221	118.6542664	144.9421844	137.2009888	78.43569183	106.7594604	158.9642334	94.55606842	87.82885742	0
Q9DCL2	19.89924431	25.25013733	0	18.83307457	35.1141777	7.148744106	0	0	11.76494884	37.50570679	5.10563755	0	0	0	10.56844425	0
Q9DCL9	592.8329468	895.6582642	764.9524536	697.3096313	627.2312012	490.6026306	542.2981567	501.9615784	638.2207642	624.6906128	659.6964111	559.7521973	508.906311	572.1171265	563.6060181	1061.64563
Q9DCM0	2576.889893	2964.785156	2851.661621	3053.306641	976.8775635	1326.221191	1043.81897	1190.219116	1669.597046	1524.154541	1224.178833	1496.331665	1624.390381	1407.817261	1812.251587	1745.880981
Q9DCM2	7167.57666	5612.323242	5201.229492	6995.769043	5998.733887	5222.665527	5214.966797	4706.397949	5060.728027	4158.248535	4883.845215	5128.912598	5408.958984	4899.624512	4925.123535	6086.710938
Q9DCN1	477.0744324	588.9727173	744.1270752	609.2868652	884.2573853	776.0526123	482.4268799	451.2705688	625.9637451	688.8059082	736.4863892	728.9771729	737.0463257	568.199585	554.2512817	654.7728882
Q9DCN2	10254.78027	8678.87793	10414.93457	11574.49219	11317.82813	7261.606445	9772.725586	7853.614258	9424.168945	9234.962891	10517.43359	7249.989258	8817.826172	8267.960938	10629.83301	11655.91895
Q9DCP2	558.1832275	1087.991333	989.9248657	733.8058472	1078.670532	388.8184509	108.7460022	622.3095093	479.9547424	514.4631348	549.6110229	408.4942627	398.8840637	603.354248	554.612793	645.2124634
Q9DCQ2	2172.701416	2165.797119	1856.995361	1930.624512	1865.223999	1966.589722	1687.677124	2166.585449	2524.442139	2192.388672	2199.154785	2082.558594	2089.824219	2463.634033	1991.530518	2236.011475
Q9DCR2	102.0645142	175.6850128	12.26849651	0	150.5001221	169.8542633	44.86471558	79.72652435	157.0420837	303.9248657	162.5769348	80.30112457	92.50039673	98.09802246	101.0045013	185.5976715
Q9DCS2	2329.529297	2321.953857	2886.342041	1938.168823	1718.077148	2763.679932	1728.361206	2498.939697	2803.550537	2142.090088	2417.781494	2715.279297	3160.299805	3051.43042	2444.359375	4373.664063
Q9DCS3	645.9291382	727.2713013	794.0330811	703.4408569	548.6652222	650.5023193	485.7664185	724.9504395	714.7245483	669.4668579	471.5783691	728.3921509	616.3081055	673.2733765	722.1306763	566.9321289
Q9DCS9	3414.417725	3763.757324	4455.927734	3570.389893	2445.448486	2791.264404	1962.294189	2484.203125	2753.855469	3242.334229	2829.142822	2322.490967	2760.817627	3033.991211	3303.543457	2627.640869
Q9DCT1	389.4718323	450.1815491	601.1462402	512.5301514	459.8432617	485.5787354	372.256073	389.6735229	355.0130005	445.6793823	357.9107971	334.6570129	297.9523926	550.5690308	510.180542	455.1819458
Q9DCT2	6822.95459	5832.583984	5251.448242	6520.097168	5081.148926	5438.284668	3572.098389	5054.018066	5217.606934	4909.276855	4684.770996	5181.564453	5358.413086	4927.190918	5238.628418	3504.682373
Q9DCT5	162.2837372	212.9548035	142.1612091	252.8067322	436.4982605	305.4085083	139.7749481	303.6840515	168.7096405	182.6346283	199.8470459	238.8217468	303.5759277	268.6560364	109.4613266	399.3672791
Q9DCT8	757.633606	68.47329712	858.3966675	42.73813629	233.4993134	312.3241272	773.6500854	406.0680237	315.4191589	630.8921509	527.1576538	204.2303162	707.9611206	500.7250671	683.0724487	1621.894165
Q9DCU6	203.3031769	299.6699219	364.3364258	322.2285461	294.5734558	122.0833511	198.4122314	134.8772888	161.745224	227.9475098	296.4564209	236.7355194	224.2106476	271.9887695	180.7470551	360.2737427
Q9DCU9	4015.080322	3305.322998	3602.17627	3941.050049	1297.766968	1985.458862	2305.05542	1998.567017	2578.473877	2205.503662	2680.979736	2139.470703	3095.263672	2333.408447	2566.240967	1396.821899
Q9DCV3	82.03451538	115.1838913	89.62250519	133.2121582	124.6084976	144.169342	119.9008865	235.4526672	52.39822006	79.78077698	148.4721527	224.2963867	72.59076691	175.2064819	147.5232849	558.0282593
Q9DCV4	1179.633911	1182.918823	1261.600098	951.1575317	1043.309326	792.5786133	739.7923584	760.8064575	905.9469604	920.7132568	1253.038452	907.5855713	977.3449707	803.9243774	965.1622925	977.2509155
Q9DCV7	223.5197449	268.462616	504.5411987	197.1155396	431.5626526	189.7406921	319.1470642	177.7221069	379.6693726	149.8193665	271.8648071	347.431366	112.1218643	103.0469131	82.57518005	555.9853516
Q9DCW4	25666.50977	28113.54297	19741.99414	20246.27539	14109.09277	13769.24902	13268.97559	17228.50391	17953.36719	18939.43945	20458.45117	18472.5293	19221.0293	20491.92578	19810.48047	22377.7168
Q9DCX2	10280.82422	11405.46875	9806.285156	8627.064453	5792.275879	6489.941895	5421.327637	7109.095703	8395.882813	6958.297852	7214.333496	5685.503906	8647.668945	9341.711914	7214.375	5923.249512
Q9DCX8	751.0568237	762.7288208	808.0726318	705.6671143	1262.803833	604.7250977	811.2686768	796.0949097	628.666626	990.7319336	908.0585938	689.4020996	691.9129028	730.9517822	593.6138916	799.479248
Q9DCY0	3299.763672	4584.222656	4632.311035	4490.469238	2203.652344	3856.078369	1589.422241	3857.358887	4361.92627	4491.274902	3600.119873	3388.828613	3882.986816	4630.436035	4078.587646	3076.763916
Q9DCZ4	579.3884277	524.305542	402.6043091	561.1260376	365.9126282	495.0675354	288.9098816	425.5007935	397.0544128	360.0748901	520.0628662	267.4261475	300.7198792	501.9542847	486.8300171	369.3703003
Q9DD06	159.5154572	0	0	327.0128479	0	138.1625977	138.9811096	120.6411057	157.612442	0	0	0	65.35149384	79.51213837	0	43.02618027
Q9DD18	85.1828537	111.3117828	13.46850395	23.46778488	124.8023758	77.42169952	86.42964935	0	14.78551197	47.14737701	183.8392029	106.4502411	4.663479805	20.9037571	107.3081436	46.9538269
Q9DD20	5192.408203	4637.777344	6109.55127	5418.21582	7904.062988	5903.300781	5989.466797	7138.641602	5768.894531	7195.25293	6514.330566	5464.854492	6835.1875	6361.418945	5046.041016	6888.784668
Q9EP69	405.9614258	382.9916992	402.1437988	567.7299805	609.2110596	622.6115723	639.7492676	579.4862671	540.0994873	527.2709961	465.9486694	578.8889771	568.880249	507.5961914	495.1497192	651.7593384
Q9EP71	117.2403641	135.9345245	86.74318695	191.8312378	283.4543762	140.6403961	169.1601715	164.2446747	243.8268127	153.2382355	146.5819702	222.3108978	211.0079193	233.5822144	168.3261719	91.04795837
Q9EP72	277.190918	301.0593262	295.5353394	250.4799194	465.2781372	466.8317566	402.5267639	457.9144592	364.0411377	545.3071899	352.7120361	393.2756348	369.0276184	386.7128296	322.2575378	539.656189
Q9EP75	1032.334717	787.7800293	903.4611816	671.897522	954.3956299	1009.253235	593.4592896	670.2124023	810.1100464	932.6300659	890.7349243	603.4490356	783.7440186	935.0441895	824.3792114	1084.148804
Q9EP89	747.998291	784.3773193	808.1865845	843.8980713	364.4250793	641.3474731	442.0754089	601.5629883	589.276001	624.5346069	498.3562317	644.989624	659.9168091	698.3040771	747.2776489	860.3540039
Q9EP96	57.96803665	35.48214722	85.83229065	77.09738922	93.13385773	27.24803352	0	0	32.71699905	19.1692524	24.08761406	0	30.84132385	27.92483139	17.98568726	0
Q9EPA7	107.9228897	114.0934448	127.3333282	139.7596436	123.4634247	128.7977295	49.43930435	155.1249084	141.4960022	174.9248352	107.5231781	134.7640991	94.60414124	104.4414902	159.2667084	92.8806839
Q9EPB4	67.17199707	174.8818207	47.57812881	66.25067902	192.2783813	69.77331543	319.0241699	133.6513824	0	108.376915	63.55283356	134.9386749	41.73949432	57.39322281	123.6838913	0
Q9EPB5	214.62677	92.99170685	145.8851624	114.07724	154.7252502	190.5764008	102.5609894	76.12930298	113.4255524	120.9260941	130.6320343	102.2899704	134.4723358	192.2341766	142.230072	393.2275696
Q9EPC1	267.3900757	246.3949127	216.7943268	241.7444763	290.0977478	333.4007263	333.1808472	224.6878357	249.9123688	313.1054993	346.6413879	374.6644897	244.1492157	267.4720154	224.7095642	324.9436951
Q9EPE9	190.6377869	251.1405487	186.0482178	212.9903564	207.2438049	279.7374878	217.8409882	213.3956299	226.6128082	171.1980896	167.3520966	232.8035126	182.3697815	154.740387	230.8696136	278.4648438
Q9EPJ9	91.8269577	92.25915527	68.37389374	73.17133331	126.9176178	85.60736084	80.4197998	54.713974	85.68758392	100.7055359	48.47877502	106.3604507	110.6439056	115.7807083	50.8360939	142.993042
Q9EPK2	118.0841904	103.7030869	60.40541077	44.16854858	31.8060894	45.67796326	114.0199585	66.7165451	51.68128586	0	78.36105347	76.74407196	107.5579758	97.0629425	67.22026825	0
Q9EPK6	5.058206081	103.1469193	67.0887146	76.24098206	0	37.99312973	52.02749252	43.62601089	36.72632599	16.40763092	52.37376785	24.0690403	14.14156628	23.0987339	0	271.6585388
Q9EPK7	425.4480896	398.1181946	328.1037292	527.0283203	387.6577454	184.1938324	347.661438	335.3330994	276.693573	385.6642151	520.4013672	393.9724731	321.7729797	271.7454529	333.8977661	343.926239
Q9EPL0	256.0205688	142.208847	143.0625305	46.86638641	136.3344421	156.428833	239.2040253	203.5950623	286.9324036	403.5481873	241.1872864	430.7170105	254.2266541	219.500351	175.9024963	762.5255127
Q9EPL8	204.2445984	301.7025146	228.6947937	216.0704803	280.076355	259.0156555	290.2024231	239.1998749	211.4087982	197.1507111	277.6104126	249.136261	213.7611694	230.7241058	195.87117	315.5757751
Q9EPL9	157.4903717	264.3556824	128.7572327	187.1096802	235.4066925	248.7967987	209.198761	180.0900116	181.6705627	161.5925903	183.3705902	158.5320129	123.3324127	252.0159912	265.9230652	405.5421143
Q9EPQ7	467.8437805	648.6167603	582.2487793	486.7115479	510.5707703	642.1951904	390.2349548	434.01828	565.2741089	582.0651245	853.9696045	562.5432739	714.7507935	501.5388489	623.6689453	710.3636475
Q9EPS3	35.82571411	0	49.92536545	16.17765999	69.70077515	35.82180405	25.15484619	41.19356155	32.59063339	52.52763367	0	43.23390198	69.69149017	103.9048233	38.7685585	0
Q9EPT5	80.32552338	113.7095337	138.7748718	163.5857239	121.146698	105.0677719	191.743454	122.5759354	125.5381317	149.8656311	150.252182	95.72567749	170.7105408	104.8829803	103.4697113	126.4599991
Q9EPU0	438.3769836	327.1665649	346.2627563	395.5503845	407.0687866	476.1377563	534.6147461	545.0234985	471.289978	420.7888184	534.8006592	558.9104614	395.7340088	481.7894897	360.1982422	551.4557495
Q9EPU4	106.3938141	146.3726044	121.5977859	112.4705734	154.1849976	100.170166	129.2627258	108.6068192	132.0075073	103.9352646	101.8309479	85.67886353	114.7179794	75.67736816	76.64338684	279.3667908
Q9EQ06	1926.95105	2116.612061	1482.373657	1722.043457	2551.086426	3935.7146	3821.090576	3481.305176	4007.45752	3439.553223	2992.742432	2751.066162	3138.898682	3352.312012	2430.519043	3359.624512
Q9EQ20	19711.73047	21755.04688	17335.95703	16497.00195	10547.31836	17721.47852	10673.00586	14165.18262	15101.11719	14741.67188	15473.56152	17180.69531	16938.82227	17935.08008	17550.45117	18681.60742
Q9EQ32	131.2173004	180.7910004	136.3892822	130.1159058	268.7875671	81.37302399	174.2601013	126.2770157	80.12281036	83.56129456	169.8682861	105.0682526	84.23921204	122.7094421	110.9997253	74.49056244
Q9EQ61	34.9598732	61.47178268	106.4093094	41.45534134	175.3218231	64.86099243	106.0892563	58.50785446	18.7336483	45.80556488	31.19470024	30.93938446	22.80359268	30.49807549	2.247234583	0
Q9EQ80	170.5987091	244.4634857	171.2344971	236.290741	102.2177353	165.5213318	214.9298553	170.2954559	174.4812775	136.6085052	171.6677094	223.9695435	95.00493622	212.6123199	154.4373474	194.6660156
Q9EQC1	636.2662354	765.3457642	757.4666748	636.1835327	676.4609985	909.8803101	812.9014893	680.2109375	738.4984741	755.5032349	1069.028076	669.2251587	1018.846985	828.0164185	609.2810059	670.5073242
Q9EQC5	49.31558228	77.10015106	43.4082489	67.36698914	73.81100464	31.10503769	65.78284454	51.47035599	68.6854248	17.27179146	47.22094345	66.07913971	57.29656601	55.57452011	127.8781662	442.0117188
Q9EQF5	4292.397461	4609.736816	4740.987793	4681.791992	4052.438965	4977.407715	3584.394043	5007.772461	4681.516602	4373.361816	4431.426758	4467.327637	4655.64209	5041.205566	5047.690918	7304.672363
Q9EQG7	0	0	57.60171509	17.69578934	91.42333221	0	0	24.95850372	0	21.53669739	0	19.24187851	75.88565063	48.02077866	0	110.0018005
Q9EQG9	80.27474213	97.88410187	81.61513519	42.71079254	70.56231689	47.2912941	146.6598511	91.30609131	65.87581635	56.77715683	152.2750244	79.3445816	65.26725769	70.54027557	117.6893463	222.132431
Q9EQH2	720.2404175	629.0627441	692.2366943	664.3481445	824.1099243	689.5854492	991.2002563	1143.501953	752.1981812	897.5935669	772.6040649	797.7474976	676.5535278	909.9558105	772.2197876	886.2476807
Q9EQH3	670.4865723	532.7478027	358.0062866	630.8518066	536.8850098	818.0420532	978.6981812	654.9697876	603.1295776	600.4202271	609.4091187	626.3352051	651.6778564	719.3085938	677.8098145	854.602417
Q9EQI8	166.1570129	249.5783997	114.0911865	238.611145	173.2273102	223.5765991	141.3835297	204.7880096	116.5995865	163.8287354	130.7606506	158.5385132	245.4566956	138.3508453	146.3140564	97.31538391
Q9EQJ9	26.69366646	65.40203094	34.64887238	45.73853302	38.35749817	25.58623886	35.6434021	45.89928436	22.34204674	56.94105148	43.39078903	0	19.32713127	52.46188354	38.11007309	0
Q9EQK5	1141.314331	1035.385498	1143.460571	1121.28894	2388.163818	1352.314209	4761.64502	2818.571289	1415.922729	1953.841431	2309.485352	1672.815186	1767.554443	1806.611694	1717.792847	2165.983398
Q9EQP2	122.8694839	68.03022003	134.7715607	165.2415466	216.5092163	182.9406891	352.1304932	158.316391	165.0299683	144.9771271	178.2437744	228.3978882	112.7557907	114.4027023	166.5798492	215.993103
Q9EQQ2	0	16.84004784	0	0	59.37324905	24.00349426	0	0	35.87131119	18.86379433	0	8.244346619	21.54719734	15.60434818	0	0
Q9EQQ9	116.491684	91.40424347	31.38992119	99.12410736	89.14298248	78.98399353	210.5920868	94.23197174	70.07434082	153.5381775	113.941597	69.09846497	89.75007629	191.5434265	57.9753685	54.98892593
Q9EQS3	368.4238892	253.1075592	265.9723816	422.5330811	250.8230438	277.8777161	532.5519409	518.3999634	396.4929504	324.8243713	347.0063782	456.4379578	227.1512299	382.7632446	438.157196	248.5268707
Q9EQU5	772.4977417	821.0534058	759.2579346	1152.09436	1395.459473	1047.075684	1707.908447	1073.531006	716.0327759	964.9160156	791.0570068	1088.707031	619.8129272	973.9024048	670.3208008	815.675293
Q9EQW7	134.7253418	201.8774719	187.5890656	123.4698334	234.7625732	176.8965149	145.2041016	206.9523773	132.5074463	202.9030457	180.7684479	192.9972076	181.032547	230.1207123	137.242691	723.9942017
Q9EQZ6	97.50435638	78.68910217	93.68276215	126.2977905	113.3928528	114.4768906	75.08965302	122.9804382	121.8198547	92.43650818	83.07680511	79.29828644	71.24382782	54.64147949	76.46029663	300.9760437
Q9ER00	287.3693237	182.1353455	154.9970551	339.2904358	260.0479126	412.2314758	407.5670166	345.1465149	299.6329956	297.1225281	142.7866821	336.1447754	326.8200684	298.7685242	276.5517883	97.39048767
Q9ER35	164.6385193	236.4392853	143.4062805	133.9878845	0	94.08804321	44.64674759	113.9838791	137.4058075	252.0274811	139.017868	98.85336304	118.9393845	152.0039368	102.8975601	69.70990753
Q9ER39	67.15267944	50.91264725	110.4173508	94.89191437	128.6304779	66.93492889	88.6518631	82.2664032	61.38321686	63.62039566	74.32199097	81.8303833	117.2481766	75.46469879	58.39203262	188.7729492
Q9ER41	82.44957733	81.78540802	59.48170471	105.6302185	163.0851593	67.51390076	175.8679199	141.5363159	69.99929047	40.73039627	76.46572113	130.8090973	86.37874603	131.2868347	65.85783386	0
Q9ER69	0	0	13.36605263	23.5212307	85.89970398	39.73561478	105.9941788	56.32177353	0	72.44249725	0	6.505732059	36.96782684	0	43.92996597	0
Q9ER72	319.1506653	392.2869873	284.4404602	345.4118958	543.8156128	559.6951294	409.7476807	510.6720276	393.5805969	398.4568481	502.8876343	498.2380066	422.3835144	350.6046143	472.3018799	789.897644
Q9ER88	428.0009155	415.8951416	313.929718	411.4378357	381.5063477	318.9277954	252.9167175	371.2121582	315.7644348	397.8897095	435.5687561	441.6233215	286.4533997	333.5794983	298.1584167	297.3786926
Q9ERA6	236.366684	181.1357422	301.1582947	162.7372894	147.5575867	190.6408081	339.098175	260.1794739	163.6742096	216.9476776	222.9768982	311.8916626	359.5653687	175.629364	235.163147	0
Q9ERB0	148.4754639	99.60984039	82.74872589	32.80525208	173.1313477	127.2489014	75.98422241	49.97522354	29.93762016	86.64936829	44.17304993	80.54374695	86.74416351	79.55675507	55.85417175	0
Q9ERD7	794.0855713	522.8870239	284.4669495	403.5612793	375.9287109	773.4208374	647.2009277	555.1678467	756.133606	615.963623	741.5142212	394.8485107	463.6670532	341.7171631	579.5974121	602.0664063
Q9ERD8	0	0	9.940470695	0	0	0	68.30570984	0	0	0	0	0	0	0	0	0
Q9ERE7	241.5861053	206.384552	205.5393066	191.8668823	407.4403687	241.7330475	349.4370117	346.3814087	273.6893005	266.9731445	277.3770752	233.5555115	225.973587	253.8498688	293.3032837	383.5106201
Q9ERF3	239.8631134	200.4707336	182.0122681	104.4383698	195.895813	263.3979797	313.5257568	275.9725037	138.3898468	159.1159515	269.6255493	363.7072449	218.331131	153.7083282	259.6940918	223.9916077
Q9ERG0	203.9004974	156.1282654	234.0700531	235.0097046	290.0575256	143.1055908	258.2202759	182.7128906	144.2353058	102.5464783	288.0993347	268.1771851	237.4067993	247.6196136	200.380661	322.0893555
Q9ERG2	69.80016327	61.59840393	55.79164886	62.8207016	77.42214966	36.27891159	121.5473404	75.37745667	47.33691406	57.69564819	82.12304688	78.29821777	31.68528557	32.99556732	35.5136795	27.39286995
Q9ERI5	35.76411057	137.3961182	45.5417366	29.5049305	88.48884583	40.12049866	133.9024658	58.89925766	161.9825592	200.9282837	143.5723877	0	59.49755859	105.5454025	36.19569397	0
Q9ERI6	135.1609955	78.9645462	59.79542542	173.2987366	22.48612404	41.73254776	119.3370438	105.9495468	54.95510101	74.12252808	208.0270081	115.042984	121.137207	119.3315277	135.0244751	165.5488739
Q9ERK4	38079.89844	44530.90234	36753.80078	36874.21484	41144.45313	36255.75781	44426.03125	56199.21484	40595.40625	52449.52344	38761.04297	36305.86328	33090.26172	33158.45703	38849.53516	46090.39063
Q9ERL7	125.4948425	86.94876099	106.3499298	163.0410309	151.8405151	90.55493927	425.359375	182.6959991	166.8447876	193.4006805	115.6785583	135.5862122	126.068573	76.91082001	242.2791748	188.6090698
Q9ERL9	34.28198624	16.63228416	30.56612206	19.68976402	43.03122711	42.4654007	41.0018959	27.56833076	18.4215641	56.24621964	31.02362251	32.59388733	39.07568359	34.70706177	18.10967064	0
Q9ERR7	243.9506073	243.5043793	145.5808563	152.5307312	164.3278656	298.01297	321.7568665	243.5531158	204.4017639	185.6655731	355.8132629	152.7755585	178.2611694	112.8678207	160.3694763	97.81919861
Q9ERS2	5999.909668	5356.324219	5859.357422	6415.882324	4094.210693	4693.197266	3005.932373	3937.546143	3459.797607	5271.09082	4592.347168	4807.59082	4703.598145	5398.043457	5524.508301	5721.060547
Q9ERU9	75.38437653	132.9497833	147.555069	120.9282303	111.5581665	118.7839203	156.654068	77.6446228	111.432785	88.30466461	78.76934814	132.9753265	118.4415207	110.1628799	120.4496155	81.35215759
Q9ES00	34.49523544	46.04713821	35.86128616	53.72818375	77.02189636	55.18798828	90.51691437	80.7468338	52.84628677	26.06113625	35.0768013	52.37575912	80.77728271	51.84556198	46.98700333	161.7954712
Q9ES28	45.82261658	104.4023514	86.19168854	86.52373505	105.9575272	44.95888138	132.2631836	85.30527496	94.38548279	184.7646942	113.8546753	96.47862244	87.2793045	98.99755859	76.46364594	0
Q9ES46	0	0	0	21.66976738	0	0	0	0	0	76.91356659	0	61.13226318	47.70652008	74.03539276	51.37192535	0
Q9ES52	0	0	15.83479691	95.44335938	129.240036	62.6651535	120.3282089	52.15726471	62.51449203	0	98.14566803	119.3112259	84.26939392	50.32008362	48.07437897	0
Q9ES56	137.099762	95.15891266	96.61870575	103.7556992	155.6256866	117.7225418	183.4234009	110.5892792	155.0893097	115.8506393	124.3733368	118.7304001	178.992691	116.380043	52.59814453	105.6756668
Q9ES70	4.073484898	3.125871181	11.73503399	10.95090008	6.071782112	16.02898407	112.5254822	9.945543289	46.17919159	0	17.10035324	38.45420837	0	0	0	0
Q9ES74	134.8221588	113.2935715	62.2242012	81.93941498	109.2020493	141.9405518	141.0508575	109.2295837	169.7517548	155.2920074	144.3690491	133.881958	87.94986725	132.3617859	171.9859772	139.1851196
Q9ES97	217.1083527	252.7810669	246.8880615	209.9790192	156.9862518	457.5180054	183.1486511	167.5142212	338.3480225	436.4420776	236.2864227	200.387558	73.39135742	45.03235245	27.00504875	171.6123962
Q9ESB3	589.1099854	1073.61853	432.3609619	388.7507935	300.4692078	404.6723633	953.7923584	406.6546326	478.491394	416.8486938	504.330658	414.465271	563.5106812	471.0596313	338.9728699	692.4898071
Q9ESD7	39.96942139	65.04427338	54.98019028	50.4049263	55.16215134	63.31510925	89.58196259	102.9294357	86.70143127	48.41284943	100.0894241	66.83124542	87.79888916	63.44926453	58.82771301	243.3141937
Q9ESE1	184.1464691	228.9038544	237.3067169	197.5633087	215.8219604	159.600296	209.9851227	154.0518341	131.3939209	168.1781464	83.80200195	151.9019012	178.3397369	150.967392	126.5079422	213.2317963
Q9ESJ0	45.26916504	0	26.46802711	0	35.41193008	63.51292419	55.83436584	58.74684143	44.40089035	53.15847397	43.54011536	34.09379196	75.31479645	0	12.62239838	0
Q9ESP1	247.121582	236.2032776	424.4638672	167.8349762	369.9806213	337.3979492	276.9016418	385.8530273	191.5860596	368.6954346	279.8981323	329.7106323	324.6966858	326.9200745	343.2745361	204.2488098
Q9EST4	0	77.63122559	136.2426453	77.3326416	0	86.12878418	126.1707077	88.39710999	40.36332703	57.44247437	81.0007019	85.19268036	81.12809753	211.4069672	74.64841461	0
Q9EST5	511.9624023	907.7415771	655.5096436	636.6489258	1417.550659	720.182312	1824.144531	1051.467651	773.0383911	393.3771362	804.2630005	661.3051758	965.9256592	796.1773682	1291.171387	1433.383667
Q9ESW4	162.8269501	235.9404755	144.6747131	214.5519104	241.0349579	181.6193085	186.6598206	163.5335541	274.1541443	234.9105377	230.9620972	175.1987	179.2534943	246.3878937	124.7483521	438.7962646
Q9ESW8	300.9178162	251.9180145	204.9664612	167.5435181	180.6138458	151.5388184	286.8821716	92.52747345	290.6288452	120.0404663	188.5845337	65.47849274	158.4082031	77.86876678	155.6565857	205.3720703
Q9ESX5	238.5860748	272.1152344	195.42659	196.0887146	252.3761444	245.2919464	237.4735413	288.8237305	273.4448547	279.3505249	252.3192139	265.9608459	219.1165314	265.1537781	252.3422852	282.4269104
Q9ESZ8	77.72094727	68.01876831	71.67878723	112.5212097	94.80817413	72.90829468	118.4855042	79.61205292	74.82294464	88.44983673	64.06288147	87.49617004	57.87073135	112.2624893	134.9417572	101.5935822
Q9ET01	7813.637207	7974.901367	8606.613281	7965.669922	5617.447754	7792.622559	5618.709961	6349.741211	9450.094727	8057.165527	8519.235352	8249.756836	7771.152832	7790.542969	7944.265137	10436.68945
Q9ET22	439.6572266	633.5911255	477.7440491	606.2087402	740.7171631	862.4100342	584.4785767	998.2233276	785.1386719	1022.076355	460.703186	812.0976563	590.4390259	864.5491333	619.2698364	972.4592896
Q9ET26	42.15578079	66.86594391	47.11492157	134.7173767	94.55271912	79.36586761	75.11580658	88.78964996	105.0197525	20.13099098	77.31326294	0	33.88068771	43.83097076	51.04312897	97.02770233
Q9ET30	191.9821777	283.8826599	185.5099335	289.982666	260.7024231	401.4474182	427.1014709	347.4244385	323.2723389	246.4863281	249.0882721	258.4111328	231.6422729	256.2015076	250.5259399	485.1175537
Q9ET54	210.7890167	180.4445038	176.929245	184.7832031	226.0333862	133.6299438	509.8052979	82.84914398	235.7030029	119.121933	180.9205017	146.2375336	214.1610565	143.9677124	228.85466	393.4514465
Q9JHF7	0	0	0	0	46.04814529	0	101.3288956	0	21.59411621	0	10.94307613	20.57953262	0	0	0	0
Q9JHH6	49.14770508	75.1407547	29.99440193	83.84519196	56.62842178	49.89897919	122.9059067	126.2662506	51.42541885	62.00740051	55.9729805	125.1558685	38.39332199	48.75261307	39.17930222	164.2182922
Q9JHH9	86.0430603	17.49018288	109.8922958	64.78672028	62.84791946	49.26421738	52.80568695	151.4367371	89.29640198	128.6660614	105.9539566	120.7557068	43.40674973	74.19446564	37.56348419	283.2487183
Q9JHI5	6125.702637	6949.331055	5861.657227	5883.187012	3376.594482	3941.559082	3248.915527	3281.980469	4271.394531	3939.843018	4031.15625	3927.08252	3504.539551	4256.294434	3386.581787	5229.061035
Q9JHI7	174.276886	46.27641296	58.17394638	82.78067017	139.084137	128.6268768	135.4369965	67.4172287	81.01744843	75.75088501	161.8078308	91.66082764	127.8926468	55.10442734	59.83777618	0
Q9JHJ0	462.0548706	342.5271606	366.050415	414.245636	449.84729	441.8083801	597.8859863	488.5721741	417.7254333	471.2589417	364.157135	375.5178833	413.5933838	430.8760071	319.2250671	528.3690186
Q9JHJ3	75.0986557	96.62360382	62.50904465	50.68816376	175.3795471	201.6732788	194.9972076	108.1598434	153.3702545	262.9521484	221.152359	88.6574707	171.1055145	235.8371429	194.2418518	0
Q9JHK4	201.4144897	222.006012	197.0949249	259.1773071	205.7927551	240.0592651	327.991333	225.124054	230.0183716	182.206604	264.1488647	172.0936584	168.669754	142.3902283	199.455246	313.0501709
Q9JHK5	30.62584114	29.57555008	0	50.24507141	90.80542755	27.14673996	356.8659058	64.7593689	63.21834564	95.06154633	69.08917999	153.9318237	58.64000702	22.2645874	70.47993469	0
Q9JHL1	58.3187561	46.2976532	118.2327499	105.2109528	81.38296509	36.94821548	73.54673004	19.85972786	79.63579559	91.41833496	76.48976898	121.8617477	28.95721626	44.9114418	73.82514191	87.49052429
Q9JHP7	0	0	0	0	24.53160095	8.569907188	53.99940109	0	0	0	0	0	0	0	0	0
Q9JHQ5	18.03494644	0	58.33569336	0	81.16433716	30.61857033	192.103302	0	66.85422516	0	0	0	213.2507629	112.2555084	45.5228653	0
Q9JHR7	934.5689697	971.6489868	919.0195923	965.5637817	866.0795898	1039.842896	979.3988037	1131.739014	937.986084	1093.681152	1055.416138	1040.018188	986.1728516	957.4657593	969.0198364	1170.7948
Q9JHS3	177.8314056	247.9355774	101.5750732	119.842598	107.9403915	153.8867645	140.0243225	223.6534119	241.8680115	275.5851746	223.004776	107.8557892	133.1278534	211.3314056	117.8612976	272.451355
Q9JHS4	660.1873779	618.4944458	563.7946777	649.5889282	588.9268188	578.6585693	434.914032	486.1924744	546.4971924	445.6641846	460.6916809	598.102417	703.505249	548.6812744	491.4271545	603.3391113
Q9JHU2	160.1630249	61.68031311	119.9388733	170.385788	221.6320801	173.9933014	153.2724304	183.8575287	106.0317001	166.1073151	127.4881897	247.5044861	247.4042664	137.5610199	140.5295563	0
Q9JHU4	573.6555176	556.6519165	515.0727539	573.9279785	795.8203125	684.8314209	1025.471191	754.2162476	589.2055664	581.1351318	684.0300903	632.3795166	611.9622803	582.1123657	594.4091797	656.465271
Q9JHU9	60.89242935	45.08916473	76.43385315	59.78515625	127.3219986	97.38782501	236.9721375	202.0808105	71.20527649	175.5144043	135.5328979	129.2677002	93.89142609	56.34114075	118.3910675	229.1001892
Q9JHW2	4642.745117	4470.4375	3979.783691	4347.45166	2971.565186	3356.906738	3150.546387	3210.459473	3701.116699	3502.10083	3722.428711	3478.245117	3855.621094	3668.234131	3850.023926	3378.48999
Q9JHW4	112.903923	204.9855194	188.1511536	174.6540222	133.7346191	140.4764404	136.3069458	168.2523041	155.2994385	118.9870453	140.1234894	123.7684937	121.6625671	103.3346863	113.6427231	166.5585327
Q9JI10	103.1284485	116.5792694	126.2388306	105.6352768	135.5301819	55.39823914	243.5858154	133.5694122	82.58150482	140.0565948	53.23060989	69.43775177	107.3122025	104.8920898	68.41941833	204.2550812
Q9JI11	18.91745567	22.0657959	48.04917145	53.18169403	24.92220879	30.18270111	62.2030983	34.34726334	64.92247009	18.79387283	47.05262756	0	40.9427681	43.67487717	43.56380463	0
Q9JI39	150.5320892	136.8756104	194.9251404	190.4893799	72.05097961	196.0037231	88.82407379	149.9902344	112.1835938	120.9884033	101.8798523	151.2293243	178.0104828	143.3766022	202.3012695	102.0002594
Q9JI46	35.6276207	45.39329147	60.60458374	63.93828964	164.4174194	35.65326309	60.8479805	51.50946426	110.9291077	0	27.43818092	76.83905792	45.87542725	79.29660797	36.73857117	0
Q9JI48	1269.071045	420.9595032	979.3660889	1443.00061	2805.037598	1602.934814	10040.48145	2937.9021	1702.239014	1675.621948	2064.6604	1971.824951	1715.99353	1273.736572	1573.417236	698.6561279
Q9JI75	1664.676636	1244.480347	1594.50061	1651.008789	1248.004517	1329.206299	1125.407349	1081.127075	1190.806152	994.8442993	1155.088623	934.5546265	1509.022827	1091.988159	1178.848633	1724.580322
Q9JI78	85.42061615	111.3984299	104.1029129	102.3489761	68.24681854	105.0947266	76.95067596	66.36136627	58.81406021	116.7191086	103.7622299	124.8199081	35.99453354	56.51114273	70.31200409	376.771637
Q9JI90	113.4297943	319.1218567	110.5090485	402.7343445	133.4891815	200.1526794	341.0113831	85.72937775	0	151.2418671	0	181.4984436	303.0538635	16.07045174	181.2310181	0
Q9JIA7	209.9924469	191.8319855	173.5007782	151.6609802	225.4278259	204.4822845	221.99823	253.4120789	212.2346039	202.4479828	216.9187622	252.7010345	223.3400421	233.7805023	258.4069214	213.2987671
Q9JIB6	32.54506683	65.69694519	0	82.04667664	152.4703827	78.84812927	130.971283	155.9124756	72.80823517	197.6099854	140.8167114	118.3289185	68.67427826	90.42129517	186.4681854	0
Q9JIF0	223.476181	418.1170349	378.6928101	367.6748352	532.3643799	354.3731079	693.4857788	373.8043213	271.9136353	338.4982605	458.1568604	488.519043	338.5029297	249.5671234	310.5354004	744.8363647
Q9JIF7	925.2758179	919.8164673	1089.932861	992.0005493	1102.262329	955.0424194	1114.520386	1235.015869	898.9719238	883.9718018	1011.631165	962.5619507	1070.271851	891.7436523	1054.668579	1086.963989
Q9JIG7	145.4862671	110.315361	157.7959442	206.6524506	207.063324	206.392746	230.5387878	164.4150696	159.3340759	161.8403931	129.4787292	150.1091156	151.3138885	137.2463837	189.947876	156.4867859
Q9JII5	332.8730469	245.3232574	364.1627808	285.1555176	273.7486877	259.2701416	293.4622803	258.1595764	328.1080627	254.9494629	320.0011597	342.6257629	261.6602173	218.5176849	244.134903	516.2683105
Q9JII6	12970.87988	13171.6084	13130.80566	12541.35742	14475.20703	15763.3584	13566.84863	15153.41113	16439.31836	14932.89063	15802.22754	16939.53125	14690.46484	14916.77344	15766.63477	24220.40039
Q9JIK5	300.999115	215.4929199	304.4692993	254.8637848	312.0410461	320.8996887	564.791748	438.4997559	258.0542297	240.6884766	262.3458252	299.4719543	275.2538757	271.2926941	228.9174042	133.2085114
Q9JIK9	443.4338684	248.627243	434.3227234	559.4116821	308.026001	420.8483887	372.0482483	272.2458191	259.3065796	260.3236084	379.5887451	325.1802673	418.5512695	388.2732544	398.7580872	480.9389648
Q9JIL4	640.1069336	641.5210571	694.7905273	630.5197144	546.5536499	734.3648071	612.7514648	735.2012939	692.8051147	672.9047241	660.7067261	617.3699341	766.4380493	636.5958252	817.0217896	688.168457
Q9JIM1	134.6785736	294.5074463	133.4027405	72.28787994	158.6138	113.2298813	146.7642365	131.6576843	226.0541229	160.5446777	148.6858673	143.5468292	126.7092285	77.90117645	217.0853271	19.89345551
Q9JIS8	47.97032166	27.21477318	0	39.08337784	57.9790802	57.63983154	70.96889496	10.47597885	28.15754128	44.7297554	0	61.59259033	0	83.54830933	49.9501915	0
Q9JIW9	53.70055771	55.62284088	50.01488495	62.82981491	55.50176239	22.80937386	31.63846779	16.91209221	67.94834137	47.67079163	58.2102623	64.53993225	35.9444809	93.02091217	35.998806	73.887146
Q9JIX0	132.589386	210.5328217	197.1826935	181.2604218	150.2128601	282.0636292	224.8836365	267.0170898	155.4897919	181.6201019	224.1846924	312.8945313	143.0439453	168.7421265	224.3996277	190.8205261
Q9JIX8	211.3613129	345.0766907	253.5652618	183.5333557	309.0872803	291.7312317	280.2089844	312.9357605	280.5667114	258.6131897	300.1348572	280.025238	284.0888367	261.2791748	201.9473724	277.9644775
Q9JIY5	228.1795502	170.1474304	229.962326	299.1427917	222.9878082	215.6931305	279.8865356	194.3530426	202.9870758	181.789093	183.1314392	284.5860901	227.7865143	330.2950745	230.1626434	155.4569092
Q9JIY7	254.8747864	322.3387146	249.837738	290.8256226	158.0398712	226.0578461	356.0205688	295.0473938	176.537674	439.3027649	167.1864929	163.962204	177.5863953	351.0422058	272.3213501	273.6575012
Q9JIZ0	3122.886963	1519.526245	2862.169678	2374.589844	1342.374146	2229.154785	1166.712524	1142.253784	1423.046021	2506.718262	1858.897827	2299.883057	2008.737183	2432.642822	2021.394897	1483.460938
Q9JJ00	62.29354858	98.00064087	92.06483459	56.56736755	73.20497894	104.3777008	434.9246826	229.605423	77.22986603	143.0145111	123.3582306	33.22569275	37.33369064	105.01931	143.7924347	94.25655365
Q9JJ28	190.4840851	224.652298	211.1735687	224.7204742	246.7232513	214.2489166	474.3535767	163.9612427	172.4671326	187.0803223	282.9081726	266.4004822	230.5428162	166.4448547	226.4567719	167.852829
Q9JJ59	3278.390869	3485.874512	2128.979492	2343.601318	3337.193848	3613.368896	3197.738281	4361.187012	1888.635986	1906.224487	1766.095337	1760.541626	2132.249023	3347.231689	1315.972168	3035.490234
Q9JJA4	55.2462616	0	92.44316101	66.70075226	130.5358582	0	267.3666687	98.02274323	28.03860092	117.4927902	122.2997818	82.94824219	102.6288223	66.15250397	91.57163239	0
Q9JJF9	40.41440582	50.57280731	75.45406342	0	131.165741	42.28966522	23.7830143	299.7825012	41.14335632	139.2391663	204.2228699	146.8857422	134.9840851	133.5104065	92.01846313	0
Q9JJH1	140.7288971	159.8153839	128.3159637	325.4453125	332.9544373	207.7901459	448.1063538	205.0887299	91.26860809	108.315094	378.7522888	59.93130112	185.365509	559.041626	198.776062	56.4583168
Q9JJH7	199.6351013	309.4634094	149.171875	140.852478	93.59472656	75.03407288	135.1045227	145.3470764	147.5254211	99.60501099	231.1726379	84.16259766	66.30866241	127.7326431	164.9317169	263.9146729
Q9JJI8	2246.452637	2004.657104	2078.500488	2914.630859	2492.034424	2873.629639	2315.997559	2854.626953	2571.834961	2174.907471	2815.025391	2502.551514	2729.933105	2405.212891	2974.015381	2754.010498
Q9JJK2	36.82365799	41.99005508	49.87755966	59.69222641	65.46482849	26.20129967	36.24071503	12.99991322	57.90997696	42.84453201	27.37834167	47.83193588	38.92314148	251.4367065	36.47938156	71.10943604
Q9JJL3	596.9077759	380.4495239	440.8440857	569.4503784	424.9527588	578.1763916	253.6934509	423.1172791	378.9266052	631.4413452	532.3528442	572.276123	528.102478	663.0097046	617.5057373	668.4385376
Q9JJL8	128.5461731	123.4525528	89.01769257	138.332016	72.0790329	59.55799484	50.83786392	103.1709061	101.725502	85.55420685	105.8946304	80.11513519	105.5513153	111.1194916	90.02264404	156.5906525
Q9JJN5	83.97806549	165.4490967	89.11681366	74.45108795	79.27836609	165.4150543	155.7183685	98.8274231	112.8390503	170.0473938	85.02047729	158.9508057	123.7492599	122.6322632	83.20493317	115.9185944
Q9JJT0	0	0	0	0	50.67607117	0	0	0	0	0	0	53.57716751	0	0	0	0
Q9JJU8	881.7266235	1133.754395	790.6092529	914.5481567	1434.247314	952.9805298	1694.39209	1125.647217	753.2906494	1169.57251	687.3277588	976.8805542	797.7756348	601.9702148	791.0985107	1570.569092
Q9JJV2	28.44282341	0	63.23324203	39.91432953	43.72322845	101.1548538	72.35697937	55.9046936	17.777668	51.5260582	24.76889801	28.8292408	80.31575012	44.45310974	39.95197678	0
Q9JJW0	456.7193298	447.0473022	533.0898438	760.7679443	1098.051636	711.7485352	573.578125	522.1660767	433.8990479	729.9117432	460.6855469	547.8480225	759.9111328	483.9778442	405.7462769	441.4716797
Q9JJX6	42.4908905	34.80934525	56.41334915	61.33201599	90.06376648	84.98996735	402.5310974	75.81886292	42.68423462	33.11236572	115.0921936	42.37654114	82.14400482	29.56834793	70.80866241	0
Q9JJZ2	0	0	0	0	24.44878769	0	4.201235294	31.66246033	0	186.6802673	0	0	0	0	0	0
Q9JJZ4	95.06342316	102.1064606	79.41131592	136.101593	93.0206604	73.74697113	145.5997009	97.54415131	64.12406921	94.74884796	116.4028931	84.48686981	133.0794373	115.1045761	163.73349	444.684906
Q9JK23	85.19283295	114.5701065	124.6855774	149.7575531	123.9875488	116.0845947	130.127121	138.8789673	33.73218918	102.2240524	120.7770538	144.9101715	127.0504684	83.65951538	117.9641418	107.9456787
Q9JK38	528.4118042	494.7547302	698.821228	464.2099915	738.390625	401.5325317	513.6260376	517.1160278	584.6130981	435.0837402	463.4938354	239.1481934	490.1238708	483.8752747	389.315918	779.899353
Q9JK42	262.8693542	342.8762512	239.1939697	381.1062012	121.1614151	199.0966187	135.8671722	133.8480682	241.7769012	184.3911285	185.4337463	107.5320663	213.7108917	172.2783051	205.318512	266.2937927
Q9JK48	101.2270889	102.7890778	74.96219635	98.72123718	95.685112	121.3263321	199.173172	130.7725067	153.4096527	102.5330124	82.63269806	119.3479156	108.3337784	127.0086136	126.0327759	148.4730225
Q9JK53	793.6318359	620.0317383	578.4070435	473.4341736	1808.692871	715.6359253	2189.067871	594.4541016	708.7086792	903.0800781	758.4727783	778.2087402	958.2666016	797.637085	363.0912781	1324.665771
Q9JK81	503.8175049	303.181427	343.9125977	502.3358154	379.5834656	464.1984863	504.6924744	433.4865723	393.4879761	411.6399231	344.9439087	390.5450439	280.5183411	432.5436096	394.4500122	372.3917542
Q9JK92	253.273468	162.9797974	84.22112274	214.2182007	257.4553833	185.8047943	246.5667725	197.0956116	247.4105835	41.52814484	225.1040649	116.6968842	175.7250824	105.4146194	150.2839355	267.2037354
Q9JKB1	390.2320557	297.9919434	517.8527222	532.1043701	366.129364	532.4801636	489.0444031	248.7916565	526.8415527	407.4252625	245.8727264	501.8938599	389.4223328	387.2695313	336.5542603	538.4071655
Q9JKB3	61.84828186	37.63428497	40.53857422	5.270556927	138.8028717	0	149.9983826	113.8843384	84.06201935	12.04410934	98.97657013	11.82330036	30.79875755	34.68282318	43.53916168	0
Q9JKC8	106.1719513	150.3269196	151.7312927	149.9238129	219.7122803	243.181076	252.019516	233.1683044	152.4084167	172.0315704	114.6501083	182.2856293	168.3499603	159.6765289	120.8012085	180.5285797
Q9JKD3	0	49.10584259	6.558282375	29.62474632	101.3096085	0	26.08080101	0	64.05049133	0	102.2464752	20.44311523	0	65.9338913	0	0
Q9JKF1	321.9908752	228.6279297	284.9844666	335.4606323	677.8841553	386.0481873	1487.969971	592.2592773	360.9917603	338.5813599	324.22229	383.7236328	348.3175659	300.6648865	265.519104	246.6023712
Q9JKF7	173.4105377	246.399826	339.0548096	303.0501404	256.8497925	215.4190826	197.5640411	236.4462433	200.6368866	205.5608215	223.0668945	214.2990112	255.446228	177.9052582	192.1498108	374.4981689
Q9JKJ9	207.9282532	213.7488708	146.4044342	130.7474823	252.7381134	236.3276978	230.1650391	326.0724487	217.5892334	288.1085815	340.3704224	276.5956421	240.6278534	313.2292786	277.9364014	626.545166
Q9JKL4	106.9413147	192.3323975	100.4627686	127.2906876	86.14613342	138.3786163	50.43268585	67.07019806	80.48933411	75.05395508	134.0657349	62.19000244	61.78874588	81.85401917	79.85874176	223.1755981
Q9JKN1	23.36833763	0	43.490448	0	37.90542221	0	68.8739624	0	0	0	0	0	50.87267303	0	23.11654663	0
Q9JKP5	13.76280212	38.36384964	81.72015381	23.02803802	12.68342018	30.42689323	62.59938049	0	12.4124794	36.42224121	54.41450882	18.74616623	6.917318344	65.8493042	90.22187042	0
Q9JKR6	1871.094971	1984.890625	1980.749146	1882.457886	2301.660156	2740.275635	2127.056152	3073.709473	2164.738525	2185.180908	2131.980225	2698.956543	1972.824829	2159.974121	2271.899414	1942.440186
Q9JKS5	132.4922028	104.9974213	41.09092331	106.9567108	48.63454819	127.0109177	197.5780334	113.0866013	139.4245453	90.70031738	84.20933533	75.22478485	94.49546814	192.5557709	47.44092178	66.22108459
Q9JKV1	1069.579224	1155.587402	793.592041	974.5105591	1084.537354	926.0368042	1213.883667	1118.642334	761.9475708	1087.511841	1011.282898	875.5074463	1101.688232	1003.628113	1096.929077	1270.292358
Q9JKV5	129.8951111	14.75836468	18.98702049	155.8785248	211.377182	28.171978	149.2598114	192.7089081	80.97946167	66.86611938	43.72333908	128.1085815	101.0060196	114.0338898	0	0
Q9JKX3	217.8882904	176.5999908	197.0656891	268.8606567	302.0299072	283.1981812	220.2170868	283.4987183	168.0566864	243.9233246	179.3798218	296.4356079	176.2349854	228.629303	188.1324463	237.6347961
Q9JKX6	222.6378021	199.2411957	205.4588623	155.4800262	211.3357849	190.7062988	215.1425323	189.4606171	177.8026733	210.8968048	183.3426361	200.8155975	200.5154266	203.492981	226.0339661	129.9940033
Q9JKY0	39.71736526	62.17557526	37.28072357	34.75424576	42.89388657	27.10181618	64.79962158	47.78733444	130.0341797	174.8504181	34.04973602	55.7190361	62.83031464	74.3067627	61.30324554	0
Q9JKY5	115.6816025	125.1612167	100.1396713	84.17170715	113.3637466	160.5241699	84.51639557	136.8431396	104.0841217	106.1534119	135.2319489	128.5749664	130.9985504	108.1269226	144.4158936	114.1880646
Q9JL15	159.9692535	113.7128143	197.4760437	160.577179	225.2663116	235.1427002	331.9602356	96.88018036	214.364563	185.8334656	178.0822144	334.2737122	261.2337036	312.7669067	173.4540405	1143.790894
Q9JL35	398.5716858	559.3190918	230.9732819	111.6045685	204.6649628	352.6616516	224.3717957	167.1929474	400.5368042	147.8372803	196.8379822	262.3079224	389.2007751	130.3044891	240.2376862	290.1230774
Q9JL62	87.08857727	190.3972931	150.9037018	77.92929077	101.9951172	146.3337708	401.7151489	176.867691	143.0025787	38.37225342	0	136.1099854	93.71407318	83.34486389	76.33642578	0
Q9JL99	13.69804859	68.62358856	63.68513489	34.26134872	36.73144531	0	20.18243027	57.82959747	41.96640015	43.02561569	41.41904068	58.29701614	0	0	0	0
Q9JLB0	311.4643555	396.8662415	259.6355286	472.8165283	368.9318237	463.8751526	541.9083252	449.8253174	402.6734314	438.2367859	397.0694275	319.1615601	428.9293518	349.9035034	418.548645	308.2795715
Q9JLC3	73.90102386	122.1309814	88.62760162	143.9928436	169.3019409	89.391716	18.1593132	71.68066406	211.8115082	126.4010696	188.3049774	62.80638123	97.05764771	67.12349701	89.40688324	0
Q9JLF6	503.5697632	423.5039063	412.7122192	491.432373	348.8625793	285.0664978	467.3267822	431.3055725	338.2662659	625.8119507	454.7193909	389.7147522	450.9062805	369.5941467	309.4932251	385.3132019
Q9JLI6	1119.134888	1078.316162	1190.293701	1204.942017	1011.56311	1192.009521	981.8770142	1278.681885	992.043457	968.2260132	1095.539795	1075.680786	1178.735107	1055.925293	1188.789673	699.7962036
Q9JLI8	80.64392853	75.28264618	95.98036957	60.240448	146.2767792	126.0614624	126.6361694	108.7624359	71.06172943	117.9595337	85.17120361	104.5511703	86.18013	91.98345947	56.83687973	145.3473663
Q9JLJ2	8939.517578	8405.208984	6177.76416	6730.104492	4840.036133	5862.243164	4555.861816	4152.630859	7163.039063	5487.557617	5976.632813	4936.087891	5265.907715	4456.733887	5829.174316	7170.273438
Q9JLJ4	445.0574646	131.5891876	503.6011658	438.6860657	92.74047852	350.1354065	299.0910034	370.0365906	209.4101563	127.8039551	469.1769714	214.3552856	187.91716	182.4354248	296.7001953	0
Q9JLM9	74.94904327	56.40346527	73.16379547	55.77482605	133.9029541	106.6722641	23.66696739	54.24675751	40.32676697	44.95061493	37.65608597	49.70273972	77.26161194	118.3437347	97.09753418	119.7310028
Q9JLN9	122.7866516	136.7903748	68.86859131	108.2301331	104.1076736	121.7404251	133.338974	136.8263092	81.46026611	136.8538055	93.62046051	118.2961349	89.48082733	99.31504822	107.774292	123.6761093
Q9JLQ0	244.4281616	230.3516998	128.6104279	258.2853088	331.0317688	301.9110718	395.9566345	284.0777588	237.256958	320.8648071	133.6657867	293.3793945	257.4143677	307.5013733	217.6813507	310.1574402
Q9JLQ2	141.637146	67.44104004	91.20378113	63.0327034	0	0	65.80431366	73.74072266	0	0	52.23130417	50.69602203	74.32925415	20.87506866	63.38103867	0
Q9JLR9	217.1059113	222.9716492	158.3156891	170.0146942	261.9403687	216.7028809	341.194458	237.3972626	378.164978	292.875885	165.2661896	244.1539764	274.9292297	97.6913681	289.5602417	247.3994904
Q9JLT4	314.7334595	562.9937134	446.2425232	465.0055847	342.4246826	318.1408081	242.0556488	340.8127747	389.1552734	284.7339783	332.2592163	346.2749634	271.8348999	417.1499939	361.050293	215.8919983
Q9JLV1	248.1144409	251.6886444	294.947113	345.1194153	416.2245178	329.2731628	452.7396851	325.2180481	144.928772	280.9672852	200.7957458	345.2928162	268.6315308	217.2766571	268.2317505	309.966156
Q9JLV5	139.7296143	150.0401154	121.8887558	157.0410156	202.2560577	151.3292999	154.3409271	151.5463257	144.9822693	150.6890411	159.6343994	143.4384918	136.701889	137.2405548	120.1226044	260.4928894
Q9JLV6	184.1523438	95.1883316	139.3993073	139.7802734	192.1331329	134.2740936	311.2192383	202.0767822	115.4459534	195.9047699	114.8352966	120.8073578	175.4709473	128.1881409	127.5729523	224.3338165
Q9JLZ3	1353.627686	1221.540161	996.2086182	1342.144287	868.4484253	988.5856323	901.4952393	669.3632202	1012.57251	970.6140747	829.2799072	1282.567139	1059.888184	1139.429565	1164.129639	1614.62085
Q9JLZ6	195.5148621	79.68842316	213.4247742	39.28440857	177.5605927	209.7298431	288.4447021	100.0690079	197.1777344	118.5418167	39.67247772	98.65541077	277.2435913	148.0128479	111.3721008	134.618454
Q9JM13	0	0	50.25763321	77.229599	55.33766556	206.2514343	97.15169525	65.87483215	59.60451508	44.42673111	27.68526649	62.67110062	90.80367279	32.05808258	66.37218475	0
Q9JM14	555.4078979	189.7276459	434.6740723	540.1973267	581.638855	543.8078003	895.0708618	345.73703	248.7190399	553.682312	436.0770874	543.1072388	547.7966919	366.0683289	403.6830139	297.0707397
Q9JM62	3954.45874	4475.839844	4020.147949	3150.772949	6201.999023	6029.453613	5392.55957	5213.513672	4449.279297	3367.145996	3956.135986	4389.013672	5603.689453	5267.055664	4432.00293	7294.523438
Q9JM76	1928.578857	1868.081787	1482.253174	1563.220459	2843.566162	2237.111816	4114.913574	2012.526611	1498.389526	2590.484863	2140.641357	1863.503052	2176.21875	2027.158447	2367.158691	2270.955566
Q9JMA1	589.5915527	838.0134888	673.8873291	671.2962036	706.5274048	702.3069458	867.1359253	668.9294434	646.6958618	661.9193115	633.1442261	925.7379761	520.3651123	691.7277222	672.4466553	1229.20752
Q9JMA7	3685.187256	6416.05127	2600.435547	6838.666992	4495.098633	2815.918457	855.2319336	2080.547852	4656.715332	3192.349854	6860.766113	2320.205322	5020.459961	4531.885254	2856.788818	5639.248535
Q9JMD0	251.8611298	107.0832825	277.9757385	127.1547165	147.1779175	158.7467346	117.6189041	233.9925995	75.17687225	112.3347855	259.8598938	95.88948059	222.7322083	78.17533875	113.3410416	274.528717
Q9JMD3	4397.119141	4016.733643	3534.562744	3531.105225	4396.49707	3191.868408	3990.316162	3313.481689	4498.853516	4153.85498	4706.367188	4186.000977	3835.827393	4425.404785	4254.738281	3054.674072
Q9JME7	81.897789	95.9434967	93.16404724	111.4491119	80.14524841	170.3048553	128.0582581	128.8755951	79.75550842	73.29598236	107.9655762	48.51381302	45.81686401	130.4130859	91.03372192	0
Q9JMG1	197.6166077	77.89546967	280.8177185	220.467453	213.0974731	221.4893646	409.2359314	168.6711578	209.0366516	217.2069244	300.4420166	184.973938	284.353241	188.7226105	229.7389374	91.7095871
Q9JMH6	829.4979248	1196.661621	757.7120361	723.0940552	1052.413208	695.6878052	1375.608521	1042.288208	790.8746948	781.2407227	892.4205322	708.7044678	746.0102539	969.4464722	1013.035828	887.5247192
Q9JMH9	277.2189026	326.4291687	312.797699	327.0788879	403.1881104	328.6938782	565.0752563	400.8062439	249.1359711	317.3664246	316.5977478	401.6270752	262.6268005	316.3816833	320.3729553	753.0748901
Q9QUG9	52.31678772	19.73974419	0	0	0	53.70606995	0	35.358284	59.04573441	29.06168938	0	34.17612076	37.74565506	0	4.95509243	173.3616638
Q9QUH0	728.3269653	817.6239014	658.3468018	762.1315308	689.798645	727.3091431	761.022583	892.6279297	541.7385864	592.2124023	408.0943604	757.461792	721.2823486	718.9802246	621.296875	898.3494873
Q9QUI0	185.5736237	677.6078491	566.9630127	290.7476196	306.756012	682.0540771	728.6334839	650.6642456	669.6651001	319.81427	375.4532166	707.036499	748.843689	323.4841003	294.8490601	755.6347656
Q9QUJ7	119.6831665	118.9328537	170.7050934	150.037796	357.7157593	233.3288727	307.8008118	272.2858887	213.1581573	147.3982697	191.0575256	243.1004028	134.411911	118.344902	154.7765961	126.18293
Q9QUK3	0	2.520820379	0	10.99942684	110.9032288	0	163.5868378	41.13294983	0	143.1999359	44.75734329	151.45784	44.9581871	63.65888214	170.4988861	0
Q9QUM9	1634.984741	2123.541992	1641.472656	2482.06958	1786.365845	1705.567139	2267.850098	2244.539795	2080.371826	1978.685425	2685.614014	2127.405518	1587.667969	1700.819092	1500.419678	2083.049561
Q9QUR6	753.237915	669.3897705	655.8481445	635.8803711	810.6707764	704.1316528	723.1962891	633.4758911	744.6281738	752.7333984	582.7901611	726.5504761	640.2684326	623.0306396	682.6443481	881.3551025
Q9QUR7	234.0417175	408.7889709	178.4659729	318.3684082	251.3846893	174.2494354	406.9926147	106.4117813	196.70578	178.2033844	336.8458252	176.3789825	179.1520386	203.3669586	190.9810181	335.0368042
Q9QWG7	548.776062	468.8688049	385.2144165	499.0794067	199.261795	251.5455475	200.5561523	123.5833817	464.2104492	158.2109985	247.0604553	221.1618652	195.5754547	253.7167206	197.518631	396.2559204
Q9QWK4	0	49.4828949	149.6349945	0	184.984848	47.09607697	56.19869232	192.5243683	59.16123962	24.76267242	324.2854309	53.52871323	65.16026306	34.95203781	75.67004395	0
Q9QWL7	14.59307671	0	623.0772705	36.14956665	57.06045532	0	27.5757122	0	0	0	0	35.25680161	37.7898407	0	12.19801617	0
Q9QWR8	663.8029175	962.0776367	887.418457	752.0167847	710.9395142	1204.679199	1313.597778	1489.884399	987.8026733	999.1081543	1365.092285	1657.510986	1221.737183	1228.87915	1233.983521	1537.147461
Q9QX11	110.085495	132.6751862	92.98500824	310.9580078	248.0721436	108.2314453	409.8166809	399.6313477	108.862236	202.2422485	75.78813171	377.4569702	45.60274124	217.1099091	195.2694855	0
Q9QX15	0	31.87911224	34.64484406	53.5684433	147.3941193	45.46742249	67.00570679	88.80995941	82.46591187	125.6882858	36.71467972	110.8382797	84.72288513	73.10286713	69.94621277	28.4118576
Q9QX47	102.677742	65.07125092	54.14110565	83.59762573	103.5920792	73.4835434	115.6487503	38.72752762	54.05293274	47.08159637	52.57569885	100.1868973	115.1642227	118.9022064	80.39915466	82.68331909
Q9QX60	108.059288	159.5610199	150.3083496	144.6905975	135.3512115	85.96562958	167.625061	127.2054596	150.8525391	159.7653809	125.4750366	99.01963043	129.2819824	147.9501953	153.7844543	143.0560913
Q9QXA5	541.3538818	440.7176819	233.801712	504.4162292	605.1176758	572.5612793	720.9694214	397.2232666	404.8282776	629.5388184	370.2480469	511.0316162	456.8840942	306.5973816	494.1664124	601.7927856
Q9QXB9	252.1209412	235.9266205	324.3204956	323.8404236	209.7010956	237.3495483	328.6181335	245.8777924	271.4065857	294.4568481	344.0757446	404.3349609	286.6905823	212.4211273	250.7860107	262.7059937
Q9QXC1	497.1531677	609.890686	497.7026062	198.0970459	491.3485107	426.6976929	502.558197	482.9879761	296.0068054	444.338623	370.1964111	363.3502808	416.3549194	319.2346191	248.3842621	465.9706116
Q9QXD1	2725.664063	2272.137207	2464.682129	2627.07373	5536.275879	3909.068115	4330.898438	4464.160156	2714.266113	3449.570557	3639.521729	3240.726807	3155.042725	3820.026855	3270.151123	3551.602783
Q9QXD6	43102.38672	45431.53906	35640.26172	40816.44141	40492.51953	34457.5	30466.8125	29354.26172	41751.36719	36462.6875	34645.15234	40314.72266	39356.50391	36312.29297	34849.67188	37466.85938
Q9QXE0	6091.124023	5133.460938	5844.221191	6556.77002	6420.870117	4485.26416	5446.131348	5882.539063	5006.61084	6673.155273	5753.363281	6773.278809	6580.955566	6049.17041	5536.508789	3939.595703
Q9QXE7	70.82980347	16.38508987	49.97650909	37.60373306	55.02727127	56.75818253	81.4177475	26.94503403	14.23087025	0	23.77779579	27.0358448	17.36757088	70.42739105	69.09763336	0
Q9QXF8	60707.85156	61062.46484	71765.8125	65677.58594	43024.26953	34409.41016	26491.20898	18548.87891	37269.80469	37570.71484	33397.94922	34417.19141	32614.8125	41158.44531	38594.09766	32118.11719
Q9QXG2	0	17.46396828	24.36741447	85.15680695	65.97288513	101.8691025	76.18917847	36.69742203	9.093535423	0	41.36539078	28.10545349	34.9672699	8.953714371	42.44791794	0
Q9QXG4	2532.966553	2055.172119	3556.609375	2588.137695	1143.944092	586.3354492	486.9533997	531.7710571	427.8580627	788.4141846	857.140686	537.6054077	479.5444336	582.1434937	1488.911621	897.3200073
Q9QXH4	0	0	0	0	0	0	118.9813919	0	0	0	0	0	0	3.337788105	0	0
Q9QXK3	177.9931793	231.1730957	138.5710297	250.1746826	197.0608978	198.8654633	203.9789276	210.3888702	185.7141724	115.5800781	132.8379822	227.1991119	243.0559998	145.5882568	176.4255066	163.6016541
Q9QXK7	72.32240295	51.41390228	104.5112534	104.7081909	106.4383698	60.9360199	120.6745148	73.95008087	92.37744141	118.0333786	61.65618134	47.16374207	92.24546051	62.58689499	76.87889099	92.41444397
Q9QXL2	51.77241135	74.02954865	52.54017258	28.66391373	114.0877151	49.37187195	74.85076141	92.06394958	47.10845947	70.9601059	38.40139008	55.63800812	64.74234772	60.11244202	43.09752655	0
Q9QXM0	40.05871964	67.98610687	33.50885773	56.16636276	311.0093689	86.64033508	275.7990723	183.7893066	63.65120316	124.5674438	102.0948486	112.0428314	128.7979126	94.05506134	134.3903198	242.3563843
Q9QXS1	901.0231934	975.9285278	965.5608521	1027.228271	1195.008423	1111.800171	1679.332275	989.4222412	956.3391113	1071.195923	1048.140381	1049.290771	1091.354736	1028.100464	1087.159668	1211.008423
Q9QXS6	0	0	0	0	36.01185608	0	80.83986664	14.84605312	10.698946	0	0	0	0	0	0	0
Q9QXS8	520.6722412	464.7145691	518.2039185	693.1972046	571.8496094	458.9000549	158.6420135	354.6671753	823.1715698	375.4129333	503.5726624	885.5394287	1061.638184	739.4297485	473.8609619	955.8898926
Q9QXT0	1492.175293	1310.085571	1543.513184	1466.531006	1492.94104	1755.262085	2295.013916	2650.839844	1383.750366	1264.418335	1732.829712	2231.802246	1798.106812	2149.021729	1480.088135	2143.38501
Q9QXX4	8031.321289	9283.625977	8115.272949	8846.001953	6150.40332	6198.592285	4859.885254	5764.699707	6531.984863	7369.99707	6617.659668	6973.229004	6865.804199	7700.480957	8427.703125	7134.102539
Q9QXY1	128.4272614	86.04173279	70.64962006	55.79008865	109.553215	110.7035522	108.2895432	76.9197464	135.3503723	75.89724731	79.12910461	143.1636353	60.10877228	100.767746	133.4256744	177.6738892
Q9QXY6	1405.473877	1323.746948	1384.014404	1134.986572	1465.950928	1453.886475	1278.53833	1495.502563	1221.921143	1496.239868	1309.39563	1391.706543	1448.529175	1483.075317	1480.487427	1519.939575
Q9QXY9	78.91824341	114.22686	99.68913269	53.7614212	109.8268738	135.168045	102.6625137	61.74024963	115.7619553	103.6897736	102.8094406	76.97174835	81.08411407	65.48019409	63.20159149	157.6144867
Q9QXZ0	130.440033	128.0004272	144.8770294	146.3713531	190.1955566	167.1382141	217.2173004	199.6441956	119.9376373	183.2247162	160.047348	169.4942474	153.3892059	148.7516785	172.393631	113.0407333
Q9QXZ6	421.7504578	543.1983643	419.6158447	424.6351013	78.35958099	461.059967	99.13359833	216.9823456	446.4663086	423.8614197	246.4117432	448.1901855	308.6213684	360.9460754	540.8588867	194.2930756
Q9QY06	18.31738091	0	9.313559532	40.58426285	29.96015167	37.16262054	64.75829315	44.71205521	28.63485336	19.74402428	30.908535	35.17204666	44.95975113	34.15245056	22.28280449	0
Q9QY30	2140.263916	2050.87915	2142.863281	2566.414307	1479.481201	1552.844116	1002.617798	1801.809326	1713.253662	1673.947021	1860.440552	1687.474854	1815.943726	1618.240967	1994.963257	1568.922974
Q9QY36	126.4151917	122.0158844	144.0777893	114.6730881	116.674942	149.5031128	238.1068726	208.7171478	40.7553978	127.8654938	112.6667709	143.7567291	120.3737106	190.4949646	147.5101013	62.01573944
Q9QY76	759.4180908	784.5427246	504.0885925	549.5534668	909.0594482	667.1404419	973.3910522	724.2659912	598.6194458	544.9428711	936.7492676	465.9490051	690.8070068	818.9927979	891.7389526	919.7394409
Q9QY81	120.1567078	128.5066986	83.57621765	168.8274536	108.7455139	97.21442413	147.5436096	137.0839081	119.5752182	165.7306061	133.6737213	80.43739319	146.6473389	141.5126648	120.5420685	274.1275024
Q9QY93	43.94503403	102.2611542	0	0	156.6065216	80.74863434	84.96762848	0	80.33390808	18.92975998	110.9170837	140.5670776	208.2947388	156.7059174	61.07479477	0
Q9QYA2	640.2507324	455.648407	664.5812988	478.4350891	544.4622803	454.7021484	571.1080933	372.1088257	541.6552734	467.5915833	443.6458435	573.380188	499.4589539	608.1829224	358.1659241	538.8150024
Q9QYB1	350.2217102	307.7597656	308.4822083	277.9030457	347.9966736	318.2597351	527.4752197	315.9450684	297.6374512	374.3712463	287.148407	418.5715942	385.4825134	368.1124268	351.514801	575.0881958
Q9QYB5	210.5185699	232.1027222	190.1666718	159.968811	129.1131287	182.0658417	253.053421	144.1841736	169.7575684	110.7155991	103.4119797	207.2142639	169.5607758	205.1991272	165.7841034	116.9752502
Q9QYB8	82.85519409	175.8639984	98.93138123	80.01486969	102.5514984	149.3607025	68.3242569	249.1231995	165.3346558	80.35098267	142.8899841	76.52745056	0	42.19035721	125.3414307	201.3961792
Q9QYC0	73.78240204	77.00601196	72.84655762	86.972229	50.57477951	57.10743332	101.3222046	76.9506073	63.01991272	74.89053345	37.15073776	76.73738098	43.77967072	61.16648865	72.62739563	0
Q9QYC7	867.9963989	982.5062866	678.6347046	672.2919312	959.9002075	1382.582153	968.6013794	1193.549927	1248.280151	1192.262207	1353.346558	912.8787842	1070.420166	838.2680664	839.6097412	1957.027588
Q9QYE6	41.54421234	57.78648376	27.43546677	30.37965775	23.16133881	25.8504715	79.34017944	18.99629211	49.4018364	36.34322357	18.84053421	47.86961746	55.22293472	33.7573967	30.68098068	118.1306534
Q9QYF1	258.6180115	264.7416382	455.5471497	432.3266907	150.0809479	120.7492752	205.5389252	110.0401306	103.891571	70.73218536	66.0342865	81.56610107	148.1651306	79.29637146	116.5049896	31.79393387
Q9QYG0	7989.013672	7404.329102	6740.372559	8239.411133	7228.189453	7022.808594	4991.091309	5180.258301	5362.128906	6857.499023	6503.567871	7046.297852	6809.481445	7092.446777	7268.176758	5803.492676
Q9QYI3	153.3128357	80.58378601	110.5070724	135.3482819	140.4743347	171.3808594	209.2522736	100.0367813	104.0379486	147.3038635	109.8214035	105.0412903	85.66005707	115.6785431	141.7472076	0
Q9QYI4	84.01065063	89.08042145	71.38352966	60.71751404	65.72583771	107.9707642	94.12223053	96.05292511	93.18773651	91.19111633	82.93373871	81.36572266	77.97038269	57.35069275	87.88573456	115.9004974
Q9QYJ0	533.2303467	599.5518799	561.7807617	506.8043213	520.1251831	720.2131958	812.725647	848.5453491	560.0515137	439.6617126	708.3712769	642.3297119	591.9402466	507.3261414	596.9356079	568.6464844
Q9QYJ3	64.48881531	116.2334518	37.66362381	103.983017	76.61585999	58.44114304	98.3463974	55.15005493	34.50336075	63.40686035	74.72772217	44.54755402	41.76402283	39.68087769	68.29621887	36.31931305
Q9QYR7	300.5588379	176.5760956	176.0311279	136.8148956	306.6899414	130.8572845	186.3943634	288.3697205	255.088562	407.216095	223.7101746	268.2581177	289.8374634	312.2637024	313.1110229	178.3912048
Q9QYR9	557.7440186	637.1999512	409.2118835	798.7601318	942.0262451	785.4575195	709.5026855	863.6652832	581.6096191	583.1774292	572.3823242	838.529541	673.2200317	688.4319458	631.9628296	695.5227661
Q9QYS9	207.6317291	186.164566	270.2513123	146.3043976	144.4767609	220.7003937	286.0456238	185.1841736	284.9219666	149.2807312	239.9649963	177.1101532	123.0869446	129.8467865	204.5541229	0
Q9QYY8	46.22909164	46.28455734	0	0	53.74072647	0	0	30.40457535	26.78301811	28.99970627	0	0	42.11888885	41.292099	39.15654373	0
Q9QYY9	956.4031982	912.7518311	704.8313599	959.7423706	468.0302734	313.9960327	426.1669922	296.5033264	347.099823	498.7122498	647.0652466	445.9030457	656.050293	454.7695007	512.7928467	273.4444275
Q9QZ06	202.1756287	256.2766724	222.7810059	205.2309875	276.2918701	238.1488647	242.3370209	193.3471527	240.9213409	244.3968506	167.9113464	317.1824036	239.3661346	238.7926331	292.865448	120.4195023
Q9QZ08	127.8714371	229.5218658	240.0097198	163.9899597	334.731781	183.0500488	369.0684814	288.3726501	109.052803	226.0093842	330.2829895	274.0791016	162.4835205	203.6698151	273.3575134	184.986496
Q9QZ23	521.3119507	532.6133423	610.427124	610.3447266	261.6102295	418.7877197	486.4445801	393.4073486	175.289093	555.0714722	431.0995178	340.7282104	272.9424744	446.3295288	240.00383	241.7514648
Q9QZ25	54.24263382	0	74.34534454	27.38110161	57.3205719	60.98873901	51.03969574	54.02039719	77.69004059	95.68395996	105.537056	107.0594559	48.28588104	70.48901367	71.51681519	95.037323
Q9QZ73	136.6814728	121.653389	154.1268311	41.4965477	37.49096298	136.8551636	62.2776413	117.0138016	100.6291428	110.1767807	149.0852966	164.5842285	55.35275269	162.0648804	125.9496994	198.5206604
Q9QZ85	733.6881104	894.9243774	818.1571045	979.7937622	1478.648438	817.4049072	982.4732056	5557.243164	898.2167358	991.0947876	817.2097168	867.4008789	928.2316284	1054.324341	1510.970459	1248.851685
Q9QZ88	218.435318	224.6957397	229.664505	230.3767395	215.8356018	369.6142273	344.2743835	237.5815735	272.9101563	251.4757233	319.1046753	284.0888367	219.6867828	284.5188293	264.348938	232.4261169
Q9QZB7	118.118309	149.7944336	71.84487152	80.46464539	90.41980743	138.7120361	126.6170731	105.717453	144.6069946	244.7449493	146.0269928	161.3853302	170.5428314	170.8642578	123.2786255	0
Q9QZD8	2237.359619	3443.324707	2425.333008	2134.497559	2021.245972	2555.348877	1965.78418	2509.132568	2104.424072	2143.174561	3718.158691	2047.084839	2891.281006	2854.482422	2880.481201	3374.682861
Q9QZD9	488.4783325	456.6102295	368.4520569	413.4396973	508.1444397	464.3023987	649.1143799	492.8811035	549.5305786	385.5110779	378.8108521	440.8736267	541.9342041	435.9309692	540.7279663	338.4301147
Q9QZE5	691.0846558	588.2425537	588.2598267	830.3152466	934.3782959	797.2944946	1025.938599	980.1798706	853.1646729	801.1092529	738.6953125	891.583313	869.2744141	828.274353	867.7041016	845.0664063
Q9QZE7	64.8031311	141.1433105	113.3362579	49.29405975	116.4123383	92.12809753	142.5502777	136.2675476	70.26002502	89.54033661	77.82249451	163.5171814	90.74578857	85.59042358	98.60942841	155.3461914
Q9QZH3	49.76863861	48.82649612	82.18677521	76.07522583	68.63993073	87.83223724	154.3199158	166.4277649	56.77835083	102.9153595	75.66162872	138.7064514	19.90353394	178.1820984	75.91327667	0
Q9QZH6	149.292923	218.1300659	253.5953827	236.3124847	125.3223877	204.5805206	143.0814819	188.9987335	291.7498474	228.5070648	246.6759644	123.1584015	180.4546967	186.1307068	213.382019	156.130127
Q9QZM0	64.34876251	41.26728058	19.22523499	30.54450798	68.12892914	62.89664078	103.514801	104.8256226	29.83416176	46.55042267	50.82333374	57.37643433	61.91619492	51.09629822	80.12976837	113.3217392
Q9QZN4	378.1180115	214.5894318	426.1360779	308.8394165	516.0098877	294.8491516	857.2312012	321.092865	347.4026489	306.4979553	334.4243774	356.3122253	361.8298645	334.9354858	341.9352417	38.32865143
Q9QZQ1	114.3017883	128.4942322	99.0074234	109.3953094	110.7349777	87.67510986	122.731636	101.9299316	103.7571945	121.3671951	95.56153107	105.503746	72.27933502	70.99960327	96.76748657	120.1541977
Q9QZQ8	1901.120605	1728.875854	2209.772705	1408.610596	1729.466431	2210.364502	2886.76709	1716.039307	2208.266113	2146.032227	2192.576904	2369.395508	2150.108154	2219.29541	1853.244019	2716.692383
Q9QZS3	159.8109589	84.92661285	118.4285583	232.9441833	167.5007935	196.2338104	160.8545837	230.4733734	143.3905029	367.8498535	248.259491	316.4910889	243.217865	362.9356384	198.8626862	94.57427216
Q9QZS5	145.3615417	93.20066833	269.75354	198.164917	88.27648926	148.2958069	127.8722839	130.7425385	97.95194244	89.64997101	69.77557373	63.7768631	230.2558594	108.8025742	147.20784	317.8135071
Q9QZU9	86.94232941	164.0885925	135.6410675	67.50447845	163.8013	81.05619049	148.5893097	205.6299286	63.93809891	122.5093155	64.59925079	131.3052979	120.0521774	37.0217514	137.1523438	191.0975037
Q9QZW0	1024.574463	800.5283813	845.1550293	884.522522	601.8009033	1133.037109	650.5509033	805.3695068	1007.912537	1110.733765	909.5213013	1035.108398	848.0824585	1069.691162	1053.827148	987.3318481
Q9QZX7	197.9593048	143.1175842	141.4700928	154.8340454	136.3095856	128.131424	115.0993958	122.4276886	131.6472626	181.7145996	196.2937164	144.3358765	182.4666138	159.1924744	165.2588654	129.0084534
Q9R008	394.2857361	349.530365	368.5436096	348.3526917	132.2235413	50.1194191	68.40531921	60.51821136	88.45072174	74.47117615	52.91814804	0	0	40.81026459	145.6501007	171.1543732
Q9R013	250.0114746	309.8538513	325.5626221	119.8385086	86.3272934	622.9615479	276.0771484	401.8913879	206.8165283	324.9532471	131.7051849	812.994873	320.3401489	354.3457031	346.1328125	764.4099121
Q9R049	150.5459442	93.02593994	136.0835724	196.1963806	123.049736	186.8666229	174.7635345	180.3492279	131.7168427	179.6290283	229.5779419	150.9656677	182.723114	123.7329407	162.833786	274.5874634
Q9R062	153.6416321	61.69684982	172.7065277	184.1042938	196.4403534	148.9657593	283.8175659	210.4493866	182.4261017	169.1656494	179.01474	61.90180206	191.3215332	107.5161743	169.5881042	106.9231796
Q9R069	39.32335281	0	0	31.35331726	0	37.31346893	72.27519226	54.3116951	94.29137421	47.42031097	13.97138309	70.37264252	0	31.52355766	22.20232582	0
Q9R078	107.049675	126.9783707	166.0815277	136.1059723	169.8223724	120.7506332	160.8691559	86.74442291	152.6487122	113.2737274	157.7098083	152.305069	126.1173859	107.5103149	140.1589355	105.864624
Q9R092	500.4100342	576.7874146	735.5181274	1066.385864	1412.284058	462.4725037	455.3497314	395.5912781	492.9704895	494.4530029	423.1639099	163.5953827	432.9241943	942.3327026	638.1079102	357.3117981
Q9R099	94.74824524	170.1381836	133.0029449	96.27733612	137.7826996	150.7819824	134.0635529	129.9197388	168.3105621	182.5733795	177.3857574	144.1610718	124.9799881	152.1777039	158.9317627	344.5568237
Q9R0A0	581.8721924	884.6099854	361.6272583	267.2060852	895.8370972	630.3756714	1093.198486	628.3861694	800.7080078	614.930481	678.4532471	558.7138062	802.1879883	649.4484863	544.5617676	1274.097412
Q9R0E1	55.16093063	159.7040558	74.85835266	62.80491257	63.56454468	104.5322189	231.149765	40.47066116	48.98924637	93.64326477	88.83787537	56.35160828	53.79847717	64.06105804	61.5844841	0
Q9R0E2	29.12348366	57.10203934	72.12110901	62.335289	74.71070862	65.41918182	112.6899643	63.25004959	31.93196297	51.46063614	28.48728561	53.34659958	52.22364807	71.42595673	32.49636078	102.9117126
Q9R0H0	24383.66406	20285.06055	21190.16211	23096.81055	24844.48633	28575.34961	22192.25586	22446.2207	25973.59961	24543.95117	24978.56055	27802.68555	29644.40039	26195.74805	24245.03906	27669.44727
Q9R0M4	35.33148575	0	67.04117584	0	0	27.29854965	108.7987442	85.11040497	0	0	32.46250153	0	48.60398483	48.13967896	127.9670792	0
Q9R0M5	346.0430603	282.5349121	347.7821045	358.1833191	603.3204956	301.629303	520.1621704	370.1825562	468.464386	299.4583435	454.1001892	353.8074951	391.7414551	460.588501	428.0567932	455.7539063
Q9R0M6	433.0816956	437.6040039	501.5612488	623.9404297	414.3361206	639.4259644	392.1882629	593.7749023	425.9530029	506.5509338	440.9484863	603.2455444	620.5875854	513.0426636	590.7990112	685.6525269
Q9R0N0	1260.436157	1068.299438	1257.493042	1313.210327	910.5789185	1265.229736	1569.497437	1324.400146	1057.450073	1419.243042	1744.33374	1429.791138	1573.75061	1541.10022	1582.121216	1609.761475
Q9R0P3	5314.770508	5894.275879	6091.940918	5556.432129	5647.791016	5846.960938	7125.64502	7135.598145	6232.722168	5081.406738	5414.414063	6278.201172	6077.288086	5863.049316	5407.170898	3496.667725
Q9R0P4	0	25.25630951	6.808270931	0	25.45069313	5.439284325	73.40331268	0	0	16.18284988	18.77796555	75.33157349	11.25829887	6.493038654	35.72986221	0
Q9R0P5	4266.663086	5225.46875	4771.297363	4172.051758	4998.952637	3881.806396	5624.146973	4009.216309	5184.333496	4326.323242	5008.17041	4923.259277	4649.954102	3894.501465	3901.653809	7124.520996
Q9R0P6	804.6911621	649.8240356	830.6639404	1026.694458	942.1676636	865.546875	1032.249634	734.0981445	811.7069702	1111.724609	859.1340942	516.722168	590.9108887	774.7103271	949.0808716	1121.334473
Q9R0Q3	575.192749	643.1538086	654.6559448	582.0823975	652.1386719	652.3631592	651.8146973	654.755188	622.2618408	593.8342285	660.883606	553.8438721	674.3439331	596.4052124	611.9716797	504.2166443
Q9R0Q6	117.5840225	229.5934601	188.8450165	231.7362671	121.9894714	313.0612793	210.437851	129.9285278	329.7372742	224.9388733	321.0028687	251.1368256	244.9169312	268.428772	191.1466675	369.9117432
Q9R0Q7	1035.796753	1078.114746	1371.916626	1204.164795	1471.252197	1648.204712	2543.637939	1617.921387	1205.045532	1562.591675	1853.831543	1681.753418	1977.88208	1815.748779	1236.982422	713.8600464
Q9R0Q9	89.30670166	66.06611633	53.11608124	101.3657684	160.231308	150.2244263	201.0057526	167.0986786	116.4487152	100.7385559	179.0837402	126.1390915	121.443985	103.2371445	98.87277985	401.7702942
Q9R0T8	0	99.24687195	0	86.56826019	0	49.88103867	102.9703217	0	132.0251465	0	44.80263519	0	0	0	10.87470245	26.33582306
Q9R0U0	282.1608582	207.1480713	240.625351	264.3737793	238.9586792	276.1991882	377.3687439	362.9546204	342.7689819	234.1999817	295.7255249	288.1332703	282.4514465	253.0057526	281.2844238	204.0163422
Q9R0X4	110.4979172	82.96466064	86.91479492	99.38015747	366.9323425	112.6644211	356.57901	245.0790253	90.57965088	153.7487335	157.0449219	107.5309372	165.4690399	138.9399109	141.7348785	187.54776
Q9R0Y5	32.89064407	61.19776154	63.09632492	39.76028442	91.84863281	32.49868774	164.2844086	43.60071182	70.1833725	65.70307159	44.6372757	59.51533127	135.8770294	51.78120041	0	98.13002777
Q9R111	498.9497375	654.9837646	504.3125305	557.5095215	463.6828308	744.9333496	911.9117432	710.0818481	671.9619141	639.0916138	666.7592163	455.2370911	526.5410767	417.1059265	347.0316467	677.0707397
Q9R112	829.6832275	1342.486694	1000.013489	1042.555908	1122.516479	711.7177734	966.7283936	1035.956177	817.3982544	656.9848022	913.2335205	615.5884399	608.6030273	685.9669189	852.6836548	785.2715454
Q9R182	0	57.10950851	0	0	79.99793243	0	0	0	51.69664383	95.67794037	33.86048126	0	60.82768631	42.82410812	50.44725037	0
Q9R190	203.1665497	170.8745575	147.4881439	258.0065002	251.461441	214.7394714	316.7597046	229.9549408	178.2281342	225.1859131	199.9134064	233.6003571	250.8500824	206.6247864	119.392067	204.2566071
Q9R1C7	87.1384201	143.6438446	74.39674377	160.3186493	119.4014282	173.9871521	277.5391541	222.5650482	173.2301941	146.6233063	250.7183075	241.9676819	100.4514618	244.0585175	180.0641632	103.2855682
Q9R1J0	1192.26355	995.8493042	868.9905396	1024.350098	330.7601013	86.81814575	171.1597748	83.23569489	111.6864929	135.5534515	162.5997772	93.72843933	81.56513977	183.2007751	417.0494995	0
Q9R1K9	18.47730255	58.25527191	21.01933289	30.0559082	115.817482	44.6356926	0	31.72550774	0	0	37.98676682	0	82.19470215	15.77375031	33.95830154	0
Q9R1P0	1355.6604	1395.962524	1574.636353	1451.67334	1440.343872	1410.686768	1633.785645	1072.145508	1445.218018	1518.571899	1357.71521	1184.084351	938.3081665	1891.231567	1143.784424	2983.38916
Q9R1P1	1595.911499	1458.997437	1241.564941	1346.026611	1793.62915	1826.710205	2087.362305	1856.697144	1757.661133	1493.97998	1672.495972	1875.209473	1628.16687	1605.897827	1924.00293	1990.477173
Q9R1P3	2611.239258	1996.120361	2276.364258	2483.009277	2378.171387	2374.522949	2672.849609	3116.70752	2790.858887	2097.491699	2420.249023	2826.450195	2193.734863	2394.222412	2162.999756	1943.119141
Q9R1P4	2099.255371	1900.631348	2286.406494	1807.809448	1807.074707	1807.346436	2761.219482	2212.469238	1764.83374	2591.155518	2226.587646	2003.945801	1860.456055	1547.494751	1824.038696	2642.358154
Q9R1Q9	135.1329651	134.4477539	61.69489288	76.60206604	152.0558624	264.9067993	144.4688721	263.5059509	130.1907806	138.4264526	151.0144348	129.953476	145.0350952	113.0739899	122.1524277	0
Q9R1S7	646.5726929	672.9474487	560.5018311	626.0454102	570.5402222	632.2063599	427.1533203	528.3765869	597.1601563	607.3841553	563.8349609	491.9077454	627.1500854	629.508728	607.6483765	610.772522
Q9R1T2	97.8192215	116.885643	71.33098602	61.62022781	131.1190033	75.75240326	111.7809677	152.3097382	114.6787033	172.7182617	90.48065948	91.98789215	131.1498718	103.0061798	84.88864899	105.3823013
Q9R1Z7	144.9670105	199.2186737	162.7272949	172.8154755	169.1087646	170.8924408	229.2515106	316.612915	152.7153931	160.0521393	225.1418915	164.2091675	155.4960175	132.9644318	178.3471375	313.7315674
Q9R1Z8	214.2733612	136.8963165	176.076889	146.9089355	93.59207916	58.88518524	110.34758	102.8708649	112.203125	165.5858307	112.2105255	172.4165039	187.2706299	106.5960312	90.40565491	541.8386841
Q9R226	374.7365112	363.4019775	218.3330231	238.8179169	238.9560699	484.3299255	228.6817474	435.0535278	405.7853394	372.7264099	267.4940186	205.3629456	178.9132996	201.9745941	335.7703247	565.3297729
Q9R233	235.7287598	269.6051331	270.0710754	474.0739136	542.2687378	313.6118164	812.6906738	1005.417786	428.1008911	368.3189392	462.1782532	384.4505615	369.8903198	482.4707642	390.1413879	333.2778625
Q9R257	604.5706787	671.0731201	710.3685913	442.3313599	423.8353577	432.3542175	430.5954285	469.9542236	331.405426	512.296875	670.593689	467.3172607	561.1177368	527.2410278	307.9319153	738.7036133
Q9R269	33.59628296	38.87742996	44.50508881	39.84500504	121.2863235	26.84919739	114.0589218	46.76660919	29.82304192	44.79338837	50.5881424	48.81572342	59.91012955	48.0573082	14.85178566	0
Q9WTI7	404.8328857	504.1986694	453.0917969	511.2739258	645.4186401	549.3212891	736.039917	629.5245361	557.6411133	513.4249878	647.6100464	572.1473999	548.7736816	501.8849792	425.2573242	449.3241882
Q9WTK3	45.07058334	54.55212784	57.6202507	67.08905792	97.25763702	71.7598877	54.36269379	143.3548889	35.63422775	95.15671539	26.50850487	67.30600739	32.91242218	64.86280823	22.15936661	73.69615173
Q9WTK5	53.17507553	83.38624573	0	31.45272446	59.83372498	71.83607483	87.05706024	37.27210617	42.31371689	62.37303543	63.2703743	10.36723328	45.64304352	30.08977699	41.49479675	60.38438797
Q9WTL7	286.4100342	285.1503601	209.4857635	163.5879211	207.3624725	100.8364334	348.4851379	276.9035645	258.9475708	233.6725006	355.401825	319.7258301	157.6925507	232.8687592	317.3838501	0
Q9WTM5	307.186676	224.5397491	283.2716675	279.6167297	409.7574768	371.4098206	506.1467896	383.3750305	259.0526123	337.9781189	354.4228821	421.7100525	296.2428589	262.1171875	260.3971558	400.0072632
Q9WTP6	9725.580078	12021.91309	10316.36035	12115.37598	9187.961914	9411.344727	8498.417969	11826.37012	9302.668945	10340.05273	9135.144531	9025.783203	10550.36523	9999.779297	10195.23535	9818.304688
Q9WTP7	6981.915039	6563.36084	6078.063477	6095.35498	4389.391602	5157.728027	3005.533203	2925.985107	4217.054688	4218.381836	4232.45166	4460.662598	4201.114746	5082.868164	4575.220703	5420.335938
Q9WTQ8	300.3899536	245.3345337	398.4910278	315.0522156	316.3600769	402.2116089	335.89151	228.1557312	258.7981873	377.5083008	362.823761	515.4869385	469.605072	485.8334656	282.9173889	169.9966125
Q9WTR5	214.4405975	41.55813217	103.1735382	102.4541016	108.0027466	145.3821716	148.9905396	61.95757294	57.36944962	0	100.1874771	72.48779297	154.6137238	97.71272278	48.24389267	0
Q9WTU6	80.86518097	115.5082321	109.2818756	111.7011795	142.0641632	88.22644043	64.33966827	108.2070923	136.9939575	137.6569824	67.49144745	67.65564728	160.1313782	57.30597305	70.49767303	142.1506042
Q9WTX2	117.416481	80.45661163	123.0640488	88.02117157	88.68288422	52.55813599	99.07559204	75.51919556	72.06339264	54.37823486	109.3229828	50.61809921	115.1251984	80.51567078	57.72406387	65.96620178
Q9WTX5	1428.576782	968.6056519	1239.468262	848.0181885	847.4874878	952.1711426	1857.396606	658.4932861	843.4139404	1146.952148	911.3516846	1133.032471	1268.561401	848.5699463	754.5180054	601.576355
Q9WTX6	98.20185852	117.4086761	180.7474976	108.4390411	202.9121857	153.9121399	151.0375366	137.923996	154.2827148	139.9972839	144.5283356	131.214035	145.0215607	111.2746811	134.8394928	143.0934143
Q9WU19	871.5117188	916.4262085	863.9498291	919.7758789	727.3934937	932.3406372	472.4451294	747.5753174	602.8006592	944.1424561	767.388855	892.6626587	928.0338745	753.4656982	737.99646	833.9584961
Q9WU28	213.9684448	91.98447418	191.5406189	341.4441223	352.2013855	312.2616882	618.4128418	327.5800171	187.8428345	253.9339142	225.5640259	306.1906433	223.4117126	289.805603	239.809845	169.3203278
Q9WU40	27.36558151	0	39.26826096	0	11.27567959	47.95471191	36.54075241	52.29847717	16.42278671	45.18590164	46.04198456	51.48333359	22.90514946	27.75888634	23.00772476	66.48686981
Q9WU56	33.0073204	66.85351563	78.95893097	70.74578094	71.28970337	53.70671082	88.5776062	51.67974091	15.84078121	53.98604202	44.50482178	52.60707092	84.11592102	64.79769135	47.72572327	0
Q9WU78	826.4081421	724.4938965	798.2129517	686.7520752	906.0397949	869.0317993	975.2302856	854.0238647	800.9754639	777.5239868	879.7443848	905.4743042	759.2550049	730.0463867	723.3184204	1187.544312
Q9WU79	2378.410156	2604.113281	2472.364258	2589.669189	958.0806885	1741.114502	950.8615112	1525.918701	1370.682861	1896.44397	2014.925781	1236.434937	1704.62793	1987.499146	2111.302002	1572.501709
Q9WU84	741.7069702	462.1119385	737.8466797	647.4486084	360.5531006	579.0858154	591.4933472	840.279541	856.8620605	781.6355591	242.8987427	570.5091553	885.572998	369.1871643	385.292511	516.8710327
Q9WUA2	1280.78418	1148.671265	1328.12146	1244.898804	1475.845093	1634.833374	1540.19397	1120.008545	1418.819336	1459.336914	1301.320313	1555.544189	1319.055664	1338.821777	1442.301147	1222.249512
Q9WUA3	45.08246231	39.38784409	33.35248947	35.53432846	113.9375992	56.46234131	251.4354706	51.51571274	36.69828415	37.59819031	45.44004059	83.78270721	35.57263947	39.62465668	39.28810883	117.3726654
Q9WUB3	13.89336681	60.61982346	22.13085938	29.44930458	161.2781067	44.06819916	102.0187531	49.84369659	51.89736557	77.14906311	41.31520081	70.62220001	41.40857315	59.02357483	27.84515762	25.14090919
Q9WUD1	105.5795746	82.85945129	100.1925354	110.6390457	183.9368439	115.2547226	230.9862518	158.297226	128.9542694	113.5440216	169.0899506	155.7489471	154.9089203	141.6609497	59.19569778	197.5031586
Q9WUH7	34.19581985	51.11488342	0	64.61141968	56.23731613	0	11.51117134	101.3597565	26.41520691	71.24285126	0	44.14456558	80.1008606	41.41585541	22.78104591	0
Q9WUK2	423.4232483	367.5520935	416.3883667	203.3477631	305.087738	673.6947632	573.9508667	658.6129761	388.278656	542.4346313	387.0312805	507.3215637	395.0192566	493.2971191	619.4147949	412.9964905
Q9WUK4	374.651825	319.9511108	184.3728638	275.1265259	374.1754761	261.6885376	499.7758789	577.154541	73.66899109	406.2140198	581.6192017	209.9521484	332.1039124	517.1351929	237.9102325	245.4436035
Q9WUL7	202.1782074	315.660553	271.7245483	210.8345947	186.3270874	244.9837952	265.8345337	272.4209595	209.9240112	187.6439972	188.5113373	186.0710907	175.7092438	209.4567719	241.8735962	420.6611633
Q9WUM3	650.1768799	531.4450073	569.3165894	365.0151062	661.3668213	657.7042847	955.15979	622.0587158	534.6886597	534.1934814	435.3890991	938.1484985	865.2924805	674.3742065	709.0507202	772.8925171
Q9WUM4	370.6638794	665.2095947	406.710968	256.3516541	724.1734619	438.0007935	730.4453125	550.2310181	613.7525635	488.5945435	575.0376587	391.6590271	429.0370789	328.2388	365.1454163	599.2611084
Q9WUM5	4521.010254	4251.334473	3751.423584	4544.780762	3089.093994	3935.13623	2217.768066	2871.326416	2915.273682	3433.712158	2969.730957	3348.578613	4269.744629	3490.179199	4278.695313	3047.739502
Q9WUP4	0	33.06879044	0	18.48424721	35.10646439	11.86702919	0	45.35088348	66.63577271	41.22161102	41.53748322	36.98192215	28.06807518	55.8156929	80.1280365	0
Q9WUP7	255.0677795	193.022583	212.1309662	232.509491	283.7719421	222.2631531	267.7010193	339.1627197	238.6610413	224.5093689	281.5669861	247.0128174	255.8939209	226.3466797	214.4868622	315.3557434
Q9WUQ2	704.6080933	751.5318604	559.4835205	690.0921631	735.664978	1019.401123	1153.146851	1030.410522	781.8116455	898.0036621	962.4459229	692.7615356	525.9425659	484.5079346	708.5860596	640.5202637
Q9WUR2	2785.392578	2928.825928	3053.38916	2564.243164	2051.857666	2767.968994	2552.852295	2658.369385	3365.051758	1908.880493	2609.456055	3012.418701	3259.531982	2923.772705	2770.496582	3908.482178
Q9WUR9	1313.562866	1203.844604	1581.245605	2194.29126	804.859436	977.3240356	753.6773682	1318.220459	991.3702393	1116.201538	1148.024414	1174.216064	908.9561157	1356.603638	1241.465942	1390.75061
Q9WUU7	836.1930542	913.4459839	1759.792358	1837.200073	1598.849121	3471.554688	1698.980469	3355.268066	832.7557983	2400.028809	1545.6875	2175.165771	2008.971069	1772.757446	1749.658936	607.8504639
Q9WUZ9	2382.69873	2328.754883	2337.243408	2517.384521	5479.077637	3685.248535	5801.249023	6420.458496	3027.236084	3259.678223	4284.874023	3389.07959	3363.000244	3730.326904	3260.632813	3135.165039
Q9WV02	212.1427002	219.4044342	232.8093567	296.4144897	247.682373	172.5326691	619.538208	72.51132965	168.6573639	182.5904694	253.7094879	217.0925903	415.0385742	299.4771118	153.1645508	137.9586334
Q9WV27	97.0273819	82.24472046	245.2093353	164.3688049	98.23043823	129.0123138	154.7903137	195.3905029	184.8476105	58.72783661	111.7131577	99.98038483	113.7763824	16.14140701	125.3912201	283.4620056
Q9WV32	272.9365234	215.0413818	180.5416412	237.5538635	339.3734741	374.4914246	1005.913086	639.4207153	646.8739624	444.8636475	414.4925537	668.1722412	393.0056458	679.8530884	449.1943359	473.5747375
Q9WV54	1355.088867	1408.47876	1271.519043	1368.853394	2135.936768	1722.018799	2763.698486	1876.412842	1260.425659	1375.311035	1144.529541	1688.723389	1394.543335	1489.792358	1447.05603	1448.866211
Q9WV55	1108.9198	981.0131836	1121.693726	1108.651978	921.5164795	1125.546997	1173.371582	1286.354858	1221.571533	982.5018311	1351.103638	1346.737549	1105.379028	1351.908691	1532.130249	867.1791382
Q9WV60	57.6519165	26.13913155	84.63667297	80.00019836	157.5734863	68.32647705	72.38507843	110.8347321	77.55136108	59.13092422	64.94721222	0	64.46500397	85.73819733	40.73311996	0
Q9WV68	2615.196533	2210.739014	2051.532715	2197.90332	3318.636475	2497.949219	3030.42334	2801.294189	2521.44458	2303.62085	2321.445557	2847.875977	2624.088379	2912.427246	1974.011353	3285.5271
Q9WV80	125.0713501	126.8681335	111.932518	169.937088	179.5720215	129.9352264	277.987915	174.388382	136.2426758	137.7153168	136.7250671	153.8535614	171.7458191	131.8126984	196.409729	193.4782715
Q9WV85	265.7844238	333.0879822	205.3703918	304.4042358	266.5896301	239.1523285	199.4591522	151.2151947	324.2787476	307.7337341	213.4190521	218.6654968	209.045578	271.8208923	322.013031	249.5226898
Q9WV96	135.003479	109.830101	87.36080933	105.6659317	114.4084854	138.8576508	129.0588379	139.1521912	85.77153778	159.1478577	100.5157776	148.9533386	151.906723	43.84003448	124.2733765	154.621109
Q9WV98	495.8440552	429.433075	329.934082	506.676178	176.7771149	536.5502319	191.2565918	349.5258484	299.9681091	408.3289795	366.3361206	392.0862122	350.8727112	220.1222076	228.5018311	208.0029144
Q9WVA2	1020.062866	736.026123	1566.684082	928.1383057	1161.539795	1974.558594	782.4562378	925.1633301	965.5635376	1092.904175	717.2120361	1229.61731	537.5874023	655.7127075	1236.302124	1575.012451
Q9WVA3	272.9299927	214.250351	178.4835663	233.9514008	231.1208038	270.8400269	339.7466125	275.8138428	170.0553131	321.4302673	264.8166199	247.3674774	195.897049	208.9595947	223.529953	208.1358643
Q9WVA4	894.0505981	750.633667	806.1473999	928.7914429	2530.554199	1375.779907	4746.106934	1867.470215	1123.372681	1396.396729	1295.838501	1351.227051	1431.993774	1103.391113	1071.677368	1664.678101
Q9WVB0	379.54776	332.3632507	297.7142639	363.4952393	470.0119324	705.4202881	498.8477783	474.8999634	529.4832764	491.2527466	448.9529419	423.8490906	459.0737305	615.3297729	464.7756042	571.4439697
Q9WVD5	2956.960938	3782.542725	2108.65918	3432.275879	2634.689453	1711.998657	1245.093506	1398.774658	2409.196289	2030.980347	2142.110596	1892.587769	2357.825195	2526.276123	2540.348633	1832.148071
Q9WVE8	383.9672852	463.9700928	432.2420959	472.8840027	535.0361328	695.4356079	742.7441406	449.6000671	495.495575	375.59198	386.5307007	483.7372437	543.2541504	528.4486084	525.8043213	430.1348267
Q9WVF8	0	0	0	56.13201904	0	31.14220619	49.51869583	0	69.7731781	0	0	27.79767799	16.4179554	4.901002407	0	0
Q9WVG6	152.3486481	183.6882324	146.3232422	157.8202209	175.2661438	142.9187469	163.570755	159.8325043	313.1376038	125.7273636	205.1162415	199.7282867	113.6630173	132.8777466	122.0908051	1130.361572
Q9WVH9	70.60907745	56.65554047	0	37.84308624	144.66185	0	156.452774	58.34986115	116.724617	16.41068649	86.12547302	137.8320007	79.18212128	72.34064484	41.77682114	0
Q9WVJ2	863.871521	709.2039185	829.0095215	906.7150879	1159.20874	945.7041626	1373.748535	1086.745117	790.1152954	771.8410645	974.6602783	1109.704468	777.8861084	661.0565186	886.87323	1325.910522
Q9WVJ3	760.7619629	1006.379578	990.6505127	681.0961914	541.7506714	694.769043	565.4014282	722.9355469	878.7575073	752.9306641	699.1194458	882.7523804	885.4869385	1017.111511	1008.246399	790.0825195
Q9WVK4	367.1685791	284.0609131	291.2598877	340.4070129	308.3642273	307.3726196	389.9835205	342.7193298	299.0827637	259.743042	301.6563721	375.9711914	296.8045349	264.6682434	302.5317383	140.5408325
Q9WVL0	14097.06738	17592.12695	14247.88379	13799.50391	10516.68457	12226.82813	8983.914063	11248.00781	12522.06445	11174.24512	13026.89258	12885.46777	12060.68555	11481.81738	13531.24902	20514.58789
Q9WVL2	72.95864105	87.00086212	126.6513748	96.77636719	113.5417023	89.1338501	150.2267761	182.6557617	93.50318146	84.75721741	64.13296509	81.25083923	125.2233276	98.29692841	129.4626312	214.0645752
Q9WVL3	69.73334503	111.1683502	119.0177612	123.9758072	153.2358246	118.8146133	125.8748779	243.9892731	130.4150238	139.3010101	96.62117767	86.98545837	88.66213226	100.2779846	173.5775757	222.4553528
Q9WVM8	6579.514648	6675.744141	6582.780273	8261.530273	3304.662109	7212.372559	2740.554688	4147.97168	6962.094727	6662.945801	5438.610352	4954.521484	4714.804688	5775.271973	7562.79248	5101.606934
Q9WVQ5	222.5935211	210.3591461	472.2171326	311.5437317	359.146759	127.5045624	234.7291718	264.671814	158.4586639	246.8415833	198.67836	277.9818115	238.0038147	347.7958984	223.2111206	455.1022949
Q9WVR4	146.8453522	147.7662506	68.80817413	327.8128662	450.1143799	198.9722595	250.0690308	138.6521759	0	98.42880249	86.29361725	178.9260254	230.2849121	229.0440674	104.0927124	256.6608582
Q9WVT6	557.2091675	399.4553223	310.4240723	433.8070679	376.8458557	336.9267883	147.177063	129.3974304	346.8486328	339.5709534	320.7442017	252.2846527	217.8733978	292.3971558	184.8837433	424.6323853
Q9Z0E6	105.0080643	120.8868637	25.65018272	103.9357681	350.5512695	109.610321	331.683136	364.7654724	43.64563751	174.1892853	166.0500946	81.79660797	107.8792191	84.00914764	286.3704834	498.2537842
Q9Z0F4	0	0	0	0	74.25435638	17.49526024	73.92173767	61.30942917	104.9071503	43.93542862	53.26424789	38.83464813	46.38075638	0	35.08263779	0
Q9Z0H3	129.6882172	83.14957428	44.50439072	201.5432587	123.0499725	88.08447266	246.1280212	225.0891418	0	97.29997253	81.88008881	76.36924744	158.9908447	144.3817596	149.7230682	151.9329071
Q9Z0H4	22.09360695	10.77662659	141.5719299	29.77432251	108.2440186	26.37386322	187.4893494	52.82297516	59.66189957	56.18524933	30.14537811	70.71590424	58.88038635	62.73340607	63.26941681	213.4304047
Q9Z0I7	0	0	0	0	0	0	87.93583679	0	0	0	0	0	0	0	0	0
Q9Z0J0	28.70824051	26.51807976	108.8021088	26.87964439	97.58397675	99.70170593	80.18810272	117.0362625	26.75661087	23.55717468	13.89273167	29.74778175	113.5673218	43.93671417	138.100769	213.3646545
Q9Z0K8	299.3718872	415.3860474	92.54814148	316.7149048	218.0449829	514.9248657	668.7710571	1007.704285	624.3397217	633.0201416	558.5325928	777.53479	756.8533325	325.7374573	548.7858887	724.5480347
Q9Z0L8	53.71432114	59.20461655	16.39203453	0	5.096542835	52.24113083	131.8238678	34.59406281	33.39863205	29.1881218	24.86679459	15.77351475	77.61476898	90.7092514	49.53180313	0
Q9Z0M5	834.5196533	895.3219604	959.4125366	991.550293	1138.265747	1316.436035	1285.292603	1605.515503	1268.10022	1147.74707	1212.890137	1552.97583	1608.475708	1548.224487	1198.143433	1567.212158
Q9Z0M6	0	18.64604568	43.43147659	0	0	0	121.0621796	0	0	0	0	34.09182358	0	0	0	0
Q9Z0N1	365.9909058	245.7179413	271.7015686	198.3299255	525.6751099	491.7394714	238.2471313	423.3945313	356.9753723	172.7088928	367.9280396	287.9387207	251.9663849	47.41818237	329.6534424	121.9747543
Q9Z0N2	1150.452759	1007.924622	1347.702515	1560.24231	1478.033325	1494.407349	1884.633789	1499.738037	1684.131226	1712.707275	1364.482056	1940.088257	1492.971313	1757.556885	1259.899414	1137.43103
Q9Z0P5	15.98850536	34.25405884	32.91436005	46.84287262	84.09683228	56.72351074	110.9935989	74.62719727	47.64365005	90.63842773	114.9443741	77.36964417	42.34246063	73.73077393	74.36283112	0
Q9Z0R4	52.86568832	113.8654022	110.1498413	59.88895416	84.04137421	105.0296249	118.2344666	79.93669891	96.2407074	87.70226288	108.9187546	87.24358368	117.3080826	81.29815674	68.97470093	146.1811829
Q9Z0R6	52.99840546	41.30111313	35.55768585	53.25599289	79.64080048	57.96655655	59.47378159	18.72395325	48.21366882	69.53593445	23.24750137	32.93181992	44.346241	158.0061646	100.1828232	0
Q9Z0R9	536.4959106	330.8288269	610.4720459	543.7771606	1223.945557	628.6193848	514.9590454	679.5325928	513.2755737	641.338501	498.99646	601.0031738	817.4386597	481.9113464	571.6759033	520.4030151
Q9Z0S1	790.2335815	906.279541	636.2880859	1318.039551	980.7901611	1046.154785	1369.195801	825.7599487	1064.330688	1008.436951	1061.890381	617.772644	1114.132813	1303.615967	888.0805664	742.5008545
Q9Z0S9	39.74634552	132.4474182	54.844841	0	3.698821068	75.08770752	105.9314346	34.5274086	159.172348	0	177.3017731	86.91366577	13.57212639	0	92.26009369	174.4510651
Q9Z0U1	158.1893158	200.1205292	238.2740173	198.6386871	196.8945313	219.0382538	246.1933899	223.7339783	162.8977661	157.0743713	183.8234711	175.3748016	214.0424805	151.6407928	188.9440918	250.7204437
Q9Z0V7	592.7216187	683.1658936	439.8444519	749.03479	451.7804565	603.2741089	427.288147	464.2869263	496.08255	419.5184937	705.0543823	453.5193787	401.7976074	567.2808228	320.7064819	107.0616531
Q9Z0W3	147.5066833	175.4607697	50.75774384	136.0483856	94.50423431	100.5085449	76.90403748	136.1482391	84.01161957	155.2444611	100.6700134	197.5919342	107.0676422	81.50894928	69.9259491	0
Q9Z0X1	5995.566895	6925.855469	7294.979004	5634.70166	4052.895996	4994.955566	3946.787354	4798.512207	6089.342285	4943.346191	6423.836426	5106.57373	5463.539551	6432.768555	6858.926758	7496.949219
Q9Z0Y1	32.09723282	120.1448212	81.26069641	140.3542633	143.8462219	105.5517731	183.9492798	147.48909	103.7643661	106.8010788	133.398056	116.9736176	103.8511047	93.47521973	186.8166046	218.6888275
Q9Z108	94.44030762	116.6385956	85.94273376	98.46385193	109.4651031	91.17116547	159.735199	108.7960129	124.8844223	134.5470581	154.2591095	125.0632858	151.8082886	97.0524826	134.9252167	179.0684204
Q9Z110	77.19950104	152.7339783	64.6897583	134.6741638	155.9756165	184.7248993	260.2855835	179.4028015	127.7374878	152.5928497	123.1911545	196.3218079	87.04550934	116.7517471	116.2551727	197.9519806
Q9Z126	109.7494278	0	89.33197784	0	12.48027134	29.44895744	68.60991669	33.77811432	22.90926552	3.692362785	0	193.9853821	27.53467369	73.78681946	43.78085709	0
Q9Z130	135.0054474	146.2462158	86.3196106	169.2485199	163.6182556	168.1832886	299.7819519	208.1110382	110.3804932	151.7013397	126.8885117	86.92405701	44.49085236	69.86295319	60.89538956	65.82525635
Q9Z160	106.9515076	81.41591644	79.68332672	85.63708496	146.7068787	157.8763733	115.3129044	80.21567535	45.46028137	116.4527054	130.1442413	101.2458191	43.44641113	94.22996521	104.2889633	0
Q9Z183	0	0	0	0	0	0	229.8911591	0	0	0	0	0	23.97076035	0	0	0
Q9Z1B3	38.99118042	89.02326965	8.252080917	34.69369507	16.25417328	61.00444031	40.85956192	49.30118942	70.93712616	23.46343422	75.75310516	53.47962189	27.18152046	69.78770447	22.67493248	0
Q9Z1D1	607.6581421	755.3272095	521.2225342	664.994873	894.4594116	681.5038452	784.7179565	705.6479492	821.173584	541.5376587	739.3320923	575.2886963	717.4346313	543.6383057	367.8909912	791.1054688
Q9Z1F9	66.76277161	107.5489426	67.52921295	129.583847	101.53125	120.0124207	158.025528	54.12659073	143.5036316	60.42349243	103.7652512	121.2337952	98.05537415	89.21671295	109.397644	212.2058868
Q9Z1G3	126.0964432	136.1387024	88.35706329	121.3460007	210.7097015	106.5246048	225.6378937	144.4928436	67.89152527	80.86031342	121.2017212	81.35894012	97.19069672	117.8091888	83.82430267	81.9132843
Q9Z1G4	153.3169861	114.5888519	201.5996246	173.4338837	208.9928284	248.2919464	319.506134	193.6057587	160.9678802	235.5246277	116.5067825	118.0859756	180.7038422	130.5987854	188.2450104	279.7046509
Q9Z1J3	338.5969543	311.4755249	326.4366455	485.4624634	330.730896	418.8124084	322.6029053	310.6797791	241.6760254	442.3421021	452.4934692	304.5358582	318.4948425	321.9040222	316.2069397	471.4196167
Q9Z1K5	102.0584946	24.03576088	56.69506073	124.899231	45.52884674	78.72253418	115.3160706	81.10676575	116.8985443	72.26733398	55.9459343	191.5381012	41.84012222	55.67607117	83.92884827	72.45767975
Q9Z1K6	67.47800446	93.9059906	23.38526154	110.07061	12.28124619	61.70698547	81.5687027	78.11838531	155.5791931	43.47735977	67.19548798	72.83607483	34.39567566	77.98406219	106.007225	61.2675972
Q9Z1M4	0	0	0	0	0	0	40.76036072	66.00508118	0	0	7.853785992	0	57.76472855	0	47.1219635	0
Q9Z1M8	88.84086609	121.546524	56.99172974	55.80357361	209.2005615	84.8358078	144.2438354	140.9434357	143.7093201	97.24061584	68.85821533	89.74033356	87.20355988	101.9985046	100.6271744	170.4037933
Q9Z1N5	714.5700684	724.4088135	706.4661865	686.914856	826.9993286	746.1211548	870.744873	648.6658936	745.3876343	625.5762939	754.7704468	814.1040039	779.6693115	579.1428833	702.1181641	699.5575562
Q9Z1P6	1562.2229	857.1189575	1298.616211	728.2365112	1706.591431	616.6060791	1773.225952	948.3546143	1254.043335	951.6136475	732.5379028	1477.389404	780.4094238	1237.633911	602.9955444	2018.486084
Q9Z1Q2	70.99386597	129.6807861	215.4049377	139.5702362	175.7538605	158.5980682	180.5066376	163.804245	230.7812653	199.4075623	221.1169128	117.2889557	164.1987305	190.1344604	202.1099396	135.9003296
Q9Z1Q5	674.1015625	661.378418	857.7302246	743.9036865	1004.880432	978.6050415	2643.085938	1375.349121	530.6437378	861.0779419	917.6383057	1064.876709	1034.812866	696.0170898	962.7937012	448.768219
Q9Z1Q9	824.7021484	858.02771	877.5717163	975.2164917	1144.375854	893.1148071	1040.914917	1096.688721	867.8014526	894.8164673	951.3415527	1009.711914	872.5061646	915.8501587	1143.143799	1267.171631
Q9Z1R2	134.7627563	201.1815186	187.3061371	207.521698	174.8681488	132.9195862	231.1255951	149.0413055	183.7691956	165.8707123	177.6210327	201.1426544	174.3862762	116.5448303	109.5076675	267.1456909
Q9Z1R3	304.7343445	273.1869812	173.1034393	0	78.08003235	109.9159851	71.53159332	238.8829803	289.9545593	166.2182617	194.0614166	252.2023315	249.6601257	106.1279678	254.4963989	87.48230743
Q9Z1T1	165.9303284	145.6751556	167.5044556	182.1896362	342.0227661	237.9745789	341.5851135	196.0118103	172.0366974	185.3880463	277.2546692	209.2074585	165.3455048	191.0091248	246.4033203	179.8842621
Q9Z1X4	125.7401962	143.6280212	151.3764038	134.1454315	217.0169983	101.7763824	223.1142731	156.0787964	158.5109253	92.21885681	168.5351715	134.3490143	150.098175	105.0253296	147.4228058	247.2268372
Q9Z1Y4	38.19137573	35.36055374	0	0	0	9.394142151	78.71077728	0	0	0	0	0	0	21.20098114	0	0
Q9Z1Z0	559.9602051	743.2564697	480.1658936	524.7767334	602.1137695	621.3178711	751.0759888	813.2993164	663.8480835	516.0680542	605.1125488	647.2755127	548.6088867	553.0405884	594.5562134	629.4650879
Q9Z1Z2	374.9414673	422.716217	426.1380615	387.5054016	512.6158447	365.7586975	547.0262451	596.0601807	567.7827148	321.027832	467.5298462	588.5466309	433.2949829	490.3499146	342.3135681	352.2703857
Q9Z204	2151.402832	1796.040894	1906.242798	1671.277954	2162.546631	2079.982422	2590.863281	1782.549316	1646.10022	1452.884277	1831.80481	1915.508057	1698.996826	1531.056763	1615.366821	2351.249268
Q9Z210	9.314684868	6.458194256	0	23.02553749	190.0329437	0	12.39027691	0	0	0	0	5.447783947	0	53.12873077	0	0
Q9Z211	230.0220642	284.7197266	148.2002106	256.5392761	285.6842346	612.8531494	525.9472046	596.0396729	225.0261383	340.7672729	297.6752625	370.5526733	655.4803467	234.8070526	201.8224335	203.2316895
Q9Z223	410.3682861	178.3444672	288.6647034	133.4734039	306.5542297	246.152359	44.07427979	124.1368713	273.2528687	343.0881653	215.1494293	85.27662659	223.9078979	90.47966766	248.1051636	321.8607178
Q9Z224	183.8875885	258.2189026	379.0109253	111.4017639	337.9838257	408.2457581	225.5680237	167.2953796	338.0207825	128.0820313	367.2485352	265.2874146	220.4387207	240.5787354	336.036438	293.318573
Q9Z239	2169.793701	1214.87207	637.6278687	89.23511505	503.077301	1016.802612	593.2251587	295.8772278	529.6896362	423.9253235	958.6448975	259.3099365	539.6886597	917.9377441	982.034668	344.1651611
Q9Z255	1.792954326	11.64390659	49.13747787	34.3743782	78.05212402	0	34.19760895	75.0089798	44.98088074	21.77888489	19.90555954	0	30.62901115	32.51103592	94.98177338	86.74578857
Q9Z266	0	178.8618774	137.7342529	0	222.6822357	184.2342377	153.8626556	64.5691452	125.501358	71.60251617	74.37956238	37.95571136	71.8445816	79.88323975	0	0
Q9Z277	67.1546402	77.44168854	82.36573029	67.02966309	114.1033325	81.32326508	86.76252747	44.460495	30.75653267	76.29956818	89.39586639	63.03783798	61.10774231	92.57314301	58.72014999	0
Q9Z280	55.51674271	0	4.508674145	0	19.36042023	0	32.11474228	50.88641357	0	22.02397728	32.65371704	41.25740051	50.28028488	14.78108311	0	0
Q9Z2A5	76.63628387	65.48947144	130.3124542	112.9021072	63.36139297	119.7105789	147.3503418	101.5308914	59.99835205	73.76824951	108.3286209	55.31397247	95.64816284	56.70133591	95.3697052	0
Q9Z2A9	101.2279205	88.98733521	78.60231781	51.46121216	138.4339142	95.50080109	158.8768311	61.08495331	50.94104385	162.8434906	82.13482666	140.7745514	71.97909546	92.24445343	55.63368607	227.6370392
Q9Z2C4	45.6564064	70.18865967	36.835186	43.61711502	40.91507721	24.63062668	44.90926361	0	18.29132271	10.76390076	17.50831032	11.08434391	22.85310745	63.72966385	33.18455124	131.7094879
Q9Z2C5	97.78205109	49.31098938	33.95131683	106.3901672	62.25636292	134.8752594	168.2738953	147.6229248	112.8694839	91.75205994	143.5948639	101.6843491	119.1295013	162.8679657	126.1545563	241.0459595
Q9Z2D6	91.54862976	115.7273483	170.1177826	77.87532806	112.1377945	79.76947021	177.9372253	80.7311554	38.90028763	164.6343079	95.10010529	133.9040222	192.4294891	150.7631073	79.04901886	87.57752228
Q9Z2D8	100.129776	49.60467529	0	81.86128235	74.87121582	39.2300148	91.00143433	84.41009521	43.35813522	66.92053986	93.30208588	31.6864109	28.35618591	63.49660873	60.15859222	52.61762238
Q9Z2E1	58.52488327	84.35915375	51.78082657	49.87922287	73.77612305	52.11917496	82.69274902	88.71916962	0	23.00921059	38.60531235	52.50445938	71.51238251	192.9759979	39.9369545	0
Q9Z2F7	112.2481308	99.41971588	0	0	180.2952271	0	0	118.1708527	0	112.1424408	21.57211304	0	0	0	0	0
Q9Z2G6	157.0873108	187.5931091	105.3946457	159.1079559	100.2337189	221.2686768	178.5711212	175.8641052	151.0120544	118.9415054	92.45537567	122.8570404	125.4886398	135.8938446	115.3779907	47.47439575
Q9Z2G9	525.5935669	575.5110474	597.8720703	535.758606	1056.646606	522.1171875	1074.554321	950.8931274	535.2859497	815.2582397	837.0264893	922.7232056	956.8816528	939.1795044	972.1151123	1125.900757
Q9Z2I0	1608.068481	1840.505615	1531.546265	1828.586548	1009.283813	1569.250244	1145.768188	1487.764526	1618.401978	1469.792603	1469.022339	1284.470215	1377.160522	1603.631958	1635.647339	1235.385254
Q9Z2I8	7331.783691	8099.656738	8684.126953	8391.730469	4937.223633	6144.32959	5146.828125	5328.648926	5151.853027	5915.236328	5172.197754	5424.104492	6709.612793	5418.82666	5565.656738	8858.114258
Q9Z2I9	3256.422607	3668.40918	3295.907715	2956.307861	2659.202393	2886.01001	1661.062744	2560.015625	2523.758789	2772.256104	2632.490967	2721.180176	2669.356445	2718.186035	2665.875977	2581.469238
Q9Z2K1	143.6878815	137.5085449	600.9423828	113.480751	52.3434906	72.39126587	74.09642029	30.86791611	135.2629089	0	2.798989058	142.7247314	104.3230515	0	39.50765228	0
Q9Z2L6	71.57811737	316.1655579	122.2571182	103.9031448	72.65499878	137.3026428	131.6546936	196.0753174	34.05033112	82.27225494	140.4647522	145.2521667	93.29390717	161.5193481	0	0
Q9Z2L7	31.92685699	47.15547943	43.22563934	66.13069153	109.6922302	21.32499886	79.33651733	156.9862823	39.22016144	50.63758469	0	14.59765053	191.4626007	25.06637192	55.86466217	0
Q9Z2M7	854.1484375	663.255127	751.5355835	846.0777588	866.039856	787.519165	601.4445801	904.4162598	692.9927368	758.854248	874.6555176	689.9963379	790.557312	754.4237671	583.6102295	1244.596558
Q9Z2N8	181.0727386	141.6967621	188.2182159	126.5170364	165.1159363	159.0508881	315.412323	211.1803894	140.0860291	137.4892731	141.0957489	126.1935577	221.1977997	140.7938385	161.3041534	242.3024139
Q9Z2P8	147.3059082	36.84239197	75.59593201	141.2758026	293.7624207	229.0337982	256.1417236	83.41074371	0	218.4046936	140.1977234	145.9264069	134.1298981	198.6150665	284.1604919	0
Q9Z2Q5	230.289917	306.6255188	230.9950714	301.7012024	295.2732544	280.1871643	151.2507629	230.6680756	296.0600891	335.4951782	150.4915924	213.8862152	375.631897	241.990921	205.0505524	375.5003967
Q9Z2U0	1807.0896	1899.416748	2347.447998	1812.405396	1638.485229	2354.488525	2589.107422	2425.26123	2136.010742	1933.126465	1816.367188	2228.478516	2052.983154	2095.858154	2089.576172	2257.441895
Q9Z2U1	2704.282471	1566.020264	1932.581665	2154.00708	2565.627686	2428.776855	2519.670166	3175.136963	2186.433838	3111.543457	2519.702148	2571.128662	2315.024414	2485.634277	1764.716797	1637.325073
Q9Z2V4	13282.35156	11189.79199	12010.66113	13696.47949	13720.46484	14008.78125	6260.041016	15881.90723	12940.44336	13341.15625	11461.94629	13334.7373	11820.97266	12369.13965	13623.38574	13291.9248
Q9Z2V5	36.3037262	33.32921982	34.86183929	63.98724365	74.68629456	81.97343445	77.50982666	85.32830048	44.25968552	69.18592072	11.2087059	89.8693924	83.79269409	19.9601326	170.2375793	0
Q9Z2W0	1547.141724	1303.628174	1452.586914	1423.670898	1471.796265	1271.318604	1478.520264	1349.395874	1272.984985	1373.700562	1685.475952	1554.465698	1072.943848	1131.36731	1287.887939	1363.720337
Q9Z2X1	1413.286865	1349.964111	1235.062378	968.1051025	1139.652832	1217.154907	1875.631592	1546.624512	1300.498413	1096.426392	1186.243286	1068.459839	1236.018311	1253.81311	1327.79126	1734.025024
Q9Z2Y8	1429.513672	1814.497559	1427.25	1634.759766	1404.104004	1119.424438	1635.650513	1289.340454	1299.104126	1628.885986	1212.938965	1768.811523	1408.446411	1353.46106	1386.132935	690.8704224
Q9Z2Z6	2387.081787	2733.076904	1801.005127	3119.362549	2020.372314	2860.186523	1995.4021	3331.742188	2695.122559	2765.625488	3027.20459	2595.265869	2393.664063	4306.897461	2305.279785	3816.017822
Q9Z315	32.17174149	12.39931965	28.18424606	19.87760544	30.92643547	43.71541595	34.83966446	73.29934692	25.38103104	8.648792267	29.54733849	43.37623215	29.9642334	45.28974152	40.83794022	0
Q9Z329	112.319313	49.42584991	72.70724487	69.41468811	129.824585	129.0665436	86.6422348	64.69512939	64.82563019	138.3226318	90.66686249	117.4844437	91.3456955	103.1702423	87.85798645	128.2252808
