PG.UniProtIds	NCD1	NCD2	NCD3	NCD4	HFD1	HFD2	HFD3	HFD4	HFDLEA1	HFDLEA2	HFDLEA3	HFDLEA4
A0JNU3	1147.001831	1303.346924	1158.041748	1227.431274	1062.467651	923.3113403	941.0587769	1072.253296	1140.572144	1092.549316	977.0453491	1216.896606
A2A432	124.8653946	59.67987061	92.25585175	90.8497467	116.5681839	99.41706848	102.0762329	108.7731857	60.15594101	111.4334641	100.1194916	79.37911224
A2A5R2	75.20683289	167.1842041	62.74337006	98.84243011	160.9270172	75.3705368	162.1066742	54.79670334	95.66552734	136.0037689	65.6101532	74.98350525
A2A8L5	103.1075516	113.2025146	182.1087799	123.0766068	54.08466721	60.90431595	61.72599411	59.66931915	95.51360321	67.10346222	50.30308533	55.66684341
A2A8Z1	61.98921204	99.22401428	190.8797302	61.5668602	109.2633514	56.39759445	140.0439148	229.0370483	65.45666504	91.2758255	81.62026215	372.859375
A2A974	5260.827637	5158.860352	6843.569824	4997.782227	6864.040527	6470.466797	7854.629883	9095.621094	5371.38623	5101.63623	6742.405273	7124.908203
A2AAJ9	883.1137085	490.6419067	703.2810059	893.065979	917.663208	785.8008423	437.9996643	615.2531738	766.2591553	814.3742676	1005.530334	1162.528198
A2ADY9	1525.065186	1232.458984	997.1692505	1187.587524	1062.240356	1155.227661	1012.879456	1364.257202	1393.318848	1474.454102	1208.684692	1396.790161
A2AGT5	102.9586182	95.83376312	196.7603149	88.41670227	196.6181793	118.3011627	139.2133179	170.0010529	124.3919525	160.7802277	233.2634735	117.0691071
A2AIL4	148.9803467	141.4102173	68.3230896	187.1031494	111.7045822	62.8773613	47.99576569	70.9588089	116.7534561	79.86399841	105.4265137	26.01949883
A2AJL3	675.6985474	686.7496948	769.6763916	687.7476196	675.8779907	679.663208	599.2634277	682.3890381	848.6953125	695.0145874	656.673645	868.5645142
A2AKK5	590.0526123	484.8989868	470.1829834	435.9611816	609.1566772	528.9284058	710.1294556	557.6117554	603.4432983	543.5331421	567.9488525	386.4778442
A2AN08	197.2969971	148.7520752	217.927887	203.6582184	161.351059	180.9070892	194.1824646	179.8622894	151.5099945	157.9592133	139.2211914	169.6368256
A2APY7	126.2115631	72.81885529	53.58224106	47.20877075	231.5808563	150.864502	76.27925873	96.42180634	82.85565948	101.9595947	79.85813904	81.07216644
A2AQ19	107.6192093	65.38172913	93.73142242	0	0	38.07643127	89.24973297	87.17198181	113.3833618	143.8701019	135.9330292	37.44239426
A2AR02	0	156.0697784	57.09821701	85.58267975	141.9122925	129.2742615	19.09911346	57.82534027	120.0872269	138.2746124	155.2561188	54.40143585
A2AS89	3274.038086	2476.85498	2746.318359	3345.568848	2681.203125	3078.979248	2654.424072	2830.9729	3233.553223	3453.72583	3918.117676	3467.669434
A2ASQ1	88.84636688	52.89253616	76.58237457	70.66782379	71.56971741	121.5765305	109.5111923	156.7456207	93.52027893	23.16193962	0	53.34758759
A2ASS6	1091.078613	1053.879272	498.1802979	446.8247986	105.7760849	343.8087158	90.08789063	1537.626343	542.6920166	0	643.2901611	3347.243408
A2ASZ8	159.8454895	140.2790985	134.0213623	160.1304626	170.6077576	230.3292542	193.3183899	159.9668884	199.2501678	126.4292908	156.3862457	155.7542267
A2AT37	63.45248795	37.03180695	16.68380165	43.49612808	48.1553154	63.12274933	41.48232651	66.27349854	38.73707962	90.5766449	11.48032188	51.99071121
A2ATU0	381.5059814	511.142395	640.4980469	490.065979	334.2245178	344.0767212	267.0114136	320.9283752	455.0530701	444.3768005	477.4222107	492.1795044
A2AWA9	13.57367229	0	78.39403534	77.4720993	18.74860764	65.46686554	43.50120926	128.2626648	0	0	78.83271027	36.81656647
A2BDX3	167.9426727	176.4241333	223.6115417	164.0148621	117.4335938	136.1568146	88.69556427	178.7361908	273.8014526	214.1361847	145.9021454	177.3389893
A2BIM8;P02762;P04938	48782.19531	33769.35156	36086.60156	48380.36328	92426.38281	150727.6563	101103.2734	233285.7344	154812.5156	84017.75	54456.51172	183678.0781
A3KGB4	56.36875534	52.06280899	53.32520676	57.75883484	61.39558792	63.51470184	83.63179016	58.72762299	89.64564514	49.59963989	73.65493774	76.86460876
A3KMP2	1362.430298	1766.36084	1638.029907	1680.541992	1313.076416	1397.141602	1295.658569	1186.091187	1796.394897	1271.883057	1695.176147	1728.324829
A6H584	0	97.90617371	20.7408905	13.70571804	45.86996078	55.13679123	32.02338028	21.41676903	0	37.64727402	11.16792107	20.87779236
A6H611	182.6560059	236.4696198	284.1443787	317.9473267	219.6760254	220.7988739	230.3091431	248.4076233	195.7797394	203.45961	271.9953003	228.0488586
A6H630	279.776123	180.5039215	0	79.7942276	189.5979004	74.26824188	150.278244	106.266655	97.13941193	64.15776062	40.04842758	95.85951996
A6H8H2	136.4599457	115.0923462	141.9572906	124.9704895	156.2079468	87.27960968	145.8370361	92.79158783	49.96404266	142.4794922	134.7830811	135.0375061
A6X919	60.7909317	45.22466278	81.41123962	80.28134918	98.92074585	122.4515076	93.03030396	56.88290787	138.3490448	193.0686493	58.85664368	102.6890488
A6X935	611.3566895	635.9177246	611.1885376	575.2136841	721.7730103	684.3863525	794.6725464	508.8511658	545.086792	733.2481079	567.1576538	620.1010132
A7MCT6	153.2274475	137.5958252	147.3667145	163.3482361	69.19643402	41.74287033	65.5517807	40.92711258	112.6230774	94.30011749	112.9458466	68.03747559
A8C756	0	34.28992081	53.67512512	0	0	0	18.62558556	0	18.58115005	0	0	0
B1AR13	139.9277344	331.9567566	166.5802765	235.6303406	278.6730652	301.6622009	202.5230713	166.4700165	332.3019714	303.7465515	254.6116333	97.22808838
B1AXP6	268.4940186	264.9966736	286.164856	149.936142	275.9216309	145.168808	218.0263214	264.8537903	307.16745	384.4072876	200.4741516	248.4595642
B1AY13	123.3665237	36.60328293	38.87643433	85.32563019	34.84880447	120.3802719	57.21484375	104.5920792	124.4986801	54.50800323	78.00940704	50.35510635
B1AZI6	174.1517029	74.9240036	92.05197144	78.152771	137.7373199	74.19813538	78.72150421	72.17760468	88.43950653	63.65450668	79.0716095	57.5756073
B2RQC6	404.2930603	250.9023285	395.7234192	276.0956421	277.7520752	309.2235718	342.2299805	355.9515076	287.4041748	294.5882568	281.2562256	250.872406
B2RSH2	20.10696983	78.73874664	98.14730835	39.98839569	69.3104248	68.3502121	52.52984238	115.3690948	0	35.55220032	14.07706738	14.31492519
B2RX12	196.4220581	289.7337341	354.1288452	262.5788269	301.4302063	306.5281677	399.6283264	363.8825378	204.5442963	289.1382751	310.6376343	272.6422424
B2RXC1	0	52.04745102	87.8532486	0	96.8327179	46.39539337	34.21199036	14.64005756	171.5205994	0	82.91059113	74.16365051
B2RXS4	272.7766113	255.6684723	299.8972778	209.7569275	221.2148132	210.8809509	238.927536	232.602356	287.3734436	191.9920807	232.7376251	273.7350159
B2RY56	280.9936523	149.2209778	111.2643509	290.8303223	173.5365295	339.3846436	218.9676971	444.203949	286.5924377	402.9483032	220.1144867	242.6740112
B5X0G2	43.42241287	0	0	29.53316307	47.02035141	113.8007736	30.46619606	104.6956406	197.7860413	59.89146423	36.57824326	119.6099548
B7ZMP1	489.6278381	481.9674683	485.9240112	432.603241	408.3707886	348.9515991	401.1889343	421.2330627	315.6270142	319.0195007	373.7148438	412.1567383
B8ZXI1	0	34.91114426	0	91.23815918	78.41658783	0	0	0	0	0	0	74.39884186
B9EJ86	110.8198395	172.3330231	161.0634308	77.40526581	89.92468262	137.8194427	175.226181	219.8469543	193.9627991	125.2246399	105.6512222	158.2201538
C0HKE1;C0HKE2;C0HKE3;C0HKE4;C0HKE5;C0HKE6;C0HKE7;C0HKE8;C0HKE9;Q8BFU2;Q8CGP5;Q8CGP6;Q8CGP7;Q8R1M2	99504.26563	94292.33594	111071.6484	98529.11719	92804.26563	105182.9453	98307.24219	105409.7578	91697.35938	97601.47656	105663.6797	101047.4453
C0HKG5;C0HKG6	555.234436	428.3849487	594.0758057	650.1748047	746.5842285	699.3897705	742.7186279	589.7559814	628.038208	732.4447632	696.4108276	858.6481934
D3YXF5	0	255.5001831	102.3961716	74.9597168	150.8877869	224.2997284	114.7092972	167.9324799	202.6987	143.9319153	95.64247131	233.8722076
D3YXK2	90.75606537	169.6913147	106.9040909	185.5551147	127.4226151	87.94082642	98.27098083	208.9635162	153.6457825	136.5893555	117.9518356	164.9015808
D3YZP9	50.3486557	58.25421524	69.77288055	59.23604202	113.7493668	95.33274841	37.67820358	103.0343094	92.49108124	137.6188812	53.30396271	73.414505
D3Z4S3	53.14757156	0	23.82383919	43.6532135	13.04533291	0	0	0	49.39910126	41.29977417	0	10.89447212
D3Z6P0	177.5944061	0	3938.452637	0	175.3007507	126.4782257	0	367.1441345	0	0	0	0
E1AZ71	256.6694641	820.6105957	170.3652039	265.1755371	69.36519623	400.2738342	329.3555298	236.208725	480.4267578	344.1706543	188.7867737	232.7602539
E9PV24	3797.11084	4121.304199	4241.421387	4231.800781	4416.040527	4077.462891	5646.45752	4548.65625	3804.286133	5598.123535	3590.867676	4396.268066
E9PVA8	365.3518982	362.9897461	294.577301	337.8487244	288.7702026	386.3793335	334.3909607	362.043335	487.9006042	287.5084839	258.7747192	353.2330017
E9PY61	125.5393906	55.6583519	36.55940628	74.27684784	0	23.45186043	49.43720627	73.66124725	113.6053085	66.80152893	120.5014191	54.47898483
E9PYK3	79.38666534	74.69908905	69.90656281	129.5153809	118.2347488	123.6326599	132.6126709	164.4042511	74.35344696	90.15868378	129.3153687	115.5002594
E9PZJ8	114.4678192	107.734024	97.36152649	64.69548035	82.85217285	69.60486603	88.84632874	50.87226486	83.23665619	67.70802307	82.54507446	84.30995941
E9Q0S6	311.0483398	260.025238	266.806366	270.5327454	175.1966553	240.215744	249.3824005	293.8976746	251.8799591	207.7583618	225.8559265	324.9290161
E9Q137	463.5877075	241.1509705	183.7350922	164.0956726	355.2419434	265.5311279	411.1504822	294.1262817	185.0674133	321.3336182	343.8968506	241.8103333
E9Q236	0	0	39.21176529	0	75.00514984	106.1606598	172.5459137	48.20635986	0	0	57.6837616	0
E9Q238	84.67916107	157.7645569	86.2530365	0	36.64169312	138.46315	89.62807465	114.4326172	88.1450119	149.0676575	90.29847717	53.95569611
E9Q3C1	204.0467377	209.9587097	257.4292908	149.3706055	219.3996124	266.384552	185.1919708	309.1925049	278.3522949	185.7639923	209.9235229	211.418869
E9Q3L2	40.55311584	92.45698547	48.84206009	112.3175507	75.87953949	105.0550232	105.8386536	84.5348053	100.81147	63.71429443	63.89530945	129.1399078
E9Q414	1989.63916	1655.807495	2337.164551	1699.568848	2175.993164	2035.011108	2409.799316	2665.979492	1755.935547	1763.87915	1737.195679	1594.139038
E9Q4Z2	268.755188	235.4636383	312.0429688	240.0019989	229.9551392	143.3082428	150.4200745	132.4043274	166.9690857	327.9398193	109.9328308	164.3848877
E9Q555	54.62509155	101.2817764	75.13733673	53.02170944	85.21135712	88.45730591	66.38910675	120.5327072	67.95663452	54.86487198	88.92438507	147.2993317
E9Q557	358.2205505	367.8868713	435.7705688	362.0617371	293.9842834	385.2404785	401.8699341	392.2059326	309.1871033	286.0247192	367.3117981	278.9486084
E9Q5C9	430.8943481	294.9592896	350.5983276	313.7642212	423.9055481	295.943512	210.3482666	406.1044006	705.7283936	507.7872009	239.3752594	365.7915039
E9Q5K4	2341.794189	2228.269531	2443.89502	2470.547363	1759.567627	1867.811401	1813.678101	2081.73877	1372.312256	1197.065308	1749.938232	1465.418945
E9Q634	155.1786346	81.07556915	76.84837341	140.8613586	84.62504578	83.93066406	106.6690903	100.915802	115.1851349	126.0908051	71.76612091	91.66067505
E9Q6D8	419.4502869	217.8003998	360.5272522	195.3355103	418.9135132	544.4187012	564.9192505	717.937561	418.355957	335.5568542	322.2704468	735.2661133
E9Q735	246.2146912	136.3674927	130.5635681	192.9817963	181.1997833	161.6439819	174.3610077	188.2748566	183.4252319	195.7774048	175.3354034	177.4756317
E9Q7G0	180.2728271	172.8953705	181.4358215	129.3250885	186.1324005	171.0029602	191.1914368	215.383255	106.5578537	248.5292206	161.2016449	219.291275
E9Q912	42.19037628	80.15718842	89.672966	73.79123688	31.57551384	93.61888885	64.38568878	65.31912231	83.87628174	78.95303345	46.5464859	57.44070053
E9Q9R3	0	0	0	0	0	0	0	0	0	0	0	0
E9QAM5	159.8681488	117.1439056	106.6091843	131.9549103	138.4706116	125.5041275	124.5991974	150.3416443	47.0976944	88.95152283	71.33772278	98.22736359
E9QAT4	226.016449	219.8727112	152.8419952	172.2266541	261.9893799	186.1283569	322.4624329	264.0536499	247.5662231	208.2227325	240.2667542	197.9342194
F6ZDS4	405.7622375	341.2841187	404.089325	334.1561584	347.6491089	357.5602417	294.48526	360.2054749	316.2226563	346.0978699	331.8494873	355.3559875
F8VPK0	72.33963013	77.51529694	93.47102356	84.1636734	82.82814026	122.3887329	124.0490112	62.71354675	81.20214081	94.83934021	130.0389404	121.1004944
F8VPU2	180.3566132	196.1538086	143.5115204	56.31134033	111.6120682	177.8418884	174.9806366	139.8706055	163.6443329	152.2866669	102.7920074	127.4051895
G3UW82	0	1287.603394	711.3189087	0	0	0	0	0	0	0	0	0
G3X8U3	419.8886719	442.8768311	272.4703674	533.4415894	593.8956299	535.2521973	731.564209	471.5491943	616.5393677	742.7966919	669.468811	595.1997681
G3X982	5129.05127	5304.541016	4324.595215	4959.094238	2609.859619	5570.021973	4230.4375	6149.171875	6906.754883	6404.761719	6209.59375	9529.202148
G3X9K3	28.38782501	29.92585754	87.21892548	28.62436485	97.12651062	72.04291534	25.39912796	67.76672363	83.29503632	123.4839172	174.6267548	127.8929443
G5E829	173.9147797	144.3521271	164.7229614	173.806015	165.2685089	146.2286224	118.7476044	160.5957794	118.0466843	184.2930145	196.0585632	189.9008789
G5E870	85.74924469	61.59430313	62.23423386	60.29242706	62.92536163	81.9455719	33.82766342	56.97651672	53.23048782	40.42158127	35.67257309	39.56546021
G5E897	88.15696716	39.67520523	56.54681396	54.72803116	77.03688812	39.27705765	79.93649292	62.80959702	69.64463806	74.54031372	34.40419769	77.67771149
G5E8K5	237.9828339	126.7251511	196.7957916	184.8616791	50.03482437	82.8850174	98.92588806	146.6262512	189.0538025	90.87405396	159.436676	139.1968384
G5E8V9	2817.891602	2218.211182	1937.019409	1336.503296	1732.834106	2250.557617	2374.3125	1409.842651	2396.271973	2462.429443	1297.932373	1871.435913
O08529	357.6402588	373.6843872	300.2772522	308.5845337	436.5050354	524.3510742	451.2358093	466.1476135	441.4339294	459.7938538	392.4152527	461.2600708
O08539	138.9990692	194.2258759	227.1906128	148.6332092	254.1564636	185.9694519	288.1477051	194.080719	146.2468567	205.6119995	175.1481476	202.4788666
O08547	908.5544434	1112.272095	876.609314	1071.099976	926.4125366	1103.22522	1004.419678	1249.467407	857.7683105	668.3323975	709.9354248	758.7666016
O08553	974.713501	1031.427612	1133.131104	959.8222656	796.1084595	989.1300049	922.5629272	1049.285767	892.6748657	894.0960693	886.0760498	1069.820801
O08573	2111.557861	2229.763184	2524.717041	2334.303711	1853.363281	1871.44104	1705.494385	1298.783081	2120.022461	2046.229004	2104.119873	1746.821655
O08579	120.773407	141.2142639	179.3772278	87.52307129	145.2637939	72.49080658	48.28663254	136.4192047	148.6207581	154.8884125	59.29429626	179.6004028
O08580;Q61539	0	48.70094299	84.04332733	52.44761276	30.22187424	39.61499786	31.32317543	28.54205704	38.05021286	0	4.740005016	29.68061638
O08582	108.1465759	185.9986725	84.14649963	29.95454788	58.02422714	25.88694382	55.81256485	67.30168152	27.42609406	65.92619324	111.6973801	124.8575058
O08583	659.8291016	569.3661499	493.1087952	655.9631348	442.7900085	478.5613098	425.9256287	932.6558838	581.7910156	783.0922241	593.4328613	496.1616516
O08585	1489.47583	1072.313354	962.3735962	1878.619751	968.972229	927.0970459	1225.174561	1031.306885	949.8536987	1458.753784	1257.657227	1893.966797
O08586	187.1266632	23.46705818	91.03398895	83.08041382	74.10958099	56.46982574	94.11768341	54.6895752	69.14058685	131.0129242	54.80965042	46.90233612
O08600	1853.909912	2650.30835	1741.179321	2187.339111	1362.7771	1288.460083	941.9811401	1524.415649	1487.033569	2010.493164	1819.966919	2146.835449
O08601	7358.944824	7579.369141	8170.297852	8014.62793	11254.58594	11873.12402	12719.41895	12862.55664	10685.90527	10063.41992	9372.259766	10065.79297
O08609	27.93314552	20.19626427	81.77404022	43.08202362	22.32684898	70.28157043	72.13046265	62.02852631	76.14442444	120.6778564	37.07498169	38.39185715
O08638	1010.83783	9431.161133	4384.960449	820.1800537	959.366333	887.3833008	1334.880615	869.4413452	1164.793457	928.1895142	964.6691895	920.3091431
O08663	202.1721497	239.5290222	265.9638977	229.5389404	225.9669189	218.1518097	301.6817932	232.6966858	246.8346863	243.8790436	225.7698669	236.6097107
O08677	1601.501465	1398.832642	1402.322388	1772.866211	1342.322632	1070.364136	1040.556274	1529.175903	1460.579956	1566.522827	1352.873901	1288.710449
O08691	0	0	75.39353943	0	0	0	0	0	0	0	0	0
O08692	88.78614044	62.23915863	54.89740753	48.12482452	202.9241486	56.8997612	126.4616089	18.41093445	36.33242416	0	25.53577423	55.38140106
O08705	566.4996338	278.1256104	313.559845	1582.382813	241.7817535	164.0366821	751.5356445	1409.569946	1961.274292	1463.160522	841.4935303	1335.731689
O08709	23592.80078	21273.31445	21703.0332	22565.40039	22764.80469	23084.83398	23583.44922	21890.20898	24763.10938	22956.22852	24217.2793	25884.46484
O08715	287.4649048	209.4007111	269.0932312	260.9101563	248.9962769	261.6416016	208.2977295	285.2051086	340.4190369	266.0072327	293.0029297	323.2304077
O08738	162.348465	183.3143311	143.2684479	164.095993	191.8074493	140.7979279	134.061676	84.08032227	162.594162	271.2027283	150.7405701	183.9324799
O08749	11632.06055	10924.56543	11362.28906	12478.72656	10619.52344	10253.57617	10018.24219	10259.0459	12212.63184	11616.05273	12995.21777	10643.90527
O08756	9557.90332	9001.826172	8188.808594	7493.224609	7337.180176	8420.77832	5491.70166	9625.617188	12930.66211	14238.47852	10995.55859	13455.04395
O08759	208.8391418	147.6011047	137.0896606	214.9165649	117.0927963	176.9563293	164.5141449	175.022049	135.5059357	193.6820374	140.8549805	140.6945038
O08788	93.55368805	122.1950836	127.6033401	146.9152832	163.1667633	177.8284302	153.1918488	160.9459381	118.6547546	94.93598175	118.0188141	196.8338165
O08795	3760.283203	3461.083252	3823.511963	3483.30127	4138.665527	3605.550781	4874.430176	4714.597168	3601.056641	3907.858887	3501.074463	4331.479004
O08807	1864.086182	1605.474121	1641.069702	1546.109253	1928.664917	1918.899292	1929.271606	1778.707764	1717.711792	1492.82312	1441.877441	1711.408569
O08808	147.1767273	165.6128693	159.9403229	147.9895782	154.7325745	120.8758392	151.6156769	184.7849884	143.5209198	127.0524292	150.0176086	147.027298
O08810	2253.838379	2534.987793	2722.321533	2191.858887	1689.31543	1570.785156	1837.509888	2460.650635	1631.602173	1855.294067	1509.7771	1954.531006
O08914	568.3135376	396.9103394	644.1231689	410.8073425	529.2875977	597.2859497	524.6837158	656.7110596	540.9619141	538.1339111	583.4864502	464.4971924
O08915	158.3276215	182.3256989	170.4220428	228.4411163	241.1011505	225.9465485	224.8474121	425.7840576	196.1619263	229.8375549	201.4875946	358.9774475
O08917	309.03125	238.4069519	168.7262878	244.1599884	259.6696777	214.7345734	178.7570343	207.6103058	278.3216553	281.3786316	268.7668762	191.3812561
O08966	305.432251	197.9080353	305.2349548	361.2495422	430.3335571	555.7861938	636.8667603	630.3845215	588.2383423	547.1993408	412.6004639	459.5723572
O08992	110.4759293	71.46629333	82.57794952	91.0865097	78.39198303	72.23896027	73.85850525	70.98596191	93.33345795	39.27227783	94.48557281	81.94850922
O08997	5374.76416	6380.383789	4525.724609	5299.367188	5322.100098	3847.543457	4753.120605	3155.73877	1895.228516	2403.135498	1858.580933	2185.177979
O09005	112.3912354	239.2663727	6.315425396	199.0542755	117.3225937	202.5478668	172.2838287	108.7861862	131.7446594	36.40261459	247.501297	95.84710693
O09012	474.3904724	414.1887817	452.7294006	419.0637817	428.1626282	484.8243103	402.2766724	478.8728943	438.7436218	481.3579407	462.4363098	430.1898193
O09043	370.8528442	411.8569031	231.48172	402.8170776	428.8873291	215.7439728	1003.220825	586.4034424	458.0321655	878.7574463	416.2793884	149.0558929
O09044	120.7269287	232.7832031	153.9632568	120.6694717	259.5821533	236.2770233	225.3284607	190.3567505	211.7182922	227.8875427	151.3409576	221.0391846
O09061	1995.087646	1785.66333	1618.977905	2027.654419	1720.800537	2035.037354	2051.548096	2210.433594	2145.22998	2307.399414	2040.848633	2355.200195
O09106	122.838356	104.4651489	114.3930054	147.37146	97.72490692	106.1667404	48.65354919	159.8469696	182.9317017	139.359726	107.7846298	134.1748657
O09110	169.7043762	155.5077972	155.5021362	77.62838745	123.3657074	152.5303345	68.80399323	172.2018433	144.0045013	76.91307831	140.8947601	98.17195129
O09111	1266.113525	1037.503418	1062.460693	1123.036011	1139.627075	938.6533203	898.6803589	1147.333252	1070.775635	1154.025391	1339.53125	1144.394165
O09131	8823.645508	8006.764648	7025.658691	7982.789551	7746.038574	6969.492188	9430.844727	7278.334473	6879.254883	7565.211426	5701.473145	6793.817383
O09158	1284.967163	1423.92334	2117.455566	1513.106934	1247.044189	1002.093201	1254.293823	966.414978	1065.668701	1425.746582	1384.727661	987.9911499
O09159	745.7628784	860.4726563	808.5192261	864.6403809	757.5238647	801.2496338	769.9621582	655.2380371	606.857666	621.6621094	705.2837524	659.9443359
O09164	137.2502747	131.7590942	230.6537018	191.0172729	222.7566681	219.9211426	234.4464417	316.8090515	243.4699402	247.7554321	214.0197144	495.9997253
O09165	0	148.244812	0	0	0	0	0	0	0	0	0	115.4938431
O09167	3300.17749	3590.812012	3300.343506	3791.631592	3468.247803	4969.553711	5116.616699	4380.166016	3548.288818	4659.873047	4406.003418	3840.520996
O09172	2496.193359	2272.188477	2514.778809	2771.607422	3169.85498	3359.873291	3940.105713	2475.790527	2153.907959	2463.013916	1978.440918	2717.159912
O09173	6579.140137	7913.587891	6132.435547	6892.083984	7074.456543	6526.865723	5977.358887	6180.247559	8063.408203	7367.608887	8157.588379	8680.183594
O09174	3983.783447	3587.590332	4074.667725	3457.667725	3410.686768	3351.190186	4226.46875	3047.557861	3353.37085	2891.450684	3386.817871	3324.734375
O35071	231.1304321	255.0204315	291.8268433	229.1701813	328.5592651	265.2297668	256.2637024	390.140686	191.3451385	256.4946594	269.1062622	379.4460754
O35074	0	123.8812103	65.70853424	73.47576904	44.6254158	59.60007095	61.63037491	78.01341248	54.03652954	62.25281143	54.36645889	28.34419632
O35114	1384.358643	1386.816284	1438.707153	1353.927979	1383.491699	1655.72168	1593.542725	2023.305786	1726.340088	1475.233521	2010.015137	1466.04834
O35127	148.1971893	88.23814392	58.2732811	47.35721588	67.48793793	74.06357574	131.3908386	64.90177155	68.22426605	82.2118988	98.8692627	64.87891388
O35129	8936.357422	8066.116211	9345.47168	9604.427734	8441.704102	9756.095703	9135.245117	9072.348633	9769.743164	9304.138672	12170.88574	9808.580078
O35143	88.07542419	200.8735199	126.3559647	86.3857193	127.0393829	126.3507614	85.79784393	53.08477783	0	63.05957794	9.933765411	92.35016632
O35166	74.86151123	88.68289185	161.9380493	153.2152863	244.0287933	117.2258911	125.3281784	199.6114197	100.2595596	154.4296722	210.9623871	195.2405396
O35215	44405.43359	42848.55078	42703.13281	43352.75391	33570.33203	31920.86523	34297.96875	33472.8125	38022.20703	39274.12109	37855.85547	41429.24219
O35226	1207.912354	943.5906372	866.0628662	1032.678101	1188.92981	1139.628296	1328.5448	954.3071289	1096.665283	1007.943542	987.5548706	955.0231934
O35250	133.3990631	132.1886139	138.8243103	101.4570999	149.6839142	162.9301605	156.7876892	142.0390472	170.5118408	156.2417297	117.2057953	150.3082275
O35286	188.1157684	329.2804565	384.0711975	286.4268494	316.9276428	326.9021606	365.4454956	321.35672	275.3321228	259.1455994	382.8056335	294.9377136
O35295	295.1556702	264.1907959	298.5350342	241.9085236	159.8936615	226.9646606	200.5558472	274.6011353	156.0688629	180.8706207	207.0486145	191.3683014
O35309	349.1981812	360.460144	362.4307251	310.2906189	299.2095032	267.9333191	430.5561218	350.5197144	414.6142273	437.420166	442.1390991	338.9701538
O35326	525.9882813	655.0887451	523.8169556	619.3632202	570.5817261	547.9011841	581.9835815	459.6418762	382.570282	565.7978516	441.5427551	363.9695435
O35343	23.78163338	189.8111877	237.0843658	0	228.4629364	56.43959045	19.74632454	139.6472931	78.49665833	67.4053421	79.70012665	277.1797485
O35344	227.4673004	149.8819275	182.7845612	152.1520233	244.331192	306.3783875	321.4199219	166.264801	435.9683533	235.0160065	212.0384216	184.0329285
O35345	67.30419159	58.88183975	91.16781616	98.04277039	116.5316696	96.96450043	147.507019	205.1572418	187.2034149	70.69629669	198.9246368	218.4459381
O35350	245.2333832	347.3734741	293.7188416	255.2327881	296.3292542	320.6940002	309.9856262	394.0711365	322.4003296	296.7886047	277.1352539	310.9585571
O35381	1650.054077	1702.251709	1790.129883	1576.496704	1716.190674	1780.979858	1845.668335	1691.181274	1518.36438	1897.509888	1915.874878	2030.368164
O35382	49.32880783	39.3983078	51.3685379	60.11787033	132.112381	68.80633545	51.87398911	159.7439117	174.1030731	129.3665009	66.71157074	73.33010864
O35386	2493.208008	2167.76123	2624.691162	2526.410156	2033.47522	1855.609253	2318.516113	1286.177612	1737.24646	1512.464966	1658.939331	1143.447754
O35387	294.0805969	288.5300903	401.6400146	249.1089325	257.4986572	284.018158	281.9964905	405.387207	263.0479431	342.4447632	340.6178589	164.2958984
O35405	366.1638184	331.3031311	465.4414978	437.7178345	727.40448	784.8097534	1275.70874	757.8683472	442.6965332	429.8842773	520.9436035	699.6952515
O35423	2642.251953	2636.555176	2886.428467	2574.323975	1506.598755	1339.53125	1111.026489	1111.555908	1650.371704	1664.194458	2682.089844	1785.473877
O35435	141.4354401	96.12541199	134.989563	72.59282684	60.46162415	88.88883209	112.8242493	91.42095947	68.86264038	71.82919312	47.6461792	85.83132172
O35448	149.727417	216.9464569	218.8746033	206.2011566	189.4255981	242.4901123	369.5769348	215.9493561	178.2141113	184.7728271	289.5575256	177.7226715
O35453	225.7545166	62.41156769	154.9228058	24.17498398	161.4158478	118.9109879	90.58576965	141.7312927	32.20170212	90.14989471	117.6570663	137.9793701
O35459	5643.510742	4470.052734	5226.062988	4687.379395	5827.674316	6504.765137	7465.914551	6898.172363	5747.345215	4932.336426	5894.562988	5145.024902
O35465	538.8658447	331.6902161	332.8587341	313.6515503	378.3317871	561.4395752	361.5360107	449.3174133	544.6278687	429.3652344	329.3527832	336.5533447
O35488	7304.393555	7111.099121	8971.461914	7090.18457	9606.905273	10172.45898	12189.36035	13956.04883	9326.567383	8268.095703	11013.45898	10531.67676
O35490	93668.88281	114407.0938	77243.0625	117344.9609	38566.94141	48552.83594	34993.79688	40341.90234	106690.2969	107865.1484	83151.76563	89638.33594
O35522;P28076	196.6448059	109.0272217	94.47080231	190.4450378	131.9870605	205.613678	169.6033783	0	271.870697	88.66684723	177.0171814	191.6507721
O35551	208.8409271	197.8475494	53.59789658	83.86091614	63.09592819	100.1874084	61.95158005	65.1220932	50.42742157	104.5065842	58.72264862	51.10887527
O35593	831.0170288	863.3702393	806.9978027	936.4742432	888.2624512	886.0427856	923.008606	700.3897705	897.7872314	888.9033813	876.0556641	842.7915649
O35598	76.27032471	42.07459641	42.61853409	72.36112976	55.52120209	113.3732834	72.00314331	82.79627991	0	119.0917969	48.56070709	52.9799881
O35604	382.5644836	210.2148438	269.7192383	261.6596375	348.880127	265.1830444	380.6676331	467.8326111	299.7202454	322.5431213	457.6820679	487.4678345
O35609	54.39725113	117.0184631	292.7832336	122.2522964	122.8487091	129.2872314	44.6584053	104.131691	149.1671448	85.97866058	103.8135986	162.7534027
O35623	85.9803772	134.0413361	59.39322281	59.73024368	111.7100372	150.738266	141.348526	86.12818909	33.28464508	100.7026138	170.5778351	184.6852417
O35638	139.7494659	48.88072205	103.824707	119.3759003	70.38276672	74.38405609	111.3399353	94.02322388	89.86117554	77.91706085	93.91863251	88.85115814
O35639	422.3126221	393.6075439	475.1468201	356.6618958	343.9854431	415.616272	514.2601318	481.8914185	391.2902222	341.1444397	349.584259	477.7592773
O35643	1001.267456	1053.726685	957.0650024	995.956604	1004.62854	1029.587646	1009.222534	996.0744019	1006.603149	903.2727661	1035.231079	1237.897827
O35657	191.9915161	204.1004181	211.4166718	306.9397888	231.4972992	215.6620789	331.705719	224.6179199	150.5260315	266.9108276	142.0702515	261.5855713
O35658	1875.12793	2013.833618	1988.080688	1872.230591	1421.97522	1481.887939	1397.452637	1413.866455	1742.127808	1727.382813	1751.852661	1534.637085
O35660	1516.56604	1783.026733	1706.026001	1853.267334	738.8164673	898.3421631	632.5560303	539.4839478	910.6382446	836.5956421	731.2324829	616.0488892
O35678	568.2206421	574.7381592	652.538147	605.706604	1109.033081	1160.090454	1252.832397	1417.001709	1007.171448	920.5256348	963.227356	902.9587402
O35680	216.4731293	100.0859985	228.6816711	95.00733948	80.33686829	57.48157883	201.5662994	55.81211853	103.6726685	212.6929169	56.87704086	48.41149139
O35683	703.4121704	723.5655518	120.0369415	857.2667236	409.9866638	486.9865723	553.0823975	486.0908203	681.6911621	646.1384888	797.2067261	555.4604492
O35685	442.4310913	350.2333984	363.5733337	427.1683044	390.8656921	512.7571411	515.9139404	414.6036072	358.5531616	468.7453308	408.2408752	387.6845398
O35691	193.3661041	160.8251648	266.3757629	245.1804199	256.3024902	196.3856049	311.3440552	211.7054901	143.7472534	177.7249756	190.0807037	131.2297211
O35711	82.28740692	112.3617096	122.69384	108.1114883	128.1197968	101.3187866	122.585762	134.6926422	98.74713135	123.1726074	91.96897888	98.61205292
O35728	2964.244873	4303.709961	6316.385742	4523.001953	4996.200195	4992.612305	6379.75	4968.375488	3508.507813	3425.786377	6052.991699	3920.291748
O35737	2924.45874	2329.162842	2682.898438	2807.596924	2898.945801	2437.853271	2694.523193	2842.531006	2736.668701	2789.855469	2988.14624	2316.442383
O35744	473.6292114	385.6002808	518.8228149	600.8215332	407.8304749	360.0221863	398.6748962	304.0914001	163.6583099	220.9778442	338.2330627	368.0289612
O35841	400.1374817	655.9923706	764.5689087	530.1918945	366.74823	591.3034058	583.40625	590.4577026	440.9658508	530.149231	449.6231689	657.7427368
O35855	0	15.64847565	132.086319	0	0	33.81111908	48.4560585	18.53346252	0	17.11477089	0	0
O35857	455.296936	354.018158	546.435791	407.2455139	475.7351685	493.0047302	425.7478027	469.2845154	635.6263428	575.5645752	437.4768677	440.9613342
O35864	201.4186554	324.244812	272.4397278	226.2976074	287.2184143	254.20755	217.6476135	295.7268677	255.812088	266.956665	288.8060303	345.4542236
O35887	1485.947021	1446.026978	1842.808228	1383.4823	1400.756592	1539.552124	1625.270996	1627.755127	1315.560303	1289.58313	1133.19458	1317.274536
O35892	517.8048096	306.611145	566.3076782	467.7947998	306.1723328	371.2000427	433.7263794	394.1546326	408.3580322	418.5339966	583.5744629	290.2950439
O35900	306.1652527	227.5248718	300.5334167	255.7460022	191.4338989	220.9337006	147.0073242	99.07392883	207.8492584	227.3760223	95.4985733	183.0192108
O35943	352.6364441	239.6208496	190.6269531	251.9653015	151.223175	252.4401398	223.906601	161.669693	179.0046844	266.1187439	182.6033173	221.7685242
O35945	57519.71875	54310.42578	59263.65625	64249.59375	53545.25391	49644.65625	51895.88672	43272.60938	64430.84375	50516.94922	47716.4375	44329.79688
O35955	187.8138275	215.6217346	225.1873932	210.7528687	370.6077271	282.8995972	345.0404358	284.2706299	169.056366	389.458252	226.6258087	295.0562134
O35969	2765.76709	2455.422852	1846.413696	2421.205322	1942.396484	1945.68457	1704.890869	1460.130615	1918.646851	2237.624512	1825.776367	1638.513062
O35972	409.4263916	246.3623962	347.2969666	408.8527832	267.3330078	326.1610718	328.5028381	284.497345	341.9049683	263.8309937	396.9257813	256.5455627
O54692	46.95680618	62.74079132	46.92221832	86.13768005	69.72177887	75.82662964	67.71912384	73.92887115	111.5338211	25.26233864	65.37483978	1.746808648
O54724	134.0702515	397.7599182	178.3420258	126.3317642	81.40240479	61.34632111	69.74771118	142.0931396	134.934494	92.03136444	108.6689453	219.0149384
O54734	5311.623535	5690.89502	8375.525391	5196.498535	6648.920898	6888.639648	6776.331055	6577.384277	6679.300781	5997.219727	6798.696777	6641.404297
O54749	1837.298828	1825.679321	1690.274414	1678.0625	1298.180908	1488.022339	1066.792358	1456.414185	1840.825439	1640.849487	1818.338013	1514.121948
O54754	532.0499268	468.4492493	665.1380005	562.0742188	956.5724487	789.5269775	956.2144165	752.9518433	565.7774048	531.8131714	578.0023193	540.9281616
O54774	85.77082062	108.5024414	101.1001053	77.41033936	117.8086624	66.31340027	81.09460449	127.1650238	169.0227051	66.52496338	99.81087494	156.1236115
O54782	174.4095001	182.3583069	127.4935989	269.1653442	246.1858521	208.5955353	208.4912872	258.1338806	155.3431702	236.9935608	258.9006042	193.9415283
O54790;O54791;Q61827	116.258667	87.18814087	113.0916061	39.23596954	0	111.792366	91.8740387	160.618927	133.0091705	56.11862183	103.2726669	0
O54804	51.56268692	102.5519638	166.3684692	50.82061005	152.857605	155.4482117	165.2174225	149.6640167	120.2453766	180.0372162	207.8997498	211.1925354
O54825	47.03937912	0	0	74.34745789	87.96218109	84.00263977	99.64090729	57.38532639	79.81650543	35.48694229	55.0389061	36.09739304
O54833	105.195076	174.2711792	106.684639	113.2482224	247.929306	87.67829895	105.2098846	218.9784851	174.0910645	160.6310272	173.0301666	196.3310089
O54865	106.9502792	79.51866913	108.2428207	96.49753571	66.40804291	85.05835724	93.37064362	83.53833771	92.45103455	53.74133301	50.97551346	72.28709412
O54879	349.9187622	201.0290222	130.4439545	80.53339386	66.56635284	250.0831909	120.8530045	115.5088654	76.45553589	79.56464386	280.3381958	212.3628693
O54909	392.8770447	757.4372559	883.2698364	487.2576904	795.6717529	678.3695679	745.8063965	709.4969482	423.3503418	507.1890564	676.3501587	301.5587769
O54941	81.83073425	118.1592331	54.12159348	74.00460815	88.94826508	103.9500656	87.57935333	89.31558228	73.1678009	90.06923676	46.76260376	57.64505005
O54946	205.3491974	173.7644043	170.4264069	85.55856323	83.92443848	134.7819519	92.24201202	138.8585663	86.85775757	176.1683197	171.7375183	249.4887695
O54950	61.15706253	92.66520691	133.9462433	503.2980957	86.09480286	664.0196533	169.9358368	215.7659302	66.49756622	56.66400909	58.57705688	127.1758575
O54962	1166.008911	1366.611328	1698.206421	1174.156372	1012.571411	1039.505981	1243.768555	1174.204834	1123.783203	1141.043579	918.3691406	1038.262573
O54984	623.0953979	579.3497925	818.611084	512.6876221	669.9289551	591.8555298	628.4459229	640.3181152	684.3599854	499.9976807	569.6724243	577.2915039
O55003	43.96934509	83.19448853	71.54338074	64.30930328	130.089035	95.58432007	109.6775055	295.7762451	205.5396729	452.1307373	187.3655548	100.6311569
O55013	174.0518951	176.3240356	109.8518906	136.9105988	146.194809	168.8641205	248.7723389	169.7574768	193.6392059	181.4370422	246.9793549	169.0499268
O55022	18234.43945	18408.94727	16394.34961	20701.73828	22514.91797	22053.0293	22808.29688	25406.76758	18127.49023	20177.26758	23132.12695	19236.0332
O55023	924.2275391	816.3677979	935.8074951	818.2321167	832.8243408	1002.996582	940.626709	1113.035767	751.2680054	1111.622559	626.5720825	1096.203735
O55029	478.9739685	555.5370483	854.5039673	583.0534668	763.3947144	778.6971436	792.8604736	763	738.9375	730.7388916	541.2540283	807.1541748
O55060	873.008606	980.3928223	1277.306396	1096.662842	925.4969482	991.3197632	1031.349609	983.7895508	1289.675781	1333.996094	992.4085693	1348.08374
O55102	35.56417465	32.46446609	67.62560272	68.38560486	100.3317337	65.83289337	44.8872757	43.38755035	75.20343781	35.42098618	141.0137634	36.74892044
O55106	26.97960472	56.50793076	75.15452576	76.40350342	85.10540009	69.7098465	72.2663269	82.42422485	35.80775452	30.5543251	67.37587738	45.27563477
O55111	496.5654907	401.0238037	345.5640564	376.0806274	431.2034607	458.0623779	369.1747131	438.5641174	313.1596375	245.2548828	315.5181885	152.8813171
O55125	6414.552734	8548.056641	9234.207031	9039.303711	8101.810547	8406.027344	8318.46582	9734.131836	9160.079102	10460.43262	12780.52637	11702.89551
O55126	118.6862869	113.5430298	210.4420929	114.2041016	69.93639374	93.15769196	179.7402649	100.361908	53.75839233	33.95497131	72.05464172	86.57906342
O55128	89.42292786	130.6783905	215.7059479	100.1102295	159.8861084	93.07107544	133.7711792	140.7274475	53.27764511	91.00858307	191.8825073	143.8462982
O55131	835.2871094	1261.271606	1044.1604	1081.073364	963.0419922	962.7147217	813.5986328	1177.838379	1326.190674	1299.066406	915.0198975	1085.457397
O55135	1394.6427	1098.478516	1387.525024	1099.595947	797.8099365	860.1116943	1264.092529	777.5040894	1092.764038	1025.013794	825.1542969	994.7789307
O55137	1383.371826	1391.083618	1177.880981	1012.173584	1643.771729	1695.966309	2011.876099	2125.630127	1227.10022	1195.576416	1555.78064	1278.368286
O55142	2932.775879	2864.030762	1795.154175	3663.387207	3124.903809	3373.546631	3638.575928	4046.665771	3549.173096	3817.544922	2632.723389	4045.819092
O55143	2028.834473	1791.669678	2496.45752	1846.305176	2249.868164	2096.465088	2409.982178	2332.901367	1820.286377	1875.570068	2194.12915	1909.547974
O55201	89.26415253	111.4549942	71.12583923	83.68398285	123.4596329	89.82368469	130.2358856	112.5655899	91.8477478	77.47537994	146.7539673	79.47049713
O55222	517.1882324	733.8876343	591.1587524	506.3180847	573.2990723	610.2127686	569.4023438	673.6659546	650.9782715	605.8833008	645.1600342	628.4475098
O55229	236.5525818	125.5554657	150.3228149	183.1222839	104.4534531	94.87903595	143.7290344	117.4257736	179.5615387	205.6864471	131.6337738	243.4855347
O55234	340.146698	469.8746338	566.5043335	336.6018677	573.7573853	562.583313	443.5064087	425.0082397	328.9271545	393.167511	447.8031311	406.7217407
O55239	192.4078369	340.7107239	208.4785919	248.0167542	140.0044403	76.9000473	124.0300369	35.43951416	165.0682831	96.17480469	80.89411926	156.5385132
O55242	270.8773804	387.678772	216.7742615	183.3784637	155.7770844	335.4100952	199.1086273	109.4049988	216.4771271	179.7355499	123.3748245	216.6192627
O70131	0	110.9706573	107.5352097	55.79734802	42.05146027	81.28435516	55.90561676	0	120.878067	0	63.2808876	17.40221214
O70133	1758.580933	1381.917847	1887.104858	1553.255859	1639.20459	1850.979736	1957.282837	1994.983765	1879.346558	1886.044556	1486.968994	1541.727905
O70152	232.6216278	272.4932251	296.1370239	243.2676086	314.429657	350.4195251	379.2545471	363.35495	288.3331909	259.5568237	329.1387634	275.0209656
O70172	22.09148979	83.92031097	142.5813599	80.36992645	85.86688995	58.20446777	68.97063446	53.25559235	79.77719879	136.108963	75.8970108	34.08896255
O70194	633.5123291	630.6673584	811.2265015	769.4557495	799.272522	625.0378418	871.6862183	738.8602905	772.3473511	591.3401489	667.5266724	730.0344238
O70200	0	42.32258606	175.4868927	77.87317657	206.2826538	45.35591888	0	94.49342346	0	62.40705109	77.47267151	99.96596527
O70209	68.04914856	149.5389557	83.23271179	0	0	53.74428558	0	15.79820347	41.89372253	24.05032921	47.67819214	0
O70251	5688.581543	5077.626465	4414.865234	5052.361328	5500.032227	5611.204102	5239.472168	4664.111816	4916.132324	4449.696777	4232.181641	6861.256836
O70252	247.6558228	288.0744019	322.215332	169.500824	290.7332458	274.6175842	272.7726746	330.0872803	263.5302429	258.8788757	273.8833313	265.8363342
O70274;Q63739	87.93738556	27.57048035	97.7853241	60.57486725	106.5587311	64.90457153	138.026947	160.2269592	54.27506256	86.16345978	63.2399025	35.97812653
O70303	92.9533844	131.0827026	0	66.66103363	95.50209045	97.80157471	85.57350159	223.2260437	98.59815979	78.28697968	0	116.7218475
O70305	73.79686737	80.48725891	57.19668198	47.84062195	48.40245056	77.60790253	55.51489258	46.30810165	59.49856567	66.92961121	66.43253326	50.51844025
O70310	318.5502319	309.6417847	340.7424316	296.2429504	335.2601624	275.0411682	318.9659119	317.3906555	258.6358643	305.831665	329.319397	299.3713379
O70311	143.6438293	11.58726597	207.5348358	53.23553085	60.49269485	121.4127121	65.97704315	69.23552704	81.07935333	55.95123672	45.89777374	50.31001282
O70318	235.8723602	313.1786804	266.7492065	198.6684265	158.4456177	161.8645325	161.8090515	270.5119019	273.6831055	191.0236359	209.0887146	264.5084839
O70325	601.9691772	565.4066772	441.063324	474.3479309	461.5315857	421.7782593	516.8036499	331.4871216	243.3463593	430.0922546	361.2456665	357.9515686
O70362	885.0332031	572.7625122	507.6090393	679.3953247	527.9891968	417.9886169	465.716217	354.0360413	483.9118652	615.737854	690.4464111	662.8590698
O70370	457.4869995	660.217041	687.1186523	456.6966248	532.1431274	602.8414917	587.2523193	566.6412354	335.0907898	372.7357483	398.8697205	721.2075806
O70378	389.0083008	449.0487366	434.8289185	413.9802856	423.5603943	419.7200012	500.4797363	364.772522	477.9123535	257.8013	382.4953308	323.6379089
O70400	792.8944092	516.7180786	581.4848633	470.5986328	529.6092529	520.6513062	502.2776184	567.920105	575.3924561	627.4139404	593.8742676	643.4979248
O70404	143.797348	54.26437759	150.4896088	164.3694305	52.24641037	81.07749176	32.99114609	75.82505035	47.33281326	77.16938019	94.42790985	125.6634445
O70423	0	247.7637482	81.09853363	0	0	0	44.48628235	15.02582645	55.42663956	0	0	111.6840515
O70435	1468.216187	1298.254761	2129.706299	1709.884277	1904.88208	1625.756958	2016.23877	1627.704468	1747.538086	1634.916992	1690.550659	1707.148193
O70439	174.6539001	159.9272461	246.9471283	212.8488007	190.4541168	140.0725555	203.4092255	135.3775482	234.269043	199.7287445	198.3879395	162.0007629
O70475	9763.296875	8957.418945	10420.81152	10331.43457	12470.4209	9391.799805	14900.24805	8481.158203	8056.918945	7126.669434	7147.462402	6386.834473
O70492	1198.315552	1118.99292	1149.334717	1147.345947	1011.393005	1197.654541	1226.824463	1376.327271	1070.033813	1079.173096	1046.397583	1192.571289
O70493	481.9066162	309.7405396	230.684906	311.8104858	325.4061279	337.5354309	313.8570862	270.767395	341.1534729	246.4990845	225.3689423	219.9885254
O70503	1513.244141	1521.375	1569.688354	1427.474731	2235.29834	2374.449219	2448.103516	2909.072754	2080.259521	1722.508789	1858.751343	1903.429077
O70566	15.49639893	74.86469269	85.10067749	123.7953339	77.47457123	103.5717316	53.77970505	53.95710373	69.58473969	82.70339203	42.72380066	30.46012878
O70570	401.5049744	531.8199463	498.0215759	393.5917053	217.3918304	185.4823456	250.3010712	292.8876953	609.9544678	413.6260071	275.8105774	286.6954346
O70572	108.1595535	196.8990631	175.5097656	176.0660706	173.2172089	113.9560471	165.2639771	328.5941162	267.1491699	229.122818	168.6422119	80.98357391
O70585	86.76348877	105.8334198	66.35332489	89.20452118	67.9919281	91.94369507	33.33646774	43.51483536	105.9270096	15.89250946	31.73309135	56.33172989
O70589	197.3192444	203.3587036	227.0322876	237.9355316	216.6095276	232.5679474	206.2962341	259.7661438	241.0984802	222.2881775	324.1859741	201.0633392
O70591	307.3983154	280.8461304	280.5297241	278.4472046	262.1011047	286.9073181	242.0755463	281.1230774	282.5418091	240.7604828	284.807312	244.513855
O88312	0	0	2054.761719	0	0	0	0	0	0	0	0	0
O88322	203.3733521	245.4347992	258.4292603	216.2225342	145.0219879	154.104187	203.552063	164.0883484	98.11617279	150.423645	149.6926422	155.5017395
O88342	1421.294678	1312.931641	1210.773193	1360.834595	1470.437866	1212.971069	1381.411499	1253.686279	1331.14624	1202.281494	1271.754761	1231.58728
O88343	324.0128174	144.7631989	239.0400085	239.585556	147.399231	78.90561676	131.7189331	72.77062988	182.4638367	138.5555115	124.4718018	62.3429718
O88351	44.41458893	0	0	73.10005951	0	0	0	0	57.57954788	0	0	0
O88384	111.8342056	191.3391876	148.9566345	194.0251465	170.8886108	111.6350479	154.9768524	240.9763641	130.0762024	141.4886932	124.3133545	129.9814301
O88428	2578.229736	2506.78125	2677.552979	2805.133545	1754.354248	1580.906738	1556.737183	1311.28064	1803.106934	1817.622925	1760.707153	1795.745972
O88441	315.5950623	397.4577332	409.2342529	293.217804	415.2862549	399.4238586	324.8335571	357.418396	384.7070618	237.7120819	581.1087646	376.2807922
O88451	9678.428711	12009.57715	13936.83105	10501.45215	12501.29883	12108.25293	12814.51758	15878.06445	14572.72559	11981.37891	14653.9502	14019.12207
O88455	235.4206085	570.5316162	140.0970612	187.7831268	145.9658356	31.70326233	40.45501709	198.7621307	117.1564865	97.41946411	138.1343842	61.81275177
O88456	138.398468	200.4491425	241.435318	171.6349792	128.5674591	320.1498413	216.3648224	228.5323029	255.8362427	237.5540924	195.8327179	264.0341187
O88487	209.1119843	200.7776794	200.4505615	209.8344116	182.5560455	263.399353	376.6455383	298.5117493	158.5236206	218.8123169	202.5696259	289.5004578
O88492	0	6.625843048	0	22.3867321	0	0	0	0	131.2858276	25.86778069	0	0
O88520	409.0459595	241.6947327	0	220.8426819	212.0142517	139.9651489	208.3480225	311.8582764	173.4538116	213.8377991	196.8163757	0
O88531	1557.081055	1264.134644	947.4841309	1629.459839	1898.041748	1936.520508	2164.97998	2182.437256	2151.671875	1971.000122	2077.210449	2316.60083
O88532	93.94585419	86.73852539	0	0	24.76961708	17.05412674	38.88455582	75.00683594	78.9471817	27.282341	33.91587067	114.7561493
O88533	382.8581848	419.0726318	467.0003967	403.1637268	533.8703003	473.7266235	582.2495728	620.836731	397.4104004	461.8795166	381.6325989	765.9642334
O88543	194.0730896	266.3313904	360.4421387	314.5614929	225.7127686	250.8486938	237.4743652	219.2195282	238.854187	253.7644043	163.8562164	206.7947693
O88544	578.3300171	585.7987061	620.4346924	456.6757202	589.9754639	590.1969604	595.3833618	657.4633179	632.7404175	638.8010254	535.847168	605.2660522
O88545	153.4696503	116.4332123	201.9262848	131.1068878	164.9645691	240.0948792	137.9936523	114.8648529	188.0162048	172.4820251	151.906662	215.6181793
O88569	10693.49023	10077.87598	7112.611328	10890.21582	11569.49805	12771.96777	11600.94727	11616.63867	11612.90918	12647.12305	11577.91309	11385.00684
O88587	5689.164063	7149.103516	8216.266602	6785.82373	7761.972168	7707.376953	9005.819336	8856.335938	7290.513184	6133.443848	5189.237305	8295.076172
O88630	51.94449615	110.2323151	74.49808502	74.99536896	91.53436279	53.97873306	38.9695816	118.6162796	47.85197067	43.68794632	112.1653137	120.6969452
O88653	121.7342606	113.1459961	310.287384	209.3251801	97.00772858	179.5309906	269.5909119	21.63670731	71.40667725	75.81460571	170.1442719	163.9491119
O88668	3240.585205	3681.25293	5200.266602	3133.842041	4303.592285	3665.776123	5628.441406	4943.184082	2292.11377	2665.38208	3025.820801	2882.774658
O88685	2657.410889	2694.177002	2388.238525	2564.904297	2710.419189	2518.702148	2598.980469	2380.059326	2346.398193	2630.906006	2327.100098	2255.10083
O88696	1844.68811	1522.845947	1604.492554	1598.381714	1912.28186	1423.763916	1484.943115	1127.728394	1392.305542	1532.284668	1499.994995	2084.243164
O88697	37.95462036	111.5551834	51.40167999	147.8783417	71.15567017	147.509491	93.33530426	73.02733612	99.52364349	141.0400543	74.93313599	125.4787445
O88712	106.5857239	100.1427536	122.8151169	91.57348633	101.0006409	95.08170319	153.6419373	132.9681396	66.8963089	222.049469	130.3605194	88.50518036
O88736	464.738739	427.4189758	421.9203796	388.996582	300.4785461	217.3082275	321.8117371	195.9472504	189.0151367	235.5153198	114.2947922	150.8337402
O88738	126.6839218	95.53733826	45.45217896	100.789093	103.1597824	73.69319916	104.7533569	115.8720245	84.5644989	79.94859314	79.72517395	106.800415
O88746	236.318924	265.1054993	290.6235962	178.3542328	244.121933	338.5239868	233.8421173	209.4072571	289.6872253	289.9265137	283.629425	262.0030212
O88783	83.60184479	6.436583519	28.69117165	65.06939697	37.30073166	83.00461578	101.2174072	98.46172333	42.51434326	71.07090759	75.06537628	58.02994156
O88792	100.371315	174.2805328	55.93124771	152.5035553	143.6355896	117.5062943	24.17397118	168.1615143	212.6602936	152.7769318	84.40823364	104.7362671
O88796	45.80555725	87.6103363	122.1220703	131.4996948	57.49131775	25.30946732	66.78616333	115.9184952	45.31694794	58.80851746	118.9801025	61.93231964
O88811	0	70.26082611	99.79551697	97.59815216	0	72.97580719	0	37.33996582	0	0	50.20586014	0
O88822	78.19902039	36.91176224	23.32514191	42.255867	12.0529356	62.92189789	27.91713715	67.83049774	81.13231659	46.38547897	91.5908432	31.57153702
O88829	58.50942993	169.7214355	61.03186035	127.8231125	201.2435455	101.2189865	127.1107254	110.7586212	103.8044434	185.5813141	151.5487976	137.9476318
O88833	820.0933838	970.6112061	1292.89502	1224.570313	1651.415283	1658.950928	2059.963623	1963.074585	1741.978516	2156.010498	2445.395508	2244.993164
O88844	29997.9375	26873.27539	27174.44727	30153.14258	27872.41797	25349.38086	27779.28906	24738.48438	28691.28711	28878.81641	29178.22852	27936.0625
O88851	745.7289429	549.5427246	609.6010742	540.7282715	897.5957031	811.555542	740.758667	752.145752	943.7214966	872.7409668	949.8071899	751.1790161
O88876	126.8033295	151.2826233	123.8547668	167.6720734	210.9992065	130.3769531	164.7786865	247.9139557	194.2485657	176.1420898	199.7478638	169.054657
O88908	491.1809082	659.1229858	625.1122437	589.6245117	799.1508179	680.6546631	601.6964111	691.0577393	649.4494019	714.7271118	896.1858521	364.1098938
O88947	108.2453384	181.9179535	210.6525116	216.4857788	200.7907867	134.1201172	144.2211151	126.0941849	229.119751	115.105835	80.72983551	363.0509033
O88952	415.6042175	423.5756836	277.8239441	427.8564453	386.9243469	407.6784668	518.8884277	372.6152954	432.0935364	481.3978271	473.025116	461.6999512
O88958	126.3337097	174.4534149	304.7998352	76.18436432	153.769928	146.0501404	125.7864838	102.0983124	184.9035339	189.2387085	147.0990906	155.0445557
O88962	559.6739502	488.6083069	633.7836304	746.6477661	581.8250122	804.0795898	976.0249634	718.8647461	1086.398682	976.979248	1027.437744	938.0302734
O88967	271.4587402	286.1384583	273.6078796	221.2806702	230.0250549	285.6289673	280.3022766	207.4098053	122.8297806	227.2538757	171.2491455	206.4711609
O88983	187.1164551	200.3680573	301.2463684	182.6240692	122.3640213	211.9599762	197.8486786	288.2947083	188.1218872	190.76651	175.3221283	214.1523743
O88986	3183.085938	2371.314453	2851.987061	2593.753418	1221.457886	1268.855103	1244.250244	1313.193359	1344.031494	1556.21106	1908.331665	1908.494751
O88990	0	132.9068909	65.47248077	0	0	0	0	0	0	0	0	0
O89001	47.49874878	39.75667191	50.11510849	132.8352814	60.92365646	119.4502029	73.68833923	0	0	18.60362244	66.89193726	72.67819977
O89016	16.09885025	42.18173218	91.98045349	0	0	0	53.91578293	38.15897369	72.31237793	104.4400864	17.94932365	0
O89017	2145.821045	2189.123291	1591.585449	1949.582397	2374.058594	2198.171143	2296.31543	2129.507813	1834.997681	1812.158447	1905.058716	2299.388428
O89020	132.6742554	175.4121094	177.1949921	190.4555206	106.8064194	145.3167877	138.0050812	96.15642548	196.3031464	193.7815704	137.7140656	108.3255005
O89023	1552.237915	1992.161133	1707.015259	1391.198364	2097.313477	1591.202515	2034.098389	2613.60083	2159.05835	2118.134766	2515.186279	959.9493408
O89053	223.249176	212.0178375	179.8146057	278.7445068	174.310791	143.3755035	219.1904602	85.2518692	97.05586243	163.7780304	106.2780685	254.5035248
O89079	667.0459595	685.0978394	732.2263184	783.4397583	951.447876	765.0870972	929.7150879	836.295105	797.7955322	962.0592651	847.5015259	973.2813721
O89086	607.2280273	376.0496826	142.4449463	684.4016724	381.6018982	491.2106323	472.3897095	445.1358643	487.2167664	747.4541016	679.0247803	397.6262817
O89106	148.3807983	101.1959763	81.3098526	138.0260468	61.29984283	50.74850845	43.53039169	51.64102936	160.1347198	54.04283142	75.62198639	107.0541458
O89110	81.30198669	43.89314651	193.8893738	80.89426422	109.6071091	88.98953247	164.0515289	70.13020325	151.5739136	117.27948	80.55513763	174.4051514
O89112	169.761322	187.5088348	146.2864075	257.8963623	185.2443237	271.0299377	277.6377869	236.0823364	221.1093903	151.4520874	206.3837128	274.3036804
P00186	5133.620117	6059.574219	6348.850586	4722.890625	6362.211426	5723.604004	6161.588379	5470.276855	5324.678711	3644.207764	5487.314453	5332.109375
P00329	76755.20313	70014.92188	81323.94531	78561.14844	85641.45313	78733.5	82725.21875	84411.11719	88355.3125	87397.4375	88503.53125	81148.92969
P00375	1662.068115	1416.303833	1318.843384	1600.924805	1395.693604	1382.688354	1657.646851	1471.067017	1852.088867	1894.743896	1759.079224	1947.230103
P00405	30885.83398	24053.94336	28872.5332	22765.9375	24457.20313	23396.7207	22912.38867	29456.37891	24703.76172	27769.89648	31188.04688	31179.98047
P00493	2127.76709	1836.380615	1915.020142	1880.582153	2655.158447	2288.948975	2446.630615	2284.104248	1972.394531	1938.383057	1799.018188	2328.372314
P00687	80.69794464	93.35315704	71.40085602	240.9202728	134.9602203	142.4871979	115.2545929	135.6086121	85.29593658	93.96029663	129.2555389	88.87478638
P00688	247.9452972	214.7708435	6893.975586	98.34290314	133.462738	130.2488861	139.2292328	392.087616	85.69136047	47.64247131	191.578476	121.6742172
P00920	2932.43042	3274.019531	3220.260986	3839.138184	3518.562012	4037.133301	2936.653809	2771.423096	4664.680176	6392.290039	3407.05542	4422.561035
P01027	1888.221069	1942.220093	2406.837402	2119.746094	1978.541626	1834.103516	2414.193604	1902.786987	1486.364136	1619.872437	1443.989624	1593.460815
P01029	542.3201294	394.2780457	563.2810059	457.1978149	602.9932251	684.3049927	752.2757568	665.182373	505.7421265	572.6305542	439.1612244	582.2678833
P01592	772.1264038	671.3427734	728.0769043	867.2278442	204.9260254	337.0717773	782.8981934	581.5604248	416.8270264	500.7473755	312.5336914	483.3982239
P01631	365.1522217	422.2928162	284.2466125	384.546936	287.1491699	438.2121277	305.7929688	334.9031067	285.5072021	320.4687195	298.59552	283.1850586
P01633	30.97455978	141.9498749	230.742569	58.80633163	85.51437378	185.9634399	48.93359756	322.637146	29.80971336	114.9396591	59.0211525	154.7207184
P01635	31.6193409	125.9161377	22.21510696	108.6306992	31.3535347	96.25603485	65.79278564	39.23416901	57.15758896	132.4947815	29.33317184	122.0787277
P01636	30.90671349	81.10636139	19.09474373	101.3342285	171.8592834	43.48693848	197.3440704	72.74530029	52.39634323	303.4387512	179.6251984	29.44650269
P01638	214.3101501	109.5525436	236.7771606	145.2140503	63.14883423	175.1107178	223.7024994	171.062027	100.108429	231.5400848	153.3517914	54.51622009
P01639	176.8306732	95.13720703	119.9180908	211.5269318	88.15906525	221.7592926	0	145.1945953	58.27690887	89.78209686	0	41.22102356
P01642	137.3980713	112.7604446	145.6013641	66.5486908	260.1314087	164.6985626	220.8045959	323.8669128	106.4140244	107.6515961	314.0870972	0
P01643	0	112.6852417	0	0	137.3071594	0	0	0	0	0	147.4502411	75.003479
P01644;P01645	248.8734283	164.8736877	361.9804993	212.6458588	205.1533966	266.8148193	146.1107941	260.025238	168.9730835	332.2492981	318.9364929	187.2158813
P01654;P01655	238.2895355	291.2625122	353.2990112	307.2638245	255.6216278	381.6385193	260.5490112	187.6836243	606.8638306	435.144928	228.7082214	272.4309692
P01664;P01665;P01666;P01668	76.42070007	96.05895233	0	53.4642334	65.46672821	161.9525299	0	280.8747864	195.8617706	431.7002563	213.9598999	48.80971146
P01671;P01673	0	0	0	0	65.19585419	236.5665741	186.1418457	0	0	0	0	0
P01680	46.08518982	34.59172058	18.28583145	99.17064667	0	31.73498535	0	36.41506577	38.10580826	147.9312286	185.8624268	5.325227737
P01723;P01726;P01727;P01728;P01729	217.2360382	226.4971008	274.1460876	274.5010376	98.9646759	375.8221741	92.98733521	76.53338623	95.19697571	265.4430542	21.19947243	318.8886719
P01753;P01754;P06328	220.2974854	276.3048401	436.077179	156.8568726	149.0894775	330.5569763	198.8956909	165.2234344	282.3580322	187.7057495	158.3721161	324.2357178
P01786	34.64067078	139.4445953	212.4447937	32.45760727	35.48675919	40.6481514	18.48861885	0	43.81656647	0	25.98633766	0
P01796;P01797;P01799;P01801	85.79240417	76.3320694	188.6105194	58.18453598	102.3101044	105.1468124	86.3967514	102.0241013	91.54348755	160.2664185	53.88584518	59.47925568
P01837	1035.858521	1267.811401	647.4525757	847.6246948	902.6898804	1299.22937	894.09021	1191.322876	1049.096191	1274.345703	1069.959961	905.9160767
P01864	1837.499512	2375.156494	1281.66687	2412.151367	1964.160522	2465.328613	1563.464111	2009.151367	2375.415039	2258.280273	1487.452515	1958.193481
P01867	1834.68335	2798.013916	1419.651123	2202.50708	1864.75415	2020.787476	1796.756958	1947.651245	1485.113892	2139.896973	1559.592896	1754.148804
P01868;P01869	325.8277283	539.626709	853.1793823	711.270752	572.8634644	606.4762573	626.390625	643.8583984	433.4716797	245.4508362	278.9376221	744.2428589
P01872	567.7375488	725.3856201	892.2555542	775.0588379	628.0370483	813.6911011	636.6561279	974.734375	925.8839111	1578.006592	563.4975586	376.2225342
P01878	332.5019836	421.5307312	280.9304199	449.6231079	150.4771576	480.3487854	289.9707642	326.8920593	127.7299194	216.1028748	299.0268555	295.7547607
P01887	1143.559692	1245.587402	1376.668091	713.402832	953.9134521	1297.835205	687.8442993	1263.330933	998.2679443	995.9503784	778.3063354	1525.200317
P01898	791.2379761	693.6789551	948.2858887	795.1887817	653.1229858	453.2318726	700.6106567	361.6971436	504.1516724	588.9421387	742.4486084	450.6672668
P01899	1121.35437	974.5911255	1101.16626	1150.359863	1132.719116	1220.752197	1197.050415	1089.435059	1353.355835	1347.875732	1183.46582	1529.09021
P01901	1500.551514	1221.188599	1348.871216	1490.834106	1278.184082	1330.883179	1526.226074	1672.931519	1624.369751	1191.302734	1500.849731	1714.255249
P01921;P06342;P14483	64.39057159	130.7854614	97.11270905	87.68753052	59.81433105	96.94799042	144.7589874	173.0760498	144.6798553	65.74153137	73.9223938	83.56433868
P01942	195897.5469	254674.0938	265038.7813	259259.0625	216771.6875	239753.4063	245041.6406	253437.3125	286058.5625	599870.875	248206.1719	287626.0938
P02088	304261.2188	397965.125	521928.6875	458967.4063	350616.7188	407342.5625	338406.0938	350403.8125	414532.75	728476.4375	327953.0313	473513.5
P02104	700.890564	588.5007324	991.4370117	1146.614624	910.4856567	761.218689	522.3643799	418.2947693	757.3687134	1152.92395	522.6546021	862.6158447
P02301;P68433;P84228;P84244	23890.61914	35006.38672	30168.68945	40405.17188	30475.43945	26296.09766	34062.60156	41690.71094	30578.38867	30768.94727	30879.70313	29264.61914
P02468	281.1842957	400.1140747	548.8053589	302.707489	353.877533	419.6117249	339.7088928	421.8203735	321.9989319	428.3914185	362.5135498	282.2138977
P02535	111.0181503	100.7284317	288.12323	179.3376007	84.1101532	161.2739868	254.161972	111.5523987	178.5405121	408.6821594	218.3239136	183.5204468
P03888	85.03728485	123.3976288	72.70695496	83.10799408	101.8243866	74.74332428	50.58210373	58.70904922	85.17022705	118.0475998	104.8319092	87.05382538
P03921	109.604248	167.1015778	283.1257935	205.8921509	231.5775604	139.6575928	254.9169464	199.5119171	253.6462402	231.6192322	380.4408569	255.2975006
P03930	3440.514893	3394.682861	3607.488525	3794.60376	2812.977051	2138.94873	2227.851807	2916.173828	3397.905273	2757.25293	3159.458984	3093.494385
P03958	348.6654358	329.8829651	308.1835632	260.5960999	179.553009	199.9979706	308.861145	200.4297943	230.6720886	245.5414886	247.3516998	329.8287659
P03987	408.430603	291.0118713	646.0076294	147.8355408	237.6695709	376.6976929	168.7202148	602.1507568	330.0076599	390.0616455	783.8092651	381.7629089
P04104	513.8406372	338.5815125	746.1221313	511.5056763	509.9018555	581.8459473	752.9105225	617.7476807	842.5402222	756.8327026	1410.482422	735.6442871
P04117	962.2749634	981.6986694	1071.851318	847.267395	1115.036865	766.918335	1298.646606	1466.037354	1105.388916	1049.369385	1078.953613	1080.571533
P04186	298.6193848	196.1950989	374.4140015	286.8484802	328.7931519	303.7192993	343.7758484	364.7917175	305.4249878	336.6918335	313.515625	277.5601501
P04247	0	196.6051788	80.193367	0	0	84.14299011	266.6016235	509.4709473	53.30874252	376.3457336	499.3013	121.243988
P04443;P04444	183.3833313	154.933548	125.9612503	221.5301514	211.004303	209.3416595	144.5298157	69.02068329	208.3722687	234.9235535	151.5150452	182.0854797
P04627	112.9365616	156.5076904	0	52.91770172	55.84337616	57.3236618	87.82054138	155.5902557	96.27061462	73.62102509	85.02495575	72.34971619
P04919	732.8671265	1127.113892	1070.616333	856.8432007	1022.609375	1137.581421	704.675293	971.2030029	952.359314	2235.537354	801.8114624	1039.896484
P04939	2170.179688	1814.040039	2183.343506	1714.430786	2703.351807	3438.474609	3348.277344	5137.492676	3595.717285	2765.69165	3459.336914	4553.556641
P04940;P04941;P04943;P04944	46.85511017	215.7110596	69.15364838	155.0461578	106.6079102	249.7633057	43.59169388	156.7667542	128.9852448	130.8058319	43.90494919	123.2538376
P04945	88.68292999	40.22738266	59.6989212	317.9326782	143.5681763	94.48898315	188.9470978	146.4895782	91.04260254	149.2404785	0	77.32441711
P05063	284.9776306	294.4619751	231.3695068	311.8239746	132.990387	58.61591339	79.38430023	68.41497803	76.56764221	53.85033798	83.8068161	103.658165
P05064	15535.32324	16646.31445	14356.9375	12392.6875	10936.11133	11919.47461	12899.10059	10355.03223	10734.35254	11478.95313	10697.85059	10884.10352
P05132	53.58362579	117.0326233	55.98483276	67.18509674	85.85380554	138.7503662	55.66710663	98.70635223	119.1837921	89.201828	60.4948349	85.54262543
P05201	15822.95996	17575.59766	12488.16504	16970.10547	7821.463867	6975.81543	6446.339355	3646.280029	7041.338379	9138.478516	10745.87891	7458.858398
P05202	34349.625	35629.0625	33870.79688	34065.45313	32918.64844	30882.24414	28892.83789	28892.58789	34511.49219	35430.88672	38555.59375	42765.18359
P05208	46.25269699	14.064744	1324.770142	0	0	0	0	0	0	23.81737518	0	0
P05213	10712.24902	11479.68457	11977.78613	10879.5	10442.08203	10949.51953	10400.98242	12012.41309	13002.9707	11777.53809	9369.289063	11412.26855
P05784	17560.55078	18941.66406	19734.71289	18929.92578	22132.79688	17623.06641	19210.71094	19267.89453	17178.49023	17725.32227	19687.58398	20227.74219
P05977	0	2494.227295	1119.546021	0	0	0	0	81.81599426	0	0	0	0
P06151	17076.82422	18603.44727	19395.59766	17261.88281	24624.35156	25047	25625.11719	24666.78711	25991.63672	20822.29102	20958.02148	24377.89648
P06330	191.8194733	414.4870605	194.5871124	322.6654358	232.2107391	472.053894	418.9044189	417.650238	318.6595154	120.9495163	358.630249	150.2979431
P06683	180.8099365	125.9541702	234.204422	198.2903748	209.6093903	240.5909729	270.7853088	267.4216003	193.6807861	177.1990814	168.0227966	345.9421387
P06684	84.95259094	124.2101746	118.8395386	68.15445709	57.7904129	61.16133118	69.38549042	104.5415344	47.31453323	57.75127029	46.766716	125.1856766
P06728	1310.59668	1508.977783	1179.785522	1273.236572	3053.856689	2357.005127	3567.089355	1984.443604	1667.63855	2361.882813	1699.971924	1772.44751
P06745	4703.133301	4698.078125	4077.520752	5169.147949	6310.890625	5869.872559	5934.95459	5781.796387	5530.220703	6026.495605	4772.182129	5950.125
P06797	367.0589294	407.9760132	333.7384949	397.1533508	248.6015472	156.0114136	266.2463684	227.2387085	249.8752899	162.7102356	277.5764465	206.4062958
P06800	139.2483673	136.1400299	180.4966736	132.5916443	115.3570023	170.8053436	86.08703613	112.3092957	139.7120819	191.6533508	79.76599121	121.7608643
P06801	6193.479492	4157.610352	7562.490234	5979.152344	9576.586914	8602.539063	8843.400391	7220.436035	9647.87207	9314.796875	6060.070801	8394.885742
P06802	240.454895	251.9832611	307.5666199	184.8945007	245.5671844	234.5731354	221.5982819	255.0830231	178.1666107	274.1078796	293.7022095	172.8223572
P06909	415.0997314	481.0543213	530.7316284	398.184021	468.5167847	600.3591309	576.7587891	626.0839844	489.3381042	537.8033447	392.0874023	500.5747986
P07091	0	237.9520569	155.5884399	0	69.81151581	66.79006958	44.37939072	165.6766357	63.03244781	125.0668716	83.6102066	213.4084778
P07146	0	0	1862.419067	43.52938461	0	0	14.61745071	79.42350006	0	101.2274933	0	0
P07309	4370.10791	5030.543457	3883.162598	5329.256836	5810.177734	6017.091309	4850.151367	4415.952148	5255.952148	6998.208008	6243.373047	4485.936035
P07310	58.6074028	579.8076782	169.749115	32.80783081	65.38418579	23.64949417	30.01844406	272.5907898	52.81784821	566.8496094	364.7049866	107.7227554
P07356	1320.978394	2323.849854	1962.454712	1646.846069	1711.428955	1647.378906	1597.608032	1708.107056	1460.561646	1475.038696	1525.141724	1784.947754
P07361	260.0592957	213.6652069	311.7809143	232.072113	134.9268951	157.7132416	207.7257233	79.46790314	116.6444626	137.9864807	86.98609924	121.9497986
P07724	77510.73438	88546.21875	85592.26563	89975.3125	74193.91406	70486.15625	74950.75	68243.41406	72327.76563	85550.80469	72787.44531	75332.89063
P07758	3670.780762	3841.884521	5036.862793	3422.12915	4593.763672	4349.568359	4921.916504	4476.338379	3767.626709	4597.134277	4072.967529	5556.056152
P07759	7246.181152	6519.745605	5142.765625	7260.027832	6570.696289	7952.491699	7091.57373	8102.10498	7169.81543	7829.600098	5304.821777	7670.437988
P07901	4232.004883	4134.603027	3928.9646	4468.452148	4877.671875	4436.51709	5614.949707	5255.363281	4569.297363	4166.95459	3679.4104	4720.947266
P08003	6184.203613	5151.822754	5414.11084	5100.130859	6785.531738	7671.674316	8454.207031	9070.649414	6140.537598	6238.894043	6437.505371	6629.091797
P08030	1539.515137	1441.616577	1548.199219	1396.556641	708.9623413	789.0349121	893.100708	729.390686	597.2610474	619.7093506	608.2804565	839.6820068
P08032	514.8724365	606.9714355	662.4838867	562.4485474	415.7575378	559.9821167	465.6937866	582.0931396	644.1746826	971.8464966	386.2530823	593.6387329
P08071	114.1554108	64.23182678	60.11597061	55.58712769	50.04585266	51.1273613	54.41284561	0	31.77664375	0	36.13446808	61.33789063
P08101	1282.42395	1348.401855	1008.729614	837.7381592	849.1347656	882.5749512	1621.924438	764.3683472	400.2323914	1508.440796	878.3811035	744.9962769
P08103	26.20008087	0	26.21227264	13.1310463	0	0	42.64818573	0	18.70091057	56.97989655	0	34.71245956
P08113	16946.97656	15699.9375	17065.49805	13445.83301	16680.52734	17144.52734	19930.03711	19788.82422	16822.32031	16230.79395	16011.04395	17255.66797
P08122	219.9666595	89.7208786	283.8423157	135.0533905	133.4674072	134.5977936	147.0273285	94.04519653	210.6715393	59.7859993	106.0142365	89.86600494
P08207	693.0014038	1056.248657	894.821167	657.4538574	924.2860718	879.3898315	920.543457	718.8210449	754.7496338	796.1721191	875.0310669	1025.426758
P08226	5714.370117	4963.355957	5733.335449	4911.959473	6018.048828	6539.656738	6896.16748	6527.985352	6299.151855	5787.138672	5942.558105	5345.741699
P08228	54983.16406	50992.70313	54779.45703	57673.66406	67187.10938	52217.42969	52440.76563	64790.69922	53308.23047	63259.07813	50117.21094	80004.21875
P08249	34332.35156	33737.38281	31579.50586	33002.89063	27253.58203	28218.42383	27185.32422	24024.9043	27476.3457	27271.00391	27526.5332	28648.83008
P08556	408.7753296	507.6218872	486.2460327	466.5361633	416.2663269	473.9901733	393.6964111	498.0727539	333.0132141	686.5130615	411.4120483	480.6593323
P08607	32.77777863	6.53272438	56.44393158	79.49436951	37.97047424	73.35659027	54.21473694	91.40625763	62.27081299	70.02179718	19.84817123	0
P08752	1888.735962	1891.344604	1967.646362	1650.600342	2225.342041	2083.108398	2061.434326	2379.781494	1697.946899	2017.801758	2084.778564	2383.969727
P08775	1542.213013	1416.195557	1913.844727	999.5737915	1186.047485	915.038147	2290.940918	1679.861938	1555.652222	1236.900757	1507.788452	2239.687988
P08905;P17897	355.8127441	321.80896	456.9802551	497.1820068	339.5246887	301.4895935	362.8168335	240.203476	207.986969	169.4345703	192.9064941	236.3505402
P09055	1622.685547	1344.529053	1534.821045	1569.506958	1321.723145	1319.536621	1508.376953	1580.985107	1467.506226	1352.249023	1481.247192	1229.688965
P09103	42977.73828	42132.80859	44712.90234	41566.97266	47673.75391	43233.14453	53876.19531	50304.35156	41806.36719	41609.24219	39116.38672	40109.91797
P09405	4117.678223	4658.839844	4379.759277	4388.516602	4042.054443	4438.144043	4919.375	4188.445801	3547.493896	3786.776123	3750.144775	4129.875977
P09411	32903.86328	32761.56445	26811.02539	34772.53906	31341.72852	30968.37109	30899.60352	28719.69727	30843.63867	32840.28125	28537.66211	32132.19727
P09528	5057.304688	4743.998535	3573.277588	6172.148926	4666.194336	4357.509766	5707.398438	3480.673096	3696.379395	6210.12793	7963.401367	5435.15625
P09542	0	61.64001083	191.4096832	0	0	0	0	23.30850983	81.90942383	0	0	0
P09671	8842.388672	10608.79785	11207.73633	10500.08984	9834.661133	8570.25293	8793.933594	9775.736328	9130.18457	10078.25684	10999.47363	10278.47852
P09803	197.6544647	115.2406998	135.0737457	84.3067627	158.3905487	135.1720276	224.6215363	233.5523376	33.86497879	92.46159363	32.13486862	126.9384613
P09813	625.4008789	512.7545166	584.34729	851.7315674	915.9609375	479.5505676	1414.497803	658.8183594	1935.846558	1121.011597	884.9296875	500.8555298
P09925	360.3025208	292.4642639	354.0802307	389.0142517	396.2953186	400.9111328	345.2495422	382.114624	367.609375	340.4810791	390.2799683	322.3267517
P0C0S6;Q3THW5	2920.077881	3225.48584	5344.27832	4467.169922	3041.552246	3998.188477	3759.38916	4838.113281	3919.321045	3996.495605	4162.803223	5037.441895
P0C6F1	152.8159637	146.901535	98.72241211	71.62793732	301.2692871	42.65507507	286.5737	0	173.5783997	300.4649963	112.1547928	154.4040833
P0C7W3;Q8R1J9	0	0	0	32.85864258	59.35676575	0	0	7.938117981	0	71.46715546	39.97373962	0
P0DN34	3411.261719	2236.976563	182.1417694	3686.424316	1780.430542	2723.366455	2456.961914	1434.84729	2755.126465	2926.80127	2703.939453	2217.142578
P0DP26;P0DP27;P0DP28	16240.28711	15677.80078	13791.48438	16087.78125	15177.12598	15160.47852	16509.70313	16159.31543	15976.53027	17588.75	16431.24805	17146.58398
P10107	179.4380341	215.861969	184.2411041	217.8889771	217.8184967	204.6891937	176.8101349	151.0687714	116.6393967	163.7805786	150.6834106	160.8227386
P10126	45995.27734	49139.68359	45038.78125	45516.61719	53083.07031	45184.85156	41940.21094	55576.45703	61697.40625	66780.8125	52288.23047	53422.50391
P10493	122.6732101	111.9376602	204.388855	59.92982483	118.8313141	84.43691254	98.4803772	141.2691193	86.47200012	87.23160553	113.2759781	132.0024261
P10518	4185.608398	3460.135986	3408.658936	3696.204102	4139.447754	4664.024902	4193.471191	3580.483643	4105.268066	4099.692383	4869.489258	4943.278809
P10605	2219.962158	1805.712891	1393.535889	1807.308716	3242.288574	2098.564209	3442.838623	2178.442871	2296.060059	2249.61377	2803.314697	2901.094238
P10630	286.4555359	514.2515869	413.1604309	452.5823059	658.7434692	658.6879883	611.0078125	466.8022461	587.4525757	514.6066895	551.8613892	612.7602539
P10639	6718.859375	7485.114746	8350.71582	7701.275879	6683.399414	5113.794434	9167.703125	8209.212891	8745.599609	9113.668945	6566.238281	7875.162598
P10649	93080.33594	84725.76563	91414.64844	94560.625	135781.3906	99891.84375	171890.7344	98518.17188	93949.35938	85533.83594	84457.14063	82800.96094
P10711	526.9088745	423.9333496	385.7126465	439.1680908	334.1921387	368.7095032	444.610321	420.4411621	328.4533386	375.1558228	365.0121155	344.6825562
P10833	216.6095581	241.0093231	236.968277	312.8580017	249.9575806	219.5555878	368.5252075	191.0823059	179.611496	191.9565582	300.8526306	305.7079163
P10852	410.3724976	500.7931519	1106.454956	538.1392822	725.5288086	728.2838135	825.8502197	753.5158081	444.7721252	537.3247681	499.5718384	600.9920654
P10853;P10854;Q64475;Q64478;Q64525;Q6ZWY9;Q8CGP1;Q8CGP2	106233.6172	97499.03906	119079.3438	110142.1094	88776.82813	105937.8203	108022.7188	122238.5938	99019.65625	110563.1563	123114.3594	121592.6406
P10922	9374.880859	9642.704102	7329.763184	9132.084961	6029.762207	7397.822754	6574.424316	10293.82129	6884.272949	9060.862305	8424.116211	8054.589844
P11031	584.0950317	645.1106567	534.5803223	519.1854248	559.6732178	452.0085449	447.8704834	299.842865	358.6453552	315.9259644	441.6728821	361.6958923
P11087	169.2323456	116.942688	951.2166138	68.4814682	85.97377777	33.27790451	140.6017303	102.1388321	76.18289948	162.7162628	99.7967453	60.62957001
P11103	194.2469482	102.6355057	258.5175781	240.6309052	195.4538727	168.947998	259.9802856	131.4091797	104.7243347	176.3204346	218.6178436	152.6371765
P11276	1772.039795	1788.546753	1618.459473	1930.004883	1961.182251	1979.92749	2052.770752	1717.497803	1602.108032	2102.907471	1593.726196	1754.714233
P11352	29497.09766	27913.67773	29241.95703	30287.6875	4536.116211	6107.089355	5360.54248	8043.282227	10437.89746	7793.630371	10807.14063	7839.564941
P11404	0	220.5108643	133.9557648	45.08792114	14.39071274	0	0	220.1599274	0	503.0894775	193.699585	16.05447578
P11438	139.6591339	104.1286469	51.9155426	143.1610413	217.5194397	193.5105438	245.6222992	195.5424957	210.676239	177.6584625	104.1458969	163.9384308
P11499	21738.76758	23507.44727	20611.93359	25704.81641	26003.63672	25781.66992	28609.10352	25476.62305	23455.94336	23539.72461	23406.25195	25835.75977
P11531	94.31393433	138.392807	111.1680069	202.3739777	108.140358	145.4905853	139.1708527	145.5606842	155.0054169	172.7271118	129.3945313	106.9206467
P11588	0	43.20478058	0	5.447594643	0	9.679161072	91.2973175	433.1388855	29.42979431	0	24.98857307	349.4936218
P11589	17953.82031	12269.19141	18297.67188	17759.07031	24281.19727	27818.42578	27877.06836	34320.8125	27473.69727	21093.32813	17166.2832	24331.70117
P11609	466.2651062	255.3623657	301.4490356	292.8176575	349.2174072	339.7107849	325.808136	158.9254303	294.6638794	330.0128174	242.5333099	305.9558716
P11679	43264.84766	43140.35547	41414.80078	40387.78516	48863.125	39715.91406	45331.9375	43847.24609	38848.57031	41175.4375	43274.48828	46417.66797
P11688	416.2165222	350.0273132	344.2396851	414.9357605	339.5397034	244.650528	273.2381287	291.7759705	203.2075653	223.0650177	325.7637939	250.7073364
P11714	11812.92578	12384.33887	14688.79297	12207.10352	14320.13281	13586.3291	14921.72461	19049.71484	15622.4375	12219.93945	16741.44141	13437.43848
P11725	35304.92188	39967.88672	43740.39063	37698.50391	30201.73633	32696.10938	28184.35742	31304.58594	39154.39844	39794.14844	40856.17188	43699.0625
P11835	64.42992401	80.77558136	23.13274765	90.18740845	78.60728455	144.2458344	117.0704651	105.5706558	267.3955688	86.72047424	168.3151855	25.30435562
P11859	276.6484375	221.6555634	325.5161743	276.7774658	231.768158	268.2697754	290.1445618	281.4339294	358.0348816	252.3112335	263.2593384	245.3807983
P11862	178.8900757	223.4613495	123.6388168	191.364151	138.938797	62.26243973	82.17034149	134.5121765	163.2451935	101.35186	112.0107422	152.2166443
P11881	108.7033386	168.4147339	188.0578308	78.49713898	154.6875916	139.5968475	149.5563812	150.9111481	180.5743561	188.9376526	122.262825	177.9148865
P11930	1019.686218	1092.585693	1104.085327	875.7172852	1029.370483	759.2319336	1054.348267	732.4298096	608.52771	674.6051636	861.3189087	571.5548706
P11983	2278.889404	2411.028564	2277.031494	2009.567627	2351.858643	2302.370605	2466.350098	1942.43689	2556.52002	2147.726563	1955.09314	1996.203735
P12246	113.5224609	84.35995483	0	117.203476	76.24519348	0	121.0154037	144.4315338	38.87414551	0	114.2082977	0
P12265	496.1550903	560.963562	462.0396423	593.3632813	776.793335	731.9301147	912.3085938	806.4182739	550.986084	674.84375	600.4738159	685.2642212
P12367	934.0960693	803.9193726	768.5152588	793.4286499	669.8937378	789.6061401	938.9920044	858.0827637	924.0584106	747.5038452	746.7252808	706.7391968
P12382	342.0145874	351.1983337	332.5335388	326.9538269	305.8922729	393.9157715	378.0848694	447.5758972	343.5452881	445.9299927	366.2720337	395.0696411
P12710	272935.4375	227508.0469	235678.9063	309755.9063	324135.875	315119.125	344177.2813	397287.5	371665.75	396534.3125	318544.75	382222.875
P12787	26636.12109	23103.17773	17652.8125	22398.82813	18959.71875	19760.66992	17440.07617	17724.7793	19168.98242	21292.11719	19777.84961	18194.53906
P12791	138.1649017	247.2079315	130.8077545	207.9394379	197.9186249	90.60247803	48.47702408	114.1964035	122.6029892	102.9381943	111.7053833	44.37358475
P12815	1170.581665	1478.025269	1276.164795	1251.827148	1134.85437	1051.903687	1155.908813	1264.139771	1258.286499	1361.601807	1328.036621	1174.040771
P12970	6598.05127	7031.935059	8575.227539	7031.230957	7723.521973	7358.634277	7314.806152	7851.033203	6753.085449	6911.573242	7262.231934	7766.776367
P13020	398.0482788	540.9388428	472.9661255	458.3315125	422.5961609	398.4450684	334.9591675	393.2607727	406.9407349	505.1362	411.3876648	451.2416992
P13412	0	190.7668915	69.90898895	0	0	0	0	0	0	0	0	0
P13439	358.1999512	398.5061646	392.6221619	401.9711609	382.4836731	325.947937	339.8813477	305.8492432	313.6982422	343.1371155	245.8953247	360.554718
P13516	885.354187	716.5482178	770.4447632	837.1412354	1942.946045	1725.784302	734.1369019	750.1104126	2088.356201	3114.495605	1751.919922	739.0432739
P13597	348.6305237	416.3298645	536.3823853	468.5900574	479.1314087	489.4190674	506.8537292	424.8629456	369.815979	420.9059448	355.8991089	381.3990173
P13634	936.6359253	1130.574951	1287.010986	925.9661865	683.0234375	906.3634644	653.5301514	733.487915	973.293396	1399.310669	920.2002563	1048.515503
P13707	7364.694824	6419.213379	9260.892578	6752.527832	9872.742188	10419.14453	10685.28906	11957.05957	9365.538086	7760.352539	7201.101563	8710.886719
P13745	36135.37109	38023.37891	42799.33594	37959.33984	46829.14063	22763.68359	45711.47656	17158.82227	23225.34766	22725.61328	23832.04492	19533.1875
P14069	141.9930115	286.589447	261.3972778	154.9976501	574.4053955	318.3417664	11.76355648	125.5872421	87.10781097	164.9662476	94.83933258	269.8066101
P14094	3983.738281	4171.751953	3982.49707	3672.148193	2560.900879	3191.049805	3132.043457	2823.769775	2612.388916	3372.132568	3413.031738	3546.225098
P14115	9649.162109	9584.641602	11150.61621	9012.796875	9044.163086	9364	11246.82227	10983.77148	10267.92578	9695.631836	10463.69336	11886.40918
P14131	4300.34375	4694.32666	6540.919434	4905.964844	5912.053223	6114.166504	5434.889648	5909.775879	5585.438965	5725.011719	5386.26123	6422.925293
P14148	5278.39209	9115.368164	7922.123535	7342.247559	9350.205078	8682.086914	8153.958496	10417.49707	8391.352539	9014.303711	8725.547852	9048.160156
P14152	41198.42969	48057.32031	40998.17188	40607.66016	33864.03516	33822.23828	32667.16211	33883.42188	51910.125	43197.26172	41149.93359	43136.00391
P14206	7374.913574	8207.257813	8959.753906	9175.492188	9247.900391	9350.871094	9910.993164	8539.709961	8339.416016	9406.688477	10273.72852	11110.14453
P14211	18044.28125	16957.81445	20276.29102	18059.28125	21415.0332	20386.63867	24243.83008	21776.54492	17831.32031	17286.13281	17389.44727	21676.82227
P14246	2673.925049	2653.541016	2152.331055	2090.120117	1844.81543	1815.534668	2439.670654	3481.686768	1888.762329	2643.692871	2825.356689	3285.361572
P14576	512.8098755	571.3692017	684.9293823	637.9118042	675.3704834	709.4587402	702.6224365	646.0185547	713.9584351	648.543335	468.447937	700.8323364
P14602	1811.458374	1185.531738	1577.494141	1427.696289	3702.211182	2797.007568	5091.723633	3428.023926	666.8925171	812.8044434	1325.228149	837.4420776
P14685	493.7923279	621.5241699	613.7570801	637.774231	607.0101929	718.9968262	688.4499512	630.3484497	620.0042114	757.3048096	736.7369385	636.8683472
P14733	2251.196289	2335.301758	2590.575928	2033.06958	1729.685059	2256.887207	2177.948486	2762.00415	2058.458984	2782.635742	2196.264893	2437.125488
P14824	7154.023438	7823.358887	8073.131348	6784.032715	6480.313477	5986.480469	7038.705078	6100.533203	5980.884277	6027.98584	5757.962891	5919.487305
P14847	42.41651535	94.19582367	170.7351532	62.96599197	146.2254944	54.58306122	67.06863403	179.832489	140.1542969	67.50674438	122.8267746	0
P14869	6145.36084	5412.102539	7567.538574	5687.875	5429.950684	6787.355957	6096.976074	6974.623047	6406.412598	6080.024414	6387.40918	6733.014648
P14901	81.74324799	72.91641998	64.60467529	114.9176483	93.39820099	87.72828674	212.6080017	106.6863174	104.6639252	82.42784119	84.43003845	89.20570374
P15105	13400.72754	13974.59375	10306.11816	11741.97168	12575.42871	10512.2002	11070.45215	10496.84277	14292.67676	12211.14941	10973.75781	12974.95117
P15116	1356.477905	1361.400513	1166.338135	1461.850098	1071.958496	1332.292358	1276.911011	1184.721069	1685.054321	1390.131836	1592.010742	1435.85498
P15208	191.0355377	154.3613586	196.3091431	204.504425	145.0333099	164.6330109	164.3796387	283.8999634	203.3804932	212.134964	240.1197815	211.147583
P15327	326.561676	417.5111389	376.5770874	412.5455627	262.7801208	309.9255981	311.8916016	184.8939209	354.5434265	535.1923828	244.077652	249.6379089
P15379	0	62.4886055	0	0	152.3416595	253.6194916	153.8905029	53.6175766	141.4204102	0	121.2375259	28.37324715
P15508	194.9036102	227.5979767	239.4284363	212.1658936	177.4438782	267.6365662	180.2782593	191.2624359	209.8178406	405.3088074	185.4126282	267.6259155
P15532	4288.890625	5179.766113	5014.990723	4784.293457	5000.755371	3726.314209	4674.120605	3789.744141	4067.00415	4431.512207	3527.300293	4463.701172
P15535	223.105423	115.9051056	173.9368744	105.2621002	72.72203827	90.68051147	115.7018509	72.18002319	122.0598373	105.1187897	79.34461975	160.5142059
P15626	83627.40625	75023.39844	75266.96094	82877.14844	92344.64844	64574.62109	96260.04688	52835.03906	59294.14844	59467.91797	58764.20703	55487.03125
P15864	933.7598877	1072.65979	554.3084106	900.0119629	234.3659668	598.7589111	889.0056152	1048.029297	859.7338257	698.1629028	403.8957825	1042.612549
P15947	0	0	360.2232056	0	0	0	0	0	0	0	0	0
P16015	48541.73828	50623.29688	48185.35547	53187.94922	58068.13281	84287.35156	65076.11328	88234.05469	108609.8984	85406.29688	92070.67188	102323.6094
P16045	885.3674927	767.0357666	1296.697754	1242.961914	1462.360474	1910.45874	1381.031006	1359.925781	1494.151733	1244.856689	827.2169189	926.5828857
P16056	35.97477722	81.85017395	53.97810745	65.18281555	37.19960403	41.09068298	29.52923965	86.76448059	64.34989929	65.87507629	40.61607361	77.42837524
P16110	98.61566162	75.53760529	112.4801407	72.68418884	88.7878952	51.16847992	124.2637558	178.4589081	152.3786774	99.78727722	71.74468994	69.01481628
P16125	136.9871368	211.6101074	248.5431366	162.1058655	78.55647278	52.48709106	123.2634811	219.5523682	67.27490997	174.1668243	77.22274017	85.56513214
P16254	334.1253662	422.8982239	557.4172363	440.440918	401.2840271	447.509552	375.7593994	449.4005127	396.8592834	367.2259521	271.6612854	463.4542847
P16294	92.96605682	57.89520264	74.29974365	59.24331665	131.3990936	110.2958374	97.27126312	68.69017792	139.169754	153.4004974	90.46537781	111.9938431
P16301	334.8782349	354.1423035	344.0847168	341.2923889	272.3562317	365.2249146	360.017395	365.4078674	544.8010254	372.611908	476.5432129	313.3952637
P16330	0	0	49.80134964	84.12924957	93.71958923	64.45113373	41.28974533	34.89318085	53.15391922	0	126.6342621	48.31917572
P16331	15469.74512	17955.55859	14867.33594	16306.79395	14617.6377	13751.5293	12272.91406	11350.04688	15190.92383	15426.11816	16506.87695	15289.75391
P16332	3631.12793	4581.262695	3952.068115	4265.179688	2657.154541	3027.547852	2583.159668	2983.364502	3290.476074	3129.491211	3351.304932	3036.329102
P16406	4705.649902	5187.673828	3906.859131	5122.077637	5262.197754	5234.370605	4430.262695	5387.14209	6054.42334	5887.542969	5343.242188	5142.637695
P16460	63523.71484	72616.54688	53649.53125	65881.10938	38343.49219	34340.92578	26390.88672	28026.2793	41539.14453	51886.80078	45545.76172	44353.40234
P16546	1596.90332	1633.088501	1751.507813	1489.767944	1409.414429	1356.962524	1470.400024	1567.16333	1372.057495	1446.948853	1453.702515	1430.743164
P16675	1356.143433	1349.174927	1310.203613	1254.258545	1939.915405	1723.557739	2328.35376	1539.321777	1304.461914	1595.836914	1313.965088	1440.73877
P16858	54886.84766	35330.27344	35928.75781	46156.16016	56880.98047	53046.48438	36217.98828	69582.32031	78485.30469	67323.16406	51417.76953	69500.75781
P17047	1960.898438	1338.295654	1205.877563	1849.492798	1680.287109	2265.537109	1840.455444	1314.200562	2140.214844	1492.83606	1852.900391	1710.391724
P17156	28543.13867	22636.5	20458.89844	24543.26953	26866.77734	24536.96484	26077.66211	24954.0957	22792.65625	23393.57813	22296.69727	23887.31055
P17182	41381.60547	38371.60156	35581.78125	39740.74609	37121.82422	37451.82813	37692.71094	38786.73828	38068.33594	37499.70703	33666.69922	37829.76953
P17225	3505.240967	2977.166016	3019.05957	3263.974609	2790.758789	4068.423096	3586.398682	3886.323486	3164.846191	3918.723145	3180.729248	3733.76416
P17426	2882.359375	2436.683838	2733.294434	1813.499512	2092.46582	2111.181152	2096.657471	1994.342285	1871.05603	1946.401123	1848.895264	1900.870361
P17427	725.3264771	715.3861084	840.1586914	636.2439575	812.9621582	686.8585815	742.0671387	809.0018921	837.2285156	665.1469727	776.4489746	875.8186646
P17439	431.8248291	411.0541077	397.2989197	312.5610962	405.0157166	381.6246643	463.3145447	429.0155029	205.3202972	275.9577637	342.1229553	270.6696472
P17563	31715.0918	28049.59375	22794.50391	28649.3457	20913.96484	24552.91797	18697.16992	21319.74414	18148.80664	19996.7832	20844.74219	21413.48047
P17665	2147.428467	2451.289307	2241.018799	2490.745605	1535.369873	1654.055786	1714.430054	1228.46814	2243.356201	2102.058105	2560.101318	2265.935547
P17710	100.5480728	111.4561157	166.6224518	120.6145401	27.20259285	58.0326004	77.82085419	81.18694305	40.63201523	67.7908783	74.46459961	61.27337265
P17717	17737.63086	16665.81836	22500.15234	18507.75977	28351.74023	25824.99219	33735.44531	31359.32227	21460.44727	18144.52344	21832.74805	21402.50781
P17742	43412.82031	41757.99219	39515.22266	42190.85938	37157.71875	37984.09375	40457.84766	35387.43359	35161.86328	39562.79297	34920.08594	37202.07031
P17751	24470.625	22523.58984	22078.55273	26076.58398	23671.73242	21210.48242	20912.91602	20269.60156	20797.26758	21545.17578	21264.39844	21307.69727
P17879;Q61696	5897.54834	5147.012695	5811.869141	5941.550781	9520.108398	7108.203613	8540.737305	5588.522461	5305.219238	4764.719238	4093.424561	6071.606445
P17892	0	37.13337326	212.250473	0	0	0	0	0	0	0	0	0
P17918	388.5066833	396.7917175	502.8329468	323.734314	459.3106079	430.5455627	660.1981812	513.8761597	384.5580444	424.6684875	395.305603	347.119751
P18052	26.51947212	0	0	57.59565353	130.615509	73.32870483	81.87080383	95.98744202	65.67823029	57.06577301	83.05264282	85.2923584
P18242	4042.088867	3568.66626	3321.386475	4533.38623	5987.796387	6354.155762	6967.18457	5252.753418	3920.10791	4681.750977	4797.131836	4758.248535
P18419	37.02480698	0	20.63901329	0	0	0	286.4867859	0	54.67958069	0	285.3277588	0
P18524;P18526	15.13706684	16.82139015	0	0	18.07152367	94.59998322	43.81604385	55.09988403	39.15935898	59.53266144	45.97418213	55.19109344
P18528	110.1581573	238.4620209	258.8337708	163.6701813	51.12606812	109.0176392	110.1834183	31.80227661	22.98383713	16.46388626	58.3556366	35.61315536
P18572	1625.269165	1615.642822	1105.101685	1020.282166	1410.180664	1676.943604	1868.095337	2207.564209	2189.317139	1460.685181	1616.819336	1432.780396
P18653	106.4847336	148.4150085	71.8993454	103.4768829	104.7582626	98.47039795	54.21834564	187.4476776	136.2159119	134.9607697	132.0104675	131.3444519
P18760	11193.04785	8858.65332	8215.316406	7765.53418	9956.404297	9825.525391	9915.49707	9916.614258	11430.03809	11550.05078	9549.176758	8470.615234
P19001	18122.32813	21311.72461	30072.70703	17431.89844	17361.25977	24581.9707	17303.41016	24190.18945	19137.77734	19597.24023	16733.65039	20741.93359
P19096	10611.2627	9682.992188	8075.09082	11259.45605	9952.647461	8833.623047	6051.427734	4976.538574	13392.74805	20898.8457	8642.020508	9607.206055
P19157	123212.6484	105830.3203	103942.4531	116134.0391	142104.7813	130255.7656	149780.75	117835.5625	125612.9609	113812.1406	114835.9141	159320.3594
P19221	1057.329468	1017.464172	931.1204224	842.128418	1292.818726	932.5267334	1230.353638	801.161377	1297.887207	1140.615479	1306.305542	1389.866699
P19253	5602.019531	4713.656738	5851.001953	4901.055176	4861.90918	4304.794434	4701.203125	4771.194336	4080.561768	5632.59082	4954.197266	5220.311035
P19258	188.7427521	272.2982483	186.4208679	189.3972626	236.513855	298.7094116	90.81835175	192.378891	277.1209412	340.8662109	326.7810059	296.7912292
P19324	258.8711548	500.8303833	347.6818237	314.7388	329.7602234	384.9457397	289.7275085	349.8252869	215.8828278	261.9552917	247.26091	354.3985901
P19536	9584.974609	7844.371582	8657.990234	8667.598633	6410.488281	5686.908203	4253.54834	7595.208008	7064.732422	6240.860352	6507.801758	6042.92334
P19639	3332.503662	4654.064941	6029.67627	4348.911621	4823.934082	1796.323242	5462.209473	1103.18811	1404.158813	1195.244507	1529.234131	1199.128418
P19783	32096.19531	29076.98633	29012.36523	27219.42773	27417.15234	27035.4375	24202.79688	27241.98242	28823.79688	28519.13477	30073.01758	26541.49414
P20029	35645.78125	30071.38477	34525.70703	30754.33203	36341.39844	38867.85547	42737.92969	44386.89063	33395.10938	35302.51563	32562.28125	36795.48828
P20060	368.9692993	488.5734863	537.6624146	375.1740417	474.6792603	573.0432739	428.8748169	469.3753662	377.4330139	395.1418762	367.26474	376.0654907
P20065	0	89.75726318	55.23864365	102.0463409	43.93123245	83.91574097	51.64115906	31.63118553	79.59677887	54.21580124	119.4721069	45.02852249
P20108	10913.2168	10027.16406	16177.81738	9143.728516	7629.879883	7642.825684	9168.862305	7327.673828	6509.872559	9719.417969	10145.50781	9158.575195
P20152	3343.177979	7152.07666	4326.942871	3458.717285	4101.404785	3837.911377	3637.625977	4381.398438	2850.383545	3879.728516	3276.120117	4833.942871
P20801	54.87189102	165.0404968	85.69773102	0	0	0	0	0	0	44.03358078	31.25061226	0
P20852	9816.566406	9380.150391	12403.27246	10568.82031	10263.3457	6506.29541	18463.45898	2794.69043	5182.01123	2629.137939	4936.469238	2600.814209
P20918	1055.154541	958.0255737	975.784729	1059.673096	918.902771	1057.800659	1187.473633	1279.700928	1140.298706	1062.333252	980.0693359	1050.739258
P21107	2415.510254	2432.533691	1995.470215	2421.972412	1928.86853	2065.627197	2846.161865	2035.381958	1739.701294	1762.103638	2182.263916	1746.988159
P21126	201.348053	220.2577362	225.3653259	137.4468842	201.4302216	202.1784973	274.3818359	220.0076294	157.8197632	314.9155273	190.2329102	217.5398254
P21278	1021.318909	1179.830444	1161.596436	1048.017456	1102.259399	1141.383423	1376.077148	1130.641235	1158.187866	1155.417847	1193.08313	1234.444336
P21279	240.058609	425.4181213	398.7867432	418.2992249	384.7165527	282.5069885	438.0404968	528.4610596	334.9510803	568.1662598	443.6763611	436.4072571
P21440	266.3168335	293.9315186	357.3705139	299.6942139	333.0155029	383.0792847	438.0722656	409.2845154	317.785553	293.9074707	269.5527344	282.3043823
P21460	27.03565216	49.45985794	16.41789055	127.092926	0	0	13.81983566	30.12945938	0	176.181015	31.3880043	48.02057648
P21614	2077.617676	2020.242554	2283.700195	2390.7854	2217.246338	2430.791748	2955.437256	2635.032227	2406.322266	2105.827148	1944.559448	1955.915771
P21619	571.428772	658.8849487	586.4807129	645.4264526	662.2047729	733.614624	954.5022583	859.5445557	664.1845093	737.8339844	683.7940674	698.6820068
P21958	70.95823669	86.86488342	151.5701447	103.8615036	126.3904037	110.3871078	138.5368652	171.6460724	100.1214294	97.37656403	103.5042648	168.0717316
P21981	4981.141602	4484.074707	4028.128906	3926.810303	4129.293457	4210.082031	4563.695801	4140.369629	4073.786865	3786.336914	3228.615723	3806.463135
P22227	136.6732178	64.96695709	129.7247467	140.9258423	132.9804688	182.47789	248.1726074	131.880249	171.8004303	261.5237427	199.5970154	150.7314606
P22315	2107.213623	1953.695801	2069.861084	1934.106079	1592.188354	1800.070923	1679.641602	1749.603394	1393.31543	1705.769409	2019.733154	1724.562622
P22366	131.8341064	86.04124451	81.98227692	76.47866058	154.4621124	67.16052246	129.8195496	80.77882385	51.9609108	70.08480072	72.30747223	120.6529465
P22437	128.799881	46.22243118	100.5585251	82.7460556	141.140625	129.5966949	78.7230835	103.1543732	105.9478226	89.64167786	115.0666962	77.15391541
P22599	1248.094849	1894.299316	1485.787109	1623.202759	1229.670532	1301.531006	1556.51123	1313.15564	1202.124146	1560.640747	1424.536255	986.2400513
P22892	233.9247589	322.6770325	337.2398376	322.4822693	415.422699	301.607666	398.0250244	358.2083435	382.2370605	321.8675232	293.1071167	361.4586792
P22907	357.620697	333.8826294	352.3440552	310.9139099	355.919342	291.768219	349.3806152	268.3838501	331.9535828	278.131958	249.279541	236.4453735
P23116	876.1325684	841.5958252	899.2260132	814.965332	1025.744141	1049.852173	995.59729	1035.338867	971.2677002	928.6294556	944.4744873	1153.43689
P23198	509.0212708	407.8934631	396.3121033	504.4815369	436.6234131	384.7133179	617.6338501	549.3900757	503.8653564	451.3995361	510.0852051	360.2981567
P23249	233.8449402	193.1355591	244.0515747	235.5647888	195.3502655	283.0719604	226.9159241	343.4553528	299.7913208	189.8711243	255.245697	278.3102417
P23475	76.95591736	65.4072876	74.00481415	54.50388336	34.25373077	67.26311493	47.9704628	57.3328743	40.30257797	53.33654785	60.69883728	55.19491196
P23492	4335.32959	5504.489258	5691.550781	5299.249512	3913.922363	3749.47876	4335.346191	3310.650391	3803.271484	3770.429932	3360.452881	3534.968506
P23506	335.5506897	420.2605896	466.7745361	364.9528198	382.3964233	471.8368225	445.1870117	406.3597107	400.1341858	519.3682251	357.3611145	413.5101318
P23589	1700.721069	1612.214966	1568.890015	1363.199097	895.9207764	1044.821655	799.1903687	990.0734863	1272.351807	1148.862671	1213.403442	1168.355103
P23591	1174.789429	945.1050415	1016.388977	1065.321411	964.4733276	1131.098633	1149.137451	953.2643433	1142.572021	1027.87146	870.4785156	900.6939087
P23780	452.426178	550.425415	512.800293	575.0682373	1155.101318	867.6572266	1391.477051	1033.888306	714.8331299	722.7770996	755.0244751	767.5614014
P23927	0	356.4476318	190.5571442	0	0	0	0	0	0	0	0	0
P23953	2123.376221	1935.05127	2488.500488	2024.339844	2247.419434	2372.691406	2940.734863	2388.067627	1931.953125	2226.641846	2136.968994	2107.848633
P24270	47516.55078	44663.76953	52878.6875	48529.70703	50310.49609	45477.97656	67077.85156	39159.83984	44842.23828	46308.76953	48451.96875	42059.07031
P24369	11906.47266	10234.19043	10636.58105	10533.2832	12087.46582	12652.55078	13623.31641	13324.96777	11090.43555	12473.58984	10541.58496	11990.71289
P24452	168.5883789	217.7188416	182.9405975	168.6561279	175.7066345	203.03479	201.1789246	213.5910034	162.0449829	182.1634674	127.1576691	137.7438812
P24456	17454.24219	21177.95117	20231.20313	17769.48828	23096.99023	22362.7168	24949.28711	31352.49219	20993.16016	20555.9375	22873.61523	24478.41992
P24457	494.4849854	529.2297363	555.3269653	598.1321411	454.8233643	441.4366455	339.911499	917.664978	1021.803894	398.3250427	604.2503662	537.9540405
P24472	3224.816162	3950.656494	4186.583984	4071.595215	4276.571777	2941.481201	5447.151855	2864.580811	2370.608398	2034.133301	2326.757813	1812.645386
P24527	993.7974854	1189.859131	1075.128662	1177.555786	1094.612183	1098.927246	1159.708618	1031.963135	1176.75708	1043.003296	1158.703491	1161.579346
P24547	458.1399231	444.3390503	421.8830872	479.9089966	322.4602661	331.6388855	403.7241516	379.9944763	372.3851318	326.341095	395.4269714	368.5193176
P24549	44489.59375	42430.84766	43972.40625	45123.64063	48394.32813	46153.17969	48561.10547	49178.48438	62073.28906	48193.57813	46299.82422	39685.87891
P24638	189.3609161	134.4060364	246.8369293	202.5575714	187.2693329	162.2799683	190.0314789	227.9087067	142.5622253	135.0146027	84.38040924	158.9535828
P24668	338.9999084	323.941864	152.194046	265.6483154	366.5196838	255.1187439	314.1128235	184.1948547	320.7722778	221.1659393	219.2137299	232.9714813
P24721	182.4042511	152.7657318	263.5205994	177.4856873	59.78641129	330.097168	159.3251343	225.7316589	156.5011902	229.8716125	118.7481613	185.6128235
P24788	0	49.27844238	61.31678391	41.92113495	43.75939941	0	23.08215141	46.98184586	63.55978775	0	66.30754089	0
P24815	125.3558502	197.5049133	161.1020355	275.3492126	113.6360626	262.999054	114.888382	220.4456177	219.0053406	209.9133148	126.7444	292.7375488
P25444	7682.634766	7576.787109	6505.14502	6942.339844	8193.076172	7498.52832	7143.849609	8961.396484	6847.983398	7359.442383	7592.53418	7996.899414
P25446	0	79.22629547	0	22.09604454	24.79265213	0	0	0	80.18885803	0	0	0
P25688	63556.77734	52445.05859	67514.78906	53952.31641	58597.47266	55463.69531	64893.35938	50467.6875	48535.23438	47746.15625	56791.52734	41729.82813
P25799	158.0740967	41.05531311	82.04457855	188.5535431	209.8109436	129.0939789	141.8064575	201.1619873	172.2717896	70.4201889	71.622612	170.4277191
P25911	276.3969116	232.6850128	158.1120758	236.1154022	241.7365723	240.9249115	268.166687	247.8711548	240.6178894	280.2047729	278.0398254	281.4848938
P25976	91.89458466	110.6888275	129.5333099	141.8262024	69.80269623	143.4453735	99.7743988	134.2618866	69.40048218	96.26612854	88.39295197	99.72648621
P26039	2053.943115	2126.687988	1717.726563	1980.893188	1859.471313	1871.679688	2117.904541	2029.287842	1902.634766	1842.555786	1685.003296	1842.716675
P26040	65.24842834	60.36841202	90.95908356	74.45825958	47.67388535	78.64613342	82.72194672	119.88871	52.80174637	37.15483475	75.01541901	39.58344269
P26041	495.7846375	493.2058411	545.6009521	477.7810974	468.6119385	524.4354248	557.8873901	515.6008911	559.4997559	515.7360229	452.3255005	499.8468323
P26043	7093.241211	6689.390625	6251.748047	7572.929199	7562.869629	7816.433105	7994.140625	7769.73877	8835.135742	7991.033691	7270.382324	7674.128418
P26150	1692.950073	1721.420776	1900.035889	1372.134766	1827.240356	1823.141968	1912.558228	2063.505127	2222.752441	1762.837524	2011.929077	2046.75708
P26231	918.5519409	1034.107178	911.1230469	719.7107544	720.737854	745.550293	760.017395	897.2566528	757.8411865	766.9664917	685.6296997	727.84729
P26262	117.4172821	138.2442169	108.3204117	344.0800781	176.0590057	119.2550888	129.185257	182.7226715	139.8851013	126.074501	188.8549652	168.1255798
P26350	1557.471436	1044.599365	1124.50061	1238.482178	350.7648315	206.6534576	604.201355	820.5496826	1572.710083	1941.957031	1486.038818	1211.723877
P26369	1104.390259	945.236145	1127.710449	740.9639893	1014.086487	884.3962402	1004.579102	1197.500366	1041.651611	1288.298584	991.6112671	1153.870239
P26443	65457.125	63746.75781	62026.31641	64859.91016	74097.89844	72252.53125	66808.32813	69635.46875	82083.50781	80598.21094	79404.94531	86375.5
P26516	1207.16272	1468.889404	1363.543213	1330.009521	1349.096436	1312.870483	1477.714233	1268.89502	1295.658691	1429.022827	1093.057129	1368.707275
P26638	1480.33252	1723.932861	1764.587402	1634.696411	2144.106201	2019.733521	2062.000244	2099.411377	1597.767944	1717.199341	1465.032227	1893.865234
P26645	23.38316917	0	44.39019012	50.87353134	0	0	0	15.5880928	30.63732147	0	0	116.0818787
P26883	917.5401611	910.0531006	677.3214111	930.7927246	1213.428955	938.8391724	1129.490723	923.2349243	754.5491943	875.5126953	597.703186	995.9854736
P27005	110.8633118	208.8648071	108.5873871	158.0521545	182.1344604	136.2844391	157.7697754	110.4368896	101.510788	30.59424019	148.6331787	7.605430603
P27046	457.3973083	681.9454956	798.3181763	598.4490356	806.916748	726.5065308	873.9700928	708.7108154	733.6928101	702.3117676	840.7332153	733.1859131
P27048;P63163	1382.32605	1780.229126	1518.100464	1480.595459	1286.020752	1220.302612	1375.0354	1667.336914	1389.255371	1335.48291	1377.592529	1417.779541
P27546	267.3385315	177.0583649	177.7147064	162.8215332	78.39129639	92.95730591	86.95587158	199.4125824	232.0418854	202.9581909	126.0796432	121.0776672
P27601	2014.628906	2457.738281	2011.779297	1584.726074	1571.7948	1480.697632	1478.952759	1624.424072	1456.385376	1031.320313	1143.704224	1391.865234
P27612	279.2976685	282.242981	422.8131714	286.2449951	324.6759033	331.4569397	326.2214966	318.8626404	302.8627014	294.164978	271.2987366	309.0468445
P27641	194.0884094	243.2359009	195.6988068	144.2094574	63.88220978	115.3871155	85.40124512	121.556366	143.3811493	162.7724915	156.0821838	50.80021286
P27656	55.85028458	0	282.7446594	279.1079102	0	43.38100052	491.171051	0	197.5950317	0	0	112.1621246
P27659	3129.893066	3161.991699	4170.108887	3571.349609	3392.0271	3369.851563	3802.412598	3508.160889	3863.326904	3405.142334	3374.861816	3027.076172
P27661	1113.083496	1119.52478	1574.395386	1236.310913	1069.605103	1621.623169	1465.393311	2548.372559	1499.669067	1229.222168	1859.72937	1494.999634
P27773	25213.64844	22396.3418	22450.82813	22518.04688	25070.38672	25623.57617	29446.08203	30321.32031	23092.02734	23198.7832	23445.51758	25358.73047
P27808	132.6737671	76.16566467	195.5373688	114.2434235	140.321167	114.5161209	172.5541382	157.0084991	111.3999634	62.18690491	72.64439392	67.83524323
P28063	476.1304016	414.1828613	347.1892395	459.6912231	414.5706787	390.9745483	461.3058777	483.4074402	457.231781	472.8045349	355.8005066	609.2693481
P28230	52.57839966	100.2146378	244.4260864	53.97184372	45.81937408	127.4813461	44.31128311	203.013916	284.241394	261.8674011	88.3800354	26.39484596
P28271	7064.244141	7150.179688	7335.419434	6993.175781	7715.86377	6971.794922	7118.009277	8143.416992	8536.62207	8060.790527	7036.78125	7913.412598
P28352	472.8145752	287.3425293	318.4510498	396.7859802	416.8518066	353.0970764	422.401825	397.1356812	333.633606	237.3367004	349.6343079	310.0404968
P28474	5845.150391	8740.313477	8590.560547	7907.337402	5751.719727	6206.020508	6332.543945	6341.580566	7720.851563	7967.931641	6902.237305	7869.413086
P28650	330.1734619	367.6782227	421.4237366	343.3407898	178.8877106	241.7167664	249.8491211	184.3940887	233.0052948	156.4512329	279.6722412	97.35150909
P28651	547.0855103	437.4495239	510.6434631	375.0032654	364.2741089	325.361969	307.203125	286.7176208	233.3012695	278.5949707	333.2994995	246.2093658
P28653	679.9282837	1778.571167	1466.983521	939.7015991	484.6511841	892.817688	739.5283203	706.6611938	461.9537659	813.2265625	689.4545288	739.1487427
P28654	410.1092224	2782.338623	2051.209473	643.8015747	714.994812	601.6849976	538.8116455	730.2153931	422.8031311	829.9765015	671.3046875	900.3317871
P28656	624.4517822	652.8937378	645.1635742	525.7376099	898.4141235	660.5286865	849.3433228	1087.325439	644.3140259	864.2918091	682.3236084	993.1709595
P28659	292.5632019	172.6042328	297.5630493	243.5881042	226.2648773	303.8904419	318.4036865	230.5382233	287.0257568	230.6359711	201.6047058	298.3077393
P28660	59.91478729	142.465744	78.18621826	81.0692215	94.12271118	77.13847351	94.41735077	95.67342377	88.85150146	63.6784935	99.97267914	49.65581894
P28661	161.2086029	133.1919708	91.11477661	78.4879837	87.52179718	81.20238495	61.66230011	95.86605835	81.7081604	156.2261047	155.3930359	122.6642151
P28665	3230.940674	4027.700195	4193.495605	4226.260742	4096.567383	4051.695313	3964.263184	5744.672363	4911.795898	5239.469727	4736.14209	6118.264648
P28666	238.3323669	212.8877716	237.2301788	177.6648254	166.2874146	206.5144806	175.6025696	187.1352844	174.875824	147.1179199	210.4828949	132.7533875
P28700	29.00405121	10.12187481	0	0	70.43981171	87.29360199	67.53105927	94.46588898	0	47.12018967	71.97058105	49.57490921
P28740	163.4831238	73.33001709	0	103.2936935	96.62541199	71.81760406	37.00030899	56.75119019	88.53730774	0	0	50.79224777
P28798	105.0191269	65.39141846	43.79418945	0	90.35811615	82.70616913	98.00322723	126.8522797	0	110.7243118	0	18.17902756
P28843	1973.942017	2276.017334	2398.38501	2043.782593	2238.546631	2411.3396	2319.0354	2277.54248	2147.331299	2211.786133	2651.518066	2396.291504
P29341	5720.131836	5280.101074	6153.466797	6348.705566	6729.262695	6188.704102	6962.944824	6085.849121	5653.119141	5985.702637	5416.601563	6435.843262
P29351	319.5376282	337.14328	266.5420837	330.5056763	398.787384	440.1972656	458.9478149	438.1506653	403.7177429	449.5213928	411.0121155	365.0851746
P29391	22133.9707	19549.2168	20393.20117	26797.49805	16740.72266	13458.80859	18097.68555	10971.05078	13088.01953	15745.97168	21620.33984	14493.01758
P29416	258.6030273	370.7355652	238.7661285	320.4677429	400.7954712	460.2356567	396.1602173	415.1886597	318.7410583	270.3547058	320.0746765	329.4624023
P29595	596.965332	640.076416	752.5930176	689.4368896	551.2695313	591.6085205	389.9367371	557.1164551	832.2789307	611.6542358	500.7172241	671.1201782
P29699	71.58139801	181.967804	129.7755585	116.1831284	150.6199799	83.63750458	114.2648926	180.0748291	96.40143585	268.3942261	165.1325073	312.1242981
P29758	15741.8125	16712.56641	17527.06445	15143.6875	7843.762207	6123.141113	6941.021484	3693.291992	4445.434082	4383.981934	6414.26416	3443.123779
P29788	472.3475647	518.602417	497.1699219	511.9222717	440.8754883	422.9248047	456.4089966	397.7264709	398.3335876	386.9225769	315.8070679	459.8389587
P30115	71181.47656	74140.83594	64358.65234	83739.35156	77046.8125	71221.48438	76842.09375	67458.35938	79085.85156	74299.67188	88544.86719	83413.89844
P30204	81.48306274	42.57349396	20.19123459	108.9928894	51.51780701	265.8102417	63.57315063	90.91011047	100.0487213	103.6797028	77.1050415	124.1959915
P30412	0	16.47556686	47.70640945	26.15302277	0	65.58122253	37.12107086	14.75738716	0	25.80360031	23.158144	8.395483971
P30416	791.9109497	642.4627075	685.0425415	594.7518921	773.5232544	826.3713989	920.7615356	753.5747681	866.5504761	711.2128296	801.1115723	863.6908569
P30681	111.0805588	296.5432129	303.704834	236.4506378	248.5031281	168.8881531	153.7811279	208.4418488	207.5530701	241.4665222	230.9407196	162.119339
P30933	68.00250244	16.0712471	21.32971573	0	0	0	150.4324646	38.7883873	3.746619701	0	68.76620483	0
P30999	882.7288818	1107.289551	951.4386597	755.3809814	751.5679932	704.4817505	787.7984009	1151.832275	951.2212524	925.8986206	1012.59906	1012.168091
P31001	373.258667	992.2150879	907.1634521	461.2507935	455.6862183	496.0585632	614.732605	585.5821533	494.9042053	475.2466125	374.5180054	608.6253662
P31230	925.6248169	889.210083	834.5401001	1130.15979	1162.343384	1090.040283	1008.235596	1101.574463	1072.222534	1052.11145	817.4575195	980.9920044
P31428	59.34283447	239.4384766	159.9386902	103.1438293	16.21418571	104.1401062	36.17243958	139.6838684	52.94131088	0	14.47361279	66.10723877
P31649	180.7722473	40.60089493	0	325.1121216	38.63121414	33.55081177	261.8101501	144.556839	16.64481354	211.7777863	154.4898529	262.0667114
P31651	226.4897614	401.859436	435.2233582	419.7055359	245.375	346.7622986	350.5749512	370.6470032	436.1010437	374.4381104	541.8103638	435.1653137
P31725	1022.094849	872.8013306	618.6847534	1208.195923	1057.605713	794.3972168	1093.844849	672.9823608	529.8568115	360.6591187	207.6410522	485.2657776
P31786	60857.36328	59407.71875	45618.51953	68885.21094	55363.43359	54446.19141	58117.30078	48679.14453	52196.62109	65486.44141	54592.54688	52642.69141
P31809	964.6612549	866.2786255	261.011322	881.6881104	1217.342041	1071.61377	1092.677856	880.3942261	1056.92334	1143.854248	1090.387695	845.6335449
P31938	283.0764465	266.7987061	270.8601379	268.9988403	321.6566162	299.7584229	286.8294067	242.1021423	334.9629822	292.4233704	183.5601501	227.7226715
P31996	264.7753296	238.0553894	250.0622559	77.38889313	588.4470215	321.8348389	565.9191284	425.5423279	276.8764343	337.6148071	178.7058868	247.4820099
P32020	51555.65234	41457.53516	41663.29297	47904.64063	58071.45313	55947.51563	67367.05469	63435.64063	67753.77344	55860.10547	54435.9375	54965.82422
P32067	1141.824585	993.6236572	921.057373	1115.707764	1024.988525	1171.678101	1185.831299	895.7452393	967.873291	1156.378784	1160.463867	962.0302734
P32233	200.276535	264.2168579	333.8682556	265.4525452	280.8911438	258.4311829	300.7015686	262.2722168	229.2017822	230.9113312	234.970108	313.8421021
P32261	1115.553467	1416.918823	1227.024902	1559.89917	1247.751465	1267.302856	1381.794678	1331.671265	1170.804199	1469.056152	1153.255127	1134.622314
P32507	164.5177307	164.5471497	242.7163849	212.4790039	242.2830811	189.9438019	219.0841064	204.7625122	94.80350494	170.8227386	231.0549774	208.6796417
P32848	0	425.2724915	260.0913696	168.7055511	180.4160309	247.0768127	15.90969563	295.1520386	92.18125916	271.03302	185.101181	192.7849274
P32883	85.25042725	134.6442261	0	92.79928589	106.6586761	12.71433544	41.07489014	0	0	31.06532097	72.5305481	50.22748566
P32921	508.0297546	541.7005005	856.9738159	497.1378479	478.6891479	656.0540771	510.5296326	721.5203857	537.1600342	555.4187622	563.6260376	711.2231445
P33267	11192.6582	10607.50293	11646.05078	10578.84473	14163.43066	10859.66797	10456.25879	15626.08398	11645.81152	10471.75195	9649.02832	12675.06152
P33587	162.2465057	138.9836273	143.5851288	151.0099792	124.6798325	138.765625	125.9187241	118.0995865	231.8223877	198.6810913	119.1214371	174.409668
P33622	251.5580902	552.9094238	685.0255127	505.5622253	404.0318909	467.921936	277.2254944	592.7411499	380.6791687	581.9083862	381.2067566	371.9363708
P34022	690.8235474	704.4529419	818.713501	586.8083496	658.0891724	654.7974854	717.4535522	676.9483643	728.8870239	839.1172485	502.5100098	893.5466919
P34152	130.7667694	98.27746582	66.83879089	123.1494751	140.8061066	0	0	106.5626755	38.73266602	89.67626953	92.12260437	157.7460022
P34884	8875.235352	7707.998535	7091.36377	7354.452637	6843.019043	6106.491699	8752.226563	8311.746094	6584.37207	8070.65332	6274.994141	5841.193848
P34914	16922.9668	16305.95215	18993.86133	17782.60938	24325.75	24600.18555	24611.5918	27076.41797	25085.78711	22664.05273	24353.12891	26353.85742
P34927	2223.375	2207.564697	2187.773193	1919.081543	2351.048828	1851.062134	1814.891113	1628.913574	2488.808594	2433.176025	2393.07251	2343.628906
P34928	3008.840088	2055.913086	2102.281738	2599.608154	1269.92627	1763.585083	1264.211792	2319.393555	2276.994141	2311.85376	2213.769531	1944.404785
P35123	162.9745026	171.1974792	143.1298828	173.5086975	180.5856018	170.6951447	146.1052399	184.7714539	195.0157776	176.200531	136.6408997	163.8960724
P35235	290.6628418	220.5800934	249.815567	320.098999	343.3447266	305.7628174	217.6083374	356.329895	238.0361786	286.1122742	288.5279541	253.8745117
P35278	861.1364136	746.3517456	632.397644	895.8324585	695.6106567	821.8249512	845.8374023	652.0100098	794.2658691	653.9795532	621.557373	564.2767944
P35279	642.897522	612.5275269	766.5042725	598.756958	626.8973999	603.5422363	632.5742188	612.8947144	567.0321045	532.2030029	634.8153687	678.9054565
P35282	294.3635864	315.8841858	296.9959717	237.4098358	224.9228058	344.5350952	358.6144104	301.5762939	242.7498779	293.1350403	241.355072	337.3902588
P35285	105.030014	92.87862396	139.0717163	116.8448334	90.03002167	83.2609024	173.9224091	79.23542786	45.39839554	139.1961517	98.24494171	143.5271301
P35292	99.67605591	51.21753693	80.20578766	76.53323364	66.77393341	77.45871735	73.86291504	86.87376404	67.69213867	80.41545868	55.71498108	30.47774506
P35293	1120.164429	928.6804199	1257.329834	1076.69519	1301.959351	1155.499146	1518.504883	1475.935913	1177.298706	1160.61377	1212.572021	1172.820801
P35441	94.65981293	134.9765472	118.5145569	94.35644531	136.9367218	131.8052826	74.97306061	93.62583923	256.6575623	104.6794052	149.203064	173.7088013
P35486	3818.696777	3939.52832	4037.898926	3838.404785	3590.681152	3659.440674	3847.175293	3189.357666	3535.638428	3900.214355	4338.300293	4023.109375
P35492	6125.300781	7307.25	6075.306641	6251.955078	3373.81958	2818.29834	2079.035156	2699.186523	4131.865234	5136.143066	4010.169189	4295.240234
P35505	21010.27344	24853.70117	21685.66016	24154.73242	24377.93164	22139.85547	21599.54688	20690.08203	25496.88672	24768.60156	27127.86719	28391.60352
P35550	2545.394043	2426.320557	1914.310425	2647.180176	2677.999512	2571.112793	2165.062012	3010.732666	2651.04126	2505.352295	2347.465332	3374.69873
P35564	6970.304688	5598.430176	6203.563965	5662.932129	6940.075195	6919.855469	7640.235352	7311.424805	6327.76416	6276.541504	7167.17627	6518.800293
P35576	615.9886475	313.2424622	332.2741699	390.0984192	776.6131592	571.5558472	651.2429199	1060.106812	769.3951416	705.2650146	815.2354736	738.6751099
P35585	382.4385376	464.5945129	587.0089111	443.6123962	473.9286499	511.2128601	556.1233521	601.9995728	439.5487976	535.9199829	468.4325256	528.7484131
P35700	62307.69141	55861.92969	58781.46484	60676.44531	70258.01563	64152.14844	69488.59375	60110.21094	61585.86328	62013.49219	59772.29688	64009.75391
P35762	64.9568634	158.6999359	68.52934265	23.88773918	60.06146622	98.40084076	226.2105865	420.1864014	144.9979706	82.18786621	331.8006897	150.7302246
P35821	961.916687	858.484314	700.8944702	648.5943604	217.7535858	296.9833679	192.3516541	113.6905975	235.3803406	310.3128052	181.2247009	272.019104
P35822	71.40081787	40.44256592	81.80677795	76.57382202	40.89343643	67.29667664	59.88739395	47.47579956	37.72493362	56.10248566	90.14701843	86.05892181
P35922	183.7053986	208.251709	212.5828705	55.15904617	59.95328903	124.0403748	233.3110809	277.5806274	215.9890747	209.7340393	149.0528717	108.2787476
P35951	290.6184082	295.2871704	301.1962585	249.2407227	258.1392212	266.6138	233.243515	302.3081055	224.8627167	243.0746155	218.3453674	315.114502
P35979	15237.27441	15077.59863	17324.91406	14416.0459	13327.62598	16113.79102	15169.25293	12579.69922	14887.7041	14243.2998	12287.78516	10105.7373
P35980	11161.13281	8670.098633	10989.70117	11039.82031	11456.05273	11397.45508	10280.11719	13126.99414	11597.82422	11000.60742	8464.341797	7957.623047
P36371	120.2738876	92.424263	140.4695587	145.6664429	143.5139771	66.35529327	238.3617706	133.3082123	149.0519104	112.9747925	156.5882721	70.48152161
P36536	236.6977997	309.9423828	399.665802	478.2711182	489.9112244	436.8275146	492.3979797	358.2383423	398.9223938	275.5856018	630.0681152	277.260376
P36552	2096.638672	2329.911133	2189.507568	2084.992676	1688.860596	1691.06189	1710.443359	1387.722534	1802.345093	1838.933716	2159.465576	1841.10791
P36916	123.7544174	95.74606323	69.73156738	80.45298004	122.6206894	96.5309906	71.96607971	89.10333252	125.9703064	101.8978577	110.1387863	135.5413361
P36993	445.1016235	458.50354	428.9838867	402.0241089	403.5635071	486.4936523	410.8532715	367.1061401	433.6843567	478.9937744	486.002655	382.3767395
P37040	7745.805664	8820.144531	8337.927734	8338.044922	9441.207031	8299.150391	11782.97363	8317.075195	6945.921875	6993.911621	9267.918945	6338.787598
P37804	309.8925781	577.4176025	522.8466797	124.6883011	174.5835266	193.8620605	173.7612	204.9923096	154.6093597	134.048172	165.8358459	280.9391479
P38060	8740.53418	6796.572266	7126.074707	7241.866211	9702.65918	8334.951172	8814.453125	7496.665039	7846.84668	8868.269531	8872.172852	8267.022461
P38647	28359.75391	25893.76563	25703.85938	28483.55664	25277.93164	24905.17383	25693.46094	24623.28125	21377.15234	22620.13867	25361.52344	23037.6875
P39039	188.0626831	106.1112518	212.0075989	244.2881317	205.4109497	385.8174438	439.6923218	323.9762573	416.2286987	242.22612	59.12394333	265.1847839
P39054	536.7920532	563.6898804	580.4320679	560.019043	493.0375977	421.0057678	480.4303284	525.8959351	498.4217529	516.2539063	492.8205566	580.9018555
P39061	691.0750122	566.7012939	508.7770691	474.4648743	473.4467773	529.3778687	536.914917	551.7702637	480.2308044	709.0379639	581.7283936	616.0600586
P39098	0	23.44381332	0	65.76309967	60.52758026	40.28215408	0	31.27268028	13.87280369	126.8074493	45.53511429	57.68675613
P39447	470.6291809	453.3084412	405.8177185	417.8174744	418.9154358	410.0901489	428.56427	441.2923279	387.4755249	400.85672	390.3936768	414.7530518
P40124	979.6762085	1069.700439	839.2849121	972.8582153	1093.498657	932.0192261	1101.064209	1131.650513	1062.931274	1026.305542	890.9432983	1155.290039
P40142	13229.11035	12655.06934	13079.71289	13970.8252	14644.10254	14946.2168	16037.16992	15483.70117	13243.76465	14491.77734	12927.5459	13598.66406
P40237	298.5274658	220.0833282	363.7082214	239.7611084	301.2022095	320.1358032	354.4039001	373.0628357	244.1208496	249.3462219	190.396225	290.2788391
P40336	745.7857666	721.9281006	763.1704712	789.2807617	646.244751	864.5169678	953.4387817	1079.629517	875.7150879	953.0125732	884.7858887	947.5586548
P40630	548.0281372	589.8604126	663.0040894	535.21698	434.2264404	604.493103	543.9631958	623.9782104	626.0506592	730.7770386	628.5031128	604.7042236
P40936	2832.215332	3346.366455	4121.578613	3984.484863	4709.562012	3874.590088	4147.261719	4308.790527	5290.159668	4819.175781	6688.706543	6344.70752
P41105	2215.041992	2127.888672	2075.964111	2086.817139	3135.764893	2965.037354	2840.705322	2683.144043	2568.444092	2621.463867	1843.568359	2017.51709
P41216	12674.15918	12177.08105	15476.35547	11881.14941	15297.96777	17356.60352	17194.76367	18842.59375	15861.8623	15816.41992	19995.95313	17077.60742
P41233	85.45791626	75.95069885	112.5161896	100.2564468	104.4719162	120.2633133	198.7318878	129.9394836	124.3631287	135.7564087	118.3967514	106.9777527
P41241	396.507019	440.0979309	446.0002136	498.1879272	360.7666931	496.0859985	530.6141357	624.8648682	347.9168091	629.6450806	381.5873413	512.7192383
P41317	288.5624695	277.8738098	532.0662231	178.228714	565.6309814	505.868866	516.8468018	985.2055664	625.8261719	497.4754639	636.2741699	738.7213745
P42125	20947.16406	20142.34766	19408.78125	21272.94922	19334.18164	22848.17383	24139.49023	18634.30664	24633.33789	23276.05469	22655.87109	20787.48047
P42128	0	0	7.669508934	14.43606663	0	12.94465637	23.4200058	62.83315659	22.49787521	14.68637371	33.83297729	51.25302124
P42208	1073.024536	1050.604736	1072.423828	948.1844482	841.84021	862.7476196	907.3597412	952.5952148	760.3470459	1064.007202	854.4500122	1021.199341
P42225	290.0135193	184.1512146	245.4629822	297.1233215	214.6633148	301.555481	304.5819702	339.9694519	385.6437988	314.8936462	251.8012085	326.8496399
P42227	236.5078888	276.4185486	302.8531494	257.3015747	242.6129608	235.5247345	336.8720093	159.4809418	238.8564758	227.8565369	175.53508	242.1497498
P42232	52.76723099	79.38180542	65.87580109	52.98403168	49.66441727	85.7980423	38.62531662	76.23898315	107.7105484	60.35206223	77.81635284	29.61139107
P42567	181.7656555	102.9626617	225.3801117	130.4049683	158.2756958	93.96112823	116.2056503	157.3066559	117.6091385	107.9649353	132.6551514	147.3727264
P42669	3271.140381	3069.049805	2759.239014	2738.718018	3094.918457	2886.715088	3308.244385	3386.763916	2738.096191	3053.215332	2950.226074	2843.953125
P42925	372.6910095	359.6407471	400.0874939	408.9732056	290.7930603	286.5730591	312.1655579	209.2823029	236.2006989	260.9712524	327.1343079	223.7193756
P42932	4399.401367	4511.553223	4231.530273	3781.518066	4341.364258	4470.429199	4371.566406	4233.776855	4180.594238	4062.589355	3953.164063	4190.945313
P43006	81.3350296	125.3259125	155.2535553	147.1107025	109.3600311	62.87201309	75.62978363	105.9528809	46.4199028	116.4400635	122.3999023	100.0973434
P43024	1215.363525	1945.504883	964.8758545	2025.804565	1520.439453	1506.755859	1444.592163	1432.596191	1381.719849	2275.902832	1896.601196	1492.275391
P43025	235.9029388	116.7644424	282.7345276	287.21521	392.1132202	451.3715515	256.4227905	261.8218384	396.9815369	413.0857544	297.0976257	417.7106628
P43274	10182.70801	8902.803711	10845.02539	11922.78223	6039.114258	5915.285156	10682.9541	10212.87012	11970.65039	8272.500977	13556.49512	9545.806641
P43275	151.2553253	198.2722778	191.8623962	152.1841125	206.3677368	92.25302887	218.6572876	396.9499817	193.3562622	245.7488556	162.0141754	221.5799713
P43276	283.6347046	422.5135803	377.370636	285.0889893	271.3204956	298.0772705	374.011261	416.6194458	245.5014038	381.7868347	216.6061707	332.2782288
P43277	12597.81152	10785.22266	14297.92871	12779.60449	9795.241211	11484.49414	11663.5752	15176.17188	10330.77246	12252.2373	11937.96387	14731.92578
P43406	51.64113998	52.7274971	65.35005951	53.7549324	50.06648254	73.23310852	58.77680206	21.1978302	23.04209328	69.88760376	61.40307236	59.16320801
P43883	354.7599792	182.8169403	693.5361328	373.8269958	1427.115479	1110.256714	2087.469971	1674.090332	1337.425903	1401.961182	1238.393311	1160.959961
P45376	510.2337036	653.5899658	566.6376953	494.1453247	455.1492004	601.4648438	586.9500122	587.420166	609.9643555	581.196106	502.4367676	837.1416626
P45377	697.4924927	870.0706787	698.2035522	795.7825928	504.0084839	505.7582703	553.1848145	435.9882507	557.1820679	575.2576904	643.1086426	440.4057312
P45591	1010.399719	1000.052612	1023.412109	884.1759644	793.4801025	918.7438965	846.7171631	715.1901245	956.9122314	808.7615967	798.0436401	697.8364258
P45700	378.1576233	439.4184265	548.2791748	441.3070984	556.6960449	538.2059937	552.6685791	586.1610718	445.7114868	513.1555176	521.7792358	472.8063965
P45878	2688.432373	2668.422852	2988.583984	2783.500488	3481.640137	3454.161133	3903.22168	3938.702881	3365.279541	3194.324707	3103.135498	3006.216064
P45952	24416.66602	25105.37695	25192.46094	26811.98438	25903.18359	27089.03516	26319.25977	25509.23438	25061.73438	24204.22461	29268.64844	24470.00391
P46061	155.8595734	281.4428406	218.0782928	262.0179749	230.5765381	194.6720581	187.2977448	214.2750854	213.7191162	200.9981842	199.5533905	318.459198
P46412	206.0614777	346.8573608	204.6524963	318.4701538	116.0982666	176.4528503	140.2795868	151.4942322	100.217926	108.6548462	165.3155975	127.1299667
P46460	269.6036377	279.4274292	310.2556763	275.9823303	270.2846069	254.3341064	224.2204285	339.6617432	270.2723694	310.9671631	296.1827698	302.8294067
P46467	396.9376831	351.8252869	303.4518738	412.4407349	320.3432617	352.8328552	386.2816162	386.9577026	356.9178772	410.717865	348.2777405	350.282135
P46471	1636.996948	1531.519409	1506.515503	1478.221924	1456.022827	1477.400269	1526.550781	1433.372681	1440.610596	1418.042603	1309.230347	1248.534668
P46638	2615.848389	2413.055664	2601.510498	2553.517334	2877.36792	2534.679443	2921.43457	2505.625732	2368.479492	3142.756592	2509.516846	2235.109375
P46656	527.3650513	738.3670654	447.6043701	810.4507446	537.5616455	272.7662964	336.2716064	204.4312134	1299.241943	609.8875122	371.1984863	1310.332031
P46664	871.24646	735.1641235	824.1289673	753.1451416	910.1137085	825.1957397	704.8209229	866.288208	843.4358521	733.5719604	710.5189819	973.7617188
P46735	649.5620117	770.0838623	918.5817261	753.7758179	806.5938721	698.2457275	709.1199341	803.0600586	823.3643188	696.0730591	865.6647949	828.0437622
P46737	11.40295506	52.5664978	76.86444092	59.37509537	146.2931976	63.09815598	42.85843277	86.13912964	42.50093842	39.63629532	83.70638275	42.80129623
P46935	280.8209534	262.1588745	287.7026978	259.7759705	274.5450745	318.1578674	309.3764648	361.8433838	323.7992859	322.5921326	187.3828583	285.5414124
P46978	2314.099609	1969.272949	2320.13501	1861.35144	2707.074951	2720.35791	2662.280762	3057.299316	2548.393555	2439.519775	2650.660645	2811.64917
P47199	5679.872559	4532.505859	4747.0625	5208.19043	4731.820313	5124.404297	4628.984375	4254.362793	5951.656738	4878.240723	4751.625488	4356.083008
P47738	79454.24219	74373.26563	76382.11719	75916.77344	65838.33594	62143.38672	67641.46875	70219.98438	73622.07031	67220.98438	77450	68121.8125
P47740	10566.69141	9685.341797	11803.80664	9865.226563	19675.26953	20019.90039	23621.24805	22447.73242	15813.68457	12630.65723	17289.60742	11761.3457
P47753	1097.94873	921.2327881	945.6829224	868.6005249	859.397583	960.6115723	900.1090698	862.5090332	927.4008789	1049.939331	715.4413452	988.4335938
P47754	3701.50293	3220.171143	2458.649658	3185.730469	3279.885986	3732.501953	3778.652832	3783.519531	3378.690186	3285.789795	3221.408936	3697.216553
P47757	1363.772095	1366.666504	1519.559082	1312.974243	1310.641602	1524.143311	1476.487183	1502.57019	1414.012817	1537.789063	1559.210693	1502.494141
P47758	291.265564	298.1350098	346.3817139	270.0633545	287.2490845	301.8024902	240.8013458	584.0777588	326.6928406	262.9599304	225.3205566	389.2616882
P47791	1780.530396	1479.412354	1631.004883	1561.570801	1816.062988	1674.769897	1749.282349	1580.498291	1371.369873	1401.487549	1405.460083	1604.656006
P47802	455.802887	448.3288574	458.5594482	489.4986877	580.6168823	501.0602722	468.7720642	468.2734985	505.8022156	568.6911011	503.4303589	496.0602417
P47809	135.1417847	166.0897827	114.966095	75.45990753	176.6091461	158.3492432	109.8664322	97.52250671	198.4785614	118.6421051	156.1349945	164.2836456
P47811	90.48361206	67.77462769	84.28196716	117.7715302	153.0444489	117.907608	161.8349457	106.213829	101.2201691	132.444046	134.8418579	127.1021881
P47856	181.1737976	193.6268005	152.4665375	100.8726196	179.0979309	161.1611023	161.176651	152.2717896	209.8638763	168.867157	146.8029633	129.887558
P47857	160.3588104	186.7301025	187.1366577	111.66465	43.47860336	160.8891144	88.27206421	101.6626587	141.4946442	277.0438232	127.8822937	116.8611679
P47911	13914.80566	13310.93848	15864.08789	11394.65234	16317.92871	13661.50391	14765.87012	17292.74805	13734.1748	13248.05664	14190.2373	16073.9209
P47915	288.2272949	775.0835571	257.1963196	123.7770004	408.8323059	9.970341682	131.0213318	303.7173767	385.3021851	275.1800232	546.5559082	161.493042
P47934	544.046875	524.807251	785.6014404	588.6622925	911.0238647	769.4829712	1059.753296	804.4304199	595.7349854	633.6375122	731.6880493	512.7459106
P47941	471.4458008	514.5581665	518.4978638	575.4449463	432.7723389	446.1039124	522.8571167	483.1053162	537.6221924	455.0585632	415.7529907	443.1976624
P47955	17924.62109	12035.44043	16786.64844	14785.60547	15317.95898	17616.69531	14485.66895	14175.96777	14282.5459	14179.45605	13758.35645	12190.99512
P47962	3999.719482	3921.354004	3810.638672	4502.161621	3970.197998	4501.003418	4127.865234	4223.698242	4170.989746	4473.668945	3385.493652	4295.441406
P47963	13875.61914	11837.81152	13607.40137	12684.48047	14632.52441	14367.23535	14397.08301	15619.54297	13569.74707	13213.2168	12919.27832	14458.29199
P47964	3721.41333	2420.371338	2566.091797	3226.963379	4111.158691	3639.717773	3429.352051	4127.327148	3030.039795	3128.862549	3693.556396	4070.791992
P47968	76.18286133	0	0	10.44214916	60.38134766	24.86454582	28.93306541	0	9.622776031	68.80474091	0	0
P48024	203.3173676	94.50492096	163.4291382	87.6212616	201.323822	196.202301	117.888916	295.0326843	295.5407104	230.3964691	228.0096893	235.6642303
P48036	8564.426758	8919.875977	8505.175781	7607.620605	8622.231445	9256.560547	9442.487305	10269.2373	7153.646973	6420.476074	6795.225098	6930.769531
P48193	263.7565308	212.8238678	251.5321503	201.4592285	255.605072	129.6776276	230.3954315	171.3757935	221.9501648	301.4371643	171.3752594	156.725647
P48410	123.2820969	146.4184723	135.1442871	0	111.8382263	154.60849	95.27853394	157.7881165	91.29042053	88.71225739	165.6268921	96.70374298
P48428	186.3536072	302.2891235	352.8590393	333.7016907	324.228302	366.3575134	355.7538452	182.0576172	339.5010681	334.7543335	322.6698914	345.2712097
P48437	821.034729	750.6619263	710.5719604	541.5799561	819.2970581	522.8551636	583.1541138	603.2124634	347.5481262	1157.28418	1171.509521	667.447937
P48678	2354.910645	2475.786133	2823.863037	2335.621094	2667.292725	2523.206543	2818.739746	2913.953125	2317.353027	2503.515137	2199.332275	2495.824707
P48722	369.6416931	228.277832	324.030365	355.9764404	372.7193604	305.2200623	353.6761475	292.6833191	256.3223267	357.3370667	222.8032532	296.7186584
P48758	5647.42627	5393.994629	6435.150879	6100.634766	8700.551758	5397.325684	9382.230469	4447.131348	4031.005371	4443.644043	4720.810059	3876.932617
P48771	6894.686523	7058.594238	8135.15625	7104.483398	6156.42041	6588.677246	6852.819336	5058.143555	7546.137207	7810.270508	6726.185059	5847.680664
P48774	47.70175552	117.9602966	71.02458191	58.95363998	133.6879425	67.59285736	80.19986725	0	81.3639679	46.08492661	62.30940628	99.79827881
P48776	598.8303833	1152.552734	940.6268311	972.9932861	1282.520874	910.5419922	1088.309692	961.5697632	828.5043945	986.7116699	1396.215698	1093.3396
P48962	10368.12109	25286.62109	24809.23633	9085.550781	10978.07129	8608.37793	8715.524414	13257.09082	13505.29004	12701.55664	12834.55469	14791.47559
P49138	73.17599487	125.5162506	164.4190979	131.1317749	104.3511658	38.65787125	78.86200714	89.23046875	220.7881317	126.8243179	57.9432869	71.79902649
P49182	260.6994324	329.6324768	434.6122742	250.737381	227.781189	202.9529114	269.3818665	239.316864	266.3061829	293.7364502	306.5804138	302.6703796
P49222	3.797445774	43.53965759	26.95624161	18.79783249	37.8490181	39.26259232	0	90.2064209	58.6944046	70.69329834	37.79148865	0
P49290	104.6424789	53.69832611	91.23758698	73.80693054	0	74.36148071	38.50348663	22.86743736	0	0	4.12409544	10.95055771
P49312	2949.663086	2739.035156	2757.501953	2892.729248	2497.365967	2788.116211	2784.432373	3004.258301	2549.463867	2796.234375	2610.194824	3383.914063
P49429	26991.29688	34000.73438	29693.15234	32208.5625	23730.59766	25385.16602	23519.32617	20957.94727	30797.36914	32455.09766	33551.52734	28586.4375
P49442	196.2007599	189.5731964	115.7940063	128.1303101	123.243782	114.6482773	260.5843201	174.8797455	226.9672241	167.1291351	153.0478058	180.9681396
P49443	494.8211975	456.241394	459.3954468	540.6483154	543.5209351	608.8565674	475.7274475	475.6208496	513.9619141	586.3267822	429.0590515	509.9910889
P49586	454.222168	444.1663818	265.9926758	521.5102539	555.5453491	327.7890015	727.3259888	480.6918945	478.7304077	498.0501709	417.0551147	468.4440613
P49615	128.1440125	248.3161469	168.4187469	105.9238129	81.25513458	98.5100174	109.9293365	48.59138489	126.7631912	124.3545914	49.31769562	61.33090973
P49698	50.40502548	146.3826599	141.5627747	131.2828217	84.89936066	89.50430298	112.9482803	89.41381073	39.41314697	87.74942017	88.47922516	26.37104607
P49722	2430.287354	2979.42041	1341.072876	2364.536865	2336.962158	2693.386475	2664.438721	2460.559082	2786.097412	2784.720703	2610.611572	2682.637939
P49935	1780.892334	1857.084229	1403.466675	1624.731323	1944.134644	2069.4104	2387.587646	2140.861328	1592.502563	1698.378906	2341.581787	2206.322266
P49962	447.4664917	406.360321	359.993103	212.9047699	425.7772522	410.7253113	332.1450806	397.4767761	424.0727234	443.3821411	371.2680664	427.6848145
P50136	4659.394531	4607.58252	3470.831787	4231.764648	3055.217529	3641.790039	3227.53418	3170.418945	3606.197998	3906.705811	4640.554688	3744.52832
P50171	1089.610962	1868.245972	2681.83374	1494.467163	1505.693481	1606.914307	1068.965454	1540.227661	1206.30957	1625.832031	1759.110718	2289.970459
P50172	3843.548096	5261.701172	6073.806152	4532.46582	6725.15332	5531.120605	5771.594238	6064.613281	6183.478516	6230.988281	7500.13916	7278.926758
P50247	59812.36719	56015.29297	50848.80469	57542.10547	45815.62891	48899.11328	45708.99609	47800.60938	52822.89063	53354.25	58569.69141	56146.60156
P50285	3524.39624	4003.973389	4467.552734	3505.420166	4634.638672	4671.498047	5196.883301	4646.435059	3954.882324	3304.395996	4666.775879	2959.398193
P50295	476.6593323	544.5262451	502.4057312	454.0672302	498.1194458	603.3669434	614.0855713	469.526886	630.4207764	490.6087341	532.9020996	669.2738647
P50396	543.4188232	553.6263428	581.1236572	526.8825073	576.2249756	524.578064	511.8437195	666.6160278	505.5951233	556.9505615	554.0380249	699.7729492
P50427	815.9549561	769.0827637	752.8882446	680.9631348	1186.05896	1102.996216	1392.589111	1057.690552	527.6671753	867.5112305	859.0843506	296.8597412
P50428	218.1921082	176.3025818	103.8569641	136.0394897	289.0804749	242.4437408	315.9124451	338.9217224	256.1469421	218.2185211	122.0525131	120.5956955
P50429	867.2796631	777.227478	869.7507324	828.401062	1810.997925	1742.677979	1905.718628	1561.664917	935.2436523	1047.971558	1523.340332	1195.937744
P50431	4719.787109	3860.635498	3995.98877	4313.644043	4074.136719	4370.111328	3775.208008	4037.281494	5572.407227	5199.662598	4924.767578	5584.240234
P50516	926.7539673	716.5113525	918.3452759	640.1018066	664.8780518	741.0165405	775.6646118	711.3306274	626.9076538	695.9383545	755.7119751	671.9884033
P50518	1046.649048	786.1777344	686.6387939	729.2460327	890.0077515	817.5177002	901.8059082	647.0670166	711.197998	604.0944214	670.4508667	797.6192627
P50543	378.9197083	312.2438049	272.0373535	234.4353485	166.5656433	277.1384888	323.6882324	220.4735718	208.7589111	169.8086243	314.98172	194.8296967
P50544	11569.47168	11473.02148	11955.48926	10898.7207	12324.84082	12315.55762	13513.26172	13005.87695	10956.78906	11554.50293	12556.78223	11403.07324
P50580	2293.670166	2217.765869	2560.57373	2632.281982	2463.231445	2586.085938	2762.64624	2234.00293	2429.165771	2361.650879	2082.498291	2448.712646
P51125	102.9490356	59.34427261	114.381073	63.58599854	104.6561203	108.2619095	95.70843506	117.761734	119.5616226	104.7864532	60.63132477	101.1244583
P51150	2546.62793	2383.822998	2550.31665	2190.816895	2176.513428	2324.898438	2656.695068	2279.577637	2274.805664	2096.484375	2404.828857	2439.787354
P51163	147.536499	145.5673065	136.2883301	234.3068848	117.9540558	170.836853	171.9446259	114.0537872	209.9382172	221.0746918	156.191391	112.7473755
P51174	15048.74121	16246.28027	17342.01172	16801.83008	15188.25293	15251.27344	16623.64453	10988.66016	13606.24609	13419.77246	15411.23242	14365.68652
P51175	402.0780945	382.0244751	307.8410339	362.6997986	303.2349548	248.8113861	371.4128723	256.6319885	354.0565491	433.2780457	361.3773193	319.2952881
P51410	3344.948975	3387.537598	5636.446777	4228.614258	4335.691895	4493.13916	4247.005859	4737.77002	4186.571289	4130.252441	4524.465332	3935.890869
P51432	96.09035492	95.37400818	91.75730896	81.97055054	100.5444565	112.7093506	81.70285797	60.27427673	61.40283203	90.21125793	61.81248093	96.43799591
P51569	94.47351837	66.06301117	102.9937134	69.93198395	104.541153	121.5912094	192.4029083	14.98409176	0	0	49.00679016	32.55471802
P51658	1622.301514	1405.411987	1212.184692	1187.098022	1716.478027	2120.460938	1664.449341	2303.015137	2431.640625	1988.427612	1684.952026	2400.469238
P51660	23117.46484	17726.76758	23025.17383	20766.63281	31947.33984	30693.61328	36819.40625	29050.45508	24617.90234	20263.85938	24819.73047	20551.07031
P51667	0	145.3288116	78.03659058	0	0	0	38.57139587	0	11.37639427	0	0	0
P51855	3701.661133	3223.167725	2798.198242	3218.764893	3826.138672	3131.744385	4199.834473	3050.223877	2909.671875	2772.72876	2864.63623	3017.144287
P51859	1502.618286	1601.050903	1477.219727	1669.962036	1550.453369	1458.369507	1615.537231	1736.042725	1464.797729	1839.567627	1781.216919	1752.018066
P51863	639.6212158	718.4833374	672.4509888	666.2536011	875.5117798	884.0494995	878.6160278	864.5795288	638.381958	657.4856567	789.0765381	808.8648071
P51880	100.3932114	56.75502777	103.4771042	46.89388657	102.300705	106.6424713	78.14633942	80.0610199	25.85243988	91.62277985	116.3902435	58.86305618
P51881	29785.80859	33569.86328	41488.03516	33495.375	30640.91992	29133.5625	30773.74414	29525.74219	37467.37109	32745.42969	37805.11719	32471.31055
P51885	887.8028564	2921.962402	2200.063477	1155.789673	1083.870239	991.3630371	1221.244995	1459.089722	1067.399536	1470.746582	1095.953613	1596.223145
P51949	508.2661133	368.2304382	2579.829102	599.9956665	789.7279663	811.5457153	471.1491394	809.319397	513.0780029	514.940918	403.2568665	635.7373047
P52196	28947.60938	28987.90234	31247.67578	27618.55469	21112.66016	20441.38281	17953.90234	19493.04297	23244.66602	22117.28516	23949.1582	22649.61719
P52293	149.6808472	98.48711395	86.3862915	119.7529373	93.47492981	67.67512512	83.66382599	57.89331055	62.16557312	66.75692749	90.66472626	58.73317337
P52332	122.2251053	36.17718506	108.4539795	108.3356628	14.32373142	26.56996155	38.30507278	107.1533051	0	77.19171143	59.52947617	76.87620544
P52430	3846.367188	3354.699707	5248.344727	3290.027344	4082.865479	4124.712891	3706.420166	3995.024658	4093.672363	2949.599365	4038.508301	3003.913818
P52432	179.7657318	147.9345093	219.8039398	241.7736816	139.7992706	123.6831284	207.1109161	110.6458893	87.4516449	130.4672546	56.72925186	42.32744217
P52479	564.0354004	677.9204712	659.807312	642.2194824	699.5953979	847.9485474	793.5074463	747.4819946	619.8197021	746.8731689	698.5807495	703.0067139
P52480	1278.059814	1400.344482	1389.619629	1268.109863	984.4118042	1010.526855	1169.987549	1087.337891	1081.405273	1084.240723	878.8338013	1112.481812
P52503	2080.842041	1917.779419	1966.649048	2237.402344	1691.928101	1701.662842	1525.548096	1320.791382	1808.709839	1872.911011	2053.64502	1543.698975
P52623	124.3747406	115.0012894	61.33452988	86.64097595	73.6388092	186.0190125	50.98054886	120.9716568	185.5652313	161.7026367	135.224762	152.5016327
P52760	43551.8125	36720.5625	39453.73438	39138.58594	42007.37891	39125.99219	42540.86328	40056.29688	46270.21484	40964.23438	36503.69531	38855.01953
P52792	1240.834351	1327.70874	1328.493408	1312.078857	1185.816284	1357.176025	800.1757202	1352.101685	1962.681152	2379.366943	2092.179443	1761.908325
P52825	8913.674805	8955.296875	10894.86035	9266.329102	7506.956055	8544.779297	8831.186523	8448.104492	8389.575195	9017.969727	10785.92285	9414.044922
P52840	5022.804199	7396.138184	5604.996582	5119.475098	2453.781982	2410.005127	1950.553101	1801.927856	2985.128418	4196.455078	4340.427734	2947.762207
P52843	1527.766113	2017.05542	1506.547852	1093.745972	1555.629761	876.5853271	551.5517578	1511.436523	2366.539551	1329.057129	1951.293945	1713.199219
P53026	6747.214355	7527.720703	8989.05957	8144.346191	8182.358398	8691.542969	7419.461426	8840.604492	8557.044922	7572.901855	8325.820313	8084.775879
P53395	7151.390625	6779.181641	6064.693359	6304.758789	5234.912109	6125.753418	5235.033691	5053.449707	6127.587891	5685.571777	6274.52002	5394.399902
P53612	532.5414429	583.9025269	349.1855469	337.5568848	326.2079163	432.5466309	394.1559448	448.2989197	334.3452454	351.9643555	355.0473938	338.880188
P53657	8308.487305	8884.356445	6119.312988	9207.969727	9594.429688	10183.77246	8235.900391	9184.356445	14690.62891	18268.26758	10079.87988	13817.46387
P53702	97.64265442	116.8268585	92.23300171	129.3811798	88.32888031	86.66863251	76.03842926	116.4391327	64.13793945	63.2529068	62.8487854	21.82005501
P53808	484.320343	376.1667786	397.0482483	453.1062622	393.7272339	527.0948486	513.7265015	406.6175232	450.5583191	428.0004883	401.6447754	406.4627991
P53810	384.1424255	320.0618896	331.6477356	319.5656128	389.2042236	440.2583313	365.1650391	436.3713379	170.0991974	248.7907257	318.5455627	302.5733948
P53811	562.0408936	596.3221436	650.8307495	571.6859131	495.3708496	468.4122314	503.8019104	570.4668579	486.6817017	687.0278931	500.1856079	473.6843262
P53986	162.1725464	64.9599762	42.46055603	159.3571014	64.00536346	77.67108154	31.43213081	147.0556793	90.90213776	231.82341	142.6342468	59.3513031
P53994	899.5423584	803.9177856	997.5790405	756.5597534	926.1416016	996.7539673	1094.740479	953.4265137	858.6906738	912.0324097	797.9735718	868.5941162
P54071	16556.71094	17449.34961	20054.54688	16499.42578	13561.61133	12571.13184	14940.50977	12301.92285	11401.91797	12951.88574	15080.26563	11306.09961
P54103	107.5514832	34.51343155	56.58495331	54.26804733	103.6125793	168.852066	188.0185699	52.57979965	58.95660782	66.7360611	43.65326309	112.1092911
P54116	378.5362549	257.5441589	302.5881653	270.2879028	285.6971741	414.3033142	513.7902832	404.6632996	373.0344543	435.1364441	368.2295837	294.9898376
P54310	98.43027496	99.49108124	77.90431976	72.73032379	47.35521698	61.9426651	83.91586304	86.73899078	83.37401581	141.0751495	0	60.77106857
P54726	62.61769104	86.5034256	83.88764954	103.7102051	101.1385345	107.6217041	83.19946289	90.94850922	104.1637878	116.3495255	98.1479187	101.6352997
P54728	1040.713257	1054.143188	873.8653564	934.2141724	1122.515381	833.1281128	984.1856079	1030.187622	1035.771606	1221.219604	1147.383789	1050.957031
P54729	96.78970337	83.68325043	123.2602158	128.3209686	81.670578	156.133728	64.90291595	92.40800476	145.7410126	106.0443268	55.09905243	126.9032974
P54731	108.5638351	113.1719894	106.1693954	84.01184845	85.90155792	46.15807724	84.94745636	84.72612762	69.49048615	65.95896912	81.78617096	83.92388153
P54751	244.2459259	60.31232071	51.60311508	87.43740845	71.65415192	0	160.013092	16.45742035	62.31330872	184.9038239	285.3112488	84.76568604
P54775	1413.692627	1370.690674	1319.237305	1057.828735	1278.625	1003.722778	1261.513428	1118.833496	1342.851929	1287.408203	1075.320557	1089.4729
P54797	187.6470947	241.4293518	337.1556702	175.1793671	193.0422516	176.9067688	225.5566254	116.981308	176.6099548	280.7252808	201.8314056	197.5105286
P54818	81.53921509	102.6997375	130.8711243	149.8611298	101.0439606	96.27702332	271.7853394	274.9802246	110.2392502	28.80699539	114.5798035	163.8598328
P54822	149.7568817	158.1207123	189.2336731	203.8821869	238.2230225	204.3035583	184.269577	187.7740936	148.3085022	174.4994659	244.5158844	220.0913696
P54823	382.6294556	435.5073547	601.4376831	472.765625	583.1867065	543.5162354	537.6916504	743.9567261	688.2426147	567.5348511	520.2780151	572.7775269
P54869	68970.625	61212.33984	70625.15625	70057.16406	74587.40625	81946.04688	71755.65625	88394.96094	88099.03125	89814.35156	89037.09375	87688.28906
P55050	1137.230469	858.1433105	1087.547363	930.4973145	2253.990723	2457.486572	2670.544922	3529.2771	2923.680664	3390.243408	2351.109619	2698.424316
P55096	7161.73877	5398.572266	7682.47168	5947.481445	9934.345703	8840.650391	11465.97852	11349.83887	8391.423828	8365.46875	10619.12207	7143.896973
P55258	1463.918701	1094.101807	1291.256348	1357.72937	1261.522095	1257.7052	1210.289917	1178.996216	1139.451904	989.3605957	1238.437988	1223.093506
P55264	9148.608398	9056.938477	8484.191406	9054.607422	9178.15625	8424.411133	9408.24707	7461.356934	9628.847656	10490.15039	9665.564453	11064.38184
P55292	74.64035797	150.4454193	113.5485992	93.61091614	90.10280609	99.16075897	96.18759918	90.6446991	97.03170776	89.48937225	128.5406342	70.22452545
P55302	390.3574829	526.0133057	522.0352783	404.0575562	508.6493835	658.6607666	570.4182739	732.7675781	597.2594604	553.5455322	497.9203491	584.1956787
P55937	90.97718811	49.35985184	62.57638168	93.76167297	68.54571533	126.4854507	99.50031281	24.97606468	76.13557434	74.95075989	39.4046936	52.9679718
P56135	27578.42383	27259.36914	32418.93555	24065.39063	23206.11719	24968.04297	21531.46094	29253.76367	24741.8125	28331.6582	33924.94531	29267.93555
P56212	280.8936462	47.49179459	78.04338074	214.6681213	0	0	80.36411285	226.54776	32.73902512	274.5168762	198.0365143	109.4739456
P56213	343.6925049	321.8827515	291.1359253	311.3502502	354.8569641	293.9431152	362.8225098	436.6248169	743.8389893	625.9375	344.9415588	369.1259766
P56371	44.39245224	72.65990448	28.98010635	128.7089844	68.22756958	22.14596367	77.44545746	75.43707275	122.6703796	108.7285995	64.68493652	87.31851196
P56376	416.8918762	384.223114	453.3450012	375.543396	366.9177856	304.8233643	406.0063782	310.2562256	398.9322205	350.6933899	318.975647	538.3005371
P56379	1055.78064	1042.380493	650.6046143	1033.219116	524.4243774	676.335144	498.2691956	811.8563843	764.3449707	440.984314	645.6691895	338.0632019
P56380	218.5295563	350.0135803	265.2450256	273.743042	212.1217346	157.9563904	225.4713745	190.1444092	263.3737793	231.3425446	263.4891052	249.5185547
P56382	924.7565308	1133.450806	2254.293213	1900.44873	1817.148438	1206.264893	2844.161865	878.3046875	2118.046875	541.7653198	398.7750549	3063.739258
P56389	143.9502258	200.4055634	161.9982758	218.4482727	165.0259857	131.1466675	173.6114807	159.0998383	128.1055908	125.9752655	168.474411	150.3809967
P56391	8342.799805	6360.956543	8685.655273	6613.037598	6407.873535	3939.112793	4820.109375	4974.808594	5642.23584	6483.115723	4279.452148	5683.335449
P56392	194.8898468	167.1099396	228.8024292	73.05540466	58.15787506	147.4572754	66.78478241	39.10472488	7.335105896	86.54756165	99.92576599	36.14302444
P56395	53672.16016	55720.73438	48706.50391	58499.22266	56709.34375	59581.47656	70256.45313	63938.17188	64284.54297	60007.89453	74904.07813	52927.21484
P56399	1816.669922	1807.647949	1836.81958	1393.12793	1479.124878	1382.846069	1658.285767	1436.748779	1564.05188	1586.165283	1581.628296	1846.546265
P56480	120789.6641	102782.2578	106273.5547	102182.875	83811.21875	91966.24219	77016.6875	87224.39844	92828.74219	102673.1563	104520.9453	92857.54688
P56528	60.34250259	52.68358994	109.3074188	31.03569603	41.94823074	61.47419739	150.1576843	69.24632263	53.00829315	31.46139145	166.9528809	55.57399368
P56542	142.2362823	202.2573853	168.2960815	168.1106415	222.5245819	169.490921	239.2714386	170.789978	173.0518951	231.2001648	135.6181793	152.7667999
P56565	582.9781494	500.0158081	407.9367676	553.2554932	449.3598022	379.050293	131.0364227	414.447052	507.3269653	525.1282959	581.3820801	437.1906433
P56593	5655.54834	4940.774902	5106.867188	4683.790527	4636.614258	5011.509277	4359.446777	6899.864746	7453.400391	5268.938965	5675.149414	6773.305176
P56654	3749.956055	4028.207275	4418.583984	3571.143311	2765.792969	3736.12085	3084.301514	4957.581055	3851.4021	3032.599854	3570.17334	2742.612305
P56656	403.0492554	323.0173035	213.1277618	372.0377197	371.3197021	364.3329468	564.8370361	260.5361938	360.9211426	335.5370483	406.6166077	430.9365234
P56657	1125.547974	1085.308594	1239.004883	1157.33374	769.1418457	962.1221313	1224.765137	1133.518799	926.4196167	622.684082	859.723877	756.4388428
P56812	673.5036621	553.0053101	448.9758911	587.9625244	695.0001221	685.5756226	690.9182129	710.9494019	797.9024658	641.78125	669.482605	673.9268799
P56873	207.2320404	335.3841553	296.1110229	190.4140625	153.2917633	328.1208496	183.97995	317.9676208	252.8459778	301.6424866	177.4873505	178.7184143
P56959	971.3994141	1072.389038	1061.984253	1225.623779	762.3950806	899.6028442	1021.422729	1037.666626	837.7755737	921.7438354	799.6240845	965.6655884
P56960	191.8590546	21.92910957	100.0263138	77.17735291	66.42347717	132.7008209	122.7113342	139.2943268	86.54325104	89.39813995	91.36156464	128.0732269
P57716	262.0619202	291.7774048	403.3112183	248.9424744	340.3458862	384.134613	372.338623	403.6054688	317.6047363	407.8102722	409.9712219	348.3743591
P57746	120.6448364	142.0628204	291.2308655	106.1449814	140.1831665	112.2493973	178.6641693	156.5735321	75.37402344	106.5419388	132.6723633	155.9480438
P57759	2642.965576	1618.621704	1651.591797	2256.941406	2834.070068	2416.55957	2574.335449	2327.472168	2431.064209	2261.977783	1901.531372	1923.900269
P57776	5405.660156	5529.181641	5020.812012	5272.626465	5143.154785	5432.283203	6356.194336	6505.996094	6283.46582	6533.057617	4434.45459	6023.33252
P57780	4509.043945	3972.852295	4081.871582	4238.294922	3974.982422	4305.492676	4296.180664	4081.01001	3830.386963	4054.718262	4625.144531	3956.611084
P57784	207.5409241	187.1894073	133.854248	200.57164	161.526825	154.6822052	135.1081848	243.5398407	138.890625	187.9135132	131.6474304	259.9844055
P58021	29.92076874	103.5587921	0	67.22016144	36.30608368	118.7419586	161.2260132	123.6169052	61.65900803	93.03512573	86.86279297	64.91461182
P58044	1809.63562	1310.494507	788.8458862	1628.981689	161.1812592	133.6859894	123.6321106	99.08612061	141.9358673	90.58356476	84.00354767	133.812088
P58058	15.6491375	113.3204727	29.23129845	154.2049255	134.0184021	123.3915634	166.3799591	71.11528778	105.0076752	67.00556946	16.72472191	96.27510071
P58059	394.5340271	200.4671021	209.0528412	118.872261	107.5474701	133.3653259	98.19494629	216.0870361	129.6995544	119.0731277	107.0407104	261.0623474
P58064	187.6126404	311.3666382	351.0588074	258.6795959	190.2228699	227.4654388	116.4040527	118.0942535	305.8597412	214.5151825	157.1517792	202.9157257
P58137	473.5409851	237.9855957	286.6462402	356.1341858	428.2678223	420.6746216	683.2287598	391.3005981	424.229126	293.8396912	335.7636414	255.0095215
P58158	113.8693771	123.6892319	124.7392807	27.91309738	99.39731598	110.5130463	99.81993866	113.9580688	112.2332687	99.29878998	117.0397873	143.0926514
P58252	13929.09766	12633.34961	14850.48828	13780.68164	14877.34473	14724.41699	15252.3418	13878.78711	13545.02148	13706.25195	12768.04492	13996.94629
P58281	1176.456665	995.7047729	1146.772705	1011.560364	915.4500122	1181.365356	1044.712524	1173.756348	991.4715576	1111.00061	1103.432983	1006.449036
P58389	344.8499146	251.265686	351.224884	397.7451477	250.1579285	455.6037903	471.0300903	386.8334351	394.9975281	415.2076721	471.7952881	429.7962952
P58466	101.8257904	205.3903809	65.44293213	166.8391876	53.86655045	129.1199188	89.33878326	175.62677	113.1745377	147.7416534	87.4888382	153.1447906
P58710	3732.620361	3781.049072	3722.705811	3799.300049	3473.476563	3674.812012	3834.125488	3799.878662	4094.753418	3475.706543	4350.21875	3466.255859
P58735	510.3043823	471.2592468	279.7711792	466.7789307	374.091156	441.1307678	475.0602417	385.0229187	567.3240356	443.2333069	431.5979309	475.0256042
P58771	4132.650391	7657.756348	5641.505859	3771.699951	4703.088867	3758.124512	4949.689453	3905.692871	3554.203369	3177.651367	3381.887939	3701.60791
P58774	137.2537994	1288.304443	812.835022	139.1127777	244.6258392	176.7493134	204.5975342	237.6197968	260.9088745	137.565918	177.9272919	213.5579681
P58871	63.06141281	81.05731201	67.50247192	106.4545212	72.53144073	58.21267319	85.37408447	107.4392014	183.2876892	151.0955658	103.2625885	112.11763
P59017	168.1947784	252.4012756	266.0152893	193.8951874	265.3734741	302.6804199	371.807373	208.7940826	341.7176208	294.0514832	269.9598083	193.3958435
P59048	0	0	92.57923889	20.8529129	4.0801754	73.18930817	23.81767845	92.83034515	0	141.1192322	63.49579239	107.4134369
P59235	254.2195587	118.0294647	269.951416	140.9763489	119.2846375	136.2676697	92.45330048	156.3482513	108.5296249	79.76226044	136.912796	148.9980164
P59242	463.0981445	372.8530579	438.3419495	422.8742981	376.3824463	309.6709595	398.072998	440.841095	348.5706482	348.3213806	321.5385437	332.4507141
P59266	0	0	74.04207611	55.56735992	57.30435944	148.4245605	154.6425781	135.8001251	199.0687408	45.57457733	180.9989777	24.04244614
P59279	259.8168945	367.6304016	405.6812744	185.4518585	616.2072754	505.0777893	506.8745728	887.4174194	446.8092346	624.4691772	447.0851746	684.1002197
P59325	1520.803345	1423.720459	1593.299072	1360.929321	1045.962036	1329.716187	1515.054321	1613.901978	1488.935303	1603.5271	1425.608276	1438.802124
P59326	63.12450409	37.30469131	0	33.41659927	49.48003769	44.42948532	70.426651	29.81829643	88.57341766	34.02716827	65.95741272	0
P59481	118.4619141	37.51115799	105.9928436	94.40127563	108.0315018	155.3478699	106.1723328	110.994339	50.70833206	0	120.5843506	87.33607483
P59708	290.6209412	191.9143524	204.9745941	355.3224182	469.9082642	435.8094177	427.3964233	421.966095	402.920166	345.0746155	428.0466919	304.700592
P59913	143.1984711	169.9595947	86.20470428	194.9214325	168.9234772	179.0205688	118.0521469	120.4247284	211.0180359	236.0229034	99.19495392	134.5175018
P59999	1855.765991	2533.395752	2329.013672	2156.315918	2157.5896	2253.969971	2156.263916	2503.437744	1917.602661	2599.585205	2650.984375	2924.275146
P60060	510.0838623	315.9124756	332.8347778	256.5910034	138.1859283	247.0677795	300.7254944	440.02948	317.6369324	301.0991821	324.2008362	356.5762329
P60122	300.1956177	395.1737671	411.0509338	327.6047363	330.8179321	327.5080872	380.7832031	328.0297852	326.4549561	357.0569458	424.1374512	387.1784973
P60229	413.9487305	384.9339294	474.5398254	515.479126	488.0722961	537.7891846	632.2761841	438.408783	517.6571655	427.7095032	493.9355469	468.3385315
P60334	129.4745178	218.5214691	260.3390198	222.253952	0	66.47712708	44.96799088	0	205.5898438	297.1735535	253.6745453	174.6953888
P60335	2095.356934	2280.962402	2016.273193	1811.46167	1754.012085	2073.904785	1766.301392	3442.620605	3443.805176	2692.549316	1885.479248	2362.954834
P60521	112.0219498	134.5282135	226.1395721	0	72.57293701	83.97737122	138.5496979	200.8320923	159.3797607	44.80353546	164.7243347	73.1733551
P60603	324.5426025	164.8933868	224.4534607	117.9860687	126.7904892	107.9990921	61.06902313	219.8695068	321.4064941	32.58074951	81.33909607	345.7981873
P60605	134.0536194	129.7317352	236.3681335	71.00039673	183.631424	164.1893616	67.31459808	77.96351624	208.0271759	127.0944443	173.2279358	130.7789001
P60670	427.8738708	437.3200378	509.1342468	511.8783569	424.9618225	353.7046204	488.9527893	556.0488892	465.7661438	412.7541199	454.8549805	515.1101074
P60710	56568.37109	52376.48047	48944.20703	50817.51953	52791.5	53174.77734	53858.28516	44602.35547	51907.92969	44397.27344	52626.12109	49903.07813
P60766	972.2940063	1220.593018	1179.633423	862.6461792	760.1193848	954.9261475	941.0727539	1328.532227	791.5941162	870.6623535	986.519104	912.1972046
P60824	164.3791199	148.2477875	133.0106812	138.7847443	181.3507843	149.2241821	153.9323578	176.6914825	234.9526825	150.1623993	127.5497818	158.6148224
P60843	7375.507324	8865.24707	9662.774414	8131.599121	8909.566406	8601.825195	9612.399414	9740.423828	9134.798828	8052.609375	9009.358398	9507.90918
P60867	6698.665039	6817.177246	8293.616211	7448.983887	7311.518555	6493.396973	7007.219238	8024.174316	8301.126953	7001.163574	5576.723145	5996.677246
P60898	0	113.6793442	84.5092926	10.01209641	112.4775925	102.6692963	99.60175323	67.97052002	120.0383759	101.8853073	86.28486633	79.83448029
P61021	426.1262817	515.1730347	281.6863708	358.2061768	237.7811279	326.6775513	244.0756531	204.3462219	147.5958099	228.4866943	175.9720001	304.5560608
P61022	733.7374878	540.8719482	630.1343994	936.5609741	1202.288086	1138.126099	1091.824585	888.0081787	710.6586914	862.9995117	1081.824219	903.4956665
P61027	1853.488159	1708.054077	1395.013794	1609.031372	2173.092041	1589.626099	1167.51001	1608.061035	2592.493896	2155.529053	2540.790527	1537.046753
P61079	928.3902588	589.0905151	1173.897583	684.2250977	797.2321777	640.4633789	770.8088379	599.6174927	746.447937	678.6032104	606.484314	445.6244812
P61082	449.6214294	267.3787842	288.1525574	340.8890076	233.1579895	340.379425	268.7896729	398.1132202	249.4837952	187.8647156	294.2449036	300.0428162
P61087	384.4793701	448.3491211	330.2099609	312.5089417	472.311615	467.4707031	528.2319946	546.5631104	337.4039001	513.7179565	531.7132568	496.9320984
P61089	3854.252686	2913.507324	3114.213379	3741.851563	2736.603516	2855.42627	2794.575439	2864.414307	2769.130371	3003.486572	2920.479248	3485.214355
P61161	1603.100098	1823.960693	2032.370239	1946.922119	2195.106689	1855.153931	2082.033447	2229.542236	1907.049194	1777.546509	2178.290771	2107.957031
P61164	258.6640015	362.4298096	307.5202637	318.3643799	440.6922607	365.1583557	373.627594	351.2653198	336.2588196	396.2798462	354.6312561	415.6756287
P61166	525.5179443	488.5227966	444.8451233	505.5165405	417.3787537	268.5151672	627.7390747	881.3817139	621.7458496	417.1869202	461.7189941	574.8065796
P61202	199.4735565	309.8886414	317.0946045	297.5307007	302.485199	282.1726685	285.9115601	259.6459656	269.0213928	238.1958008	277.885498	293.238739
P61205;P84078	2874.259521	3128.492188	3177.952393	3114.402344	3295.25	3176.640137	3875.111572	3394.433838	4154.384766	3657.512451	4282.025879	3517.703857
P61211	245.035141	194.3464661	305.6681824	245.0180817	330.9274597	272.5688171	239.8617249	243.8095093	277.0691528	226.1766968	334.6333313	296.3239746
P61222	965.4119263	1040.888916	1028.329468	940.894043	1037.025146	1094.514893	986.3822632	923.9832153	1067.462524	921.5908203	1050.440674	1024.278198
P61255	3782.706543	5333.057617	5077.84668	4630.454102	5691.389648	4849.723633	5312.73291	5502.583008	5703.752441	5240.728516	5368.69043	5434.241699
P61290	192.517807	184.1599731	161.2014771	172.2456512	230.204483	224.6254425	219.2198334	156.6630554	186.8507996	101.3321686	135.5837097	159.8832245
P61327	298.969574	256.4499207	328.1284485	250.6836243	151.3249817	158.3654327	190.0159149	216.4993896	197.8284302	295.1913452	235.3553314	204.3729095
P61358	10853.77441	10825.45605	8904.054688	11052.76855	10762.69922	11016.12109	11100.0459	12048.15918	10432.20605	12807.89551	10701.38672	11632.39453
P61458	15726.85156	15715.30078	12826.2041	14283.9082	14105.41406	15235.47461	15436.48438	13087.77246	15280.69922	16355.58594	15644.99902	12901.67871
P61514	2844.112793	2849.071289	1118.797363	2660.706543	2847.24585	3631.434326	3074.278809	2674.797363	2663.138916	3179.457764	2936.64502	2498.196777
P61620	238.4899445	257.4508362	225.1270294	233.067337	213.0435791	337.2157593	241.1171722	500.8284302	394.8078918	270.0801697	252.3331757	425.412384
P61750	289.5540771	355.1495056	385.8172607	165.5482941	367.991394	381.6325073	277.5269775	327.5651245	267.2457581	267.8251038	417.0402527	269.4309082
P61759	93.4420166	95.49227142	136.3301086	155.1198883	92.67114258	93.82292938	131.9594421	101.6862717	94.80467987	128.9197845	104.1758041	111.7152328
P61804	293.912384	322.3257751	557.3959351	266.7676697	251.3005524	295.4178162	462.4464722	773.3338623	341.6435852	401.1042786	675.6715088	533.1834717
P61922	6662.325195	8555.444336	8851.953125	7868.259766	5009.745117	5549.350586	4619.933105	4541.353516	6409.570313	6123.851563	6916.668945	6166.656738
P61924	572.8342285	431.3886414	473.9714355	593.1394043	733.861145	774.2761841	805.3145142	715.454834	738.8391113	831.1952515	550.7393799	785.0230713
P61957;Q9Z172	382.26474	1227.839966	557.2445068	311.2253113	929.5805054	1739.183838	188.7501984	2180.123535	912.7299194	891.8803711	555.9838257	1034.042603
P61961	1331.949585	1391.319336	700.6896362	1271.066528	1259.181519	1579.319092	1367.299194	1263.320801	1431.971802	1242.007202	1100.128784	1232.581055
P61967	235.0086212	256.1077881	173.7921906	181.1250458	220.6988831	154.3305817	321.3816528	211.58815	220.8672028	244.7215424	244.6436462	280.4320679
P61971	472.5135498	491.2224426	490.4153748	263.4187317	498.7328491	346.4190979	510.9977112	544.2695923	444.526947	436.3444214	492.395813	382.3445129
P61979	5688.397949	6762.015625	6540.539063	6485.835449	5679.350098	5582.816895	5943.105957	5313.632813	6129.700684	5794.980469	5813.040527	5981.845703
P61982	1598.387329	1272.906616	1130.996826	1378.070068	1533.67627	1639.619751	1367.194336	1628.018555	1443.00415	1145.461548	1335.509888	1378.058105
P62071	97.47853851	69.03556824	134.1321716	124.6260147	103.1408386	67.90541077	67.14070892	110.8986969	76.53289795	91.32719421	76.32085419	161.4835052
P62073	315.259491	294.1844482	230.6156616	185.3735504	190.4794922	241.7928467	219.6201935	228.1064911	242.261734	240.5240479	199.4084625	252.804245
P62075	7616.388184	6889.329102	7257.782715	6506.632813	4908.861328	5610.870117	5193.684082	4821.508301	6299.44873	5954.910645	5851.379883	5727.117676
P62077	1027.778687	777.9564209	788.9117432	690.1342773	792.5806274	475.2557373	893.4549561	885.0773315	929.4163208	753.8858032	939.6740112	902.6727905
P62082	12324.23926	12305.25488	15989.48047	12714.57324	15032.40625	13096.4834	14064.3418	14234.76855	12656.71387	11730.89551	12792.02148	13917.5625
P62137	174.5497437	232.4339447	268.5472107	201.6816254	168.425827	157.5919189	263.3549805	233.6749115	215.9169312	217.7240906	225.6938629	203.9841309
P62141	275.026886	276.6922302	391.5938416	227.789505	256.2462769	244.7124329	251.8535156	144.7347107	229.2072601	214.5316467	190.9568024	176.4925995
P62192	2097.975586	1925.782227	1979.588989	1657.079712	1614.457764	1885.523682	1825.172363	1589.71106	2027.287598	1803.521973	1539.472168	1614.297852
P62196	2159.330811	2119.752197	2001.940308	1941.117432	1878.444458	1881.916992	1928.384888	1873.873901	2015.508057	2104.146729	1761.409668	1797.369019
P62242	10567.87598	10870.36035	11359.19727	10658.22363	12887.52441	12615.95996	12868.99707	12523.66309	12594.98145	12971.11816	12818.70313	12842.53027
P62245	2184.514404	2368.055176	3276.293701	2510.566162	2534.081055	2548.549805	2639.897461	2811.715088	2223.692383	2526.747803	2763.606445	2573.976563
P62254	239.7181396	104.0299149	111.4345551	163.0961914	154.5773926	181.3213043	206.7769012	253.3463287	178.6668091	187.486084	180.6716156	151.4143219
P62257	147.3470459	123.2387619	233.7230682	140.639328	174.7209625	94.21628571	171.8842926	79.22516632	202.5325165	83.68678284	156.9077148	112.2599335
P62259	2416.004639	2401.168213	2520.342285	2289.696533	2101.891357	2389.367432	2329.326904	1943.445068	2567.109619	2459.582764	2337.701904	2745.264893
P62264	7115.918457	7924.654297	5424.938965	5991.135742	8304.276367	7478.038574	7588.597656	7156.345703	7718.72168	7179.956543	5896.966309	7532.054688
P62267	4797.538574	2959.10083	2697.379395	5323.394531	4402.246582	6422.189941	4907.623047	3973.574219	5415.072266	5301.667969	3076.09082	5364.903809
P62270	10580.6709	10320.81055	13003.90625	12217.02832	14343.42676	12218.95996	13393.66504	14388.57813	12457.73047	13258.6748	12614.68262	13641.04883
P62274	923.8955688	1150.742676	1176.834351	1254.026245	774.8677368	822.56604	711.9082642	1076.756714	809.4362793	673.7324219	906.6654663	857.4353027
P62281	1860.428345	2234.361816	2997.463867	1493.807373	1971.673584	1042.780029	1667.42749	1768.827515	2269.102539	1602.588867	2070.050049	2127.844482
P62301	7313.943359	7222.956543	5502.596191	7631.416992	7456.937012	7696.804688	7259.389648	8119.901855	7333.618652	7864.587402	6773.378418	8709.452148
P62305	797.1259766	451.1541443	689.3668823	510.8100586	997.1295166	1071.702759	943.3706055	1165.262329	765.3692017	1041.64563	1046.665039	985.3808594
P62307	0	40.35592651	20.85752678	4.337181091	22.50364876	0	7.075379848	64.10655975	41.01449203	43.0546608	0	13.55348969
P62309	1097.043457	656.0303345	588.0560913	927.4522095	1255.36377	1051.742798	1237.572876	882.9009399	1064.605957	895.2520752	1027.5	793.0772095
P62311	627.8339844	470.8465271	582.5892334	655.2375488	680.3902588	691.520752	614.8724976	719.2203979	653.3410645	588.1027222	722.3470459	628.3282471
P62313	224.712616	203.3372803	144.4323273	203.5228729	210.0543365	168.4606018	167.003952	221.5589294	170.7018127	228.0769653	202.0741425	159.0589447
P62315	115.5257492	232.4794159	191.8791199	240.0185547	123.5789032	112.2677307	164.7488403	190.7565308	240.8030701	170.2865448	188.7520752	163.0360718
P62317	651.4577637	467.6790466	544.6762085	391.3302002	447.3827515	576.8010864	555.0526733	492.1508484	485.6878662	627.512085	396.3431702	606.4370728
P62320	2308.36792	2350.222412	2552.433594	2150.914551	1574.252686	1984.657959	1683.216187	1851.413208	1830.702637	1615.580688	1714.297119	1904.90332
P62331	693.7869873	414.7530823	698.977417	669.8059082	1001.951904	1019.135681	961.1437988	849.7756348	1040.696899	1205.865112	1181.338989	926.199707
P62334	2323.964355	1840.167969	2028.605957	1896.324463	2642.897461	2152.872803	2233.1875	1999.000366	2071.068848	1812.527954	1882.807129	1614.984741
P62342	0	114.9701309	109.5392227	73.88511658	86.35979462	0	71.91917419	122.7169418	82.87895966	40.09867096	0	73.29894257
P62500	0	75.99305725	104.3127136	84.2893219	23.16577911	293.8872986	27.823349	149.1086731	107.2032242	103.6383896	507.6525269	150.4855194
P62627	628.946106	566.8236694	515.9013672	634.3483276	504.7356262	564.1096802	531.9046631	267.5668945	568.335022	390.21521	415.3476257	472.7047119
P62702	7470.632813	6949.871582	8455.038086	6906.73291	8061.550293	8497.473633	7397.030273	7344.008301	7774.211426	6832.763672	7014.045898	8730.797852
P62715;P63330	552.163208	385.8208313	526.352356	778.493042	797.5015259	823.4995728	711.399231	787.4042969	589.0108032	547.8850708	658.3956299	688.3293457
P62717	1029.977783	1423.376831	1499.817505	1141.903809	1655.297852	1235.321167	2390.631348	1890.236084	1555.385498	1655.098755	1115.24707	2173.687256
P62743	580.6557007	363.2788391	434.7600708	500.1166992	333.0074768	478.5768127	513.053833	568.345459	559.0813599	463.5109863	547.0061646	645.1342163
P62748	253.1432037	283.5618896	283.4889221	269.739502	151.1290283	231.8323212	259.5753479	273.8145142	215.4472961	275.9393311	297.5115967	252.3768921
P62751	8824.8125	7885.983398	8748.102539	8145.670898	7993.777344	7108.802734	9471.788086	8454.674805	9368.763672	9554.65332	8263.404297	8948.140625
P62754	9753.302734	8280.370117	7312.716309	8719.831055	9497.732422	11653.83984	10571.78223	10049.25781	10330.91797	10282.61719	9519.995117	10298.15137
P62774	826.0024414	620.1367798	699.232666	766.3521729	584.9567871	627.1314087	716.4111938	629.4372559	670.9740601	589.6291504	519.1066895	492.8544006
P62806	55353.49219	69854.85156	69603.51563	69885.16406	69307.83594	77476.49219	78467.34375	72727.94531	68927.27344	74837.65625	91580.17188	82878.98438
P62814	1052.998535	871.6468506	1156.661621	774.5890503	949.9262085	892.4452515	1084.888794	999.3002319	752.8627319	889.0623169	872.1307983	972.4349976
P62821	2522.418213	2328.406738	2689.647705	2266.093506	2954.9729	2558.036865	2638.668213	2219.798096	2036.6604	2368.670654	2309.324219	2359.851074
P62827	2855.37793	3524.785889	2416.009033	3037.013916	3267.331787	3053.441895	3438.891602	3461.906982	3249.510498	2701.405518	3429.117676	3262.375488
P62830	4218.650879	3697.217773	4155.02832	3682.101074	3944.951172	4083.182373	4010.191406	3977.145996	3617.929199	3883.794434	3887.823486	3674.585205
P62835	1775.219849	1877.219482	1887.186646	1659.864502	1830.27124	2163.620361	2251.517334	2248.82373	1815.199463	2291.909912	2558.398682	2120.832031
P62843	2089.487549	1830.527588	1371.767334	2046.070801	2293.637207	1958.633301	2111.773438	1893.130859	1911.129883	2162.203125	2074.465332	1602.249023
P62849	3197.453613	3938.228516	4209.636719	3432.902832	4250.731934	3406.084473	4389.199707	3541.769775	4925.52002	3461.255127	3954.615967	4377.741211
P62852	12673.81543	12852.90918	14235.35547	13356.58887	13221.48438	12795.38867	12085.47656	12836.83301	12569.67383	13130.83496	10685.55664	13061.17871
P62855	3377.422119	3627.438232	2111.093262	3999.335693	2847.320801	4362.520508	3190.050293	2497.620117	4278.640137	2764.463867	2749.238037	2235.710938
P62858	11811.78711	13377.97949	15951.96875	10172.89551	9707.141602	7886.114746	8813.135742	12085.13184	8188.996094	8563.272461	8682.134766	6303.981445
P62862	4161.331055	3751.56543	3648.19458	4724.678223	3864.885986	3742.393555	4143.344727	4556.382324	4187.546875	4276.973145	4549.23877	4997.895996
P62869	721.1346436	713.118103	721.8044434	841.510498	498.1839905	876.4832153	1165.562622	599.0849609	966.8030396	987.1848145	452.9190674	701.2454224
P62874	652.3169556	678.2315063	643.3522339	653.4407349	624.6275024	782.5281372	789.5023804	541.4390259	599.8804321	567.0739746	654.6913452	603.4813232
P62876	64.4955368	81.33427429	157.15242	66.23980713	21.34372902	120.0429993	107.54776	96.13626099	62.42349625	172.9075928	83.97396851	95.78833008
P62880	1922.883911	719.6816406	1401.315186	1451.506226	4340.906738	1390.551025	1711.727661	1531.400024	1838.199097	1164.80188	1858.922119	1137.829712
P62889	1083.464478	1032.942017	473.5662537	1227.037354	1382.776978	1390.632202	1140.42395	1184.559814	1057.786255	1165.114014	1154.341309	1029.558716
P62897	12031.08203	13251.54688	17878.26758	12379.87012	13973.30371	12014.86719	13374.15137	13314.69434	12780.26953	14494.87305	12776.39258	12465.24316
P62900	5437.1875	6031.124023	3323.655762	5046.413086	2711.908691	3434.690186	4014.673828	4553.308594	3787.69873	4245.508789	4592.013672	4641.258789
P62908	13602.20215	12688.18262	15495.83594	12455.7998	14610.41406	13831.5166	13835.38574	13315.25195	14625.74902	13238.79297	13352.8623	15029.90723
P62911	371.7597046	491.7438049	469.2193604	492.0777893	582.0252075	418.4495239	398.5440063	513.5770874	396.0491638	503.8385315	548.4984741	365.1368408
P62915	0	312.0367737	0	324.379303	352.730896	418.3682251	10.35282993	353.8473206	540.4325562	379.4191895	423.5737	398.0185242
P62918	3766.043945	2184.069336	3287.525635	3251.034912	2404.005371	3750.29541	1744.321777	4320.254883	2645.488525	3245.382568	2308.928223	1593.807617
P62960	1209.477661	946.3403931	1129.625732	1125.424438	875.244873	916.0848389	987.1303101	944.3596191	825.6502075	948.164856	942.2789307	1023.859009
P62962	17687.64063	14323.68945	16082.64941	14822.39258	14523.65332	15920.47168	15931.48535	15357.36816	15710.58105	16206.54395	13832.83398	16826.2168
P62983	7493.354004	8110.356934	7428.397949	7640.479492	6945.441895	6566.529785	8528.814453	7721.276367	9720.47168	10537.9248	6708.648926	8502.848633
P62996	382.7476196	370.0727234	270.7103271	513.1757202	487.5093384	502.9856567	742.5863037	559.1640625	661.3269653	624.2943115	700.3706665	721.3441772
P63001	1306.167603	1067.786987	1469.394165	1171.923462	1393.402222	1385.039429	1604.135864	1413.54895	1437.577637	1085.73645	1332.34082	1318.391846
P63005	129.7178955	150.5291443	253.4800415	152.9646301	166.986908	213.2197876	183.516571	187.5237885	177.6017151	146.98172	129.776825	156.293457
P63017	24984.67773	22348.78906	23513.32422	24511.05078	25219.16992	24825.27148	27050.43359	25161.23242	22513.9707	24973.61328	24331.50586	27074.60547
P63024;P63044	107.756073	43.9724884	37.07406616	0	78.5713501	99.63398743	51.4667778	64.21070099	36.71470642	178.850235	31.36844635	108.6881104
P63028	2777.024658	1709.598511	3271.864746	3744.580811	3428.178711	3210.894531	3313.084717	2197.057129	2314.052734	3223.427246	2543.433838	1927.851807
P63030	1168.634033	1201.941772	1511.366089	1042.953979	710.265564	915.4060669	1035.914795	1126.277832	1397.954224	1428.862061	1323.291748	1118.107666
P63037	1052.484985	1423.88501	1276.042847	1418.026245	1374.437134	1202.258301	1441.851929	1488.222534	1276.536987	1187.12793	1494.634399	1375.655518
P63038	36383.95703	32470.24805	33389.66016	21686.47461	27442.91992	25828.25781	21037.09961	27299.11914	31802.63672	33408.30078	29136.96289	28426.39648
P63073	654.6849976	713.7194214	667.0756836	866.3552856	822.4229126	652.5559082	873.5383301	957.4831543	786.4122314	987.3343506	900.0950317	735.8557129
P63082	222.4281006	223.2016449	251.3677521	163.8396454	414.8612976	350.0396729	327.8392029	502.0670776	273.9222412	329.1059265	213.3770905	319.8869324
P63085	372.1609497	372.2216797	294.9741821	282.9911194	333.6908569	359.8403015	335.8920593	374.6003418	381.545929	375.3399658	271.0240479	327.6781311
P63087	0	99.09288788	47.68559265	82.41616058	51.81084824	16.02367783	32.89360428	95.22084045	30.80284309	27.66607094	66.62509155	146.2780457
P63094;Q6R0H7	327.5910034	346.3800049	386.0243225	299.7287903	361.3327026	347.7838745	422.6377563	353.6896362	353.6825256	347.9524841	325.277832	420.9953918
P63101	3362.930176	3642.61499	4046.775879	4061.610107	4779.603027	3693.137451	4262.322266	3756.450928	3756.539307	3934.109863	3342.503174	3936.447266
P63139	112.8862686	150.2344818	133.9307251	0	118.1231613	138.4907074	124.6595688	143.6405487	155.9176178	127.3775253	100.5606842	86.58197021
P63147	55.94731522	75.36935425	61.23223495	53.11590576	80.19807434	47.13010406	80.59633636	15.62895489	85.86554718	101.5459442	86.17906189	17.71861649
P63158	903.5471191	1008.509399	1028.256104	1229.464478	1180.510376	1222.577026	1272.946655	1573.265625	927.4528198	872.8269043	1216.655884	1271.010254
P63166	183.7767792	282.655304	180.1877747	137.5568542	177.4365692	124.8073959	195.8542633	208.6188965	202.9827423	129.986084	215.4987793	113.753334
P63242	10824.52246	12140.49512	13875.20215	12193.31445	12277.16797	11185.96387	11843.41113	9234.648438	10913.37207	12999.88477	10301.35449	10937.7998
P63254	0	271.5340881	0	113.6898956	128.0321198	87.31168365	129.064682	239.5631256	237.9685822	318.5680542	190.959198	305.2382813
P63271;Q9Z199	72.88833618	330.0800171	51.86894608	199.7173309	163.4769135	157.3657684	160.9211884	59.16579437	23.8258667	63.09885025	101.7925644	0
P63276	3317.416504	3467.112793	4172.831055	3836.015625	2793.124023	3971.499756	4023.957275	3443.724854	3981.394775	3940.595703	3683.433105	3337.388916
P63280	379.1976624	511.7547302	419.7688293	377.415863	409.4187012	391.2249756	426.2847595	345.6910095	393.7912292	389.4027405	395.9134521	398.3207703
P63321	276.3294983	378.0635376	146.1923828	221.3835449	362.4708252	413.3692932	388.9255371	520.973999	281.8340454	425.2901611	441.8429565	426.6281433
P63323	2625.05542	4258.195801	3105.141602	2810.481934	3662.494873	2792.389648	3221.921143	4783.626953	4932.030762	3615.66626	2883.206543	3683.348877
P63325	10961.31836	10828.01172	10950.875	12031.14063	12109.17676	15684.84766	12527.2793	11848.98047	13145.93066	11542.06738	10832.83105	11794.08691
P63328	129.9013367	93.26829529	110.3983536	150.8190613	81.99478912	108.2266388	129.1971741	133.3831329	111.6446457	67.09365082	114.3564987	70.16609192
P67778	19475.54883	16648.71875	15304.87695	16957.84375	15660.33984	15990.77246	15538.31934	16029.94043	17562.56445	17857.60547	19825.55273	15463.8623
P67871	276.5465088	114.931778	252.6435699	136.3454895	209.5166016	267.0276184	256.4920959	359.7095032	270.6822205	179.70224	220.9865723	222.6637268
P67984	3911.502197	4621.420898	5981.653809	4224.674316	4901.496094	4125.20166	5210.799316	4962.910156	4205.824219	5693.608398	4645.933594	5045.940918
P68033	64092.61719	80635.05469	78117.85938	58051.10547	64381.58203	57722.625	66276.32813	66208.82813	58122.28125	63786.33594	65429.49609	70395.00781
P68037	2158.004883	2358.76001	2826.24585	2710.250244	2600.945557	2673.364258	2461.896729	2257.239258	2535.262451	2698.546631	2275.707764	2210.671875
P68040	7204.625	6978.250488	8380.334961	6659.272461	7519.507813	7265.236816	7474.512207	7642.180664	7396.578613	7036.743652	6933.479492	7385.943359
P68134	195.0858917	923.3686523	855.3705444	334.6369019	133.3159485	229.895462	263.1016541	0	287.0177002	225.9679565	199.2238922	111.9104156
P68181	81.11230469	125.8291016	133.6217194	91.86128998	106.08004	122.4947128	173.4845123	146.1957855	180.8802338	144.3459015	179.4664612	139.2152252
P68254	105.8769913	147.734436	160.4811401	128.1722412	191.7458649	121.9565735	174.2732391	141.9645081	93.55244446	117.9975739	167.5931854	109.2293396
P68368	6289.342285	5425.693848	4760.27832	5639.737793	6738.582031	6314.687988	5106.660156	7904.513672	8350.358398	7932.469238	6581.768066	6844.774902
P68372	20072.37305	20143.60742	18219.92773	20506.95508	19808.36914	20856.62109	17300.04492	25086.70508	24544.12109	22734.36328	17666.73633	22523.03516
P68373	165.0573883	0	0	4.914139271	0	0	0	0	0	0	0	0
P68500	599.7189331	15.46667385	237.3667297	238.4946899	26.66278267	246.781662	88.47953033	0	285.0726318	0	11.33103466	75.08827209
P68510	503.3415222	264.0784607	493.2400208	541.366333	486.8640747	449.6930542	719.8463745	559.2388306	268.4095764	648.5742798	499.3016052	659.8094482
P70122	521.4866333	526.4178467	415.5441895	785.105957	750.3009644	611.9387817	696.7840576	637.916687	501.0029907	548.9841919	525.6484985	654.4520264
P70158	97.45058441	99.04146576	63.12934113	47.01815796	54.41589355	102.7447128	91.76417542	104.3865662	111.3610382	108.6785812	105.4663696	82.98993683
P70168	1268.589233	1312.993774	1400.119507	1132.748535	1072.042114	1127.361938	1284.819824	1144.053711	1041.597656	921.7973633	1261.518311	1029.709595
P70175	16.90438652	13.53285313	15.15631676	22.95197678	20.59462547	0	44.86360931	51.76363754	21.58650589	0	68.33057404	66.05684662
P70194	232.0170441	189.0655823	223.1206665	265.8985596	311.6618042	245.9871368	399.0730286	282.5572205	282.5455322	262.2982788	207.1423798	320.7902832
P70195	487.6309509	759.810791	535.5803833	916.4869995	721.3742676	827.9691772	517.2138672	666.4470825	456.7052917	783.5740967	638.2715454	532.5661621
P70227	474.1581116	566.1149292	186.7222443	672.4639282	460.9257813	430.926239	224.812561	45.89749146	929.7167969	98.76921082	0	138.6604156
P70236	74.32911682	21.04190636	0	53.84231949	38.58465195	88.06925201	10.47856331	13.90046692	67.19263458	151.000061	20.26600266	25.80465698
P70245	2973.653564	2040.943726	3794.850586	2923.896484	2274.958496	2186.756104	1758.097412	2593.519287	3202.192139	2198.770508	1809.785645	1911.873779
P70255	94.3053894	106.9188919	126.510498	124.4146042	145.1761627	119.5968781	142.3143158	254.164444	154.7698212	159.8014679	147.4598541	145.6362457
P70257	36.11896515	289.4816895	261.4849548	136.5485382	88.74567413	65.03870392	41.2980957	64.87146759	79.88572693	153.0169678	150.3453979	125.6733093
P70261	47.99763107	29.57217598	0	23.66539383	0	87.85427856	44.88181305	48.77985764	26.26921272	59.05435181	35.00230026	96.08789063
P70266	288.7404785	292.5214539	202.9742279	325.7883606	319.360199	343.7773438	269.5173035	250.9974213	408.6027222	356.84729	357.9634705	293.2065735
P70268	36.63786697	86.42494202	23.288311	58.52324295	68.17512512	70.92906189	56.91128922	282.7619324	90.8249588	56.30278397	79.54165649	237.672699
P70280	67.10441589	104.2487411	139.593399	78.16281891	105.7532578	108.4430847	180.7863922	190.5748901	88.09406281	128.7436066	220.8040161	161.5639801
P70288	21.03641129	90.34288788	120.2933578	104.5210648	61.60293198	140.1564484	69.2735672	67.08483887	62.67289734	76.30929565	75.09899902	63.69552231
P70290	405.3204346	368.3092346	458.224884	317.1415405	270.9862671	349.7242126	302.7303467	305.1862183	303.6845703	290.8417664	289.3005371	317.3286438
P70295	164.3775177	167.5033264	92.76483154	143.5007324	175.9483185	184.1056671	113.3077011	213.0049896	127.883194	280.2018738	127.7057419	234.0782166
P70296	9854.389648	8602.064453	7150.455566	10144.02637	9748.375	9233.615234	10090.42285	7943.513184	10798.58691	9883.415039	9085.196289	9656.083008
P70297	81.40607452	193.785141	185.9732513	124.8089218	141.8923492	118.1137543	140.1278839	166.111908	117.0193558	219.278595	149.79245	151.3128052
P70302	431.242157	268.5599976	255.3743439	290.8641357	457.3710632	368.2678223	316.2044067	451.6451416	312.3720093	356.2454224	410.8447571	259.1141663
P70318	291.9214783	228.8426514	172.2183075	295.2129822	254.2322845	295.4663391	351.2757874	319.0061951	300.9194641	319.0541687	313.3500671	423.2124939
P70333	857.8161621	963.8931274	988.3114014	994.994751	800.3206787	927.7700195	786.151062	898.824646	838.3231812	694.0974121	831.557373	793.3760986
P70335	296.9156799	454.3164368	374.3613586	466.6724548	288.2031555	270.4729614	365.5294189	357.808197	372.6830444	531.7767334	283.5323181	389.1930847
P70336	110.9490814	141.7834625	10.6353693	27.89916039	44.06702805	78.85565948	104.7931442	120.6957245	117.205719	71.73407745	99.0245285	107.9440536
P70349	6196.835938	7651.064941	7098.380371	7488.398438	8936.053711	7723.150879	8526.695313	8406.133789	6326.756836	6941.669434	6024.776855	7988.001953
P70362	899.206665	838.1184692	967.9436035	753.9144287	1090.915649	947.3408813	843.8179932	904.5306396	920.2188721	814.8688354	814.6884766	1068.946655
P70372	1206.768066	1234.009155	1116.37561	1195.28064	1092.961914	1174.560669	1285.021484	1274.827637	1015.389526	1189.582031	1257.737061	1314.148926
P70387	101.5177383	95.57085419	37.054142	65.58074188	84.37111664	85.34697723	134.2275085	86.10458374	95.60600281	90.68550873	97.08241272	120.1848297
P70389	5.518546581	49.75476837	34.89664841	23.47880363	25.45442963	31.33608818	43.679142	83.64644623	85.24669647	102.8202438	36.93444824	57.19269943
P70398	285.8453064	221.7818756	196.5437469	198.9351959	256.7695923	235.2568512	218.8558655	209.0579681	223.3096924	230.7759705	204.4369049	196.4658508
P70404	552.3249512	582.5557251	745.0334473	511.9215088	535.2699585	397.6134338	380.7835999	394.6506348	479.6901855	463.2576904	412.1583862	472.9404907
P70441	3856.962891	3389.629395	2700.206543	4343.874512	2553.118408	2482.942139	2456.972412	2296.484131	3319.592285	2867.680664	2695.25293	3125.830322
P70444	197.6222839	232.882019	217.2094727	191.9121552	195.5156555	237.1281128	250.2871552	181.3932037	168.4762421	386.0250244	170.0190277	190.6502228
P70452	187.4818573	212.7045593	181.3462524	119.3261871	118.735939	161.6647797	108.4044952	308.8335571	146.4847565	251.421524	155.4446869	220.3990479
P70460	54.52754211	105.943924	119.0187759	108.6031265	83.83642578	42.52591705	108.2008514	133.7914581	107.6389771	102.0556946	63.52907562	145.0077972
P70665	58.24816132	105.6303329	89.97690582	90.17685699	135.3065796	57.58715439	88.44213104	67.55324554	69.22275543	72.81373596	103.5201492	20.46317673
P70670	4085.677979	3920.052734	2311.467529	4339.509766	4434.158691	5155.020996	4931.157715	4302.119629	4454.854004	4833.618652	4131.420898	4376.825195
P70671	174.2246094	139.5121765	165.2029724	153.7553864	125.1467896	138.9985504	87.54163361	113.2244644	122.4965286	107.8364334	138.4047546	106.4716492
P70677	328.958252	202.7406921	308.918457	350.2509766	381.2579956	316.1318054	311.6745911	265.7953491	349.9968567	259.4519958	256.2867432	168.1495819
P70694	49264.01563	48347.53906	38630.30078	48367.70703	51676.16016	56460.57813	52333.00781	47921.96094	65478.03125	60415.91797	67179.09375	59411.92578
P70697	717.0015869	809.1008911	751.2451172	747.0985718	738.9661255	672.0630493	804.0419922	781.7607422	672.2055664	823.8759766	720.4588623	934.1861572
P70699	768.9959106	617.161438	652.074707	741.6325073	1066.214966	1038.909668	1387.824707	1114.124023	901.8994751	809.3366089	1106.259521	1076.314697
P70704	0	0	318.607666	42.9524765	0	67.88218689	37.71380615	0	0	24.78342056	0	86.53283691
P80313	1462.658813	1448.587036	1500.127808	1114.532837	1460.548096	1329.635498	1420.997925	1311.256104	1342.822144	1403.032227	1298.533813	1431.433838
P80314	3399.273438	3408.124023	3181.573242	2982.69165	3018.963867	3183.655518	3234.336914	3465.813477	2691.429443	2980.445313	3034.479004	3300.472656
P80315	3905.338867	3134.053467	3311.686523	3122.075195	3223.498047	3021.515869	3506.602539	2953.406982	2965.209717	3027.890625	3176.678711	3142.544434
P80316	2709.213379	2355.857178	2333.975586	2119.639648	2159.347412	2286.308594	2493.177002	2474.820313	2408.037598	2258.52417	2247.446289	2349.31665
P80317	3830.858887	3305.078125	3387.616455	3251.756348	3185.436768	3624.12085	3506.733154	3388.249512	3507.449219	3271.029053	3078.876953	2989.892578
P80318	2987.883545	3359.664063	3028.647461	2750.552002	2922.487061	3300.452881	2986.824219	3015.946289	2872.182129	2618.494385	2761.333008	2876.767822
P81117	251.0104675	143.9712219	566.6609497	200.5009766	108.0639572	197.4815521	166.4439545	79.192276	3.248691559	80.49428558	47.94509506	98.09381104
P81269;Q01147	130.0791168	133.7773743	220.6279907	175.5153198	162.10112	174.5498352	257.4246826	139.3631897	81.26299286	185.5915833	131.2724152	104.9238892
P82198	122.6325226	143.0437012	166.9876709	147.7074127	95.14608765	92.27397156	70.27037048	102.1622238	94.76174164	126.7333832	82.30543518	169.0386505
P83870	334.5279846	287.5534973	344.7544861	388.9361877	699.3712769	502.9759827	493.8721008	436.2745972	251.762085	948.5271606	255.7389526	482.3656616
P83882	991.5146484	858.9928589	201.4860992	837.1094971	865.5001831	612.3956299	844.4978638	1121.674805	1091.479126	914.9800415	889.0465698	655.7287598
P83887;Q8VCK3	104.0437469	215.5070343	275.1238708	106.6382217	102.1225815	104.6973724	44.38090897	221.6457825	94.95583344	101.0447617	90.84996796	99.86396027
P83917	91.75635529	79.91679382	59.42881393	63.680233	56.89541245	52.43668365	122.8118057	84.56788635	51.19241714	83.63612366	78.72653198	44.93289566
P83940	199.4753113	249.0061493	344.5201111	145.5418396	266.3370972	249.5887299	425.6268005	152.208786	207.9560089	361.9607544	358.9151306	308.5827942
P84075	291.7675476	261.3244324	222.2433624	131.3162994	296.344635	330.2705078	524.2235718	469.3904419	325.5793457	287.4498901	419.1208191	418.9642944
P84084	338.4593811	276.7636108	318.4100342	272.9758301	185.314743	329.9473877	443.8033142	284.9562683	386.8774109	327.1352844	445.9859009	349.3813782
P84089	350.9637756	474.4558411	492.530426	624.4977417	530.8120728	583.1809082	561.7843628	494.8658142	395.22995	554.8588257	413.5075073	392.4612732
P84091	1733.287476	1891.426147	1771.072388	1919.216797	2008.719849	1960.563965	1914.250977	2272.340576	2306.082275	2179.532715	2564.023682	2105.438477
P84096	94.90397644	92.38658142	68.98052216	131.061615	66.17961121	180.387619	61.73098373	129.6227722	55.07661057	84.12840271	101.8652496	149.7306976
P84099	2058.311523	2993.906982	2864.895996	2829.369141	3108.836914	2661.038086	2945.14624	3382.132813	3102.428955	2806.783936	2840.879883	2688.73877
P84104	2293.829102	2135.598389	2033.488892	1967.861816	2352.982422	1987.590576	2164.116455	2224.867188	2132.820313	2115.50708	2173.49292	1539.301392
P85094	1110.65332	1121.046997	1039.447876	1205.365723	785.6461792	1180.790405	722.0515137	1008.471191	1485.314087	1472.854126	1081.250366	1348.719971
P97290	335.5214844	296.5319824	328.6248169	397.62146	465.1762085	523.2740479	625.5206909	580.5227051	390.0969238	423.0092163	383.4879456	515.3282471
P97298	63.85704422	80.47005463	118.6885071	75.33142853	128.1430206	95.22851563	101.9187469	126.9257431	108.9053802	98.78161621	72.04180908	115.9771118
P97300	779.1000977	768.3356934	1134.231934	547.0077515	639.2531738	772.2767944	637.9664917	937.9494019	922.5646362	916.0170288	768.8080444	366.4006958
P97328	7036.286621	6306.470215	5545.77832	9327.081055	9090.771484	7361.696289	9444.411133	7545.015137	13445.84375	11828.04688	7568.097168	10695.85938
P97351	7319.532715	7832.76416	8155.199219	7603.631348	7547.72998	7573.800781	7268.614746	7030.632813	8270.289063	7754.869141	6175.907227	7912.476563
P97352	651.1923218	580.9091797	553.2948608	540.8743286	436.6894836	544.5708008	525.9559937	613.2558594	397.7260437	605.4718018	641.1901855	569.1630249
P97364	3911.854736	4397.58252	3395.877686	3977.482178	2079.37915	2197.22583	1819.591919	2765.267334	2606.187012	3154.802002	3166.678223	3128.780518
P97370	205.1159058	166.0012207	316.1790466	228.1365814	351.8796692	394.6224365	471.3231812	246.4818573	345.1018677	296.589325	290.8882446	395.8309631
P97371	3823.5271	3384.558105	3526.763916	3838.339111	3722.710205	3512.133545	4265.721191	3363.474121	4116.65918	4024.740723	3303.619629	3894.969238
P97372	997.5548706	1124.217529	1241.161499	1450.655762	1175.598755	989.512085	1624.192383	1146.485474	1463.716187	1301.648193	1131.542603	1272.150146
P97379	327.82901	169.035614	223.0443726	254.5958099	280.6874695	248.5844269	202.3942871	341.9002686	283.5833435	314.7066345	207.3617096	330.9254456
P97384	992.7011108	682.663147	693.3064575	675.5612183	779.314209	827.8377686	682.0075684	665.1265869	766.4055786	794.6673584	822.9936523	684.4797363
P97386	98.33200836	87.67724609	61.78163528	29.70947838	55.02023697	30.12816048	16.98224068	48.97124863	90.21446228	0	90.63472748	31.9949894
P97390	138.3553619	43.12854004	47.66807938	56.80557632	47.04385757	59.05300522	34.98862076	77.06273651	100.8658752	64.3999176	31.67247391	84.23661041
P97427	76.9103775	154.1753693	108.6797409	93.87953186	186.8543854	120.670845	104.8994141	166.9828949	40.26193619	173.0256042	140.1854401	74.1973114
P97429	1493.592896	1274.655518	1402.621216	1200.35083	1411.762817	1609.076782	1617.182983	1548.271118	1414.863525	1308.939575	1341.36145	1126.052979
P97434	79.80749512	85.50966644	105.3118668	106.0398712	88.54431152	137.2328644	102.194809	126.7562027	107.6475906	104.4237976	95.50650024	54.46414948
P97449	750.8590088	830.8983154	774.8323364	743.0542603	851.3112793	908.2810059	1103.667847	791.9979858	657.4578857	660.4839478	724.5918579	764.7541504
P97450	10877.1582	11494.85156	11146.23438	12600.28418	9214.00293	10336.74707	8106.951172	9290.771484	9656.162109	11895.89355	12180.01563	10210.62793
P97452	97.50476837	109.5211182	78.83280945	74.42996216	72.76542664	81.73365021	72.15879822	150.0952606	81.26998138	70.04811859	25.15981483	60.15685272
P97457	0	849.6219482	439.0107422	0	0	0	0	16.85352707	0	0	0	0
P97461	2175.533447	1899.066406	3073.699951	1555.838135	3245.360107	952.9247437	1407.467041	3554.226318	1974.12207	2244.438477	1738.298706	2947.959473
P97470	31.00460625	54.5172081	80.80841827	107.2746124	0	52.60448456	85.94820404	34.45055389	103.1866531	73.25311279	87.41013336	83.87359619
P97478	1622.897461	985.375	1629.328491	1318.693726	1006.449829	813.8102417	1079.915283	854.3626709	1058.287964	1094.577515	1233.412476	801.6871948
P97493	1583.411011	2091.008301	1784.169067	1744.258179	1457.919067	1228.419556	1327.141235	1438.966309	1252.944214	1564.427124	1688.131958	1548.651367
P97494	2783.760498	2536.071289	2315.612061	2683.77832	3975.491455	3667.152344	4585.40625	3640.432617	3270.229492	2986.532471	2786.030518	2817.954102
P97499	67.44729614	39.05910492	21.37593842	15.72632027	141.4078217	83.27853394	18.44504738	10.26473808	81.81820679	78.83544922	21.74826241	28.86088943
P97501;Q8VHG0	107.5574188	322.6870422	206.9963074	210.7570038	210.6254425	39.06648636	97.85048676	0	151.1205139	0	78.35918427	77.35960388
P97742	1824.569458	2257.652344	2722.584961	2199.181152	2165.815674	2475.216309	2498.104248	2690.132568	2643.400391	2397.885986	3061.947266	2095.555664
P97760	46.61764145	140.3617706	0	39.45737076	0	95.40446472	86.93384552	49.67712402	77.17276001	0	12.40780449	71.94143677
P97765	59.12043381	49.7340889	66.5003891	94.58847046	54.88922501	92.31198883	83.64768982	49.88116837	61.83753204	110.7475357	69.66075897	94.20898438
P97789	54.77704239	0	0	85.36227417	68.62180328	60.82120895	120.8608398	53.5341568	94.05091095	79.77470398	0	36.21435928
P97792	297.556427	291.7232361	282.0053406	277.620697	116.4124527	193.9548187	167.3222809	251.3131256	163.345047	263.8638916	201.8179016	121.0852051
P97807	15222.59082	12736.23145	14792.31641	13722.23242	11039.51367	11800.66113	10562.09766	9862.552734	11168.95117	9990.87207	11397.73828	11199.0957
P97819	53.38631058	101.9868164	68.22607422	28.23909378	95.45096588	50.71265411	113.4048157	50.20385361	41.74991226	91.95198059	94.89962769	38.56461716
P97821	453.3787537	495.176178	411.807373	434.4617004	607.4420776	567.3798218	585.8994751	160.793869	362.0041199	478.3974609	332.5386047	560.0015869
P97822	46.5582962	121.8650894	104.5179367	102.0248184	61.95816803	61.53968048	72.82727814	73.15416718	46.37843323	122.2459183	43.32134628	101.7160034
P97823	1674.336914	1452.947632	1716.380371	2133.942627	1913.479004	1642.352051	1597.504639	1672.857056	1858.446289	1338.589966	1855.412842	2037.930054
P97855	1178.16626	956.1604004	1189.203857	830.2018433	947.0234985	935.6750488	901.5282593	974.0734253	1101.377197	1043.034546	910.7416382	943.7678223
P97863	96.63136292	135.9228973	177.2985687	113.9944839	92.08081055	114.0588455	109.3222351	196.7299652	126.3283615	130.4279022	143.6730194	116.5664215
P97864	50.42082977	97.45907593	51.76900101	31.54629898	92.78553772	34.63696671	10.79403114	65.08803558	11.31380939	115.5688095	41.59632492	42.13603592
P97865	76.69908905	0	64.18421936	99.15338898	76.82350922	151.0521698	166.6135254	200.2011108	125.4463196	32.04656982	151.4944458	87.92150879
P97872	9953.802734	11769.00684	11473.06445	11872.91992	12545.53027	11089.19922	12521.60742	11291.69531	12931.62402	9539.035156	12345.22754	8380.944336
P97930	80.63816833	198.1707306	102.9887314	117.3318176	137.2427063	117.5519943	114.6210632	85.82499695	114.9152603	175.3693542	189.9792175	185.9231873
P98078	76.25202179	73.54111481	99.72198486	104.4759598	172.1511536	66.04641724	69.29394531	109.4045944	102.112793	82.22509766	104.4535065	86.21134186
P98203	95.05873108	92.57194519	82.76235199	110.4880219	114.1434097	58.96809006	108.6018448	133.9838104	73.31463623	100.3401566	95.19223785	129.5261993
P99024	1978.974731	1765.536133	1477.823486	1787.660645	1556.621094	1978.931763	1750.016357	1683.926636	1757.751099	1824.09021	1319.701416	1576.346313
P99025	2244.764404	2201.679199	1908.850098	2549.567383	1768.572266	1200.713867	1660.65271	1488.352051	2888.7854	2469.405762	2410.078125	1843.414307
P99026	1483.627441	1243.255371	1390.058228	1312.78186	1379.30957	1397.722412	1571.282715	1249.763428	1225.478394	1201.389526	1262.506348	1378.14502
P99027	23145.72266	23457.4043	23838.24023	23013.7832	24830.37109	23007.75977	22326.72852	23721.5332	22699.66797	25081.06836	22096.07031	24769.23047
P99028	8204.744141	8546.979492	9762.573242	8421.6875	3685.748779	5006.050293	4892.650879	4674.436035	6078.177734	5218.85791	6009.738281	4516.618652
P99029	32260.57617	29293.82031	27211.46484	32514.35352	27282.10156	27481.19727	25679.85938	25931.61133	31049.34766	28112.08008	25811.92383	30894.20117
Q00422	68.27095032	58.05888367	41.64505768	24.08110809	56.66270828	121.9787216	42.50675201	50.21208954	78.76435089	92.56302643	75.02648926	77.97108459
Q00519	1323.744995	1365.339233	1028.545898	1304.604858	1077.578491	1168.526367	1270.874756	1146.290283	1370.312866	1168.634399	1224.167236	1228.03894
Q00612	256.0564575	222.2229462	215.640274	247.0214233	166.0630341	178.3917847	171.2355652	141.5899353	146.7614288	205.0170288	68.35009003	142.5773926
Q00623	12382.04785	15315.9502	14696.03027	13777.77148	16792.69922	19824.8457	17228.66602	20418.32227	20942.87305	27811.92969	18186.73828	21513.92773
Q00724	1118.124268	1495.313232	1415.340942	2321.208496	2394.314209	2591.552979	3450.561523	2159.618896	2817.324219	2942.248779	2991.541016	3014.349121
Q00897	9386.379883	11343.04199	9823.220703	11048.17383	11179.36816	11831.49316	11660.97559	11421.07422	11083.48535	12149.21387	11879.57715	13900.37891
Q00898	590.3637695	615.2667847	512.7980347	546.3656616	922.6182861	990.7807617	939.111145	1180.437622	794.0474854	819.2874146	795.5940552	1534.052124
Q00915	583.2814331	546.5737305	564.1386108	529.4140015	383.4683228	462.3329163	491.0568848	460.5057983	436.1656189	500.9349365	414.2056274	536.8007202
Q00PI9	694.9624023	897.7506714	700.8111572	1000.121582	772.678772	810.8429565	688.4301758	863.2977905	669.2674561	793.7525635	748.0628662	844.076416
Q01149	29.2851963	64.76961517	861.7910767	89.63311005	157.4268799	0	40.36781693	64.4104538	22.81459236	287.7134705	30.4889431	67.69631195
Q01279	2171.412598	1644.211426	1801.398682	1660.723633	1538.467407	1627.83667	1840.09021	1790.014648	1193.799805	1249.93689	1456.398193	1959.817993
Q01339	263.0428162	270.5374146	337.3132935	309.38797	301.4295349	264.8328247	200.5440216	126.1537247	363.2444153	361.081543	350.336792	228.3947296
Q01405	704.116394	791.6918945	825.1676636	765.487915	1102.50293	898.3770142	995.241394	1157.681641	996.9421997	810.5158691	921.5532227	986.7981567
Q01730	975.477478	971.5685425	968.6687012	870.2296753	780.4725952	725.0048828	813.9598999	792.2070923	705.8250732	810.3776245	741.2814941	657.2747192
Q01768	19350.11523	18837.47852	18673.05078	20737.88867	19513.73633	18011.57422	17868.57031	16695.71094	19413.31641	18782.17969	16390.87109	17142.14453
Q01853	12798.51758	11091.24414	12715.3291	11971.29492	13429.54199	12574.2334	13576.5166	12323.53809	12592.96875	12380.95801	11814.13379	11805.53613
Q02013	434.1488647	604.4660034	428.9396667	402.8251038	590.3182983	607.8249512	469.7015076	816.1810913	715.8690186	688.7255859	745.2434082	577.5628052
Q02053	3143.125	3099.167236	2911.153809	2924.89917	2972.96875	2834.313965	2888.013916	3269.65332	3352.009277	3101.366455	2725.647217	3208.314697
Q02248	610.7969971	702.0554199	763.7317505	726.4348755	574.1040039	618.4243164	677.9209595	712.1820679	726.0487671	716.9772949	628.296936	732.2369995
Q02257	362.4115601	459.0582886	417.069519	414.04599	430.8873596	378.2789001	483.4851379	554.3131714	432.1169739	406.8270569	409.34198	347.6136475
Q02357	75.42993927	145.9991608	211.9393158	139.4764862	108.5268173	113.5033875	101.2374802	106.7287979	98.63213348	189.2793121	97.87999725	91.64500427
Q02788	590.5222168	1483.603516	1199.890747	488.7112427	681.6542358	785.7439575	717.3034058	802.0680542	511.9827576	977.2922974	504.6630249	767.6635132
Q02819	812.0501709	725.0186768	795.0337524	656.595459	699.8418579	774.3252563	987.5928345	846.7344971	702.0422974	801.6432495	624.9492798	753.414856
Q03160	208.4493866	204.8826294	153.4966736	179.7777863	118.6921921	116.3526306	61.6254921	98.58550262	142.8058167	157.8214569	100.9944077	90.69087982
Q03249	604.0195313	768.0058594	594.8059692	660.2127075	381.6493835	545.1743164	507.730957	431.6547241	526.6082153	414.8081055	667.1663208	478.3848572
Q03265	115795.8828	99768.57031	105653.1719	98536.75	83312.59375	89176.65625	75780.57031	86927.70313	94362.39063	102250.2109	103774.3594	93667.53906
Q03311	182.9155579	146.3465729	190.6006165	183.6499023	194.4302063	153.084198	190.9013977	165.3562317	258.5184937	184.4911194	224.1219788	162.6859894
Q03734	3166.67334	4562.849121	4400.791016	4145.541992	5144.609375	4928.224609	5873.88623	5452.087891	4771.4375	5815.443359	4098.604004	6802.431641
Q03958	440.8649597	588.8242188	407.8318176	399.7775269	192.0988159	294.5669556	302.7571716	248.4859314	356.6072388	237.4869843	303.3701477	207.9903412
Q03963	100.0139542	69.96630096	134.5257568	102.2705688	33.9183197	68.79101563	63.5789566	62.96685791	104.5411682	29.44773865	82.0627594	52.50650024
Q04207	83.17732239	89.72658539	58.33578873	47.93867493	126.7811127	105.4490356	97.15721893	65.99812317	157.1092834	79.26682281	73.10430145	148.792572
Q04447	380.7946777	542.0380859	533.5026245	416.0214539	504.8062134	470.2117615	547.4328613	513.4680176	394.9358215	502.1073608	466.6911621	605.2983398
Q04519	170.062851	92.66983795	141.6281433	143.7144775	146.3239441	93.71205902	111.6893311	113.135376	114.0557022	137.0016785	117.147728	93.80421448
Q04736	254.3100891	434.2387085	502.141449	447.6742249	322.0415955	365.2876282	310.8277283	515.1418457	359.8703308	226.6839752	294.1799622	484.2867737
Q04750	447.2904663	521.9995728	389.5927124	422.684906	416.0750732	470.4901428	485.3296204	529.5925293	422.1416626	433.6528015	528.7097778	534.0146484
Q04857	777.4069214	1927.554565	1212.883179	623.7333374	691.3761597	957.5610352	854.644165	893.9888306	492.5623169	1004.458679	636.6619263	813.9449463
Q05020	0	0	86.71089935	54.82326889	179.9199829	78.22541809	26.99219131	0	205.1688538	0	59.77960587	189.719986
Q05117	1241.780884	1052.807617	987.9525146	1211.309082	1114.709961	1317.525513	1680.077393	896.9155884	822.0540161	1073.417603	1112.99585	935.7063599
Q05144	173.2379303	0	96.16846466	77.97963715	141.4992371	179.8500366	99.91298676	153.7770081	219.9277496	195.1890411	70.96552277	159.1837311
Q05186	664.758728	538.5872803	696.9393311	460.7830505	387.0618591	218.7187042	338.8321838	342.9222107	411.4951477	308.7424011	338.601593	298.2364807
Q05421	17491.11328	21587.375	24791.83008	21363.19336	27604.08789	28091.74219	30926.86719	33107.62891	28824.05664	24952.07617	38063.67578	28443.18359
Q05793	681.7108765	658.6987305	678.8839111	527.9492798	623.9954834	559.5903931	600.4779663	593.8824463	509.5443115	624.4841919	517.2900391	593.8563232
Q05816	989.1766968	590.0953369	643.8448486	895.4115601	380.3170166	502.5149536	629.7972412	392.9000549	318.9133911	740.7822876	225.5280609	783.3577271
Q05915	545.9763184	672.1782227	738.7393188	466.8926697	583.5339355	472.227478	828.0189209	519.1181641	321.0809326	429.9978333	434.2315369	529.7098999
Q05920	25958.89648	27833.03516	27337.21094	27542.76563	26626.56055	29100.98828	26814.91406	29745.98828	32226.26563	31813.7168	28103.98633	29448.03711
Q05D44	341.960907	327.9484558	363.1539612	294.2891235	365.9421082	350.440918	364.2200317	393.3435974	325.7543335	419.102356	397.5020447	380.0230713
Q06138	148.8299255	179.9022064	209.2389832	114.0386429	200.2082214	208.4308014	170.0996857	276.8113708	191.4256592	182.2229004	186.9173126	210.9799042
Q06185	22462.6582	16095.37402	16362.12109	17251.77148	11711.68066	13964.00684	14077.29395	16158.49707	16932.15625	19576.2793	17296.66797	15899.56641
Q06770	128.1436768	118.2935715	134.1957855	128.4342804	117.2203293	115.3908844	112.1686707	97.86125183	151.6141663	178.0584259	114.3785019	63.44031906
Q06890	647.0157471	698.1503296	688.1522827	601.2252197	607.1199951	738.2980957	842.6599731	702.2884521	672.00354	660.6067505	530.4064941	633.0583496
Q07076	1269.441162	1232.525024	1523.224609	1371.255371	1277.522827	1346.021973	1486.042725	1179.349731	1350.019897	1382.925049	1173.424805	1209.892578
Q07113	53.28692245	44.43835068	78.3614502	43.01226425	96.66287231	64.11273956	74.98971558	61.15234375	66.36196899	57.93910217	41.70191193	72.6129837
Q07235	129.6830444	43.65605164	0	141.6618958	117.846405	58.40543365	92.52136993	75.37602234	62.54065323	109.8743668	78.86837006	93.53181458
Q07417	20086.0293	18519.18945	18311.6543	18183.01953	18980.04102	18719.44336	18187.37891	17912.875	19568.4668	18900.89844	19589.375	21123.34766
Q07456	489.0197449	495.3496094	349.6809082	449.0010681	488.4073486	486.1165466	644.7940674	544.7020874	301.3386841	487.558197	440.4354858	336.9603577
Q07797	279.3540039	295.9936829	332.0644836	305.8334045	310.3884888	289.2997437	534.5507813	391.2921143	258.9556885	229.6060944	399.858429	422.1114197
Q07813	266.2949219	350.3164368	448.9503174	478.5628662	260.2972717	381.7898865	341.4654541	364.7693176	362.3821106	138.03479	340.115448	481.0968628
Q07968	66.60269928	75.58763123	73.41951752	63.38914108	45.11855698	71.13967133	41.94882584	31.76115608	96.22209167	54.69333267	42.85654068	61.96928787
Q08024	41.12559509	63.99798203	16.5327549	67.76457214	103.9900513	29.39675331	54.39909363	36.20684814	64.81720734	55.7317276	0	57.32616043
Q08093	108.8594513	82.72105408	123.575119	72.88024139	102.3840485	182.2657318	156.0512848	82.72702789	82.43618011	96.65704346	21.57734108	170.7747803
Q08481	162.3805237	123.5262833	0	87.44219971	81.07028198	15.23373604	133.3724976	35.6296196	117.572876	0	38.89740372	0
Q08857	324.281311	342.1448364	482.1123352	440.7651062	612.824585	609.8375244	645.782959	493.2069397	489.752533	441.0452576	364.2651978	387.0100098
Q08879	0	193.0753021	177.1719513	0	157.243866	182.8752441	39.48350525	205.4686127	87.5300827	88.3598938	152.0102539	165.1632843
Q08943	283.6379395	256.3572693	259.3330994	173.0382233	239.7449188	246.3767548	273.3113098	206.7607422	383.6696472	261.4751587	239.4008026	208.0670319
Q0KL01	390.4215088	344.1109314	973.4561768	799.4664307	1186.432739	605.6713257	395.428772	872.821106	281.0764771	367.1463013	412.4844666	1324.58728
Q0VBL3	52.54023361	32.78100967	0	86.79845428	37.3323822	92.54401398	77.50910187	87.30484772	47.80846024	93.99689484	23.59448814	59.89250183
Q0VGB7	150.0654449	0	267.1894226	157.4089813	189.0132294	98.77819061	216.5110779	163.3663483	0	162.2547607	205.1110382	0
Q11011	320.0229492	329.3827515	267.0602722	251.7256775	377.0247192	317.8820496	363.6345825	361.4897461	333.2537231	308.9907227	304.4098816	323.3989868
Q11136	212.8057251	257.367218	237.7927399	184.0471954	270.449585	201.5614014	248.9422913	215.3310852	219.7652893	185.4776917	175.4688263	225.7097778
Q148V7	148.0324249	82.48126984	134.4468689	82.75161743	25.72877693	33.44844437	37.03696823	55.5981102	56.16794205	64.97702026	43.46839523	64.07875824
Q148V8	86.2700882	74.07288361	67.05155945	76.14463806	65.53619385	46.7567482	76.49720001	82.51374817	65.43043518	46.00654602	63.65400696	113.0599136
Q14AI6	91.46981049	128.1224518	96.86654663	68.39581299	74.77056122	120.1941071	76.26300812	74.68017578	80.54328918	97.22615814	122.4008102	55.53034592
Q14C51	164.5569611	221.954422	177.7742767	304.500885	172.8196564	208.928772	151.2910919	226.0626068	223.8084259	295.2136536	249.2770538	216.3270721
Q14CH1	316.1040344	298.9372253	238.7113953	203.4367676	248.0760803	193.1090393	208.4187927	198.5995483	216.0874786	215.0842743	258.1257019	226.3870239
Q14CH7	160.9147034	110.984642	155.7937622	92.74874878	112.838768	114.671463	84.83776093	76.72871399	146.395401	134.7128906	131.2484589	76.23799896
Q14DH7	489.3625183	315.6772156	659.4969482	440.8161011	365.8444519	378.1268311	300.3147888	298.5825195	473.7266846	335.1734924	296.229187	226.9868927
Q1HFZ0	308.6942139	256.4158325	270.9129944	259.1887817	275.8985291	238.8828125	267.7779541	283.6599426	293.8197327	244.9105682	259.7575989	227.4751434
Q283N4	1954.888794	1519.9198	948.9287109	1686.008301	498.5921021	845.2560425	799.5878906	801.2279053	870.4699097	1182.863281	1489.302368	1454.936768
Q2EMV9	27.96694374	65.68083191	36.01903534	33.02864456	56.17470932	57.27275467	73.43885803	63.98092651	98.6427536	35.83333588	15.25796127	33.41329575
Q2HXL6	0	0	125.1860962	47.6568985	204.4686279	52.66080093	44.83080292	0	0	64.98326111	123.4847031	130.3816681
Q2KN98	31.51277924	0	0	0	0	0	52.65187836	0	0	61.58598328	0	0
Q2L4X1;Q91VK1	60.00921249	69.93109131	101.6064987	107.5031433	64.55664825	72.96740723	78.78237152	151.3584442	15.64010811	45.59978485	89.15688324	81.22116089
Q2TBE6	43.85509109	47.72812653	85.78859711	22.01646042	123.6290665	117.4885635	91.37830353	77.58104706	30.4341774	109.4320679	105.258812	117.3802185
Q2TPA8	1319.058228	1098.184204	1564.740845	1373.362427	1365.858032	1370.734253	1767.403931	1661.992554	1054.390381	1154.927979	1355.549927	1355.330566
Q3B7Z2	409.1253967	312.0365601	426.991394	427.2511597	349.1530151	396.8476257	383.9413757	238.4232483	248.5942688	368.2068787	260.0644226	315.8988647
Q3T9X0	177.4668884	190.1952515	245.644104	118.1685867	154.0953827	118.93013	100.6822891	167.9993744	152.4365845	110.0660706	206.6326141	70.47359467
Q3TAS6	446.7223816	390.3526001	495.2159424	409.0420532	377.2717896	446.4397888	428.315033	293.344696	384.3036499	434.3971252	397.2655029	276.6850891
Q3TBW2	193.5655518	137.6003418	172.923996	191.8095245	194.0115967	122.4003067	139.4845581	215.8149414	149.1241608	191.3382568	224.3699036	228.0786133
Q3TC33	37.63668442	23.79705811	0	0	90.03313446	51.58930969	69.94219208	90.82679749	61.51623535	68.84822845	144.1127319	129.4295654
Q3TC72	560.0217896	826.9246216	603.4746704	637.6709595	506.7680359	511.4402161	488.1898804	766.666687	654.9837646	633.2151489	862.3200073	692.0153809
Q3TC93	136.7076569	84.61630249	111.7848434	114.2905731	51.87713242	89.50635529	67.14472198	127.0733795	92.95583344	105.0830154	119.5700836	90.56654358
Q3TCH7	62.69602966	85.91324615	94.34427643	71.44254303	39.30085373	46.72825241	59.41075134	70.06728363	68.90736389	45.60354996	60.1896553	37.48692322
Q3TCJ1	204.1237488	103.0866241	88.23226929	188.135788	130.3432312	184.9208527	265.1996155	133.0070648	177.2582397	202.3327789	117.8427505	231.1161499
Q3TCN2	397.5892334	384.981781	562.211853	486.4615479	533.9802246	573.510498	795.3648071	721.9383545	412.5217896	367.2087708	563.3724976	527.734436
Q3TDD9	33.70538712	79.63557434	78.07358551	84.41397095	56.07847214	69.76794434	49.69073486	58.06510162	50.11558151	85.75746155	32.62067032	93.07594299
Q3TDN2	331.9879761	327.5712891	267.0036316	273.8241577	277.7693787	204.6641235	210.5648956	315.4404297	308.8421326	288.0877991	331.7632141	354.4458923
Q3TDQ1	718.038269	435.552124	509.678009	602.9248657	943.574707	961.5797119	1040.957642	903.2041626	717.3647461	793.4376831	955.7631226	899.4802856
Q3TEA8	626.6339111	866.3406982	542.8269653	544.0442505	490.2703247	587.3256836	492.3809204	725.3359985	975.6520996	625.2114258	600.6676025	696.3869629
Q3TFQ1	174.7236633	186.8300018	254.3209076	143.8723907	205.3408966	216.2954102	269.5362549	159.8310852	113.458168	116.0432205	155.0044708	97.80223846
Q3TGF2	46.73107529	86.02180481	135.1053925	51.1003952	29.88153648	98.86483002	119.1522369	87.61134338	63.44321823	119.5061264	31.56419373	93.62741852
Q3TGW2	59.25331879	79.30957794	0	0	145.1113892	10.81591606	54.27193451	0	200.8878326	0	0	0
Q3THE2	2434.471924	2424.89502	2529.412354	2192.691895	2486.967285	2233.568848	2696.467285	2524.97168	2158.039307	2343.008545	2012.730225	2096.199951
Q3THG9	343.6383057	440.9380798	310.5820313	399.2450562	427.2311707	377.5791626	292.2297363	376.4568176	492.4964294	464.1085205	439.6900024	368.2136841
Q3THK7	953.9345093	747.458313	856.6591797	915.6574097	887.2955322	838.2067261	932.0925293	787.8039551	962.3982544	1061.779419	931.4351807	892.7657471
Q3THS6	633.9563599	684.2562866	530.3977661	668.0813599	699.1768188	527.5001221	705.4041138	880.6574707	656.9850464	647.3344727	707.8421021	773.2253418
Q3TIV5	117.7193375	114.3522186	159.2810059	133.2571716	135.8739929	174.3612671	211.2389221	183.1644745	168.5453949	114.0006866	131.8088989	152.7885895
Q3TIX9	208.2124023	85.90592957	48.40531158	110.5332947	126.6175766	96.04060364	55.49860001	194.677002	103.3318939	74.58657074	116.7577515	101.8860626
Q3TJ91	170.4008484	97.59902954	145.2108154	105.1156616	105.7730179	91.90606689	100.1029663	115.3348618	83.47001648	95.78185272	135.5930176	70.25605774
Q3TJZ6	213.1236115	273.3140564	208.9190979	247.3904266	225.2756958	333.26474	270.5412292	240.8880768	285.7576599	327.5680542	271.239563	297.9679565
Q3TL44	242.4655457	208.6187439	200.1389771	188.2869263	125.2032242	218.835907	206.6238556	216.427124	232.2662811	253.6866302	271.6913147	201.774826
Q3TLP5	6370.521973	5839.88623	5689.039551	6059.375	4426.570313	4683.581543	3979.580322	3644.644287	4818.345703	3902.563232	4136.459473	3860.355957
Q3TMH2	534.0527344	600.1181641	565.4206543	528.536499	433.7629089	489.03302	469.2633362	623.1986084	627.1303101	531.1370239	491.8648987	641.1904907
Q3TNA1	1364.83728	1249.515747	1588.454834	1584.024658	1506.386841	1621.555664	1563.977539	1350.560913	1657.000854	1538.200317	1421.581909	1493.75293
Q3TTY5	123.3467789	81.11088562	124.4368286	47.97167587	34.56900024	209.2267456	146.8963165	64.79358673	267.5030823	220.2835236	194.1998291	72.45212555
Q3TW96	553.1605835	418.2370605	560.4301758	546.9034424	760.7185059	538.9765625	907.9810791	476.4458618	402.3023987	418.0791931	352.7510376	373.0110168
Q3TWW8	367.315918	393.574646	392.1086731	263.5253601	448.070343	350.3430481	412.1226196	413.6894531	314.5472412	448.6040955	481.7102356	324.8670654
Q3TXS7	883.944458	955.2789917	898.4710083	960.4404297	1053.178345	901.3981323	1072.297729	939.7462769	941.5777588	914.2650757	970.7109375	888.1798706
Q3TYS2	93.05643463	111.4618225	46.71903229	28.14985085	19.42025185	44.12593079	116.8766556	124.7717361	77.83269501	80.10012054	76.06594849	139.681015
Q3TYX3	82.49983978	87.1341095	57.82696533	108.279686	173.7814789	78.92530823	55.7670784	143.0280609	92.10310364	58.92129135	69.01881409	152.9216156
Q3TZZ7	50.96179962	86.14916992	71.95664215	95.03662109	87.82035828	105.6849976	143.6669922	102.0449524	74.45159912	131.5175323	85.21459198	101.4312363
Q3U0B3	374.8341064	278.1271667	302.1694641	302.2489929	354.1476746	244.4541626	283.3271179	258.8010864	338.2680969	362.7545166	292.4154358	343.6157227
Q3U0S6	84.85528564	204.340744	229.0487823	142.781311	153.4748688	275.8037415	198.8556824	237.652771	137.9866333	180.4636993	139.3239899	185.1064606
Q3U0V1	913.5736084	1041.723755	1012.986877	1066.964233	806.8485718	983.4807739	989.4051514	1172.860229	1079.426147	995.9227905	878.6107178	947.7373047
Q3U0V2	156.6540833	152.1370544	185.2962494	112.8607635	165.1105499	98.17320251	90.36896515	63.79652023	105.5067978	180.8637085	137.7370911	192.2888489
Q3U186	95.95059204	85.70191956	137.2776642	119.1871262	146.4250031	70.13370514	85.63100433	85.18047333	103.5328598	109.816925	113.8400803	139.7990417
Q3U1J4	713.6333008	673.8117676	817.0518188	615.1599731	676.0276489	640.039856	683.1010742	583.3961792	731.5388794	623.9273071	590.9273682	741.2052612
Q3U2A8	63.94428253	97.89746094	92.55127716	126.1390076	115.3201675	87.46744537	127.9137802	142.6582184	57.23874664	118.7426224	173.0108032	136.8411865
Q3U2P1	927.1817627	851.255249	1237.134521	907.4398193	858.4631958	865.8042603	905.9006958	971.6322021	1030.350708	894.2282104	952.3170776	931.4697266
Q3U3R4	360.9288635	396.0985718	350.3497925	401.3700562	391.2572021	541.8218384	512.3222656	413.8771973	415.4351196	420.3795776	443.3134155	384.4595947
Q3U487	249.371582	140.0248871	185.2612305	231.0526581	202.2790527	187.1244659	237.5290985	194.612854	122.8976364	154.0080872	123.7423782	192.2484589
Q3U5Q7	132.9632416	135.6794434	199.8498688	190.7760315	225.686676	207.2256317	149.0815735	194.6140594	189.0158997	262.9685974	197.9019623	278.9412537
Q3U7R1	187.0397949	239.3749084	210.1751404	200.471756	176.0058746	262.8530884	168.8125458	213.2968903	225.636673	227.9343567	222.8379669	226.64534
Q3U9G9	82.6075592	70.64463806	93.3401947	36.85649109	33.73656464	75.29477692	81.10765839	51.71289444	64.61040497	86.28284454	73.97062683	60.28944778
Q3U9N9	235.1834564	69.17314911	172.7971802	218.4928741	137.8868103	155.32341	124.5937653	331.5460205	250.8856201	189.1409149	291.1601868	83.23519135
Q3UBX0	41.62172699	45.02301025	0	17.94374084	62.03701782	112.1726456	125.8153381	144.3743591	76.27167511	107.740593	76.94355011	66.54801178
Q3UBZ5	211.1956024	23.17269135	72.14206696	47.71902847	139.3749542	120.5881805	71.42987061	24.66017342	120.6970291	67.75634003	86.56752014	125.7394638
Q3UCV8	149.9055634	156.6080017	134.3759766	90.53208923	116.0007935	66.55565643	82.35379791	164.65242	105.0397186	43.86540985	152.5286713	117.7246933
Q3UDE2	175.0667267	219.7259369	252.6103821	253.4851379	140.1376953	167.6656799	160.4650879	150.6685638	295.6923218	116.1300354	112.2287903	127.840477
Q3UDR8	0	122.8843536	300.3563843	157.5884705	325.4917908	249.2136688	301.4686279	463.2731323	401.5805664	349.3995361	216.5964661	309.0158691
Q3UDW8	12.99540043	81.7292099	6.004765511	23.18638992	0	101.9710083	129.2232513	32.73641205	22.1086483	46.70591736	65.45454407	54.57546234
Q3UE37	58.48597717	160.7292786	40.30960083	66.61006165	98.17874146	40.70539474	61.21139908	46.22600937	66.24827576	56.39197922	44.37888718	72.13681793
Q3UEB3	419.0661011	342.8203125	447.670105	443.3959351	317.4032593	328.0804443	293.1732178	397.3699036	386.2216797	341.2099915	319.2294617	292.9995422
Q3UEG6	2442.0896	2835.173828	3163.984131	2739.979248	2060.436035	2068.19873	1776.776855	1857.226196	3055.944824	2528.26709	3456.801025	2941.128418
Q3UFF7	315.333252	590.0523682	426.1702881	336.9748535	441.285553	369.7604065	394.6775513	362.0692749	432.4104919	570.3047485	364.6074829	363.6547852
Q3UFY8	136.0601654	180.3393555	129.2378235	84.16957092	135.9685516	90.01880646	85.49066162	133.8167114	102.3862686	110.8922653	134.2057343	103.0300369
Q3UGC7	1201.881714	1121.205933	826.7019653	1155.476196	938.4502563	946.0718994	1023.748901	1214.912109	1077.765747	1355.842041	960.9273682	1015.08374
Q3UGP9	230.7227783	0	186.2247772	0	0	26.92373657	100.9553757	70.27120209	145.7318115	12.37147236	0	78.4983139
Q3UGR5	678.1348877	808.972168	902.2174683	656.6157837	710.9853516	627.3389282	709.694458	731.5830688	773.8496094	827.753418	893.5697632	947.1407471
Q3UHD6	165.6906891	162.5504761	117.4516907	175.1798859	143.8643036	168.228363	130.7495422	108.3566055	160.2257385	89.63467407	88.46263885	111.3072357
Q3UHX2	163.3634491	143.4004059	241.6968079	191.487442	117.9043961	184.9183655	95.71260071	201.4690399	211.6842346	256.4024353	143.7333374	194.4141388
Q3UI43	149.6855469	91.24235535	201.3550873	143.3890381	145.0900421	163.5969696	129.2013855	164.8593292	357.1612854	218.8766937	190.4830475	204.0506439
Q3UIA2	179.5478363	126.1682587	281.999115	180.4278564	202.5671844	124.7287064	158.1658325	227.3800354	186.3429565	143.2152557	211.4400635	294.6026306
Q3UIL6	87.58483887	36.95267868	0	90.69788361	170.2097931	64.90174866	115.2892914	200.7417755	116.6672974	142.1585236	98.6775589	107.7668915
Q3UIR3	190.64151	254.2883759	137.832489	197.2207336	161.6858978	207.6017456	245.6785278	184.2433167	216.2980804	228.4091492	179.5448303	214.5037689
Q3UIU2	1258.788086	1298.833252	1670.284912	1269.329102	1041.517334	1180.734741	1043.974121	1276.345825	1205.046631	1329.133789	1609.70105	1240.941406
Q3UJB0	536.519043	446.8321228	483.0744629	404.7840576	477.3378906	402.9692688	401.8839722	496.9433594	393.0069275	506.7668457	479.546875	423.3378601
Q3UJB9	82.91929626	88.49858093	98.8957901	79.57562256	88.88846588	67.64801025	110.1746216	173.4450531	85.98875427	138.9353943	97.90355682	118.219017
Q3UJD6	258.4130554	192.8677673	170.8562927	156.2933807	232.1847382	193.1630402	187.1741486	333.8530579	227.7943878	186.1815643	124.3828201	118.9983521
Q3UJU9	2803.00293	2368.349854	2486.070801	2718.75293	2092.468262	2249.059082	2431.460449	2541.27124	2557.444824	2834.681885	2305.00293	2488.868896
Q3UKJ7	386.510376	343.5718689	438.6280212	402.5450439	382.5987244	449.7343445	480.7951965	523.3790894	476.0882568	454.3348694	441.3921814	557.4874878
Q3UL36	264.1230774	151.7418365	112.953064	115.6232147	147.909317	181.5819092	225.7334137	265.1835632	160.8431396	96.13560486	137.2063904	114.6306458
Q3ULD5	3579.745117	3337.386475	2567.378906	2760.037109	2360.04248	2781.183105	2287.632568	2768.275391	3127.933594	3038.94458	3205.113525	3016.679199
Q3ULF4	79.54460907	140.8036499	136.9452209	130.7571869	141.6442413	200.8602753	142.00914	119.0029449	141.6172333	145.4943542	67.77676392	121.3003082
Q3ULJ0	1432.008545	1055.751465	1834.056274	1333.216309	1889.934448	1425.584961	1601.756836	1577.258179	1679.349487	1178.059082	1228.92981	1736.846924
Q3ULW8	90.98284149	70.73963165	58.18743896	105.6794586	106.1131668	54.29766464	85.984375	85.57254028	79.71541595	121.9348984	101.2075119	102.5743408
Q3UM18	53.30413437	72.94180298	0	56.84852982	79.62345886	69.62392426	57.0945549	44.57798004	64.73995972	88.50942993	67.84272003	63.23008728
Q3UM45	645.5095215	602.2763672	578.4454956	521.0686646	491.9665833	500.9173279	523.4869995	465.9833374	522.4161987	541.2440186	417.8320007	575.0601807
Q3UMB9	0	76.31720734	95.52366638	100.017746	140.710434	102.4714661	236.1941223	136.4143219	103.5621948	98.34836578	172.4689636	136.1239929
Q3UMC0	9788.929688	12487.1377	15035.04199	11787.6123	11591.5	15051.50879	14971.82227	13921.35059	14805.28711	13317.1123	13256.82129	14878.08887
Q3UMF0	269.9515991	305.0299072	303.5116577	285.7955627	302.8604126	274.180542	340.8679504	284.711853	312.1065369	232.8354187	244.3965302	213.1443481
Q3UMR5	92.17780304	93.94345856	93.66560364	75.59567261	101.9839172	84.44446564	82.51087189	173.7039337	115.6485291	38.8689537	201.51297	122.7387466
Q3UMU9	21.09286499	16.23440933	62.50143433	130.5006256	25.78487015	45.14485931	37.58766174	0	30.65693474	102.491951	87.63152313	0
Q3UMY5	80.97550201	66.23660278	132.7978668	131.6888733	112.040451	70.52059174	86.05199432	125.6788254	91.5934906	26.59655952	102.7363815	105.9843826
Q3UN02	216.5756836	261.5273438	168.6396942	191.0029144	252.3343201	309.984375	294.7928772	342.7461853	286.7072144	196.9007874	284.6906128	217.5211639
Q3UNX5	1320.734619	1194.506104	1004.394592	1373.813232	1193.17688	1137.712036	1293.697388	1276.241577	1257.380249	1336.705078	1541.987915	1380.687134
Q3UNZ8	302.5979614	414.5650024	311.0647278	385.8388672	308.6519165	334.6315918	283.5439148	283.1336365	478.7027893	260.5353394	349.8280945	355.2837524
Q3UP75	316.1734314	238.1876373	378.4922791	297.8612671	359.0496521	297.1110229	292.0227356	533.5198975	439.8536682	412.0015259	490.2179871	452.7521362
Q3UPF5	107.2021103	61.72648239	132.5963135	112.0407104	99.72206116	95.61235809	111.1321106	156.9403839	117.5111542	0	74.0835495	83.85256195
Q3UPH1	443.0069275	468.8521423	510.1235657	469.4799805	499.2384644	534.15979	505.3152161	583.3913574	525.6852417	407.8312378	474.4068909	554.9556274
Q3UPH7	92.85887909	27.09828568	110.6191406	101.4802628	123.072464	92.70755005	142.6643677	98.81407166	50.28199005	112.8612595	118.5046616	209.4338684
Q3UPL0	2203.207764	1968.741211	1984.984131	1900.549805	2262.599365	1981.605957	2283.559082	1935.984741	2118.003906	1746.783691	1958.825806	2178.767822
Q3UQ44	1788.427124	2088.64917	2093.948486	2064.393799	2167.166504	2385.932373	2343.603271	2476.137695	2545.919189	2294.396973	2518.041016	2424.113037
Q3UQ84	124.9596939	103.8073654	255.0765839	54.36632919	89.95661163	98.57798004	59.81254959	76.57978821	113.566597	109.0338974	83.06659698	123.6457291
Q3UQI9	0	0	0	0	0	43.50875854	0	0	0	0	0	0
Q3UQN2	129.7817383	119.8324585	112.7391052	81.42800903	111.4925995	96.75559235	117.1817856	159.536972	86.13847351	103.9903793	119.2904434	141.5390472
Q3UR78	0	0	10.38015556	0	46.00092316	0	0	56.24691772	0	0	0	0
Q3URD3	199.9567108	226.7391968	207.1480408	188.3560333	174.8771515	256.8372498	203.7954102	182.6163177	228.3393707	222.5178833	203.3214417	253.613678
Q3URE1	270.9667969	318.4945679	286.0375977	311.536377	280.782135	266.2076721	295.5420837	349.1145935	345.0171509	330.9957275	320.7501526	351.8111572
Q3URS9	203.0208282	235.0007324	204.1161194	243.8131561	192.5989532	163.8849792	173.9978333	213.0443878	152.04245	188.6333618	222.9891052	217.3357544
Q3UTJ2	539.1348877	562.8341675	441.5880432	535.3608398	537.4296265	531.7506714	527.012146	564.873291	476.1743774	421.4654541	538.0474243	591.8068848
Q3UUI3	832.8132935	405.0622864	736.6086426	778.4898682	662.0230713	666.6229248	508.9997864	587.9118042	586.2524414	686.6312866	657.7459106	662.0855103
Q3UV17	169.0774536	0	112.2081375	155.160965	41.97214127	139.6685181	702.4136963	0	621.5333252	981.480957	864.967041	18.86926079
Q3UVG3	109.076683	95.20114899	51.63906479	112.6840897	94.65527344	182.7688904	54.64525604	0	70.32949829	116.0977478	51.5697403	111.8313751
Q3UVK0	98.62507629	112.2852554	132.8438263	140.9501801	219.9572449	266.5943909	211.2736664	285.5197754	176.600174	182.1071167	165.4630737	158.8036804
Q3UW53	82.56707001	45.88747406	92.86714935	40.14082718	40.34155273	44.54512024	0	57.72351074	36.66679001	43.79139328	45.0103569	36.19218063
Q3UX10	0	0	0	0	0	127.941864	0	0	0	0	146.4225464	49.0346756
Q3UYI5	129.5968323	66.74785614	62.31357956	169.0089569	67.98516083	13.27027416	28.79619026	44.85113525	68.24046326	50.14884949	97.58231354	65.41021729
Q3UZ09	89.78339386	101.4627151	105.2319489	87.41387939	139.5753937	78.54176331	70.76649475	218.7757721	29.30963516	107.2207947	150.7037506	35.80103302
Q3UZ39	56.33075333	57.10417175	95.00499725	54.25656509	75.12546539	48.47903061	36.18150711	57.68885422	52.77499771	60.97386169	45.31908035	57.28503799
Q3UZZ6	1019.303284	1761.129395	1003.188171	1582.269409	851.8725586	977.2669678	818.0186157	807.0281372	1516.00708	1301.570923	1199.949829	879.5743408
Q3V009	66.061203	89.10482788	95.41305542	65.33267975	0	78.94834137	56.83733368	60.20861816	169.6742859	23.34558105	109.979126	122.0333023
Q3V384	328.7644958	282.9092407	369.6179199	225.9031677	262.2893677	230.3362885	174.8983612	156.8187866	188.1677399	138.0225677	147.7913971	140.8739166
Q3V3R1	218.2379456	94.06397247	103.4459686	158.4688568	294.0299683	267.3548584	245.8645477	158.8870392	88.92008972	109.952858	157.2868805	79.11508942
Q3V3R4	354.9177856	356.8259583	258.4322205	301.2479553	300.2720337	254.4595337	388.3021851	253.376236	386.8338928	329.8547668	343.3327942	282.6199646
Q3V4B5	0	215.0044708	291.3340759	196.3843994	352.7911377	31.52807617	152.9281464	310.6380615	138.7262421	198.0407867	179.3819885	94.91902161
Q45VK7	34.62564468	39.6487236	86.35644531	54.57631302	0	46.06522751	0	61.70603561	0	0	89.59160614	0
Q4KL35	42.39503098	67.45212555	107.934288	115.0107193	21.27431488	53.95645523	104.1849365	73.38833618	134.1307526	68.82460785	41.48109818	90.67858124
Q4KML4	423.5235596	421.5440369	600.0175781	373.4580078	378.0030212	388.4132996	213.7753754	292.5604858	294.4202271	297.3041687	296.9329529	253.9377747
Q4KMM3	25.46790504	78.12672424	123.4234695	102.7679901	112.7337036	52.87217712	32.06229782	71.87167358	33.35146713	101.3489685	12.27390862	62.60569382
Q4LDG0	4402.176758	5744.813965	6198.254883	4798.287109	5291.371094	4235.914551	4767.236328	5128.183594	4519.191895	4952.284668	6156.962402	4445.606934
Q4PJX1	131.0545807	137.6698303	87.97548676	124.3486404	109.4615784	117.2393417	167.6206818	74.28960419	184.765976	113.3131561	151.3174133	100.2723007
Q4PZA2	334.264801	186.9478912	214.5043945	244.8277435	204.0817719	222.9311066	215.6591034	233.3180237	222.5511169	266.506012	164.1448212	165.8180389
Q4VA53	76.6068573	53.2563591	171.2688141	88.34892273	114.393364	49.09792709	107.1520462	122.1208344	140.1580811	66.45851135	82.26879883	67.2484436
Q4VAA2	56.33234024	193.4006042	161.7453308	97.76255798	57.86705399	129.5931244	143.8666687	276.235321	280.147583	138.9059601	48.09679031	104.3984833
Q501J6	1622.532715	1722.877686	1774.608032	2099.003418	1933.995728	2172.237793	2266.724365	2024.101318	1544.687134	1940.313965	1938.519531	1734.800293
Q504M2	16.1217823	19.40886307	0	82.33757782	9.094779968	0	50.31396484	36.15458298	15.77165413	40.74334335	0	7.889389515
Q505B7	407.270752	589.265686	288.733551	290.0323181	686.5357056	726.4038086	410.1920166	425.0820007	786.3393555	396.8372803	810.1151733	637.9002075
Q505D1	145.108429	98.52125549	110.4791336	67.82118225	128.8340607	119.2173615	75.60785675	120.9028015	39.06539536	52.04874802	140.8740692	122.2279205
Q505D7	355.5856323	428.6504211	529.7744751	364.8985901	382.9810181	379.2458801	286.2695313	519.8061523	368.7970886	437.5374146	370.2749329	379.0755615
Q505F5	362.3952942	276.6260376	360.1343994	304.5634155	394.2656555	376.3606567	253.5495148	282.6533203	417.6816711	413.5675049	281.8952026	271.1577759
Q52KI8	113.9535217	134.7911987	165.8384094	202.9551544	178.8044739	171.5451965	115.151825	146.4184113	105.6215057	126.9271698	103.5926132	79.08518982
Q566J8	131.2934113	92.02336121	208.2418518	131.2684326	80.64984894	88.07712555	119.2561111	85.37648773	53.77930069	62.3727684	25.49256897	0
Q569Z5	192.8081665	201.5001068	205.6279449	197.0918121	155.9871826	203.9782257	213.3405151	239.34021	188.3936768	174.6629181	188.0168915	283.8225098
Q569Z6	121.1211853	137.9703064	127.5954208	84.75085449	73.52864075	145.3684692	137.2074738	179.3796692	284.969574	176.9957733	107.458931	117.4278488
Q570Y9	485.5979614	369.2756042	546.118103	415.6950684	442.8908386	488.2987671	495.7758484	479.9767761	460.6752319	457.783905	468.4632874	416.9070435
Q571E4	320.2427063	319.2207947	333.3110352	371.6242065	462.6493225	435.2436218	522.8341675	341.3243408	357.6358032	348.1796875	304.7998047	488.6368103
Q571F8	1535.067261	1924.318359	1385.911133	1562.162476	718.1333618	690.6937866	477.2652588	754.34198	1003.229431	1175.380737	1164.062378	1155.368652
Q571I9	627.3701782	530.9541626	616.1150513	578.3897095	427.9820557	501.6037598	530.8933716	437.4648743	410.7506104	585.5292969	634.2966309	538.0446167
Q58A65	151.5948181	97.35669708	98.13124847	78.3806076	132.7456665	137.9523163	110.2984161	93.52176666	119.2954025	124.3250885	163.1113739	100.2384033
Q59J78	314.1151733	258.1510925	305.9969788	324.250885	275.4460449	294.3774719	261.525116	293.8955383	378.7944946	362.0765381	355.898468	309.313385
Q5BKQ4	47.4664917	35.27205658	649.8566895	61.24787521	0	284.8621826	0	31.44119644	27.09793091	0	0	0
Q5BL07	150.2121735	170.0520477	159.5189209	97.33688354	239.1707458	156.9031525	209.057312	228.0480804	184.4399719	178.1855927	209.9172058	170.3788452
Q5BLK4	128.6033173	101.8920441	76.16977692	86.91105652	65.15596771	188.2914886	107.8833618	94.86006165	234.802002	68.22996521	68.51380157	44.15896606
Q5EBG8	1146.549683	818.9301758	747.1323242	877.3805542	896.5147705	799.6362915	871.9709473	819.7928467	841.4972534	874.4017334	790.1651001	813.6246338
Q5F285	2910.354248	2569.021973	2203.539795	2248.947266	1464.790771	2252.846924	2111.818848	2146.969238	2156.338379	2023.436035	2585.881836	2398.777588
Q5F2E8	207.7931519	136.7968597	142.9063263	126.711998	92.41226959	177.0398102	105.2807922	136.1030121	135.6207428	167.0328674	52.40577698	118.885498
Q5F2F2	0	59.0248642	0	25.53077698	0	37.2734108	10.10862446	0	0	42.91785812	13.27567101	0
Q5FW57	4532.391113	4010.268799	4050.768066	4267.003418	3848.147217	4446.209961	4267.115723	4667.358887	4518.615234	5102.105957	5618.207031	5018.299805
Q5FW60	930.9728394	649.4495239	1029.105469	880.249939	1688.753174	1509.30127	2231.543945	1973.530151	719.1721802	743.3934326	703.7792969	1195.877686
Q5FWI3	87.19306183	101.4450455	82.21886444	103.6735611	85.8992157	80.25419617	53.71139908	71.30575562	66.10163116	39.38166046	39.29973984	0
Q5FWK3	180.2892914	194.306015	199.9457092	162.325531	196.5856018	148.1944885	134.605011	282.5280151	75.73069	187.3068695	129.5293427	144.6418457
Q5H8C4	71.55129242	71.62062836	37.54534531	33.05942535	94.68776703	94.75648499	65.45684052	111.272728	39.43899918	21.21448517	71.85853577	89.50366211
Q5HZI1	223.4362488	100.7226715	74.04614258	74.12892914	82.92401886	197.685318	114.0795898	124.6318817	253.2468872	78.1832428	125.3127518	125.2109299
Q5IRJ6	199.0232391	81.11772919	143.8361664	116.0314789	212.2534637	186.3416443	173.8475189	140.9714661	121.6714859	170.3690338	184.3169861	76.31915283
Q5M8N0	0	0	0	15.75648022	0	0	78.866539	70.58335876	0	67.36070251	56.04305649	107.5938492
Q5M8N4	139.1713409	147.1577606	216.2385712	84.48976898	71.73532104	115.2095871	99.68183899	52.97898102	47.88436127	106.3176727	82.03801727	99.41487122
Q5NCF2	212.1221313	279.9704285	196.2183838	182.1752777	228.8635101	234.1751404	164.1534729	190.469574	207.5392609	285.9776611	248.9784546	116.4233246
Q5ND29	184.5775604	99.71419525	173.2301788	122.2828598	150.3608398	81.35935211	79.23152161	136.1362305	103.0590897	80.37026215	159.4059143	78.23249054
Q5PR68	18.89045525	76.27201843	0	0	0	0	0	0	0	0	0	0
Q5PT54	24.58454132	0	34.96813965	228.1952667	98.22330475	136.7602234	71.11237335	107.3815079	80.54595184	53.06042099	198.3725891	28.38053322
Q5RKZ7	516.2050171	413.8554077	472.3344727	514.1924438	416.9837952	367.6834106	470.2590332	485.013855	515.2589722	504.9353638	493.7683411	427.7013245
Q5RL79	90.95630646	15.70242786	0	38.51351166	29.95664024	24.10609245	36.44474792	99.4100647	86.57901001	52.33245087	46.89870453	100.6610031
Q5SRX1	95.88134003	106.1404572	98.46637726	153.9232178	71.74259186	73.06118774	125.7209396	149.9145508	164.1465454	112.6534805	160.0397186	120.3053741
Q5SSH7	1171.813232	858.8187256	1281.265259	1415.396851	1091.242676	1346.846802	2957.741211	1713.050415	1858.291504	717.6546021	487.1510925	1170.33667
Q5SSK3	95.61379242	174.2889709	210.6754761	137.3683319	99.13719177	76.74736786	129.3606873	149.7879333	142.9248657	148.1192932	116.3675842	202.5839386
Q5SSW2	186.5421906	126.8811264	192.5110016	297.3741455	124.7287674	304.9130859	200.0841675	372.2047119	152.3838196	497.5495911	0	102.241478
Q5SSZ5	101.0664597	108.4397964	159.1070251	135.1219788	183.5886993	80.09454346	79.89685059	110.6710052	81.31360626	102.1245651	132.6495819	65.13131714
Q5SUC9	242.6535492	239.7273865	229.7229309	209.1043854	269.9861755	290.4766235	237.1993866	348.1262817	315.0802917	219.0842285	220.0340424	261.9524536
Q5SUF2	151.0166321	164.7982483	169.5353851	101.2507553	138.056076	163.5794067	119.8102036	212.9646606	110.0751495	114.078476	104.2920303	151.5083313
Q5SUR0	352.525238	317.9483643	531.6123657	332.6049805	403.8897095	401.6947327	387.4736938	377.1517639	310.507019	382.2445068	332.5474243	402.3414001
Q5SVR0	37.70330048	20.07883072	58.5336113	96.11048889	58.28069687	49.62923813	51.16851425	76.21675873	42.32317734	18.0791893	46.75990295	34.81193924
Q5SW19	664.696228	702.1453857	880.8668213	704.0977783	823.9661865	791.4752808	818.2739258	712.5402832	700.4429932	659.5630493	725.5430298	759.1074219
Q5SWU9	721.4265747	631.5638428	624.8280029	703.1680908	766.2606812	693.2875366	674.5254517	522.0256958	750.2103271	1048.701416	562.3751221	629.4412231
Q5SX39	0	1943.052368	930.9141235	0	0	0	0	0	0	0	0	0
Q5SX40	0	1033.505127	671.0681152	0	0	0	0	0	0	0	0	0
Q5SX79	0	0	0	0	12.57562923	0	0	0	18.29142189	34.43809509	18.47049904	0
Q5SYD0	81.95304108	106.240387	101.1874619	95.81142426	71.75657654	98.9769516	126.8375473	63.75974655	71.12225342	67.41059875	125.5141449	82.46926117
Q5U3K5	19.25098038	34.97657776	53.35649872	61.14752197	55.52724838	31.76579285	87.26974487	63.93585205	91.71776581	57.08099365	45.7405777	144.553894
Q5U458	724.0377197	689.3990479	740.8540649	608.3592529	643.6999512	773.2926025	750.2203979	655.4285278	542.4174805	610.0501099	664.4971924	716.8757935
Q5U5M8	0	26.71990013	24.41584206	0	57.07190323	47.74853897	81.3001709	17.94449806	47.09646606	42.74969864	0	25.13833046
Q5U5V2	775.9380493	991.163208	879.4807739	789.8461304	751.543396	755.6864624	841.0742798	1070.522705	923.5792847	1206.481567	1058.144897	1085.298584
Q5XG73	698.9741821	902.3461914	903.9708862	772.9224243	726.7228394	970.6524658	1118.879272	994.9119263	962.2979126	810.9627686	928.3391113	718.3195801
Q5XJY4	183.7004547	100.1580887	114.7874527	122.9592361	151.0543213	83.48418427	71.40539551	61.82602692	108.6642685	166.5174561	181.7131348	123.925209
Q5XJY5	1211.520752	1047.572388	1750.72644	983.8758545	1338.109009	1025.158813	1290.063354	1266.83252	1224.518677	1196.565552	1186.31189	1057.609985
Q5XKE0	0	208.5055389	42.6870842	0	0	0	0	0	0	0	0	0
Q5XPI3	0	156.1330414	86.23150635	77.71502686	120.8215027	184.5938416	153.9272003	142.0278778	76.4364624	324.5669861	67.28077698	57.45923996
Q5YD48	781.1175537	911.9104004	908.208374	886.6915894	979.0734863	1063.383179	1146.712891	1169.745605	1226.668335	1035.488892	893.600708	1135.394165
Q60575	117.3126602	101.0498123	59.30979919	112.7871399	116.6565018	169.8104095	100.8303604	134.1297913	124.1876831	137.5822449	121.3305054	88.75953674
Q60590	182.3432159	60.98673248	133.094986	201.0265808	193.4517517	159.1784668	248.6548309	35.57574463	59.95689774	229.5448761	120.4064636	173.7652588
Q60597	3127.567139	3600.950928	3599.657227	3350.520752	3326.001953	3198.181885	3091.982178	3364.351563	3014.769531	2902.848389	2871.130127	2985.10083
Q60598	385.9910583	384.9989624	383.1660461	446.1018677	361.597168	379.8066711	297.9260559	535.5579834	501.0939941	418.1539307	443.4260254	562.9100952
Q60605	5471.185059	6353.692383	5983.788574	5157.828125	5723.202148	5828.18457	5479.866211	5435.388184	4362.84082	5209.141113	5402.309082	4970.71582
Q60631	181.2163849	256.962677	178.167984	203.8845978	281.0165405	273.4443359	307.9090271	323.9592285	258.5501709	362.4058533	268.7264099	353.8043823
Q60634	396.4337463	393.3873901	467.0664978	340.903656	349.1964417	378.8207703	361.2250366	405.1150208	324.7320862	479.0702209	470.7397766	359.2400513
Q60648	816.6098633	708.4741211	1005.75592	818.1842041	1067.069092	682.2213745	840.9643555	733.0122681	625.3195801	699.2592773	658.1542969	596.7054443
Q60649	244.1535339	208.6425629	281.3465576	217.9616852	237.3815002	309.6555481	281.536377	285.6257324	244.6087494	298.1065063	241.4710541	237.0830841
Q60668	3517.109375	3540.482666	3827.753662	4191.668945	3453.949707	2871.380859	4042.39209	2599.445557	3365.570068	3315.011719	3070.27832	3237.206055
Q60676	137.0484619	120.9550781	60.88378525	109.800087	156.1221161	207.0214691	184.4391632	158.2597351	180.6089935	271.0037231	98.22171021	203.6816711
Q60692	2327.873047	1613.157104	1831.918091	1893.759521	1582.590942	2135.462646	2200.429443	1602.421387	1759.077026	1569.423706	1472.366455	1966.149658
Q60710	462.2948303	467.5398865	517.072876	507.1487732	465.5002441	540.0162354	483.9404297	566.7971191	517.9533081	433.3391113	445.2681885	541.1242065
Q60714	82.96115875	0	151.2018127	143.4481659	149.5458527	201.4016266	121.6892319	229.0547333	267.4212952	144.52771	133.499588	178.6612701
Q60736	0	0	0	89.45166016	0	179.0145874	94.3730011	135.0572357	304.4408264	0	0	239.3314056
Q60737	738.4136353	957.2156372	943.0531006	813.1733398	944.5306396	678.8280029	905.3013306	762.7079468	925.5761719	577.8817749	800.6798706	769.5637817
Q60738	0	828.1248779	0	0	51.59122086	24.15287781	110.2841568	199.4652252	86.73841858	86.78620148	0	28.23386192
Q60739	109.147728	92.68426514	68.52474213	77.45349121	43.31988907	56.05261993	84.9770813	101.5336151	110.6899719	139.7505341	62.29196167	127.4978638
Q60749	745.6419678	738.168457	715.4371338	790.699585	906.6143799	639.5223389	663.4849854	832.6012573	849.4293823	901.1916504	677.2260742	769.3071289
Q60759	13049.74805	12265.86719	11656.30957	11773.86328	10021.18945	10903.39453	8334.331055	10056.01758	14026.39453	13301.05762	13901.29492	12807.80859
Q60766	196.0592194	380.5032349	373.644165	342.6336975	393.9184265	346.7579041	332.1316833	467.5281067	676.2109985	646.0324097	624.1295776	758.2290039
Q60770	131.9171753	156.158432	178.2521362	159.6825867	87.97161865	125.8932419	120.5181274	126.7422409	184.5931244	97.4323349	160.9545441	132.8289032
Q60772	108.4667587	75.65229034	36.53573608	93.50552368	46.73108673	53.70446014	55.36108017	27.71965218	121.1859207	111.0641632	47.896492	33.61761093
Q60823	73.38005829	107.1834488	88.52741241	97.85322571	87.19220734	153.9367676	182.0073395	145.5666199	125.7559509	110.8983917	105.4804916	109.1745071
Q60847	0	49.12996674	0	171.3473511	0	0	14.6955452	0	56.52290726	0	0	0
Q60854	300.149353	347.9934692	291.417572	239.9790039	286.9277344	248.95784	305.2081909	286.5378113	282.6531982	164.5353394	270.4668579	327.9519043
Q60855	834.0218506	1190.072876	1077.835327	1109.289673	11.1565237	828.3474731	957.9276733	1156.668823	953.9818115	1076.445923	745.5271606	703.0779419
Q60864	2971.792969	2931.300293	2264.400879	3081.858887	3346.762207	3130.713867	3216.335205	3162.212402	2980.33374	3073.770996	2418.396729	3250.477539
Q60865	780.7891235	779.8147583	707.65979	837.9113159	817.3143921	723.0387573	912.3897095	810.0953369	707.6069946	1034.276001	754.1836548	813.5636597
Q60866	1447.609741	1067.716064	1030.821411	1057.2677	1277.901733	1228.509277	1120.205811	938.8052368	1249.133667	1214.575195	1089.76123	915.5842285
Q60870	0	0	0	0	0	0	44.85009766	46.93297958	0	0	0	0
Q60872	350.8544312	455.8934021	270.514679	183.0129242	258.6894836	378.4860535	373.4212341	332.2312927	345.6225586	353.8763123	357.9544678	299.1110229
Q60893	0	111.2614517	0	41.57450867	0	38.74978256	0	140.532196	295.6772766	203.1362915	53.64823914	0
Q60902	231.9986267	270.4972229	257.625	290.8657837	250.1702576	242.9532623	269.4475403	265.2713013	280.0028381	244.5439758	251.6612701	225.8239594
Q60928	226.7626038	229.546051	392.5188904	328.0955505	0	301.7622375	233.8774719	0	386.1944885	0	0	0
Q60930	3929.343994	4057.739502	4691.983887	3378.596436	3130.630859	3497.104736	2931.022461	2829.093506	3192.425537	3263.35498	3562.93335	2997.584717
Q60931	1265.889771	1088.094116	1507.431763	1269.131836	1199.972046	1331.710571	1186.595581	1027.541138	1216.889404	1291.282227	1484.937378	1561.540649
Q60932	10243.20898	9668.730469	10858.56055	9335.582031	8526.43457	8473.849609	7998.341309	7481.404297	7702.658691	8828.830078	9715.958984	8713.507813
Q60936	1519.20813	1836.340088	1344.111694	1462.64856	861.9491577	1059.890747	866.7124634	1076.460938	1507.942017	1279.454712	1364.405762	1049.888062
Q60953	154.9241791	160.5107727	93.4192276	208.0594635	93.50404358	138.7232513	158.6238098	234.2189789	158.436264	211.4858398	273.5151062	278.3162842
Q60967	83.4475708	73.5302124	125.905838	97.0178299	85.55964661	128.2510223	91.93922424	133.8980408	43.78636551	86.58644867	124.7997665	123.3998032
Q60972	532.4711304	536.100769	516.0722656	453.9328613	624.0220947	652.0387573	657.7831421	722.4494629	588.7712402	622.010376	583.5716553	782.1029053
Q60973	38.90517807	94.48722076	96.27574158	70.07938385	146.3140259	96.61093903	121.6761627	104.1412811	132.4712372	116.6720963	20.04250526	66.3713913
Q60974	103.5952377	203.8366699	81.8937149	0	0	367.6801147	486.8936768	209.1526489	0	0	83.57829285	99.59133148
Q60991	2020.928223	1744.844849	1682.945923	1538.199829	2782.944824	3794.45459	3776.964355	4700.945801	2977.200195	1898.610107	2438.950928	5612.691406
Q60992	17.69976997	17.97878647	23.33542633	13.525383	120.5507431	5.928573608	0	0	0	8.782899857	22.98136902	29.00685883
Q60994	74.65535736	183.1664734	80.22486877	111.8726578	81.85684967	101.8419113	197.0921783	144.9900055	159.4609833	86.94348907	159.9329071	139.1824188
Q61001	71.46820831	116.8392181	152.8511658	68.55284119	73.41079712	46.81502914	37.8311882	0	0	51.10210037	0	0
Q61009	1195.204224	1054.166138	883.8624878	966.8982544	1350.756836	1203.953857	1193.283325	1644.75354	1417.545898	1423.525879	1352.083984	1349.168213
Q61024	206.6727295	256.6455994	306.8569031	152.9756012	295.99823	167.4609528	494.4076843	122.9099045	0	66.3673172	38.48550797	52.26631927
Q61029	198.6602478	167.9743652	133.3333282	155.368927	201.4743195	340.9078979	33.1400528	385.9797363	199.7948456	155.6853943	180.6559296	111.2536316
Q61033	329.7059326	445.2591248	492.6278381	434.508728	328.7951355	385.6701355	431.7423096	373.9520874	461.2829895	325.6872253	318.2040405	316.2909546
Q61035	1058.634644	1101.095459	1209.337646	956.0911255	1174.981934	1098.748779	1020.691711	1015.74939	963.0253296	1014.574524	882.9630737	1135.436035
Q61070	252.038208	326.2330627	378.9247437	483.7018127	358.4641724	314.9412537	395.7800598	372.5778503	345.8965759	241.4434967	414.8387451	253.1158905
Q61074	428.709259	323.8354187	388.0361633	443.9345703	392.6999207	462.8899841	515.7679443	490.81427	385.1790161	495.7736816	448.9064331	362.8777161
Q61081	616.1424561	570.4517212	428.8149414	558.4396973	602.5913696	601.5150757	576.9072266	574.8916016	582.8088989	587.7238159	443.3904419	668.4068604
Q61102	286.086792	321.3494568	248.5957794	250.5864105	334.5077209	376.3634644	373.9866943	351.0421143	264.232666	333.1334839	377.9881897	342.5440674
Q61112	56.32814407	55.17406845	51.7407341	126.2063446	86.54543304	97.95918274	38.1282959	95.56834412	35.2606163	78.62811279	77.84676361	69.91812897
Q61129	116.6755524	94.28958893	58.75378036	167.3172302	123.0882568	114.527092	113.6574783	86.83641815	148.2255554	114.4222794	121.8873367	175.6414948
Q61133	1037.95166	1758.43103	1773.262329	1676.159424	829.4871216	835.5230103	1037.115723	940.8585815	825.3239746	870.835083	1103.942993	809.1681519
Q61147	837.5643921	1038.255615	745.4562988	813.3053589	768.7260132	879.3727417	1022.32666	879.6300049	799.0576782	846.4453735	664.0941772	807.3295288
Q61151	595.0028687	939.2202148	973.1686401	1160.042358	645.2563477	510.1118774	1258.01355	826.1396484	1046.064331	489.7123718	752.2843018	624.4300537
Q61160	171.2390289	112.7643127	142.5577545	121.110321	131.473587	61.71508026	88.71907043	96.50518036	79.64958191	206.7036133	111.4308243	135.8614807
Q61166	145.7393799	302.4872437	242.3833466	144.0205536	145.1196442	174.9364166	249.4738159	314.5481873	198.4911346	300.170166	187.0407104	278.2862244
Q61171	12773.00879	12948.19434	12372.35254	12602.42773	11881.86914	12528.70703	11339.80957	11745.97461	13402.01465	14511.4834	11304.29199	14245.95996
Q61176	102569.9141	93640.96094	86967.40625	100482.0391	69830.28906	69479.77344	62268.91406	65800.74219	74490.14844	82856.45313	80533.82813	70622.66406
Q61187	298.3821411	235.4700165	282.2271423	206.7211304	223.4531555	177.3704376	245.3964233	223.3582764	271.8864441	117.5050354	140.391983	220.2888489
Q61189	114.8011627	145.4315491	94.44880676	74.85941315	201.9259796	127.0175934	152.0425873	140.6497192	76.44172668	64.47387695	91.57196045	95.90201569
Q61191	110.5016403	128.8119049	236.7273865	176.0628967	168.0821228	145.2486115	138.257782	183.4034729	174.8880157	124.7100067	85.31177521	128.5311127
Q61205	254.7045441	288.6583557	375.815155	264.8789063	319.5616455	154.9765167	177.9053955	269.4726563	197.1115265	245.2608337	213.6770325	276.7807617
Q61206	844.0075073	824.604126	910.3169556	608.4997559	972.496521	746.4248047	1229.835571	750.3695679	980.022583	600.3476563	823.0944824	748.807251
Q61207	131.5844421	98.98613739	132.8662109	227.4199371	169.5323181	36.3459816	84.97275543	113.806488	52.91723251	74.33605957	113.0256271	93.05923462
Q61210	233.1416473	196.7887573	215.7720795	183.4915161	124.4961319	187.6707458	154.2869415	226.7436676	164.7658844	88.41997528	239.0034943	140.2554779
Q61233	1857.518921	1866.110229	2253.146484	1993.230713	1996.764771	1919.713013	2306.244385	1962.888306	1982.771606	1768.618896	1536.153442	1902.660645
Q61235	528.9354858	595.3158569	550.9325562	563.2001343	514.4931641	479.5514221	428.035675	400.1566467	548.4247437	550.6166992	492.0649414	345.1803894
Q61247	194.9821167	207.3746948	254.2088318	164.8384857	128.334549	241.6629639	193.2791138	187.5671692	197.1332245	191.2230377	203.6183167	238.2723083
Q61249	361.7875671	414.3604431	308.9298096	246.2973175	378.6754456	315.5272827	314.3842163	497.5893555	440.88974	328.3469849	249.4374542	330.1125793
Q61268	256.8468323	591.7073975	327.3729248	380.4363708	249.5790405	208.9553375	319.15448	168.5140076	362.2003174	267.4537659	162.5069275	296.644165
Q61285	105.9142227	81.72170258	354.5223999	116.7539063	85.06038666	104.114563	165.8067474	76.54651642	63.5889473	80.29907227	47.91732025	96.04052734
Q61292	126.9390335	328.8592529	330.4976501	170.3939362	162.7913818	161.2967224	160.5596313	194.052948	104.0706253	160.1456909	231.3856201	166.4000397
Q61301	320.800354	439.5953369	269.4191895	146.4071503	162.3756561	66.4522171	68.37498474	303.5709229	540.8726807	242.1365814	53.63586426	73.88084412
Q61316	1856.141357	1809.69519	1779.395874	1907.235229	1757.742065	1768.859985	1864.124146	1646.703735	1725.807129	1716.957886	1370.225098	1696.734131
Q61335	255.6422424	283.5467529	354.8742065	437.0920715	312.0534668	559.3046875	535.4992676	434.3127441	772.668457	245.3260956	216.0703888	439.4474487
Q61387;Q99KD6	361.078186	339.5838928	276.3240967	243.038269	152.853714	192.3081818	187.224472	151.2497101	217.7744446	288.448822	0	127.7038422
Q61391	86.14471436	127.9253845	109.5960464	120.4447784	92.75074768	167.00354	137.7096558	68.2087326	228.3869476	149.9918823	253.9443207	101.671524
Q61409	165.3933105	101.1234055	173.6179962	70.8110733	111.3465958	122.0051575	147.6290894	164.286972	209.5667572	114.4294052	209.9129944	229.9322662
Q61411	265.4809265	162.980896	262.9992676	251.2505035	284.8922729	145.0694733	588.3531494	262.3937988	219.0498505	267.1889648	497.4779358	356.9330444
Q61419	412.2765198	221.4592285	253.4388885	257.7467957	225.6721649	286.8265076	264.6165466	279.1760254	316.4784241	317.7406006	266.0775757	338.9112549
Q61425	27855.33398	30783.35938	33833.69531	30636.14063	31819.71289	32000.04688	31632.95703	34324.26563	33433.95313	32451.4082	40436.95703	34991.75391
Q61468	188.8315735	224.4612274	283.6643372	323.2305603	217.2220917	579.8234863	0	417.9342651	116.4668503	238.5263367	59.19208527	88.9577179
Q61490	605.5438232	640.6789551	840.0097046	496.3320923	616.3289795	829.3775635	606.5388184	894.0175781	644.0580444	755.5133057	851.6168213	698.086792
Q61503	62.09224319	65.73831177	54.35204315	68.5769043	69.58662415	33.23106766	69.40839386	104.1630707	65.50291443	92.14083862	117.3504868	70.44400787
Q61508	146.2574463	94.60771179	258.7520752	99.26889801	138.6050568	118.3300247	138.6983643	188.6336823	210.0971832	193.1510468	171.7358398	223.7080994
Q61510	103.2937851	161.2087555	172.6498871	200.8876953	158.6801453	194.3644257	147.0547028	221.9893494	75.00011444	203.4289398	172.8404846	139.0266571
Q61526	34.34918213	0	0	1.18611145	69.51761627	0	32.52453613	47.81949615	32.29356766	102.3479614	66.91253662	36.12462234
Q61527	1391.784302	760.7301636	792.8284912	774.9055176	792.600647	789.8258057	1155.680664	1185.90918	549.1677246	739.0383911	818.097229	1185.595947
Q61543	484.5646057	318.4491882	338.8181152	335.3134766	472.8191833	447.1526489	367.7716064	409.13974	293.5865479	433.7147217	515.468811	426.9572754
Q61545	551.9530029	770.6748047	570.0042725	452.5390625	566.5689087	684.6387939	626.9241943	573.7666626	361.2037354	654.5478516	421.8860474	658.4929199
Q61550	69.65127563	138.2062225	68.28574371	107.4388428	76.54103088	80.94042206	104.8199387	179.3366852	83.39831543	95.89030457	76.95384979	143.1925507
Q61553	79.35437012	34.74414063	51.99942398	93.82254791	27.7501545	64.18511963	164.1591187	62.16840744	13.65608025	62.13547516	50.42174149	56.20789337
Q61559	112.2264099	164.8813019	298.1413574	115.9881744	261.1452026	270.9530945	260.7905884	242.163559	91.30761719	295.637085	267.6933899	346.0312195
Q61578	932.7537842	955.0070801	844.039917	891.6680908	666.7925415	715.8063354	745.4640503	697.0334473	708.5745239	765.2531128	662.8618774	604.0339966
Q61581	125.3491287	226.6801147	259.1350403	310.237854	54.90330124	412.0549622	86.80406189	183.416153	183.6944427	67.52889252	128.9875488	247.5151978
Q61584	237.8443604	258.5797119	223.2327881	242.3159637	278.4725342	215.5583801	297.3139954	216.6411896	255.590683	227.6131287	253.4791718	256.6384888
Q61586	275.9241638	310.6710205	454.3562927	350.1704407	276.8103027	260.8088989	268.4954529	266.5335388	323.8722839	367.2181091	310.592804	271.520752
Q61595	41.78211594	76.78710938	64.17512512	130.790802	103.9598312	80.8456192	110.0817413	59.25494766	66.39336395	120.9857254	103.1638336	103.6756821
Q61598	3926.654541	4426.665527	3788.019287	4195.937012	3853.562256	4010.980957	4112.841309	3401.458008	4118.363281	4367.459961	3954.849121	4035.320068
Q61599	97.87957001	79.45587158	77.42983246	135.5320282	119.8331299	77.77459717	97.36123657	126.5527725	254.5215607	126.5929108	123.0252533	203.6067352
Q61646	1024.246704	775.1100464	911.9092407	1011.323914	2214.199707	1993.138672	3152.218262	1546.225952	1104.128296	1372.123535	822.9752197	1183.136963
Q61655	219.0010681	142.7806702	245.7489624	204.8936157	182.0096741	176.0939789	208.3847656	244.173996	189.1846771	189.2472534	217.1789551	253.0997467
Q61656	2405.990723	2116.605713	2231.661865	2102.864014	2165.734619	2268.42749	2045.182617	2102.825439	1778.590942	1722.168335	1936.240234	1919.865601
Q61694	3466.356689	2682.273926	2402.994385	2402.868652	3314.405762	4998.291992	2978.358643	4752.558594	5189.478027	5064.787109	5714.687012	7305.209473
Q61699	468.3411865	424.9304504	492.4197998	440.588501	515.8601685	557.5142212	616.8311157	428.6921692	438.6914063	383.3658142	383.991272	482.1009216
Q61702	445.3092041	438.1251526	416.8461304	473.5242004	241.8544159	266.103302	285.0352783	353.4864807	320.8956299	321.9077454	293.7418213	286.1913147
Q61703	392.5910645	474.0730896	586.0407715	601.3658447	436.8227844	527.8822632	589.1531982	626.2712402	412.9686279	403.6676331	411.829071	481.3401184
Q61704	176.6585693	195.4373932	193.5453949	155.9434967	82.67201996	136.1195374	81.27765656	79.78486633	82.58242798	141.6331787	113.0901566	80.53356171
Q61712	284.4496155	249.6575775	149.4461975	305.3082581	350.57547	332.1506958	543.4549561	291.1023865	307.9959412	304.2755737	281.7806702	311.7781982
Q61730	131.0107422	246.8749695	98.152771	368.5193787	226.8540192	173.2682495	254.6123505	239.490036	238.7430878	185.8605347	245.5028992	87.51344299
Q61733	347.6889954	180.3078613	258.2749939	244.3462219	250.2740326	282.305542	229.3660583	411.7591553	306.5444031	300.2400208	310.5887451	391.7705383
Q61735	421.8692932	263.5481262	350.7333679	358.6503906	271.4590149	329.1878052	429.4779358	360.9097595	261.7546387	344.6481018	206.4673004	185.2887726
Q61749	93.71752167	103.0613251	172.503418	104.8034363	79.86501312	144.7479095	130.8449402	85.80725098	108.7374115	67.89474487	120.4020081	103.330986
Q61753	35.39797974	65.27850342	322.6150513	55.21687317	128.9385986	173.228714	208.5570526	90.34919739	70.26898193	20.99391556	71.45594788	45.80548859
Q61768	283.7259827	332.460968	267.6542969	259.2138977	281.7981567	280.0820923	261.8627319	313.7637634	271.1733093	209.9002075	233.7308655	189.3508453
Q61792	440.170929	479.3650208	299.4704895	302.5439148	139.0945587	221.5684814	264.5828857	556.9588623	915.4941406	477.6902466	381.01474	330.8982544
Q61823	192.2727356	286.9284058	339.0122681	186.954071	421.7646484	437.7868042	357.6660461	439.9256592	520.555603	442.5549011	479.4555054	508.6510315
Q61830	663.6357422	696.1166992	869.0159912	682.1577148	632.2111206	805.2223511	822.8236694	599.0476685	746.2265015	621.4214478	540.8059082	510.5640869
Q61838	4202.36377	4977.952637	5453.375977	4843.715332	4266.330566	4885.57959	4696.924805	5213.432617	4706.833496	6011.541504	3885.499268	5249.965332
Q61878	123.5156479	183.2532959	138.2958374	161.8635864	223.5820007	167.8375092	317.1508484	28.01524734	97.42418671	0	83.37000275	28.77165985
Q61879	944.2319946	1338.471069	1273.251465	947.057373	1045.274048	937.2606812	1094.280151	993.5631104	897.5974121	917.6315308	981.8250732	963.9064331
Q61937	3287.590088	3162.233398	3248.563232	3084.95166	3179.094727	2729.206299	3466.342529	2790.676514	2773.954834	2705.766113	2925.518555	2765.020752
Q61941	0	87.97581482	0	0	0	0	54.40357208	36.12000656	2043.467163	2163.894287	2168.746094	1919.808105
Q61990	796.6825562	1020.4599	1004.852966	416.5652466	822.6674194	810.2697754	584.4267578	1142.843506	1200.920532	1131.990845	973.8261108	1352.609131
Q62000	50.23513794	317.7151489	200.927536	77.82670593	27.98263931	37.80032349	60.49326324	68.29506683	49.36756897	114.762619	117.2318649	77.44321442
Q62048	302.7378845	204.8203888	75.97145844	95.89103699	105.5388489	60.62398529	117.8172531	172.8100281	127.185257	138.3748779	132.1736145	115.0504532
Q62077	98.68764496	73.08674622	67.00567627	68.31526184	91.57955933	118.3547592	77.89002228	90.32810211	85.68694305	80.38121033	102.20578	134.2701263
Q62086	262.0513916	232.6042328	302.0335388	250.21492	300.5414734	330.0678711	307.0395813	320.5839539	271.9176941	300.117981	355.3246155	195.6824951
Q62087	1402.654297	1403.149902	1511.963623	1106.748901	1765.51355	1618.750732	1653.527222	1616.183838	1447.559448	1581.55188	1615.199829	943.6967773
Q62093	946.6287231	1089.565186	1027.971191	674.6818848	923.6953125	778.0280762	800.187561	1184.798096	906.710022	1286.420776	1026.04126	847.1149292
Q62095	143.2310791	234.9542084	193.4633636	99.60082245	120.9457932	204.556488	149.3116455	92.05799866	122.6040497	123.4385986	115.33181	148.8911285
Q62159;Q9QUI0	1020.15564	1584.197388	1547.220215	1191.912842	999.4182739	2126.2854	1840.694214	850.9417114	1794.610107	1148.351929	306.223114	1937.241333
Q62165	271.2478943	202.8334045	145.6090698	239.4531097	209.5887146	177.0492859	307.8310547	121.9559402	267.4592896	167.170166	159.7513885	44.88284683
Q62167	2698.953613	2678.712402	3073.128174	2490.837646	3082.685059	2676.34375	2755.476318	2674.314453	2551.394775	2942.516846	2797.206299	3145.007813
Q62186	2222.802734	2363.022461	1277.270264	2428.925537	2861.685303	2945.484375	2839.636475	2554.037354	3205.52002	2829.084961	2426.637695	2899.97876
Q62188	87.76539612	141.9857635	110.2895813	71.89150238	133.316452	77.49996185	103.0850525	134.0523682	78.48881531	79.19985199	72.24394989	89.63964844
Q62189	306.5210876	279.1464844	257.0657043	205.2214508	175.1911774	218.7307892	272.1481018	308.0288391	258.8518982	200.6425018	250.2361603	305.4703369
Q62203	124.000061	128.8519897	191.1138153	167.9989471	110.7137833	155.9800415	171.2346954	119.5474243	237.2067261	98.44947815	150.1194305	121.0062561
Q62230	0	45.34872818	39.15193939	0	0	19.53673744	9.873427391	9.683743477	79.41231537	0	40.51480103	50.97961044
Q62241	252.6314087	244.1239319	233.2886963	218.7801971	285.5101624	242.0381012	239.5764618	210.1855469	132.6144409	289.5984192	235.6758575	156.4017639
Q62261	1187.668213	1230.657104	1211.063354	1105.809082	1100.034546	930.0253296	1141.452515	1051.310303	889.2267456	1058.942993	960.2333374	928.7388306
Q62264	799.3849487	570.1420898	420.8149719	894.4824829	712.4244995	773.1546021	267.4374695	176.0415955	887.9348145	1627.91626	538.4083252	442.4593506
Q62318	647.991272	934.7548828	668.3257446	681.8232422	681.3479614	680.5137329	683.8161011	842.8983154	872.4008179	663.7524414	755.0947876	808.1660156
Q62348	292.0387573	178.4424286	76.20158386	267.0556641	240.4573517	146.6896362	229.0726166	189.296936	204.8277893	304.8625793	195.1536255	252.6061554
Q62351	102.407486	60.47203445	106.827446	59.76974487	51.38851166	38.84846115	68.07866669	94.51363373	48.88162994	65.42809296	35.17621994	70.92406464
Q62376	686.5344849	687.2750854	635.8794556	737.6082764	491.2334595	584.0913086	741.954895	646.8762817	642.2727661	621.3453369	669.6465454	561.588501
Q62383	22.89565277	65.8317337	62.93503952	44.79553223	50.51076508	89.48469543	51.53366089	48.31990051	62.18858337	24.62368202	63.61735153	33.4481926
Q62384	95.21556854	103.0395508	86.52806091	128.9646606	115.8710251	116.0798492	153.1859589	75.92777252	135.9996185	66.24842072	59.50063324	67.55141449
Q62392	249.6817322	214.6219025	149.6661835	206.414093	401.1123962	396.7531738	279.2344666	653.520874	493.6201477	344.7556458	370.6153259	629.6877441
Q62393	218.7033844	151.4799194	256.3923645	221.1317596	396.0359802	268.9005432	291.3141785	321.5362244	335.359314	320.318573	215.7843628	278.1616516
Q62417	290.0644531	371.9760132	318.7322083	270.4425964	300.8473206	344.460907	350.4017334	359.7168579	350.0819702	387.7644043	260.5751953	350.7837219
Q62418	475.4681702	526.8225098	502.2346802	382.1953735	345.5862427	445.4567871	396.1462097	445.8250122	273.7590637	294.1164246	390.9317322	421.8260803
Q62419	105.0329132	156.0909119	42.44012833	93.91171265	72.42837524	37.21154404	42.00579071	153.9090424	29.36458397	76.86912537	0	104.8230667
Q62422	817.4185791	1146.886963	973.7028809	1121.494873	906.9907227	1046.900879	1009.670227	664.2171021	964.2846069	859.4994507	693.4838867	545.1242065
Q62425	9137.682617	11685.07422	10907.13477	9638.951172	8761.691406	10388.86133	10560.97949	9750.105469	11199.63672	10372.92871	12257.00488	10511.25488
Q62426	919.8598633	974.4735718	757.9647217	831.2854614	895.651001	936.1709595	852.3591919	1075.309204	1518.174316	999.87323	839.1914673	1022.112915
Q62433	199.5485992	99.3529129	298.3891907	130.5982819	81.31454468	166.0978851	114.6040649	99.05696869	185.6997375	121.9968643	107.5589752	83.34687805
Q62446	1735.187012	1582.289307	1574.091797	1988.033813	1824.836914	1861.887939	1797.797852	1913.276611	1915.658447	1893.604004	1668.139648	1919.146851
Q62448	379.4593811	268.709259	348.57547	336.7607117	333.9266052	388.478363	284.5802612	258.3160706	300.7592468	300.1181335	289.6288757	300.9733887
Q62452	45012.04688	48946.23828	52982.82422	46995.30469	50776.64453	41303.96484	58196.23047	52328.28906	41644.51953	37107.23438	39917.80078	40207.14453
Q62465	806.312439	723.9165039	739.0562134	734.9310913	594.8197021	559.8759155	717.5157471	612.1135254	623.472229	835.774231	763.0388184	695.6528931
Q62470	70.52687836	90.66358948	56.53620529	55.84062576	33.2018013	101.2128677	54.53722763	109.6302032	44.74938202	79.01959229	93.73420715	89.47258759
Q63810	52.97087097	30.93105888	73.63683319	89.80274963	33.72562408	65.62314606	55.08782578	70.53329468	51.53202057	73.52848816	26.775877	44.25720596
Q63829	160.1993256	164.2847595	163.0179901	124.3295059	205.2114105	127.5981598	189.4759369	169.5213776	151.1265259	197.8158569	135.0383148	282.7380066
Q63836	6673.270996	4615.729004	2502.999268	4988.305664	3325.69043	6927.124512	3701.523926	6030.320801	1841.9646	2528.71875	2121.016113	3280.316895
Q63844	175.195282	143.0272064	195.415802	217.3303833	298.1102905	214.0910034	198.9488068	219.9033661	153.9748383	190.59935	160.94104	141.4343719
Q63850	262.2409973	182.5243988	291.743042	178.5640564	81.79319763	160.8104095	172.9691162	207.5279694	146.70784	198.2002106	174.9957733	200.3032379
Q63871	58.97991562	92.2469101	123.4205856	72.1227951	158.427597	142.3716888	72.12029266	134.0413971	0	90.54256439	129.5716553	93.14842224
Q63880	2740.989258	3015.678223	2519.165039	3325.805176	4744.716309	5906.067383	6548.953125	4869.998047	6464.141113	5181.255371	3498.027588	6029.197754
Q63886	4247.462891	4920.141602	6894.679199	4549.22168	5558.072754	5739.996582	5747.261719	5259.509277	4701.113281	4548.158203	5246.610352	5337.696289
Q63918	192.1228943	420.1023254	274.8046265	246.5680542	257.0071716	371.3536377	289.4176636	414.5930176	339.6616211	305.9168701	249.6533203	294.8899841
Q63932	124.1006775	91.55641937	118.7216187	104.487442	95.72072601	131.6882019	87.05545044	150.0335693	67.30467987	154.4727325	36.82346344	115.7433929
Q64010	614.4716187	572.4819946	444.9737549	542.4597168	599.2470093	575.4763794	600.7609253	671.0283203	595.4718018	658.0549316	502.831543	649.4497681
Q64012	269.1276855	306.6412659	400.6337585	372.7466736	302.0062866	363.4089355	454.0140991	376.3697815	400.3318176	369.1772766	319.6005554	317.4316406
Q64105	9757.22168	8440.583984	7471.322754	8870.283203	7992.687988	7836.993652	7634.328125	6587.245605	8687.301758	7524.111328	7106.434082	7891.811035
Q64133	656.4708862	637.0999756	667.0123291	641.9257202	694.9909058	696.9415283	794.6882935	663.6983032	564.5814819	583.3430786	905.5375366	535.171875
Q64152	370.8846741	275.8204041	187.1001892	317.5622864	221.994278	356.7135925	297.6273193	241.8467255	345.6020813	385.8328857	373.3946533	264.774231
Q64176	793.2930298	683.9304199	960.4558716	904.8648682	1053.425781	1114.637451	982.3583374	1085.988159	1393.536255	1168.911987	1408.629883	1034.417236
Q64191	262.6962891	428.9988098	314.1053467	225.2271729	456.5501404	336.5298157	422.2276306	332.6347046	261.9946289	336.3902588	325.9837646	245.5583496
Q64213	683.7068481	512.4611816	736.0672607	468.7433167	508.166748	547.2703247	526.5563965	695.4188232	419.8014221	496.9646606	577.3861694	590.3928833
Q64261	121.9844894	141.7873993	27.83216667	171.0101013	124.0715561	109.780983	115.4255066	129.602951	127.6385574	141.3276825	118.3624039	169.6464081
Q64285	0	587.3109741	4842.648926	0	0	0	0	0	0	0	0	0
Q64310	678.2713013	820.5124512	711.5884399	645.5	1093.241577	1081.764282	917.2072144	1276.505005	797.3102417	807.9454346	894.6080322	831.6723022
Q64324	160.8539886	179.3925476	151.7865295	148.7251129	176.7216492	154.2861481	139.0229645	193.0965729	188.9951324	212.9906769	233.9268799	145.7888947
Q64331	291.6196289	362.0166626	365.1767578	297.7276001	374.718811	406.6424866	380.0258789	373.5533752	331.3999634	327.1732178	327.3397522	333.8890991
Q64337	190.3752594	239.3499756	231.9608002	226.9885559	228.378006	201.6699371	404.4572754	105.4381027	200.006958	163.1274261	135.4992218	229.328537
Q64339	237.0290527	256.9434204	255.4493103	306.0392456	391.0101013	344.5144043	405.3592834	413.1463318	514.2090454	476.8048401	333.2467346	776.4799194
Q64373	176.3977509	258.2217712	183.5461731	337.5755005	93.33089447	88.58757019	163.0663452	115.2464828	147.3714294	108.1953506	99.70238495	129.8293762
Q64374	52259.01953	43348	36469.875	48049.27344	52585.17969	56828.05469	51587.89453	47516.44922	68981.45313	56124.16797	59766.45313	60272.16797
Q64378	211.9320221	171.9617462	194.5674744	154.4286499	111.689003	54.8440094	149.5718994	193.7550812	107.587677	337.2513428	254.183075	251.8332672
Q64433	43635.90625	40274.43359	36214.89844	40459.52734	35774.94141	30608.78906	37904.05078	29576.50391	30746.36523	38789.41797	36348.44531	35913.42969
Q64435	555.8989868	663.5302124	1147.432739	830.1589966	1339.675537	1281.099365	1284.389771	1547.006226	1241.798096	1164.797729	1280.158691	1229.460938
Q64442	40124.23438	41120.09766	41227.43359	45066	40838.875	42708.99219	44063.34375	44620.83203	48950.25781	44867.25	46664.39063	51118.72656
Q64446	36.27578735	107.5477905	27.33127403	45.3763237	55.30268097	101.641716	12.28862953	77.55428314	52.98049927	74.4364624	88.61061859	29.11657143
Q64458	6618.29248	6410.387207	9440.443359	6682.546875	9618.708984	9404.749023	12187.88086	7255.617188	9493.308594	7440.912109	9028.297852	6373.097168
Q64459	19508.56055	21928.19531	28005.5332	25511.60352	18193.10547	14987.91504	18899.9082	11142.93066	12429.12598	11763.17578	12011.09277	10523.09277
Q64462	53.21340179	140.3291473	149.9514313	116.283577	302.8717651	142.5505981	171.1708832	116.326149	248.793335	219.9459381	150.6941986	241.580368
Q64464	3192.668701	3620.873779	3992.671631	3351.777344	3266.633057	3070.392334	3348.339844	3859.091064	4009.871826	4382.477051	4569.60498	4546.359863
Q64471	3180.70459	3179.868164	2745.58252	3215.740479	2876.214111	2739.513672	3101.9646	2840.23584	2925.173096	3164.501465	3329.588867	3432.658691
Q64487	140.8766937	107.6201859	182.0961609	123.3526154	95.8622818	135.158905	125.198204	107.2436905	196.4303894	103.1801453	117.4873886	158.5430756
Q64505	404.7660217	320.6271667	350.9944153	422.9262695	101.7916031	150.3032074	167.0172119	97.64058685	190.9144897	69.36566162	181.3712616	164.6617584
Q64511	519.496521	670.0067749	615.0320435	575.6108398	491.1057129	615.2827759	503.3111267	657.2401123	697.357605	616.0482178	638.3522949	774.5018921
Q64512	168.4101715	117.9705505	87.91436768	165.8383331	274.1414185	109.0035172	379.6246948	189.2388916	168.9212646	211.5742493	133.8014069	225.160141
Q64514	678.5948486	633.4445801	663.2225342	559.2658081	484.7651367	479.0367737	470.0296326	564.3453369	610.1801147	569.0408936	447.3387146	590.3253174
Q64516	2144.432861	2176.753418	2244.547363	2069.611084	3105.404785	2775.571045	2732.851807	2835.828613	2763.20166	3004.156006	2770.101563	2683.23584
Q64518	94.07898712	184.2008209	123.068306	107.5198746	0	0	0	187.5805664	214.3391266	0	0	99.95574188
Q64520	93.38744354	151.7439117	138.3733673	124.7601624	159.220993	140.1387177	110.8568649	63.78575897	157.5461731	157.1607513	84.08693695	83.09528351
Q64521	1330.655518	1088.991699	1292.224365	1196.80957	1878.686768	2472.61084	2043.093384	2124.389404	2327.069092	2104.602295	2157.534912	2340.821533
Q64523;Q6GSS7	3465.001709	6907.983887	7350.785645	6239.910156	4869.624512	4870.683594	6565.945801	8121.722168	6077.228516	6247.03125	8983.241211	6148.646484
Q64669	94.74515533	219.5587311	239.5221863	385.8928223	262.2391052	202.5460663	278.6574402	230.0940857	166.7421112	118.6393509	144.3509064	169.5389099
Q64674	1479.267212	1141.133789	1238.539063	1417.465942	1101.380859	1088.150879	1230.215332	893.8417358	1282.375488	916.2846069	924.5938721	1007.32489
Q64726	896.3861084	931.0314941	905.2450562	878.9857178	1327.180054	1309.228882	1282.76416	1605.685791	1000.982605	1047.517822	1101.411377	1194.512329
Q64727	1730.772217	2000.718384	1542.981079	1812.093262	1531.117676	1571.971924	1704.273438	1664.051025	1835.496948	1802.063721	1526.669067	1745.682495
Q64735	121.6119537	198.4861603	124.2105255	126.1379318	97.27292633	187.8351135	168.650589	229.630722	135.3520508	130.8451843	215.9284821	172.9490967
Q64737	455.3078613	454.6227417	409.2129211	411.2861633	449.3164063	501.41745	487.27771	463.413147	430.1711121	418.7563782	466.2091675	456.8467712
Q64FW2	1663.18103	1439.054321	2680.967529	1927.20459	3777.641846	3371.781494	4796.178711	3960.812012	2582.541504	1198.445313	1382.99646	1734.484741
Q66GT5	188.3027802	105.0576782	244.6204071	154.6442108	243.2545776	239.3297119	237.6002197	195.139267	137.4917755	115.6715698	155.3527985	102.4942551
Q66JZ4	111.2298889	53.10335541	43.05903244	0	26.85448837	51.71911621	52.07909012	45.20664215	52.95126724	54.50323486	45.05482101	7.747093201
Q68FD5	3304.539063	4770.629883	5434.399414	4137.277344	4967.729004	4867.631836	4723.969238	5021.581055	5054.972656	4507.779297	4900.527344	5365.986328
Q68FF9	200.5402832	229.5626373	207.8438873	84.67032623	136.0462189	116.4602661	44.44425201	258.6144714	191.5894775	132.9471741	98.6060257	403.6848755
Q68FH0	138.0307159	93.17343903	79.99263	27.5685482	147.7474213	67.15918732	65.76100922	123.3588257	102.79422	90.89666748	90.82846069	71.59701538
Q68FH4	218.7763824	193.4608612	183.7344208	177.9698029	208.9815521	254.2537689	98.88519287	182.2990875	281.9232483	133.7714386	283.4207153	184.326828
Q68FL6	583.1710815	505.4537659	538.5424805	561.8458252	563.164917	556.4926147	480.3751831	532.2537842	682.1972046	612.6751099	414.3928223	465.6173096
Q69ZR2	112.3460846	89.71642303	75.10905457	99.51766968	111.1637573	126.0957108	133.5224304	157.7968903	136.8909302	102.3683701	122.7849808	167.3031158
Q69ZS7	298.5950928	117.3984833	199.6324921	97.26628876	190.2774353	249.4674377	125.9807663	175.5998383	222.1052399	181.3302765	170.6165009	129.7459717
Q69ZX8	257.3824463	121.8636475	99.38141632	187.9959717	104.0444336	253.2952728	176.9107513	115.2848434	127.4128189	172.3323822	166.2698059	173.8878784
Q69ZZ9	108.0072479	150.529953	0	133.088562	0	127.6107559	136.7229004	0	84.29069519	89.92124939	55.52251053	138.4994659
Q6A026	133.9922791	92.59626007	126.8844376	122.730896	105.1536407	191.3016968	124.5351868	99.44885254	154.0717926	146.4060516	69.41919708	110.661644
Q6A028	49.46588135	38.56137466	34.21281052	54.44514847	43.08723068	70.38932037	43.93999481	40.7891922	127.7599487	120.1796417	24.67323875	49.01348877
Q6A068	89.94127655	170.3717651	132.6332245	129.9891815	180.4332886	155.1688995	170.4459534	118.3194275	142.3453369	190.8070221	136.7563629	166.0368195
Q6A0A2	127.5473328	110.7846527	261.1784363	146.6496429	190.8507996	72.21569824	107.4476929	179.5600586	182.5778046	138.2106934	56.19639206	147.6664276
Q6A0A9	455.6604614	439.3632507	579.1266479	461.3019104	458.3513794	408.2584229	382.8990479	495.6718445	491.9916687	466.3369141	453.7471313	436.2782288
Q6A4J8	142.5693512	89.76208496	220.7595367	75.87263489	163.0628204	214.2377167	134.9427948	192.1559601	145.6988831	148.5437164	165.7896271	109.0216904
Q6AW69	194.1065674	93.80592346	204.1620178	96.02653503	130.1852875	180.0210419	214.6322479	197.8075562	139.2689514	82.12343597	103.6818542	104.9742737
Q6DFW4	280.2093811	214.3687744	206.5368195	262.4602051	251.1447601	199.0487518	254.9057465	301.2954712	237.3145905	208.5054932	208.3034515	247.2993164
Q6DFZ1	113.6769333	167.2906952	105.3117599	101.184906	142.6505127	145.7913818	128.8892822	154.8219299	74.33055115	70.6096344	135.199173	160.2616272
Q6DG52	47.33125687	54.45156479	0	152.7272034	192.3919373	90.44940186	115.1777496	0	79.84611511	97.43401337	90.17408752	115.64048
Q6DIC0	100.2469788	39.28123093	57.2172699	58.83391571	129.6326752	127.2983856	76.7157135	182.317688	109.8742371	165.7249603	244.1851044	161.8123016
Q6DVA0	56.50920486	55.77593994	39.50607681	38.96563721	28.71222115	49.9134903	48.93562698	33.04183578	36.68930817	92.3502121	60.18881989	39.70869827
Q6DYE8	146.8694305	227.5461731	223.8627472	209.8302765	176.4287109	190.2481995	184.4857025	148.0292816	174.4354553	140.4730225	202.8360748	76.53621674
Q6GQS1	233.6997223	241.0205078	193.3138428	146.5650177	173.1412048	187.3798828	193.1807404	137.961853	225.3845673	201.225296	301.9353638	318.4513855
Q6GQT9	793.7051392	900.6416016	1013.614624	835.3522949	898.3863525	821.357666	861.7900391	901.3720703	814.612793	788.6033325	813.1483765	822.3423462
Q6GV12	0	24.68286514	30.93489838	43.0147438	53.52111816	95.06672668	42.38217926	68.92153931	54.27356339	27.72027206	34.94340134	93.37188721
Q6IRU2	647.1829224	731.7445679	715.053833	840.4287109	745.5918579	756.802124	674.4002686	764.1679077	623.8087769	795.3261719	572.6364136	644.0621338
Q6IRU5	1015.04071	1014.573853	991.2199707	1531.328125	940.5803833	1249.558594	1747.281616	1576.565796	1486.203125	743.7469482	684.1312256	1466.92688
Q6JPI3	62.7928772	129.2865601	71.58815765	31.68793106	0	74.62368774	326.4682617	207.0904999	267.6202698	84.3325119	99.26593781	27.33898926
Q6KAR6	46.52407455	89.36721039	108.9755325	65.81178284	92.63626099	23.00792503	78.74716187	123.0474548	36.71729279	133.463501	110.0502853	85.03121948
Q6NSR8	544.2841187	571.9358521	602.7675781	500.2518921	681.9884033	692.8085327	656.8444824	681.4163818	575.1300659	574.7218628	630.1141968	625.1029663
Q6NT99	198.1334076	184.7717285	144.4633636	332.3681641	313.3103027	216.0892487	289.7324829	248.2856598	206.8674164	223.8094025	183.9334412	195.9346466
Q6NTA4;Q80X95	114.5769958	68.94557953	137.9135742	109.4978256	71.36730194	85.71507263	105.3372345	76.62498474	151.0625	88.41785431	83.81360626	39.31015396
Q6NV83	72.42378235	82.80508423	44.62625122	62.22375107	46.75693512	36.17223358	84.08751678	38.47828674	37.10108185	57.83958435	74.81177521	59.70381546
Q6NVF9	153.0861511	241.0391388	264.4717712	187.065155	152.2902527	188.0193787	162.8254547	152.9668579	165.8539124	168.0954895	151.3656921	165.5503082
Q6NZA9;Q8VI33	145.8099518	824.3822632	550.2522583	1018.347046	133.2466888	150.5505829	65.59357452	146.0764008	150.3065491	120.3069839	84.25408936	58.72889709
Q6NZB0	109.0896378	144.7318573	79.27562714	141.6653595	107.0668488	96.45629883	121.3134995	195.7225647	108.9645538	164.0657654	86.56771088	147.1261597
Q6NZC7	298.7752991	314.9442444	388.3174133	278.8839417	304.4777527	256.0978699	347.1255493	400.8729553	239.1452789	355.2483521	355.905304	248.1347504
Q6NZJ6	894.7734985	959.8259888	976.9547729	972.2341919	912.1456909	938.2944336	955.140625	981.0645752	884.982666	971.2741699	1007.283569	765.725647
Q6NZR5	342.3563843	289.8628845	293.9213867	313.4178467	298.6342163	292.5079651	261.3854065	404.8605652	406.4501038	192.7376404	242.3562012	388.6197815
Q6P069	750.1470337	630.5304565	804.7486572	702.8759155	504.6894531	612.5598755	614.4790649	685.4411621	671.9379883	677.6786499	689.6712646	777.5600586
Q6P1B1	478.9628601	448.920166	429.8899536	443.9211121	359.899292	369.6199036	432.5700684	387.0513916	443.3022766	414.4750671	414.5238647	413.6828308
Q6P1F6	134.6291656	152.1731567	262.1610413	171.2492981	186.6220398	162.8914642	223.9581757	196.833725	165.9707794	144.6949768	139.7519226	193.3913269
Q6P2B1	208.9503937	144.6493683	227.8292084	96.20935822	126.0465851	144.0554657	90.37202454	83.21743011	109.8618774	212.9451752	59.48118973	501.691925
Q6P3A8	249.1627045	414.2073059	339.3911133	508.1477051	277.0344543	293.5857544	354.7957153	408.7783813	504.4104004	410.6663818	510.8253174	344.9648438
Q6P3D0	237.4081573	303.6733704	246.6919098	212.8727722	148.9322968	222.4806671	245.5583038	204.2867584	242.1122894	241.4473724	230.6092072	276.8277893
Q6P4T2	402.6350098	349.1429138	423.4154663	341.2640381	340.6435547	304.5274353	391.1831055	518.6943359	396.5126343	354.6361694	440.9465027	421.6246643
Q6P542	748.1950684	681.2549438	830.3218994	736.5301514	669.4476318	703.2150879	821.4232788	861.9025269	803.5765991	798.1019287	633.4133301	722.5125732
Q6P5E4	799.4905396	814.5022583	820.7424316	693.9084473	1078.406738	909.9449463	1267.274658	1135.890381	974.7660522	837.0865479	924.7442017	984.3429565
Q6P5F9	111.8690033	66.44558716	111.3615952	83.16591644	102.0244217	115.6261215	81.73581696	95.13694	82.88307953	114.0399857	115.2882233	116.6410217
Q6P6J9	260.6186523	206.6546021	359.4885254	162.6248779	294.855072	352.9060974	333.5012207	407.6526184	230.0350342	298.8649902	327.9877014	319.3242493
Q6P6L0	267.3497314	78.64706421	194.6297913	180.7682953	153.8609314	233.5086212	378.2447815	204.0725555	95.17794037	103.0746689	189.8312073	111.7640076
Q6P6M7	135.7227631	190.3003235	263.4968567	106.6426086	255.6295166	210.4208221	223.2392731	205.0367584	273.3469543	239.4921722	211.819458	297.6834717
Q6P8J2	79.53302002	38.56060028	58.00260544	8.044913292	15.3012476	60.88003159	23.05879593	62.77838135	53.61050034	99.98026276	21.63158798	50.62855911
Q6P8J7	0	171.2444458	48.98003006	0	37.42093277	0	0	0	0	94.10774231	0	0
Q6P8M1	78.84851837	51.15403748	179.9033508	60.57930374	99.01085663	96.33882141	83.11306763	89.06227875	76.03065491	60.82799911	36.02524567	61.19059753
Q6P8U6	36.36447525	56.45754242	388.9788818	0	0	87.4381485	4.393763542	0	0	59.9940567	0	167.1541901
Q6P8X1	311.8443909	326.4984741	397.3572388	298.243103	275.0487671	391.3353882	261.2796326	426.465332	318.0869141	337.8349304	255.8513794	339.1151123
Q6P9L6	286.5722046	501.7332764	384.9310608	650.1098022	339.9078674	410.0461731	239.5045319	927.6390381	482.0306396	425.9735413	602.0802612	419.434906
Q6P9Q6	186.9863434	199.8057404	163.2003632	170.0587463	129.7089996	137.50354	161.245575	126.7981415	144.809433	122.0458527	138.5701447	108.5895233
Q6P9R2	232.7971649	261.2568665	336.6799927	156.4766541	248.8237915	279.35849	283.629303	298.8719788	252.5142212	294.9420166	293.8968506	280.94104
Q6PA06	371.9993896	307.9879761	439.4214783	360.2698059	383.5266724	424.8433838	434.4004822	579.4832764	399.17453	421.2056274	272.5666504	358.3208008
Q6PAJ1	104.1454773	245.1386108	172.9263763	115.3888702	0	247.3058319	88.23496246	142.4078522	159.5093536	120.1089172	105.3575287	136.4777985
Q6PAM1	88.91209412	72.79132843	25.47290039	111.0070419	108.8951569	58.92570877	71.33158875	79.62384033	121.5701599	64.57002258	102.5267029	87.72834015
Q6PAR5	230.7085724	280.725769	302.6897888	455.2132568	256.2322388	272.9349976	297.0577087	201.2156982	420.1866455	247.6244965	184.5039368	353.9044495
Q6PAV2	126.7732162	162.7982635	79.8285141	105.2186432	90.12002563	83.21443176	128.2419739	141.7841797	98.86303711	172.9439697	79.25344086	125.7336578
Q6PB44	60.92155838	72.52397919	68.29405975	92.58866882	107.1943436	112.9681702	66.66208649	81.43063354	79.45700073	92.68356323	62.98799896	93.79381561
Q6PB66	1930.303467	1645.600342	1786.434814	1677.552124	1702.945923	1673.919434	1477.47644	1626.983887	1686.386719	1776.609741	1625.240601	1640.269165
Q6PB93	0	23.48773575	0	34.44204712	7.101662159	57.09311295	52.73195648	0	0	21.94566917	0	11.05965042
Q6PCX7	145.5541992	0	241.7916107	0	270.5855408	257.3659973	224.9672394	83.37690735	0	50.59460831	56.77725601	23.47776413
Q6PD03	72.44641876	159.0445557	132.7743988	92.04711914	101.6021042	83.99440002	191.6816711	144.036911	120.080452	114.3844223	111.1046906	101.3659744
Q6PD26	100.4186478	117.7377167	95.31375122	80.84316254	183.5387878	146.8004303	102.3540573	111.9039688	121.322197	123.5234756	132.4203186	51.55595398
Q6PDG5	136.2416534	138.6801147	105.4740219	120.8070908	127.9723663	191.785202	123.628334	149.8402557	95.19813538	162.2886047	162.1742401	164.7870483
Q6PDI5	365.4485168	334.4111328	354.7821655	303.190918	333.3581848	274.6154785	343.3306274	318.7918396	325.0669861	281.6993408	224.6676788	330.8513489
Q6PDL0	0	0	75.31228638	56.81642532	0	115.394455	9.183031082	97.20735168	0	125.810936	0	110.9030151
Q6PDM2	1771.213501	1639.436523	1832.818848	1407.927368	1621.529907	1634.436157	1907.562134	1810.124268	1624.286499	1712.708374	1620.714233	1659.952881
Q6PDN3	228.3511353	274.5317688	245.6352997	198.5486298	149.7212524	201.7115173	234.3585358	205.9367828	157.9848633	153.0548859	159.2053223	248.5204315
Q6PDQ2	198.6537628	169.7682495	264.999054	258.0151367	241.5144958	196.8824768	270.0788269	287.8612061	248.0064392	214.3309479	203.7052612	209.4562073
Q6PDY2	190.6923065	147.5416565	131.8641815	141.9867859	85.72327423	77.67444611	115.9951859	126.6884842	122.056839	151.5994568	83.46379089	173.7855377
Q6PE01	207.5294647	257.8753052	379.8095703	171.3351746	205.3696747	268.4151917	283.7834473	271.0611877	192.3926239	288.5108643	137.2441406	208.572876
Q6PER3	208.8100128	234.4122925	143.4624634	244.4933929	216.8414459	224.6549835	204.5786438	175.7515259	108.1889267	247.6828461	186.3383636	149.2501984
Q6PF93	78.13155365	26.43633842	60.04495621	0	67.67951965	142.5484314	164.2397308	83.83901978	92.62728119	79.87400818	48.19024277	84.22680664
Q6PFD9	61.33481216	30.29267693	36.08766556	19.66156387	53.56135941	34.686203	30.60632515	69.31620789	63.35903931	53.67076874	71.7124176	87.89994812
Q6PGB6	116.0797348	113.0849152	172.1024933	161.7865448	209.6961517	146.7399597	128.3845825	97.56520081	73.85980988	131.3604736	170.5285034	189.8809662
Q6PGC1	62.66242599	78.10072327	109.7178726	90.75718689	88.95388794	50.18877411	88.92325592	169.9297028	65.46199799	107.2929459	67.4214859	92.28266144
Q6PGF7	324.4623108	121.2851944	504.3766785	43.24731445	87.03092957	198.9242401	243.1489716	53.75544357	179.2910919	29.4660244	24.85499954	70.53503418
Q6PGH1	116.5576782	53.24801636	104.7387238	93.80330658	181.2126923	127.061821	163.4139709	144.8899994	100.8909454	162.197113	194.5882874	136.6584625
Q6PGL7	88.58571625	79.36091614	86.86578369	51.36392975	66.67443848	189.4401093	142.0056152	123.3071442	107.6695709	142.5088654	94.80778503	168.7669067
Q6PHN9	408.9167175	153.4423218	175.1877747	207.3227844	222.3852386	259.0075378	154.4811707	134.1782684	162.9295044	212.0415039	293.0027466	178.725235
Q6PHQ8	125.0205765	74.4745636	38.57498932	66.63076019	78.62231445	233.4757385	135.312439	155.4570465	115.7776184	120.9580307	134.5425873	94.70464325
Q6PHZ2	85.71231842	71.89463806	122.853569	137.9780121	137.7932739	119.3878021	136.0921173	147.0075378	108.8997116	156.8556671	118.5055008	81.44361115
Q6PIC6	3647.935303	4126.398438	4527.106934	3425.932129	3541.525879	3211.111572	3358.0354	3633.803955	3077.035156	3814.672119	3616.484375	3608.61792
Q6PIP5	118.9327316	112.9988327	185.2183533	84.70143127	90.94579315	156.3896179	130.299118	91.89637756	44.57927704	125.6377335	95.76361847	80.51874542
Q6Q477	40.17919159	44.25617218	99.32666016	27.84955788	45.25231552	0	0	21.35673332	62.01389313	60.18832016	35.77368546	75.87020874
Q6Q899	360.8701172	306.6520996	392.9809875	249.1776581	203.2819977	290.2471619	273.3222046	219.7658539	235.038269	253.9942322	221.594986	416.392334
Q6QD59	174.7129364	131.9225311	251.3493958	198.6200256	173.6367493	241.80896	136.9522705	174.0028839	202.8530273	189.1023254	223.4600983	194.8625336
Q6R5N8	161.9628906	74.97524261	191.9559631	32.73335648	103.3120728	136.0482941	82.56790924	30.31093025	182.7564392	48.03153992	179.242157	25.64386177
Q6RT24	205.9303131	420.4859314	337.278717	362.5953369	375.9667358	418.6604004	383.4884644	502.6583862	398.8881836	441.3717041	257.447052	291.0951843
Q6RUT8	88.59585571	44.91374588	26.31113243	251.0715485	0	0	244.9261627	21.33184433	178.2382965	112.8935394	163.4598694	0
Q6SKR2	202.2674408	70.92193604	0	175.3638763	193.5293732	0	100.347847	0	0	0	0	0
Q6TCG2	88.38639832	79.32730103	54.69755173	166.9108887	283.2768555	0	224.8269653	170.403656	112.7220764	163.7707062	314.0219116	68.07615662
Q6TEK5	162.938446	86.74377441	61.79973984	119.6316681	77.5427475	187.3439178	196.2089844	50.14562607	145.3296204	229.8418121	175.7425995	70.8194046
Q6URW6	155.5723877	118.9430695	168.4374237	139.4024963	138.4080658	147.5565643	107.3638916	165.4887695	170.9372253	185.3305054	145.3439636	164.0822601
Q6VN19	236.8190308	115.2572708	93.597435	175.1641846	229.2122498	286.9212036	273.3863831	212.1832123	0	146.7807465	179.8854828	164.3721008
Q6WVG3	438.1062622	324.8035889	332.8153992	294.1996155	382.8355713	326.7237854	405.6181946	354.1277771	351.5703735	234.1701813	424.2290344	466.2077637
Q6XVG2	5062.016113	5720.988281	5660.847656	5892.449219	3461.749268	4544.226074	4582.072266	5236.54541	5957.568359	4431.503418	5652.21875	4331.557617
Q6Y7W8	109.1918411	63.47083282	42.58815765	75.31932068	94.10127258	104.7294464	150.4263458	152.4975891	113.6351776	89.01808929	63.36425018	59.5500145
Q6ZPE2	38.41112518	37.21948242	0	66.80023956	74.74635315	43.78845596	63.4348793	67.58044434	92.07774353	52.62498856	34.42287827	50.82334137
Q6ZPJ0	90.71867371	43.86603165	140.6737366	76.85334015	70.41946411	81.77922058	63.51365662	104.3001022	56.71869659	54.41874695	73.78658295	70.82212067
Q6ZPJ3	81.86035156	112.6701736	89.90857697	109.4470139	69.99629211	83.37425232	105.4586945	76.09978485	59.09710312	102.1886368	81.23656464	81.63258362
Q6ZQ08	408.4421692	391.2991943	377.7451477	288.5751343	468.8670959	473.9994812	453.7521362	397.9662476	294.6349792	397.8489075	529.8995361	354.670166
Q6ZQ38	741.4552002	806.1734619	908.6228027	838.1403809	679.5558472	719.0432129	700.2434692	763.3947754	741.9885864	793.2460938	629.4313354	805.958374
Q6ZQ58	322.3435364	163.599884	230.7424469	206.3144531	128.3485565	80.33331299	210.4802094	301.7805176	268.170929	226.5140381	192.1787872	156.9161224
Q6ZQB6	177.5133667	114.6861496	112.9457016	64.01996613	106.4803848	157.4277649	114.7184372	99.11386108	119.2844696	62.42575455	108.2530594	105.123642
Q6ZQI3	1150.584717	1234.165405	1059.397217	964.9059448	1481.635376	1836.643677	1676.050537	1634.323242	1666.28772	1383.337646	1358.588257	1474.106201
Q6ZWM4	244.386734	158.9245758	121.5403671	220.3320313	241.2142487	206.7621155	225.9042664	248.5957947	215.88797	177.271286	263.0027466	270.6791382
Q6ZWN5	3545.852783	4238.628418	6446.283203	4925.033203	5362.478027	4794.549316	5544.16748	4506.385742	5215.710449	4291.281738	5098.501465	5065.598145
Q6ZWQ7	385.9891052	274.7456055	574.178833	255.1520386	304.320282	199.9352722	460.9862366	268.6439819	293.0255127	227.4143982	315.6147766	254.7073669
Q6ZWU9	370.1855469	399.8413696	182.4682617	334.2408447	324.5394592	402.1062012	651.1190186	333.5316772	348.8715515	151.9300385	507.4095459	678.7473145
Q6ZWV3	3730.994385	4105.27002	4755.196777	3980.97583	4667.375977	4921.838379	4463.077148	4502.154297	4715.757324	4628.157227	4257.109863	4886.816406
Q6ZWV7	6015.859375	3379.710205	4270.652344	2477.630371	5649.508789	4296.647949	2514.645996	4132.278809	4607.597656	3768.548828	3936.591797	3212.41333
Q6ZWX6	1229.455566	1033.609741	1398.070068	1152.394653	1492.970459	1341.708252	1548.748535	1242.843506	1255.519897	1267.125977	1109.18811	1344.578857
Q6ZWY3	2111.324951	2082.561523	2416.930664	2163.946533	2296.974854	2840.917236	1914.757813	2392.184814	1664.901123	1782.074463	1905.371338	1964.845825
Q6ZWZ2	132.7153473	95.65139008	102.359436	156.8611755	125.6785355	178.9045715	105.7719345	114.7058258	131.2794952	97.56214142	118.6815109	99.3537674
Q70FJ1	19.75055122	79.47504425	53.41827393	24.97068787	0	0	0	7.556901932	0	46.08398056	0	0
Q711T7	158.9389496	188.6146545	203.7881622	179.1988373	95.3767395	144.6074982	161.6674347	167.738266	223.5743713	221.5124512	212.4940948	205.235672
Q71KT5	965.6685181	1082.108032	1072.365723	1087.131104	585.1225586	306.5720825	353.4325562	224.8439178	503.3192749	502.0509033	425.2172241	425.5406799
Q71KU9	107.6653519	0	153.8011932	162.4989777	251.209259	154.1196747	356.0213623	65.36787415	105.479187	100.8080902	63.27087784	152.9250183
Q71LX4	265.4841614	316.2398682	488.4727783	362.9275818	314.6723633	333.0378113	382.5951843	337.6008606	356.8094482	405.4020691	336.9499512	383.2599487
Q71RI9	2631.589355	2873.002686	4005.427979	2703.174072	2105.000244	2881.918945	3030.027832	3063.864746	1320.963013	2255.107178	1606.519165	2887.871094
Q75N73	181.2828369	165.262146	240.6212921	302.4618835	156.1892242	340.5803833	230.02388	279.0212708	217.8802795	167.2719269	335.2299194	155.3360138
Q76LS9	128.5270081	81.26380157	227.7363892	105.7128296	318.30896	165.5253143	151.595932	284.1159363	140.2939606	111.6047134	154.1407013	361.6133728
Q76M72;Q8VCA0	1753.632324	1307.304932	1312.004272	1515.508423	1216.081421	1321.681763	1378.482422	1456.797119	2030.877319	1569.941772	1716.360596	1721.771362
Q76MZ3	1376.095947	2139.587402	1496.720093	1555.268433	1419.963135	1294.11731	1526.317871	1389.136475	1563.694946	1452.53479	1503.74231	1485.106567
Q78HU7	0	93.41725159	0	139.3329163	47.75154877	148.5662689	69.24993134	0	68.7927475	69.74037933	41.47442245	122.730545
Q78IK2	1130.801147	1019.409241	1013.35907	1073.902222	802.7171631	836.7554932	816.7445679	1145.289063	1277.710693	1076.001587	1037.604004	1099.648315
Q78IK4	656.8110352	620.3519287	699.7463379	573.4042358	615.2981567	680.0307617	643.4650269	716.87323	659.3775635	734.055481	842.2379761	818.3231201
Q78J03	193.0919342	112.858429	33.79064178	157.5995026	103.1727905	133.0733032	149.4528351	73.39168549	77.90596008	82.5814209	190.2156982	77.05192566
Q78JT3	16217.71289	16951.82813	14987.29785	17142.51953	14812.47949	14123.73242	12587.94629	13255.86816	19321.30078	17640.66797	18274.00195	18358.66797
Q78JW9	248.1781769	221.5131989	158.6687317	221.9919434	185.6045074	271.0342712	248.5805511	206.9294586	155.5217743	203.8240356	197.9831848	186.1602631
Q78KK3	263.7749634	317.8737183	343.612793	186.9231262	290.9418335	268.3603516	286.8156128	323.260437	283.7330322	239.5479889	280.4248962	233.2203217
Q78PG9	258.0412292	190.7280273	146.7123413	216.7553253	193.5473633	166.1388245	228.5412292	137.2183838	225.9628906	256.4736938	148.94664	205.927475
Q78PY7	6580.537109	6301.046875	5682.472656	6642.151367	7587.209473	7565.201172	8061.071777	8177.582031	7596.766113	7836.763184	6558.317383	7372.083984
Q78RX3	0	0	0	0	44.57669449	33.33334732	0	0	0	39.22035217	0	0
Q78T54	113.1594467	46.83630753	168.3291931	0	154.4308777	57.57591629	133.3003082	353.1870117	300.2726135	308.4247742	198.3055725	119.1518631
Q78XF5	0	122.3275833	79.72331238	48.51063919	44.90466309	43.91122055	0	47.64390945	109.1353378	86.35627747	86.35240173	144.6783142
Q78YZ6	0	306.0038757	327.6095581	271.34198	370.8494568	386.218811	428.7090454	456.5032654	306.2221985	188.0228424	238.6746216	0
Q78ZA7	483.5762634	463.2341003	361.7262268	472.9172058	491.0872498	484.6098022	609.6932983	371.1034546	437.878418	433.0229187	394.6272583	438.4528503
Q791T5	136.8786926	161.2530518	143.7564392	135.0876465	196.2419281	128.919693	165.8250427	81.1635437	137.9399567	210.3131714	106.7443008	250.358429
Q791V5	2475.489014	2799.446045	2793.638184	2364.334717	2388.466064	1938.19165	2197.684082	2165.379395	2188.265869	2115.505859	2741.188232	2133.272217
Q7M6Y3	382.0034485	337.4256897	395.9940796	292.9226685	435.730835	499.7311096	533.0480347	535.4260254	485.6075745	496.9237061	455.7728271	470.2830811
Q7M6Z4	316.2523804	99.6344223	308.1622009	286.1062317	336.5210876	91.32330322	231.8308258	488.0871582	251.5095367	272.7751465	99.92796326	97.42234802
Q7TMB8	338.1008301	349.8640442	339.5189209	325.7675476	388.4218445	376.6652222	349.5693054	320.3343811	327.9311523	325.9208374	395.0769653	325.354187
Q7TMF2	190.1019287	208.9499969	176.094101	211.712265	315.7515259	60.70981979	169.133194	415.7358398	49.95352554	468.7432251	142.851181	699.4125366
Q7TMF3	1844.203369	1531.918091	2123.804688	1833.243408	1495.175537	1295.285034	1217.927612	1634.792725	1423.534058	1450.888428	1770.695435	1899.038574
Q7TMK6	63.71448135	64.56621552	136.0170746	52.40182495	58.1060791	35.44176865	75.79063416	38.04176331	49.74268341	244.8097839	36.64320755	73.41835785
Q7TMK9	1946.349365	2015.304077	2031.986084	1915.960327	1949.258667	1948.261597	1976.077759	1930.598877	1499.936035	1749.801636	1871.758545	1855.312622
Q7TMM9	4219.447266	3463.658203	2834.459229	3830.233398	3771.965332	3793.8125	2572.453369	4152.361328	4574.145508	5443.076172	3357.27002	3670.838867
Q7TMQ7	80.70106506	32.61950684	21.48411179	153.7914276	110.2225571	116.593956	85.07148743	109.9923553	159.7628174	141.7085876	57.65988541	147.6342163
Q7TMR0	262.117218	330.6273499	299.493988	208.4741364	309.7003479	332.1525574	525.2369995	290.9541931	258.7627869	135.2277679	214.1246948	292.0805054
Q7TMS5	1174.667358	857.0635376	1383.682617	1221.269775	1686.663086	2376.433838	1957.601563	2139.359131	1532.761719	1579.041016	1306.44458	1402.773804
Q7TMW6	76.86915588	108.247879	94.10812378	110.1815414	63.90869904	123.9550934	90.77919769	152.6239166	121.3126602	76.15761566	152.2331696	176.4384308
Q7TMY4	0	73.81866455	0	96.45019531	85.13858795	20.70001602	53.3977356	0	32.37451935	49.56786728	27.47081757	89.9433136
Q7TMY7	132.9930725	126.0783768	60.71369934	0	71.46807098	63.6167717	0	0	39.84854889	0	0	29.03394699
Q7TMY8	145.5706177	245.7227936	233.1606598	213.0251465	173.2387848	190.5158081	181.0079193	236.1812134	223.4568787	190.2896118	174.1614838	228.1570282
Q7TN29	270.2634583	328.3717651	294.8867188	301.8476563	308.5116882	289.1765137	322.6875916	322.6873779	367.5850525	268.7753296	333.744751	321.0344543
Q7TN33;Q8CIN6	548.3150024	707.5710449	568.1456909	724.1143799	777.5959473	844.4892578	916.9946899	506.7885437	512.0319824	682.1846924	508.7441101	549.6515503
Q7TN79	172.9064484	62.78191376	117.6016235	40.9926033	0	86.36682129	0	118.2463531	139.3564911	0	0	267.8791809
Q7TN98;Q7TN99;Q812E0	46.901474	92.33930206	19.18609047	65.62023926	72.46305084	42.03286362	102.631897	58.76716232	76.1025238	51.24674225	62.05843735	76.36387634
Q7TNC4	289.0924072	196.6523438	185.230423	145.3640594	75.87809753	127.0672379	176.446167	284.076355	227.055603	206.6431274	179.6022034	217.0420685
Q7TNE1	144.2915649	123.4107132	101.390564	100.8575668	56.12931442	103.5409088	170.959549	182.1064911	228.5800781	237.9282837	169.5766907	204.4584045
Q7TNG5	284.0130005	230.1859131	253.7077484	290.3634949	366.0085144	295.5768738	185.128067	257.7774658	246.4584351	296.6346741	279.5140991	315.3135986
Q7TNG8	3929.214111	4434.925781	4735.119629	4286.454102	4449.254395	4205.321777	3862.279297	3559.958496	6165.4375	4994.70752	4374.928223	4020.854248
Q7TNP2	157.4447021	53.91965485	39.9066658	30.70690918	55.77983475	101.6345215	133.9246063	171.3017883	136.1015472	105.3078308	128.0713959	102.1741638
Q7TNS2	40.8080368	36.92300797	160.4482422	0	0	34.58442688	26.93097687	175.9987488	10.84361553	100.3541489	0	33.45944977
Q7TNV0	193.9997864	229.1522217	294.0643311	230.4191742	120.289917	304.7493286	221.0816345	258.9683533	200.4559021	244.538681	231.1156769	229.9328003
Q7TPM9	44.90948105	59.79357147	83.05165863	88.36582947	40.91505432	49.00861359	85.96760559	38.39321899	81.33907318	79.50942993	39.08246994	0
Q7TPR4	8071.283203	8831.650391	9090.419922	7790.661133	9086.22168	9143.78125	9553.537109	10180.27148	8096.063965	8589.84082	9096.948242	9905.417969
Q7TPV4	230.4359894	192.4426727	263.792572	231.9676361	251.5738831	258.8274841	287.2522278	275.8779907	222.2548065	200.5914001	314.2102051	304.4902039
Q7TPZ8	0	53.16030502	804.9940186	0	0	0	0	40.19452667	0	0	0	0
Q7TQ95	90.86959076	109.031456	73.21528625	43.30818558	105.4349594	84.82009888	50.75018311	130.7471313	74.99385834	144.4433136	40.21113968	79.3421402
Q7TQD2	289.64328	0	28.18490219	268.3281555	697.6318359	804.8519287	700.0667114	885.3893433	374.2103882	618.5817261	552.6275635	951.7255249
Q7TQH0	78.80570984	107.5113983	114.5036087	104.5594482	92.86435699	123.5266495	95.30722046	102.7666473	161.7038574	163.3232269	102.181366	77.54360199
Q7TQI3	382.6883545	529.569397	532.4337769	574.9153442	407.3669739	566.02771	432.0158386	427.4902954	622.6726685	602.2266235	613.5177612	448.0645752
Q7TQK5	156.361557	106.2952728	146.7572632	81.76350403	129.6574554	144.988678	143.2340393	142.4270782	204.1261292	114.8231583	150.0631866	146.6598358
Q7TSH2	141.6452484	189.7441559	133.0445557	220.3159027	126.5908356	140.2465363	141.7510223	166.7848053	283.9215088	227.8319244	138.8572388	105.5120697
Q7TSV4	161.117157	177.9261322	224.2501678	176.3939209	177.2167816	253.8476868	210.8859863	199.4468536	166.2310181	166.1047668	151.1943817	172.6287537
Q7TT37	47.28245544	157.008606	69.37838745	111.766716	35.32125854	61.94194412	131.29953	85.5189209	28.0767765	111.5897675	28.15910912	83.96138763
Q7TT45;Q99K70	295.8437195	261.52771	266.7889404	263.5870056	263.8382874	303.7735596	416.0256042	228.5119171	269.457489	254.4145203	250.1144867	277.4882202
Q7TT50	177.7948303	183.5701141	165.1836548	169.4117279	229.6534576	228.5482178	202.1641388	259.6549377	217.0778503	97.13633728	214.144104	240.9761047
Q80SU7	71.2460022	80.59315491	93.42610168	86.27955627	63.05583191	41.3469696	103.5570679	43.1225853	85.70162201	100.9228439	67.58950043	144.6319427
Q80SW1	390.0224609	391.0841064	398.1203613	450.1477356	376.8666382	360.8321228	325.2893372	346.7249146	301.7019653	440.1838379	336.2286987	397.0039368
Q80SY4	65.67834473	19.1187439	69.79579926	46.90919113	86.76315308	125.2171478	194.5976105	110.2395401	47.93148041	32.27812576	86.82169342	77.66913605
Q80SY5	0	83.1337204	89.50121307	58.82685471	80.45230103	143.5514679	76.86026001	35.9281311	76.77101135	101.5317764	64.36733246	65.85495758
Q80SZ7	109.383316	0	104.6221466	0	666.7576904	642.9788818	1093.153076	30.1618824	59.14519882	0	539.717041	27.15617371
Q80T19;Q9EQ21	0	60.94091034	136.3219604	297.3632507	92.61540985	0	0	54.54823685	119.6706085	40.29527283	221.5034485	0
Q80TF6	139.3006897	69.61489868	64.43204498	34.08204269	0	108.2458725	556.7862549	112.5650482	198.8555756	181.857666	135.5921631	52.86461639
Q80TH2	120.1058502	92.47087097	156.9299469	187.089447	145.8874207	149.3568573	217.8954773	218.0259094	141.1490631	92.799263	137.0373993	141.7478638
Q80TL7	115.1008377	114.5455093	112.492363	165.1834717	45.08121109	117.489006	80.29682922	58.81374741	119.7566605	91.7605896	47.26051712	66.07090759
Q80TR8	55.39699554	38.82843018	108.2364731	0	0	0	52.54682159	52.60147476	58.81911469	0	67.39054108	0
Q80U19	111.3615646	140.1983185	223.6496124	132.2355499	78.54143524	37.75630569	107.6374207	36.35630035	70.1042099	38.306427	51.33457184	0
Q80U63	206.7120209	172.1235352	241.8162537	161.5099792	168.4390717	179.6473846	193.1772308	251.5819702	197.774704	209.0054169	184.0960236	193.6810455
Q80U72	185.2022247	108.9818573	121.7572174	295.4528503	109.1706619	92.26528168	177.8913574	201.0512543	131.572998	151.8242798	196.6229248	154.2044373
Q80U87	0	1.820801973	55.91891479	64.09088135	74.00241089	59.89997101	62.30654144	45.86631012	46.40327072	95.36476135	53.90185928	80.5437088
Q80U93	72.86197662	179.4670715	69.74819183	91.89503479	92.98582458	110.9206467	129.5068207	114.6575012	147.7318268	144.9414673	117.6380768	139.3752899
Q80UG1	87.70463562	117.867691	129.656723	203.9157104	90.27332306	132.8100281	106.7694778	153.0260162	158.4284973	107.9509583	165.3515167	127.2500916
Q80UG5	682.5317383	571.5883179	518.6781616	694.869873	603.1866455	768.2324829	612.2677612	635.0181274	633.1538086	707.4296875	621.7541504	536.581543
Q80UJ7	25.7854557	47.46563339	39.69433212	10.43119049	24.1841526	56.61104202	20.60820007	54.75720596	25.78899765	78.92453766	72.22766876	88.08187866
Q80UM3	434.2478943	472.9845886	277.3320923	420.3858643	443.3906555	439.6816406	464.8691406	389.3097534	456.8023376	262.8417969	465.4789124	424.0220032
Q80UM7	1440.460571	1166.60791	1565.852905	1288.512329	1606.054443	1735.30957	1515.155273	2048.58374	1556.933105	1609.264282	1942.823364	1809.672607
Q80UU9	750.3301392	640.0723267	822.1513062	638.3641968	723.5817871	681.7906494	782.0976563	878.7368774	843.8901367	850.4008789	760.0414429	599.7034302
Q80V03	41.92805862	55.56322098	47.60937881	33.75498581	37.46581268	69.91711426	40.51625061	37.94415283	50.00548172	47.76284027	90.24741364	60.41558838
Q80V26	120.9508896	150.2458801	167.5590363	93.5329895	119.3457413	139.9251556	100.8637161	36.6770668	127.8210602	144.6220245	228.8851013	89.03705597
Q80VD1	108.9273911	118.6020203	94.8192215	78.96126556	42.17971039	200.3377228	51.80141449	114.4172516	90.90093994	119.9874954	37.10868073	53.85513306
Q80VJ2	93.40779877	74.05843353	86.99684143	31.43021202	44.83301926	119.9250946	81.21009064	103.0417938	66.39579773	68.39844513	123.3386841	26.57825089
Q80VJ3	58.22531509	54.44529343	99.50639343	36.0297966	74.56478119	55.03350067	25.84677505	40.74713516	56.83753586	58.32967377	47.47779846	107.1062622
Q80VP1	226.829361	423.9940186	290.964325	313.761322	209.5767822	206.8548126	254.3603973	376.6432495	235.0688324	282.9624939	350.5396118	264.6718445
Q80W21	690.3286743	828.453064	1027.623413	711.5203247	647.6964111	589.2837524	511.2193298	516.4956665	758.2768555	829.8134155	794.9508667	821.5847168
Q80W22	1379.765869	1197.135254	1199.622192	1308.745728	1233.567261	1224.045288	1100.038086	1103.041748	1107.772827	1130.300781	1150.305786	887.3606567
Q80W47	257.8356323	190.4900818	194.4755096	264.0095215	174.0845337	223.4911194	241.2801666	32.50406265	140.9342194	123.5093231	48.37893295	192.2210388
Q80W54	474.0095825	366.1595459	354.2824097	355.6798096	454.2923279	460.8907776	502.4167175	519.7224731	541.4500732	420.1426697	462.6081543	354.9716187
Q80WC7	160.7728882	117.6438828	123.0565872	199.3098755	243.2690125	159.7794037	173.7734528	118.8724136	174.2654572	210.0333862	124.3289948	176.5339508
Q80WJ7	388.9211426	328.2001648	310.0124512	227.3686523	309.8473816	297.9106445	262.2522888	500.1514282	489.8607178	526.3658447	390.9133911	363.5145874
Q80WQ2	64.56867218	40.35757446	56.2958374	50.94393921	62.23056793	72.48957062	50.2872963	90.53012848	114.0353775	67.16590881	13.17395306	107.2019119
Q80WT5	58.92129898	133.1565094	71.66710663	49.48156738	158.4192352	69.97022247	74.24260712	49.16074753	155.8132629	113.2274704	177.5262451	37.51401138
Q80WW9	98.39807129	147.0915527	65.78656006	100.4619904	141.5797424	115.8085251	80.81304169	136.3050232	105.7982788	176.3728485	122.4588394	125.4997177
Q80X19	176.0455933	434.7044983	289.4109497	263.942749	291.2437134	297.0612793	254.2150421	333.3390198	359.8733521	378.7552795	303.5200806	398.5544739
Q80X41	110.7504196	147.7976837	104.7411728	64.05298615	106.9785995	137.2543793	84.61746979	194.9147186	85.43250275	63.42057419	147.1323242	198.3860321
Q80X50	109.0412216	80.15778351	85.83111572	123.6057892	75.90338898	84.61462402	108.2052536	131.0766907	131.7403717	113.7046051	95.55776215	108.4795303
Q80X73	143.0664825	127.9223328	83.06693268	96.69799042	181.0266113	126.4061584	161.4380798	151.2499695	132.1238708	126.5733871	67.47768402	139.6684418
Q80X80	168.2086945	111.4429016	163.6018982	120.7112045	136.9288177	169.3522949	123.6378021	158.269043	147.0292206	181.8647766	85.98728943	149.1814423
Q80X85	200.4272308	180.5419464	141.6679993	175.9857483	132.7406006	111.938591	140.7914429	122.051796	187.3794708	219.8320465	201.8464508	140.2815857
Q80X90	1733.516235	1813.277222	1707.684082	1795.821289	1972.47937	1742.327393	2048.359863	1873.536743	1829.585327	1796.983521	1815.279297	1812.158325
Q80XA6	31.43486977	13.94482231	0	69.87262726	24.16835976	17.98738861	22.8143425	46.45077515	5.488559246	0	55.06536865	30.41698456
Q80XC2	61.21538544	0	0	20.4992485	0	31.78317642	0	49.25997925	28.68920135	0	106.8094177	76.31446838
Q80XL6	2575.371338	1954.176392	2580.006592	2377.233398	3133.689941	3152.688477	4153.51416	3335.557129	2622.707031	2231.8396	2758.665283	2092.561279
Q80XN0	16399.48047	16093.24316	20171.125	15858.88184	18189.26172	19179.78711	18655.47656	17652.41602	18301.64648	18031.92969	22429.23633	15905.0918
Q80XU3	72.79177094	209.5271759	42.09505463	68.15769196	108.1932068	131.7005463	63.23634338	104.0309906	174.2758484	114.7862473	100.120636	119.2227631
Q80Y14	2569.313721	1843.447998	1626.753052	2577.067871	2605.451416	2546.974365	2112.020264	2363.905029	2945.866455	3110.476807	2346.014404	2590.349609
Q80Y55	120.7714767	104.4250183	93.00254822	92.73280334	111.4076767	130.665802	115.9972458	153.7932587	79.15408325	117.3497391	97.1153717	122.2833252
Q80Y81	134.7007904	71.77240753	74.99659729	82.86136627	83.00892639	57.99531937	109.8410034	77.29497528	93.21627808	74.80783081	65.21895599	67.08219147
Q80Y98	30.6264534	402.9151001	197.9969635	46.86728668	68.33964539	39.86149216	38.8621254	56.7902298	46.11865997	61.871418	54.99628448	82.1394577
Q80YC5	137.6831055	198.4026794	87.24643707	46.97950363	144.8577271	232.3101959	99.87801361	204.8846283	100.8107147	199.5345459	135.4997864	107.1059418
Q80YD1	62.74082184	122.6637573	169.826767	0	74.99340057	102.9546051	20.52600861	120.2687531	190.0404663	167.4074707	47.58197784	171.5830078
Q80YR5	49.63935471	75.60623932	0	94.45884705	98.78152466	210.8179779	184.4456482	178.7716827	104.0553131	186.5241241	37.57543945	166.1179657
Q80ZJ1	114.2753525	200.4842224	327.3727417	124.0819397	254.6373596	247.1379242	183.8469086	101.6251068	137.8246155	68.65678406	203.5215454	151.6627502
Q80ZK0	35.49935532	60.2874794	102.6916351	93.49552155	75.47992706	30.3739109	31.62224579	46.71529388	48.40024948	67.06195068	85.46237946	126.4882355
Q80ZM3	77.34609222	189.742569	224.0509644	146.0739746	263.1488647	86.77615356	162.603363	124.2049561	110.4445343	86.72629547	123.225708	97.64485168
Q80ZS3	175.7411041	175.696167	154.1165009	204.2713623	205.1373901	149.389679	193.9700165	151.3422546	131.8714447	215.5727844	176.2053375	184.0436554
Q810A3	0	0	0	124.9064713	79.23608398	135.6204987	152.2246399	49.87493896	143.792984	118.3109283	52.8465271	96.73178101
Q810A7	264.8810425	270.4692688	222.9314423	241.9824829	242.5074768	174.2780914	175.6089325	167.0399628	175.8833923	256.4677124	240.1889343	192.3727875
Q810B6	155.7168884	165.3577423	101.0609818	12.65165329	95.3266449	79.27006531	84.65874481	96.88988495	140.0330963	49.70452118	64.22546387	94.54466248
Q810D6	65.76470947	46.10700607	64.69785309	86.23009491	73.10507965	37.9646759	99.16825867	55.38101196	70.55452728	87.97155762	55.18374634	39.71901703
Q810J8	126.8447418	151.8590393	150.6716156	138.187439	163.2270355	120.7765198	134.493515	151.2385101	144.4065094	136.2670288	188.0854797	159.3473816
Q811D0	442.9950562	405.986969	398.6495972	448.8691406	534.6906128	399.0495605	384.3096008	491.5396423	431.0337524	387.326355	427.9889221	536.2440186
Q811S7	55.5184021	85.46549225	45.17613602	72.75105286	143.146637	114.0063553	97.65548706	144.6254883	126.478302	144.8785858	123.4126663	176.3532867
Q811U4	168.8764038	186.8118591	187.8845062	125.9317398	110.4955368	169.6592255	116.6710587	176.4707489	201.7588348	211.9104156	119.9313431	83.74077606
Q8BFP9	340.7460938	286.5806885	347.5984802	367.4599304	235.8695374	194.0870209	282.3960571	223.2937164	348.6661377	262.5227356	278.867157	272.3977051
Q8BFQ8	274.2982483	204.1036377	246.5477448	217.3488007	265.5871582	239.2789459	228.3812714	174.6471405	301.509491	228.9661865	229.3610535	263.146698
Q8BFR4	553.6174927	396.6784058	403.3791199	389.2231445	401.8421631	425.1434021	476.8571472	339.2704163	370.2925415	289.6495667	342.1903076	386.528656
Q8BFR5	8754.805664	9327.301758	8736.229492	8382.545898	6398.513184	7157.904785	6224.92627	9474.178711	7841.43457	8215.384766	8599.123047	7606.733398
Q8BFR6	39.48130035	73.21349335	58.98190689	43.32141113	28.94656563	158.9463043	31.89628792	75.92198944	83.22105408	103.3989868	37.8973465	76.8421402
Q8BFS6	340.806366	378.4486389	233.5495148	316.3422852	269.713623	253.1061401	257.4476624	273.4817505	277.2096863	464.7115479	367.0293579	337.3934937
Q8BFU3	194.3174438	110.3760452	154.4922333	146.6295166	109.209816	31.08641624	100.536171	53.30698395	170.7315369	0	95.80208588	167.6430817
Q8BFW7	289.0709534	439.1531982	297.6394653	235.7808533	183.4747772	236.5538635	248.7161713	325.1473389	347.5664673	387.8514099	229.5849457	281.0134888
Q8BFY6	696.892334	366.6878357	403.7073059	764.2119141	635.9029541	769.2332764	650.1893921	467.6783447	673.8908081	737.7554321	458.770813	432.6080017
Q8BFY9	221.2156067	276.4264221	293.303009	241.9550934	306.5293884	280.8844299	272.6639099	378.843811	293.3330994	281.7483521	330.7428284	340.3866272
Q8BFZ3	78340.96875	74044.625	83755.11719	65412.03125	49311.26563	51249.09766	69355.48438	48111.67969	56450.94922	44505.81641	45809.10938	42286.62891
Q8BFZ9	355.1323547	465.5659485	479.1207275	259.5698853	454.1019592	578.5120239	547.0282593	435.6252136	369.5606079	373.2452393	472.8138428	275.353241
Q8BG05	6907.633789	7272.675781	5669.533203	7346.58252	7101.783203	7316.375	7696.393555	7408.861816	7091.661621	7478.989746	7432.26123	8350.673828
Q8BG07	275.4015503	280.5092773	218.2193451	439.2620544	452.9828796	424.7082214	547.5078735	379.4006653	275.5771484	309.6324463	373.3121033	445.147644
Q8BG30	0	63.9742775	0	0	0	0	0	112.9501419	32.38161087	0	61.7337265	49.39126587
Q8BG32	1871.450439	1633.311035	1868.468994	1881.533325	1806.077881	1880.87915	1950.07605	1738.916626	2039.062378	1773.21167	1899.104004	1784.962158
Q8BG51	473.3696899	468.8051453	532.2069702	294.263855	412.9757385	500.8024292	427.3925476	637.2323608	463.7044983	482.4352722	522.2581787	362.6912537
Q8BG67	127.2411346	148.3950958	211.1794586	65.6218338	210.1193542	177.2004547	122.8758163	95.94384003	131.60466	156.7826996	289.032135	128.7541809
Q8BG73	178.9472504	83.44704437	165.9894257	255.0646362	345.930542	584.9046631	567.5512085	589.7936401	347.8675842	315.7530823	282.6662903	551.5216064
Q8BG81	14.49968147	24.32645226	76.89431	0	23.34511566	45.77718353	59.4321785	68.87462616	56.20479584	76.42963409	69.25473022	23.17613602
Q8BG94	74.96599579	76.93247986	103.1983185	135.7997131	111.0954514	87.04649353	80.92179108	155.5750122	91.33617401	89.38162231	123.5674438	73.46392059
Q8BGA8	1728.931152	1673.151367	1301.321167	1690.89209	1448.99231	1584.585938	1535.09729	1581.199585	1926.273315	1461.754395	1662.253784	1622.476318
Q8BGA9	548.9942017	531.8492432	232.9062653	264.087738	305.3600464	300.4604492	244.7196655	496.2087708	727.0255127	220.7414551	217.8444977	81.95308685
Q8BGB8	162.9198761	46.10459137	161.9595032	116.0507889	48.90064621	139.7198639	114.5996399	132.9259796	76.62030792	110.5181198	64.90351868	77.85344696
Q8BGC0	135.853363	166.7362976	166.8579559	59.93744659	0	53.69793701	16.53732681	53.7083168	62.93512344	72.32971191	0	96.57356262
Q8BGC4	812.6174927	1050.789551	975.0332031	859.635498	775.8982544	929.2755127	755.125	791.0681152	862.5030518	626.3488159	873.1470337	776.5125122
Q8BGD9	623.2869873	559.0222168	637.8439331	726.2541504	693.6340942	697.6566162	756.8844604	908.8358154	744.6962891	627.1908569	630.1795044	794.8026123
Q8BGE6	43.95358658	45.21360016	80.130867	45.70684814	0	0	31.96530533	40.3933754	57.26875305	52.67063141	20.38983917	17.68439102
Q8BGF6	13.62941265	16.33981323	0	0	40.43091965	0	0	44.48097992	132.5013123	0	0	0
Q8BGG9	114.0369263	70.36253357	55.77005005	95.09257507	276.1193848	83.26033783	202.8335114	155.589325	76.16015625	168.4493256	128.2651978	0
Q8BGH2	1043.28833	1132.584473	1265.195801	928.7210693	965.5610962	1011.903381	981.9715576	1003.765625	1022.222961	919.7459717	1278.012207	942.3033447
Q8BGI5	84.74472046	57.46110535	93.5887146	108.2363434	105.9063721	82.14637756	64.74234009	231.7006683	84.26957703	66.38894653	75.85406494	49.32316589
Q8BGL3	7246.055176	7453.883301	7827.904297	6905.197754	6951.995117	8336.082031	7808.299316	10054.98438	11326.30859	8095.049316	9923.759766	14145.31055
Q8BGQ7	1895.973999	1859.76355	1608.948608	1723.880981	1697.20105	1582.408325	1797.07251	1699.612427	1674.516846	1579.952271	1411.098389	1696.922241
Q8BGS1	201.1552887	113.2491302	395.0403137	307.7108154	180.4662323	159.8511963	222.7401886	183.80867	135.2738495	103.6571655	135.1769562	235.7127686
Q8BGS2	366.8602905	200.824707	173.6326904	286.3475952	61.42265701	227.0222321	286.6040955	273.7211304	236.8617859	370.223999	188.4728394	139.6360931
Q8BGS7	1869.16272	2363.446533	1735.350708	1616.125732	1815.103882	2168.033936	2028.872681	2249.624512	1879.468384	1552.421997	1902.753174	1531.199951
Q8BGT5	1554.02356	1634.468018	1148.240356	1536.504639	883.6098633	914.2434082	810.9502563	811.9128418	1192.354248	1184.476685	1148.781616	863.4482422
Q8BGU5	227.4715881	19.5350399	0	40.98690033	156.45578	158.132782	77.87216187	202.1676483	127.0266342	271.3469238	158.1642151	91.2891922
Q8BGV0	129.0454407	99.28942871	159.1479797	117.6604919	87.65362549	40.67385101	33.63086319	87.08490753	97.09265137	100.4900742	89.10952759	98.79748535
Q8BGW1	14.62180424	44.42238617	36.50468445	39.21520233	156.0261078	19.75004768	37.58808136	41.83414841	27.74056053	55.99977875	61.31163025	36.96376419
Q8BGX2	115.2391357	72.45768738	113.8167419	127.6912155	131.7498322	115.1675415	122.6870041	135.9768829	121.4387817	97.21804047	67.46417236	137.6300812
Q8BGY7	191.6166382	251.1231232	463.3604431	316.2359924	687.9046021	208.5269012	366.5804138	522.3775635	312.4095459	697.2473145	198.559021	225.3827972
Q8BH00	12612.71484	12206.29004	12101.78613	12867.09277	13330.2998	12833.99512	11745.74219	12744.62793	14711.77344	13914.95703	14001.21582	13477.19141
Q8BH04	80.21566772	89.75432587	266.1583252	116.0920563	143.7663422	138.6040192	148.6424866	139.8817291	107.7931976	36.69081879	44.79977798	73.42511749
Q8BH24	425.7070313	339.7973022	461.6642151	393.6939087	530.7740479	365.0126038	690.9932861	423.3620911	581.4364014	499.5516663	531.1383667	445.0766296
Q8BH35	138.2926483	113.8123779	59.04847336	103.9026108	31.51310349	137.9218597	116.486084	85.06881714	70.58106232	70.70172882	45.51063156	54.80501556
Q8BH43	124.9154358	94.39261627	150.0094147	87.59928131	118.4750595	147.831543	114.5735397	238.8765106	169.451828	117.7460251	225.4572296	153.4717407
Q8BH47	98.01491547	152.8490448	73.82056427	94.36443329	0	50.35757065	73.83874512	124.8800964	72.39226532	53.73408127	58.69454956	83.88744354
Q8BH57	77.03022003	28.33491707	60.8538475	118.2300034	100.4045029	28.96020508	87.55014038	47.75515366	128.8931885	30.23967361	112.7731934	130.1760254
Q8BH58	356.7987976	213.8224792	182.7058563	184.207489	215.8250885	234.5838928	168.643219	140.5398865	143.6533051	195.2939606	220.8126678	245.5291748
Q8BH59	3053.446045	2932.812988	2941.104492	2812.102295	2315.744385	2588.397217	2471.472656	2677.490723	2691.179199	2872.245605	2871.4646	2801.269531
Q8BH60	157.9442749	89.21385956	102.0843048	49.74764252	47.29005814	88.30667114	98.82288361	117.1723099	78.70809174	63.07716751	92.88411713	57.96189499
Q8BH64	189.7167969	254.7718048	321.4652405	220.8921814	89.4409256	126.6409607	103.3646698	149.6595001	163.0080109	73.15516663	215.1561127	386.76651
Q8BH69	413.96875	456.759613	538.9647827	572.1188354	463.3613586	688.5513306	628.2164307	386.3982544	565.2717285	439.0045471	393.1982117	539.1942139
Q8BH74	66.56278229	73.9217453	0	97.25865936	134.6438904	161.1217499	84.19737244	177.7147827	121.8689117	111.6160049	68.57028198	133.565567
Q8BH79	60.69305038	174.5526581	135.1534424	0	59.98772812	57.09651566	0	94.73051453	0	145.9187622	62.90998077	32.73577499
Q8BH86	946.6212158	741.0379639	928.7371216	716.9331665	955.5982666	734.5973511	715.3079834	944.9719238	1118.851929	779.3006592	901.3565063	873.7049561
Q8BH95	15864.12598	17194.42969	16907.33594	17078.68359	13043.09766	14186.93945	10482.65234	12190.12793	13818.35449	13525.27441	14669.10156	14327.34473
Q8BHA3	134.0391235	256.9610291	253.5759735	118.2423782	158.5574493	226.7389069	185.6034851	143.8939209	224.0346069	272.5003357	194.7438507	321.0523071
Q8BHC0	31.88958549	19.71624565	43.5670433	30.64775276	9.523194313	60.01883316	85.51410675	125.7492828	153.7759247	170.2493286	46.27393723	141.758194
Q8BHC4	275.0491028	381.1471863	312.3970947	251.1997681	344.1745911	208.4497223	287.8325195	353.7246094	326.1219482	281.4862976	322.0591125	225.7561646
Q8BHD7	1186.078613	1279.920898	1560.795044	1318.85083	1251.214966	1230.15918	1104.195679	1212.652588	1288.650269	1348.688354	872.8824463	993.0283813
Q8BHE8	381.0603638	407.117157	259.0550842	361.2174988	429.3904114	571.7527466	423.6064453	402.0193176	376.5800781	398.170166	470.7457886	310.4859314
Q8BHG1	100.3284149	131.6954498	130.8499298	134.4288483	172.0186462	136.491333	137.9360657	138.1812286	122.9488144	142.1609802	127.7870407	143.6376648
Q8BHG2	649.8692627	413.2694397	406.0999146	535.6243896	451.2901306	473.5700378	544.631897	476.2632751	646.4467163	479.3673096	518.7040405	475.7297668
Q8BHG3	1133.061646	706.8488159	783.2290039	1411.200562	1221.357788	1124.875244	920.4471436	728.3703613	1262.347656	1486.160278	1420.387207	607.7089844
Q8BHI7	234.8423615	32.46875381	252.4579468	285.0016479	466.1972961	497.6876221	409.2452087	407.8327637	580.2907715	652.6744385	521.5028687	354.760376
Q8BHL8	310.8249817	92.15865326	118.828476	192.6466522	135.257782	143.9888458	105.5786743	147.0602112	132.5873108	170.2112122	255.0213318	143.867569
Q8BHN1	115.0750732	80.75808716	86.01171112	69.98625183	74.99294281	67.23719025	94.6887207	58.85903931	102.2175446	90.60269928	112.5112076	49.30873108
Q8BHN3	2919.429443	3274.354004	3426.737549	3330.478271	3850.969482	3774.249512	4399.777344	4613.875	3656.678711	3427.020996	3801.871094	3812.53418
Q8BHS3	3.198982954	20.54840469	212.2022552	38.4509201	0	28.51566887	135.3471527	39.72220993	53.72157669	103.7647781	253.7302246	138.5799713
Q8BI08	797.0205078	645.2722778	604.9120483	639.6048584	994.5283813	319.7589111	723.71875	972.7130737	1081.74646	930.0368652	793.7944946	872.0006714
Q8BI72	162.6000214	197.4466553	184.0303955	296.2632141	133.4433289	129.5242004	179.1281738	181.9099579	175.4682159	193.9987335	186.183075	178.9711151
Q8BI84	604.2731934	558.8956299	654.1016235	648.9383545	677.5739746	674.4838257	798.7412109	847.0663452	682.6279907	676.954895	664.9403076	552.4907227
Q8BIG7	91.14621735	244.795639	48.74414063	82.68152618	305.3696594	246.2525024	282.3966675	381.8175049	160.0902863	188.4194031	330.6296692	223.625473
Q8BIJ6	838.2302856	1149.747192	1001.704346	737.2874146	717.4302368	889.3444214	890.9818726	899.3352661	953.152771	920.0844116	860.6918945	771.4959717
Q8BIJ7	74.84226227	66.06906128	88.99637604	22.62194633	43.22938919	137.7589569	114.280983	57.0172348	86.97144318	16.80046463	33.12695694	88.57855988
Q8BIP0	78.84671783	55.95797348	99.06465149	110.8334274	138.5465851	63.41410446	100.7401047	89.87607574	112.5653839	0	37.76167297	119.73983
Q8BIQ5	194.2333984	155.3748474	259.9717102	177.6730804	142.1230469	174.5704346	200.7942963	185.1183167	222.407547	124.6195068	130.876297	198.316452
Q8BIW1	141.0954895	82.3378067	133.2847137	116.4721985	186.4800873	186.1217804	122.0064316	149.8350525	171.3329163	72.36840057	102.9292679	104.9899673
Q8BJ64	5102.863281	5167.009277	5814.523438	4687.632813	4564.047852	3951.918213	4485.378906	3505.599609	3446.177734	4028.339844	4222.607422	3739.532227
Q8BJ71	164.7988586	109.2183151	168.400177	119.6547012	160.4050446	141.1511536	142.7935944	114.2991791	179.6829681	149.5570068	137.29953	142.3079376
Q8BJS4	111.7964783	126.4630508	84.41750336	107.0591583	124.207489	135.3517609	109.540451	117.5402603	107.0723648	101.1884689	132.6447296	125.3956604
Q8BJU0	405.3645935	410.8875122	275.6830444	302.0296631	358.8618469	392.8207092	492.4907837	320.9917297	272.8364868	394.4432678	392.0014648	258.5865784
Q8BJW6	439.5209045	445.0914917	372.0643005	349.9216309	395.1521301	365.4541931	330.4880066	435.0827942	463.2901306	380.2171631	325.1390381	366.6993713
Q8BJY1	605.3704834	484.8644714	609.1005249	530.0752563	526.3046875	599.2377319	653.8632813	581.5586548	576.2156372	556.7651978	501.4204712	517.6820068
Q8BJZ4	95.55136108	63.27177048	153.0574188	76.10579681	110.7490692	99.64220428	51.40486145	76.36231232	99.00482178	93.35124207	111.6228485	46.70503998
Q8BK03	152.9116669	113.1702042	232.8230743	101.4561157	130.7186432	176.0646057	165.0960388	125.2797165	182.6332245	183.2175293	219.2572174	182.9525146
Q8BK08	195.3788605	142.2612762	148.9814606	174.4039612	186.6664581	197.681076	191.4846344	209.1296234	129.5039978	179.3397675	197.352478	212.9694061
Q8BK30	424.1097412	972.3297729	333.3599548	847.3850098	384.2496643	570.7404175	737.4002075	513.7994385	404.0865479	962.4684448	822.7305298	705.2644653
Q8BK48	10715.76563	11322.76465	14564.96094	11704.87891	13840.86914	14260.60547	14582.54785	15598.69922	16956.10742	13875.36719	12920.93652	11457.55664
Q8BK63	130.1324615	202.6004333	153.0968628	174.5666504	150.1710358	151.3610229	123.1501465	279.5387878	203.7510834	144.1787567	232.5175171	192.1074219
Q8BK64	760.4259644	708.0292358	650.1315308	657.3963013	842.9310303	819.3599243	826.602356	764.083313	686.4922485	695.9718628	644.0477295	881.5023804
Q8BK67	82.55273438	130.6272888	149.6447144	91.79893494	128.5027313	167.6954346	102.0179214	149.8718567	100.4769363	75.10710907	98.98942566	100.6009598
Q8BK72	560.1859741	426.9989624	534.8143921	482.224823	281.0913696	298.9632874	297.6641541	315.9098206	345.4197388	380.5514526	444.6700134	343.7795105
Q8BKC5	52.69519043	96.00589752	93.83968353	63.6398468	82.30614471	99.54650116	124.3689423	94.96315002	55.07268524	74.22258759	71.16146088	95.3527298
Q8BKF1	7.524113655	231.5880585	416.3891296	171.8537598	16.04278374	177.4190369	178.1349487	211.5544281	0	110.8600388	0	12.49698448
Q8BKT7	70.09791565	48.97911835	51.9107132	0	32.80477905	83.51436615	73.23361206	52.71351242	43.98651505	66.19426727	54.11427307	47.38563156
Q8BKX1	269.5537415	137.1708679	169.2307281	93.37906647	175.0585785	167.2593536	169.660675	122.0170898	177.0795288	153.7164764	162.0694122	144.8733673
Q8BKZ9	751.4769287	813.3502197	927.6088257	591.8861694	511.4595337	540.6333618	553.2950439	616.817749	697.6743774	681.7571411	713.3306885	725.1852417
Q8BL66	337.730011	329.1789246	333.0174561	372.782135	342.6215515	382.4257507	344.6354065	326.4084167	367.3551941	345.4561157	258.7285461	314.2872314
Q8BL97	873.4909668	867.7365723	560.6524658	570.7684326	756.9267578	1059.758179	994.8783569	773.3810425	607.9840088	1007.075012	978.7353516	656.3551636
Q8BLF1	269.2144165	302.0892029	320.9172363	194.9943085	259.0403748	227.3868866	279.4113159	259.3052063	198.9288025	208.2413025	194.5594025	218.3276062
Q8BLN5	392.2086792	335.0856323	452.6970825	268.5994568	81.30197906	77.0853653	62.92028427	150.5700531	69.76535797	105.5294189	105.9597473	163.738739
Q8BLY2	177.4649353	435.1647339	559.730957	466.2995605	401.7039795	315.1118774	357.3154907	559.2357788	684.8198242	413.0704041	507.8956299	394.4815369
Q8BM55	389.3152771	403.5919189	396.1219482	380.2200623	351.8644409	529.4251099	404.6130066	309.0255127	386.7450562	348.6999817	324.7790833	533.305481
Q8BM72	391.0416565	255.6729126	381.9369812	323.2780457	391.3740845	385.689209	371.1766663	358.6802979	436.6920471	291.0364685	244.0223541	353.6259155
Q8BMA6	180.9687805	213.7181091	332.6694336	225.2480469	273.1276855	253.7217712	253.3995209	266.2523499	324.6631775	271.8609009	181.1720123	271.8347778
Q8BMB3	173.8766022	203.2216797	77.12041473	46.05096817	138.6579895	196.7669067	207.3820801	114.8552933	146.7295685	58.33176422	63.17718887	160.971344
Q8BMF4	4664.254883	4625.360352	4966.538086	4401.300293	3562.412842	3133.067871	3377.93335	3386.512939	3322.573975	3106.18335	3560.52417	3923.22583
Q8BMG7	105.2809601	55.91327667	89.26195526	82.20738983	81.48726654	116.5235519	35.37324905	84.89044952	64.20828247	78.31327057	97.90493774	28.47673988
Q8BMG8	0	91.36659241	67.26281738	162.1061401	5.233918667	16.48521614	18.15218353	128.4826355	25.86044884	0	0	53.46065903
Q8BMJ2	587.5780029	637.336792	648.4525146	598.3266602	647.7561646	559.6208496	750.9750366	720.6094971	661.8791504	573.7315063	512.7755737	562.3171387
Q8BMJ3	61.63515854	106.9473343	132.6616974	90.13227844	134.8829193	151.8027496	161.8210907	128.335556	167.4432068	170.5019836	212.1922455	191.5410156
Q8BMK4	107.8694916	127.159111	111.3721313	99.0827179	101.5832214	148.1638031	169.1338501	76.38715363	175.9560547	93.48727417	71.02083588	61.92892456
Q8BML9	821.4901733	790.7780762	777.3175659	757.668457	833.8795776	763.7055664	823.3694458	805.8598633	810.9398804	785.2490845	657.4203491	807.0360107
Q8BMP6	315.2103271	336.1860352	376.8241272	302.0455322	503.7068787	362.9717712	434.5585632	361.884491	336.8690491	361.2363586	397.9118958	399.9376221
Q8BMS1	27603.92773	24372.84961	29991.24023	25548.51953	25810.87891	27325.33008	26153.25586	28216.19531	24616.39453	27032.6582	28719.51172	25625.80469
Q8BMS4	762.600708	807.2649536	917.6804199	901.8753662	668.5651855	585.1906738	471.3846741	515.0080566	1014.156555	542.5650024	522.0471802	673.0866089
Q8BMZ5	137.710434	219.9512634	172.0540161	175.7530823	65.71914673	156.9406281	143.2245178	105.363472	32.74578476	57.66798401	62.02804947	104.2820892
Q8BND5	391.4306641	440.0403137	513.8028564	308.8607483	379.7368164	407.8796997	362.1373901	332.0902405	247.1097717	310.2348328	286.0093384	371.246582
Q8BNI4	324.0258789	378.4501648	275.3445129	335.8997803	399.9636536	521.8664551	291.4803162	392.1420593	425.9787903	319.9793701	325.9607239	363.0458984
Q8BNX1	114.1732788	85.0376358	58.83321762	43.25482941	97.37045288	96.58009338	85.26591492	128.3251495	46.68498993	114.7483368	110.2715683	116.7208252
Q8BP40	659.9818115	748.0935669	644.3895264	729.9418945	581.795166	566.0352173	667.840332	501.1862488	743.0733643	636.0307007	671.5567017	720.5698853
Q8BP47	2293.733154	2400.270264	1965.145996	2356.942139	2899.607422	2464.307373	3256.173584	2192.0979	2161.415771	2244.554199	1991.942871	2104.327637
Q8BP48	122.223587	218.5149689	316.3052979	93.28414917	144.7625885	68.07227325	94.92469025	157.0359497	118.0754395	125.3103485	78.21312714	131.3322296
Q8BP56	179.4920349	190.0968323	190.125412	173.3699493	295.1586914	267.4302368	281.521698	254.5860138	192.6235504	255.7797852	215.828476	236.8375397
Q8BP67	10967.875	10179.69434	10352.69824	9076.541016	11348.90723	9856.442383	10085.08887	11458.91699	10726.21777	10977.98242	9880.710938	10798.73926
Q8BP92	176.270401	90.1944046	221.5703735	145.4369965	151.171402	155.1543732	124.3529816	144.0128174	182.7560272	247.019455	115.8298187	157.5251312
Q8BPE4	164.4306946	109.7116928	153.0910492	166.7358551	105.9243088	164.8173981	128.8201904	110.4866867	87.10725403	85.00658417	73.47968292	106.9572144
Q8BPG6	75.09988403	103.835289	88.35426331	66.0317688	159.9853516	79.76257324	118.907486	87.71593475	79.79154968	114.8466873	66.38523865	54.74661255
Q8BPM0	0	34.25217819	0	56.59235001	0	24.72708893	29.70301056	0	45.01411057	188.779068	62.6067543	56.17384338
Q8BPT6	462.6593628	217.324234	139.5159912	214.563385	131.04599	179.9364166	157.1726074	128.9407806	177.2577515	206.4872589	62.19238281	149.4274597
Q8BQ47	15.57209396	91.75574493	0	0	133.5218964	93.85491943	68.38031769	186.6066437	36.57685089	0	103.7073212	88.0362854
Q8BR90	76.71783447	58.04535294	122.6473312	26.30357552	0	32.25181198	41.29296494	142.6102295	40.60583115	35.42383194	44.42335129	65.41833496
Q8BRF7	338.0020447	257.6236877	317.1329346	249.2322998	392.7550354	333.8824768	387.6027222	493.3656921	344.1602783	356.8438416	329.2581787	409.8278503
Q8BRH0	170.1190033	176.9647217	281.9753723	147.0221405	94.8314209	155.6142883	138.5448303	135.4203644	119.0888367	109.6599731	145.6588593	131.8393707
Q8BRK8	128.9960632	206.1367035	170.7721405	234.9993591	171.0913696	172.3627319	176.7398376	239.8001709	217.8166809	217.3284302	177.3605499	202.8246002
Q8BRV5	35.29122162	46.64084625	30.40291977	66.32218933	0	38.08345032	94.48901367	83.68868256	74.41435242	128.9203796	86.51599884	95.33591461
Q8BSE0	831.9349365	866.5335083	624.196228	771.833252	736.9141235	808.4700317	807.347229	1054.341309	1268.031494	1151.203491	1042.047363	1008.761658
Q8BSF4	150.3943329	155.7840881	170.2415161	143.48172	183.6012268	218.2642517	172.4500122	167.7010345	128.2575836	116.0620346	156.4387665	83.24200439
Q8BSQ9	770.4210205	827.364563	659.0769043	721.5859985	450.1333008	473.8371277	497.4542236	434.5737915	579.970459	464.8630371	540.56073	258.3022156
Q8BSY0	749.0033569	840.394165	955.3521729	725.1950073	852.8304443	932.137146	854.5872803	824.4379883	830.4072876	818.8499146	783.9848022	831.489502
Q8BT51	0	19.64912605	0	86.88378143	43.00466537	29.73220444	0	56.51272583	0	30.73954582	92.17383575	0
Q8BT60	1251.345093	988.0498657	1315.547119	1212.092407	1180.073853	1077.871826	1363.925537	1174.924194	1323.064819	1037.430298	1361.10022	1224.646851
Q8BTH8;Q8BVP5;Q8C4X2	131.135437	131.9868317	117.4949646	97.79171753	32.31654358	144.4168549	136.696167	119.058754	125.5537491	146.8037567	139.2020264	123.4040604
Q8BTI8	43.28776932	185.5766602	0	42.4158287	26.61382484	97.15664673	0	13.56653786	57.60330582	55.36947632	36.91221619	19.23083687
Q8BTJ4	240.2262726	301.9923401	398.6694336	278.6618042	210.9153748	255.6172943	252.2389679	166.8791809	239.6379852	91.96827698	117.8506393	197.0335693
Q8BTM8	563.4505005	1178.829834	722.2103882	555.78302	593.5774536	614.1759033	690.9689331	663.1288452	516.9158936	558.6692505	557.5501099	641.6827393
Q8BTS4	202.9409027	213.4725952	190.0046997	179.5755005	192.4859009	180.8000336	197.0735931	194.1468658	152.3804779	201.172287	200.7714996	150.4120636
Q8BTV2	205.4274597	113.43116	226.7686157	114.9828568	206.030899	151.0261383	114.2783508	176.9169312	124.4068604	83.384552	104.8667984	161.6777954
Q8BTW3	61.80609512	47.83636856	46.36303711	26.62280273	61.48257828	32.85834885	18.99471855	61.28355408	52.4791069	74.42964935	97.19060516	58.87841034
Q8BTY1	1946.142944	2078.122314	1860.341797	2032.026611	2180.327148	2397.889893	2024.570557	2022.614502	2214.310303	2291.17627	2167.883301	2394.789307
Q8BTY8	62.09132385	146.0717468	192.2618103	85.31968689	120.5681686	154.5541534	127.6430511	88.01355743	120.0405502	108.9735336	104.9241714	75.59290314
Q8BTZ5	119.8692017	103.013649	65.98010254	0	214.4565887	140.3046417	212.9748535	157.2570648	77.03981018	110.6364136	67.08847809	83.81699371
Q8BTZ7	548.8201904	456.0887756	416.8091431	483.5432739	484.6640015	521.8639526	480.4723511	538.513916	502.1496277	570.4785767	440.2496948	555.4692383
Q8BU11	35.13280869	80.2307663	77.01802063	77.45214844	0	54.77458191	78.57322693	0	69.60273743	0	0	66.78292847
Q8BU14	266.0045776	209.5087433	221.294632	163.0725555	40.02579498	251.3214111	276.0059509	99.28971863	148.8552399	62.31314087	213.627121	95.37757111
Q8BU30	678.3748169	744.0109253	904.2528687	769.7434082	974.2419434	863.6837158	884.1774292	892.781189	758.8724976	695.6142578	738.6501465	757.7161865
Q8BU33	292.942627	231.0625458	302.6276855	185.5250702	289.6115112	206.303009	235.5694122	251.7265778	222.5362244	158.7714233	270.3957214	148.4344025
Q8BU88	288.1210327	194.1941223	351.5658264	184.7588501	91.33456421	227.2794342	254.4541626	150.2588654	199.9866791	242.7510681	243.2095184	248.0713196
Q8BUE4	59.01955414	93.43657684	58.491436	121.8440323	115.3375702	126.7367249	104.1759033	112.5223389	83.20738983	63.75040054	124.1534729	99.66735077
Q8BUK6	93.35105133	131.9021759	117.9143295	105.2905121	134.3908386	165.2472687	130.214325	147.1110077	134.4102783	104.9959869	147.4267731	134.2269287
Q8BUV3	1168.274048	941.5107422	921.3438721	1065.050903	1019.706543	1148.20752	999.1622925	1037.448853	1176.858643	1155.873413	912.0200195	980.9647827
Q8BUY5	152.3520203	189.5076141	238.475708	135.2814026	107.3225327	171.8834991	178.8381195	98.93309021	163.086319	292.5584106	136.5891724	177.2589874
Q8BUY9	17.22158623	68.71801758	21.80266571	46.50605011	140.7750092	47.81867981	99.13172913	0	0	34.99129105	18.18974686	0
Q8BVA5	168.6139221	146.6325836	182.4180603	239.8956604	220.4494476	123.0257568	226.4881439	141.1965942	138.9232025	129.2485199	205.1754761	201.6716766
Q8BVE3	388.7821045	353.6769714	355.743042	366.6217957	292.5432434	360.7794189	385.9084778	344.2285461	291.6279907	322.2278137	273.6368103	207.2950134
Q8BVG4	0	181.2297974	0	0	150.7129364	67.17604828	0	166.1310577	65.51216125	292.9966431	0	260.3844299
Q8BVI4	11394.0166	10883.37402	10532.19629	11555.55371	9660.591797	9008.919922	7073.856934	7847.788086	10124.35645	11106.83496	10403.88184	9954.755859
Q8BVI5	108.6933212	66.93527985	94.49763489	125.3613739	133.1699677	119.4617767	89.70835114	103.6221085	117.5361099	112.2776489	46.86040115	50.26406479
Q8BVQ5	71.39608765	163.2683105	55.09871674	80.90188599	78.95539093	166.7965851	132.3524475	96.46861267	148.8726654	111.9813538	108.9841843	105.4958725
Q8BVU5	125.1312027	163.9429169	344.0701904	206.2415771	269.8059998	335.4611206	666.7463989	373.3666382	360.5925293	261.8200378	268.3986816	349.8880005
Q8BVW0	33.82823563	0	53.97145462	130.7989197	43.52916718	29.77266884	36.03765869	61.75030518	29.32354355	0	119.90905	57.45318985
Q8BVZ1	114.9103394	140.6805878	89.18003845	113.0744705	128.8862152	76.63658905	134.5840759	105.7328491	92.68185425	109.4173203	43.13842392	71.07598114
Q8BW75	4928.503418	6024.861816	7242.432129	5363.57666	4382.011719	3683.269043	3863.747559	4352.855957	4866.787109	4371.442383	5249.663574	4058.57373
Q8BWF0	3097.185547	2756.690186	2906.486328	3229.796387	2929.9375	2774.423584	2870.202148	2443.374023	2663.054688	2713.268799	2775.803223	2571.777588
Q8BWG8	79.04458618	167.432312	172.5186615	61.57913208	87.95543671	118.322258	147.2712402	64.44869995	75.86418915	151.6236267	221.0461884	209.6902771
Q8BWJ3	0	33.71531677	42.66001129	51.35239792	22.91182899	72.49427032	17.115839	82.13724518	51.85273743	105.1304245	77.78996277	88.20290375
Q8BWM0	721.4319458	650.6766968	689.8002319	746.4336548	504.9057617	468.6329956	495.2333984	521.6685791	621.5981445	619.0463257	595.4962769	517.8494263
Q8BWN8	251.392334	221.2612305	391.0621033	307.9000549	420.1300354	435.2878723	732.5616455	425.4842224	440.967041	261.8285217	415.5675659	195.309494
Q8BWP5	2194.720703	2498.359863	2594.208252	2570.737549	2243.225342	2513.176514	2550.117188	2516.85376	2681.4375	2135.359131	2566.257813	1895.5354
Q8BWP8	90.64267731	17.18373871	128.2407532	16.78211021	92.11883545	25.94165611	45.46710205	66.3509903	109.3874969	67.88375092	47.49438477	111.5807343
Q8BWQ1	7045.887207	7425.179199	7835.592773	7008.933105	7245.355469	7757.916992	7283.89502	10143.46094	9944.487305	8154.409668	9341.5625	8912.935547
Q8BWQ6	168.0051575	317.2989807	389.2048645	213.6502075	113.2370911	352.0076599	251.164856	316.5184631	319.5158386	179.1863556	313.5901489	154.8134918
Q8BWR2	54.53443146	59.14912033	127.6633835	91.3928833	73.53544617	56.67350769	60.60528564	54.80854797	48.38452911	46.25482559	99.60655975	115.2088928
Q8BWT1	76831.05469	66582.07031	54262.19531	68112.49219	44479.49219	59794.14844	45206.86328	73663.14844	92685.625	76177.45313	71618.28906	65108.82813
Q8BWU5	83.91223907	113.4957352	201.284256	91.24584198	85.30826569	149.8776855	91.20848846	63.2402916	114.2222595	58.28197861	120.517067	129.63797
Q8BWU8	1035.760132	1218.507446	1179.314819	1122.391113	616.973999	329.7328491	465.2897949	382.7443542	497.9640503	597.5084839	647.3449097	453.8180237
Q8BWW4	159.5586243	99.10318756	154.0422821	168.5911255	166.651413	174.3119965	214.6362457	229.6850739	151.5325165	171.8306122	108.7379303	131.7390289
Q8BWY3	537.3273926	550.9040527	657.3448486	454.67276	564.2733154	625.1269531	550.696167	530.1641846	537.7335815	495.1625366	491.2730408	591.9351807
Q8BWZ3	98.81520081	114.6406784	103.8154678	107.9119949	107.7249985	65.77138519	52.88600159	100.9741821	132.7362213	110.1265488	133.5436554	113.3188019
Q8BX02	132.5235138	263.8508301	249.7787323	120.1109009	105.0262222	114.8936386	92.88072205	154.0823212	102.208107	87.08719635	110.4044342	83.81163025
Q8BX10	153.7952881	181.47229	147.0729065	87.97685242	213.9843292	146.0061798	97.09170532	156.3999176	346.2685242	198.9715424	147.2225494	163.3262177
Q8BX70	145.8382263	185.6497192	216.6981201	158.2272186	138.6867065	145.3990784	140.1482697	149.2492828	141.6329803	113.0610428	111.0652161	196.6886597
Q8BX90	187.6007385	196.4347992	146.2223969	139.3020935	191.2584686	163.5296478	191.4326019	186.3765717	164.8174896	195.127243	133.726944	162.7017059
Q8BXA1	52.6978302	55.44202042	93.55921173	88.68210602	95.91993713	87.76542664	192.8894653	94.43720245	46.70513153	66.9264679	66.56111908	83.13804626
Q8BXA5	66.20309448	43.0867691	148.4360199	30.67035675	31.01597404	22.62311745	92.01353455	113.5128708	63.37576294	46.35710526	40.8551712	91.66161346
Q8BXB6	144.8114014	55.10428238	94.91362762	91.7525177	0	66.87469482	20.31925583	99.51472473	80.93184662	51.78262711	61.4440155	46.43980408
Q8BXC6	200.8699951	339.7224121	167.1828918	201.6518402	282.0239868	284.7409973	243.3504639	343.8802795	258.0745239	238.0249481	271.5818481	400.0535889
Q8BXN7	155.9933014	53.85906982	161.8286285	76.30354309	0	48.63279724	54.20508957	23.5108757	115.4153595	31.55533218	67.9812088	43.2249794
Q8BXQ2	0	7.288855553	7.942680836	13.64988804	9.747341156	18.39986801	7.752398014	0	5.788214684	16.31451225	37.30503082	41.6098175
Q8BXZ1	118.7654114	195.2185059	123.0523224	137.2891235	103.2294159	125.3513336	116.4788437	148.8830109	135.2877502	21.71189308	107.6278687	103.0459518
Q8BY87	190.3932495	170.0247803	215.8762512	190.6546173	215.7375488	274.690979	242.1561737	245.2001343	199.249939	222.7135162	239.2919464	177.4045105
Q8BYA0	107.4563065	0	67.99017334	68.01163483	42.05195999	18.31221581	77.59047699	126.1091995	138.5398254	64.12356567	57.746418	77.94642639
Q8BYB9	75.87260437	238.7963257	149.9353943	75.43965912	128.4740295	114.0518494	132.809433	178.5302277	69.26849365	77.50782776	191.7688446	181.4207764
Q8BYC6	257.0878296	192.1185913	181.0952606	184.3271942	223.4347382	244.4333954	275.6536255	252.6446533	232.8900299	307.9325562	321.6163025	256.79776
Q8BYK6	209.6125031	116.6240768	105.5311356	130.9011993	133.4929657	201.809906	186.0535278	198.0502472	204.3201752	188.8804016	179.8315887	168.6796112
Q8BYL4	546.8781738	327.9176331	397.9147339	294.2825317	383.0437927	289.9477234	268.9824524	305.0061035	280.7816467	390.8086548	282.0047607	284.9389343
Q8BYM8	144.0434875	89.772995	93.78542328	43.47571182	76.71092987	76.12935638	47.71425247	90.27153015	113.8574905	52.97034836	20.0077877	53.995327
Q8BYU6	419.0722046	415.0493469	402.0554199	345.5728149	319.0184021	393.1994629	259.8169556	299.0279541	331.8470459	326.9888306	365.9514465	286.2365723
Q8BYZ7	58.11264801	77.27649689	68.89398193	121.2480927	54.07915878	74.150177	82.27748108	116.8970947	109.8012009	87.1203537	81.83924103	72.22079468
Q8BZ09	129.3170319	149.4463806	183.6672974	149.2811279	192.4343567	117.1900787	120.0352631	159.74823	213.4303131	169.3345184	187.5991058	165.129364
Q8BZ20	72.99562836	51.91573715	129.8019562	146.7749176	110.0408783	109.6416245	101.125145	106.2028427	126.2276459	74.74716187	72.18632507	139.0414886
Q8BZ98	0	124.4879837	126.2564163	83.22499847	29.91292572	132.7760468	40.83351517	135.3681488	77.98925018	34.0265274	123.0918655	82.8298645
Q8BZA9	56.58566666	98.53672028	54.05897903	56.50472641	85.97633362	75.34127045	94.40089417	84.13911438	101.9120255	117.1508331	59.19548035	101.3471527
Q8BZW8	208.9645233	216.5783691	270.5718689	284.7134705	212.6888428	151.4242859	259.9632263	253.0542908	176.2443848	164.9240265	189.3544769	356.7299805
Q8C025	688.036438	664.8445435	379.0320129	610.3047485	842.1069946	875.1602173	934.6663818	1155.765259	741.3292236	861.0712891	687.9575806	640.3457031
Q8C052	56.92958069	73.84317017	118.1902542	91.8066864	129.4710083	85.95020294	77.80065155	118.3799057	64.78816223	74.5724411	107.5550461	18.1229763
Q8C092	154.1136017	941.4923706	293.0584106	2050.662842	122.6131058	506.9193115	540.4103394	209.6869507	98.18219757	191.8812866	306.1370544	355.1705017
Q8C0C7	1107.855591	1110.843506	1261.218262	1067.798096	1089.837646	1090.96875	1068.836914	1141.359985	1243.757202	1093.499878	1024.562988	1093.841309
Q8C0D5	945.7966309	1506.24707	1310.799683	1054.463501	1350.985229	1122.939697	987.5641479	1591.518921	1231.835083	1110.613647	885.7976074	1008.582825
Q8C0E2	92.30151367	114.6772919	190.1108398	157.9515076	210.2784729	187.9734955	155.805542	214.1014404	213.8852386	220.4973145	134.8962555	149.030304
Q8C0I1	32.93319321	0	0	0	0	0	64.64097595	72.99397278	23.65545273	0	72.54988098	0
Q8C0J2	86.95963287	89.27424622	86.76930237	47.86021805	145.9178619	81.7330246	90.37521362	119.5543442	38.3028183	174.4571991	94.61119843	108.0817871
Q8C0K5	203.1579895	145.2055359	254.6778564	115.6113281	152.3998871	133.552063	98.62021637	256.5463562	142.759964	132.2270203	135.9796448	263.7378845
Q8C0L0	99.86534882	60.2194252	0	181.0782166	219.8422394	117.5676575	267.4278564	171.0840149	247.132019	155.3503571	294.9068909	126.5661163
Q8C0L8	109.717659	85.74530792	107.5662079	93.24014282	61.275177	106.7476273	35.745121	61.22703171	20.46487236	41.01018906	129.7685242	125.1595306
Q8C0L9	206.3303986	245.6591949	112.1162262	200.1074371	211.6499786	229.545517	164.6291046	166.5041199	182.6869659	252.2947998	115.1220856	277.743866
Q8C0M9	202.6458588	186.0213928	134.8500061	111.5414429	96.72156525	103.0931854	114.0736389	155.2689972	207.3917236	158.2091675	125.3265915	184.419281
Q8C0N2	0	47.49626541	12.62704277	62.28367996	116.3977432	83.61990356	116.1855164	223.3037109	0	167.6968536	87.67782593	0
Q8C0Z1	186.8052826	213.3263702	258.9379578	125.8991089	301.4608765	235.5214386	249.6935272	286.6430664	217.9295349	266.1309814	260.0905151	246.6011963
Q8C129	14.65872383	52.3120575	11.01924133	41.13505936	29.88607025	90.83424377	79.99652863	134.9819946	121.8158493	141.1374512	51.09485245	109.4832382
Q8C142	0	36.63947678	0	16.61925316	186.0358887	51.12157822	114.9745941	57.43993759	150.0192261	180.9177399	124.6126785	80.31990051
Q8C165	1171.999512	1333.435303	1274.110107	1178.965698	1209.686646	1114.33313	1238.790527	1225.737915	1266.331299	1182.509521	1128.800537	1052.889282
Q8C166	647.3354492	593.5686646	524.0853271	563.2632446	353.0861816	485.1282959	511.5178223	661.2686768	506.0387573	452.2729187	477.7406006	544.8837891
Q8C196	224637.2813	226271.7969	221468.6563	207229.3438	128289.375	124284.0859	103814.9531	135987.7031	159763.125	179766.625	193499.3438	164595.5781
Q8C1A5	225.986557	171.4011536	187.1339111	86.30370331	140.8575134	143.230545	141.4902191	212.5211487	216.5362854	151.7499695	101.5449066	142.4234619
Q8C1B7	533.3692627	380.0401306	424.7498474	321.8098145	398.4815979	375.0158691	403.6012573	435.2043152	462.5500488	402.8301086	353.0343018	316.5809937
Q8C1E7	120.0526047	85.71817017	144.7959442	65.94443512	78.35424042	161.7002258	124.3491592	113.3811569	66.56613159	28.88618851	107.301651	55.97722244
Q8C2E7	55.66117477	77.57210541	42.07735062	34.57556915	58.1106987	64.46878815	48.69186783	35.57592392	61.18751526	42.64136124	54.25834274	74.66725159
Q8C2Q3	73.81764221	78.90122986	134.094162	46.31522751	104.131691	66.53907013	95.23796844	111.1914749	166.4359283	12.48376369	87.46682739	87.42088318
Q8C3Q9	131.7007599	57.57248306	45.43886948	48.7454567	91.14926147	104.5080948	77.54547882	133.3826294	38.67341232	106.1353531	116.6403961	178.6569824
Q8C3X2	85.32828522	61.15602493	53.10799408	104.2134247	32.87900925	62.82255554	66.5302124	40.24597931	88.37498474	51.10872269	140.5861206	28.09737396
Q8C407	108.7019501	46.46978378	56.24095154	44.6524353	47.40090179	110.3434296	28.14861488	33.28630829	43.30036926	44.89924622	86.51846313	42.16124344
Q8C4B4	104.5110474	141.5896149	170.4030457	83.95529938	155.4229431	75.82637787	74.61601257	89.3441925	97.283638	89.52554321	113.9645538	163.4440613
Q8C547	28.8026638	49.74772263	87.85237122	92.36649323	28.11295319	74.32145691	45.86975479	78.00460052	37.88697433	18.7703228	29.1835022	34.38930893
Q8C570	129.5976563	107.1283112	98.682724	106.1070938	101.4066238	82.30936432	92.11008453	112.8113861	101.6608658	129.920929	106.3061829	111.6410217
Q8C5H8	2689.660889	2958.414551	3095.658203	2622.816406	2121.538086	2217.572998	2021.246704	2022.523682	2592.616211	2236.727539	2780.235596	2359.674316
Q8C5N3	98.00960541	68.50604248	28.15744781	50.58371353	108.4621429	40.21936798	49.32953262	0	72.15625	0	41.28218079	118.8071976
Q8C5Q4	147.3813782	171.6156616	164.2214508	157.4505157	252.3186188	155.1013336	172.8595734	135.1799011	144.4238129	161.4640503	90.15905762	160.5679932
Q8C5W0	227.4338684	173.702713	214.1574249	230.531311	208.5830078	236.1086731	303.9207458	204.2344513	227.0102692	257.2943115	219.7131195	157.1102295
Q8C5W3	876.8313599	802.46875	549.3739014	718.2203979	662.8753052	666.711731	705.8973389	528.057312	653.840271	672.3248901	500.7180786	462.1777649
Q8C650	180.7255859	214.3901672	224.3310547	260.699646	189.0739288	162.2691345	203.6345825	246.6453094	189.359375	236.7522888	209.4275665	313.9148865
Q8C6G8	146.0427704	206.9077759	197.0541534	161.6018829	79.26828003	124.3751984	110.3867722	84.98027039	125.3654709	96.1524353	46.23054504	69.99349213
Q8C6I2	223.9231262	189.2891846	234.0791626	178.5797577	186.4125519	214.9010315	234.7638245	260.4951172	244.8154602	178.5529022	126.6028595	98.77281189
Q8C729	81.42402649	54.89052582	0	169.3704376	117.7614594	66.527565	137.2341614	115.6892471	37.25878906	29.86705017	39.81549835	47.90918732
Q8C754	87.98561859	144.5238495	118.464325	27.55081177	146.2000732	47.52085114	51.92667007	45.75941086	64.73548126	40.61564636	123.1866989	122.4075699
Q8C7E7	207.0511017	281.1626282	249.6906586	201.8262482	170.2986603	168.8412781	187.7152405	533.1716309	262.0354614	226.6594849	268.5046387	158.5419006
Q8C7G5	254.5993958	264.7240295	236.8889008	257.1411133	244.7983246	205.2015533	275.5091858	412.1278992	189.019577	320.3607483	346.6356201	257.2047424
Q8C7H1	312.2148438	240.7088318	248.7081299	177.8836365	171.921814	152.304718	155.1136017	138.0816956	166.7733002	164.1877899	179.598938	124.6477051
Q8C7Q4;Q8VE92	33.11885071	39.64484406	0	8.264291763	48.5159874	24.77458382	30.59106445	12.20551491	18.78051376	20.90373993	10.56323051	55.95376205
Q8C7R4	27.85637665	92.53990173	98.18898773	156.6353455	61.2042923	56.830616	52.36103821	73.10202026	57.19136429	53.58905792	83.34946442	43.85273361
Q8C7X2	574.6866455	502.407959	689.1266479	557.3786011	782.12146	708.6593018	848.8713379	806.7981567	712.1970825	767.7388916	724.4073486	739.6920776
Q8C854	103.1800537	116.110527	98.32019806	86.1476059	127.1133575	109.2763062	80.31522369	157.9144897	196.8418121	151.406311	95.65652466	160.023468
Q8C863	34.86897659	33.71136475	60.66275406	52.32031631	76.89169312	56.86998367	38.47123718	53.71405029	52.89184189	68.95500183	43.26382828	68.43791962
Q8C878	96.81336975	161.7230072	106.361351	177.9020233	220.8543243	153.4060364	209.1503296	188.4295044	149.177597	137.6489716	168.1993561	151.8227844
Q8C9B9	89.48678589	18.04559898	37.41323471	73.52888489	0	53.13378906	29.24928474	40.23905182	51.8833313	21.97522354	124.9566956	59.2218399
Q8CAK1	160.6711426	166.1113434	206.5559082	163.3043976	143.8108673	161.7769928	179.4378204	120.176651	163.1944427	163.7182007	191.9306793	193.7406158
Q8CAK3	187.776825	275.7366943	134.0629883	167.3406982	202.4463196	160.342392	327.7094421	274.9638977	232.9687347	216.7098999	141.4415588	274.2772522
Q8CAQ8	3467.670898	3442.891113	3851.314453	3250.421387	3140.372314	3354.787109	3173.560791	3169.753174	3416.425781	3585.851074	3590.930664	3236.619873
Q8CAS9	163.125061	227.1341248	230.4403687	190.42836	201.7901001	244.5994415	302.4813538	295.1744385	208.873764	215.8506012	254.5853882	272.8779297
Q8CAY6	16309.29004	15944.00879	15023.30859	17826.07617	12260.71094	11550.00488	11485.49902	10140.3916	12332.28516	12881.60938	10124.44824	12987.54395
Q8CBE3	96.40113831	36.69730759	109.4700165	91.60618591	104.5584259	78.41944122	66.53327942	134.3887329	57.7983284	87.864151	78.71291351	78.62466431
Q8CBW3	121.0163498	147.674057	93.66016388	182.2228394	200.7132111	153.3911743	141.8484802	170.0156403	122.189949	136.4884796	152.1266022	197.9286346
Q8CBY8	81.58839417	114.1107788	94.09822845	152.8338318	135.6527557	100.0260544	111.5241547	89.95129395	130.1581421	131.0297241	66.20611572	92.8757782
Q8CC86	1074.147827	989.4190063	922.2149658	1178.851685	1168.263428	1298.226807	1255.315552	1224.882935	1269.39624	1225.954224	1304.255127	1292.319336
Q8CC88	10752.47852	9877.803711	11510.59082	10620.32422	11347.40527	12541.23242	11842.34863	12730.49707	11449.97266	11342.33984	12810.77734	10543.5166
Q8CCF0	112.1603012	96.77156067	106.5751953	76.36780548	83.68697357	99.53766632	163.5915833	184.8867645	103.2087021	77.97753906	147.7307892	146.6997833
Q8CCH2	281.2720642	179.5246429	293.2891541	196.3791504	326.8155518	347.4989929	354.000824	407.2386169	264.1239014	242.3685913	276.3360901	312.0135803
Q8CCJ3	455.1701355	514.8612671	487.7054138	393.7677612	481.1736755	523.6018066	483.0007019	507.5191956	520.7940674	509.2845459	416.9619141	439.3632813
Q8CCK0	115.2382507	118.6713943	62.93180084	115.6744461	57.0481987	113.647934	76.89878845	223.6605835	130.2181091	104.7969742	82.0710144	77.95819855
Q8CCM6	75.17208862	137.0045929	147.1137238	221.4925079	126.9756775	74.36862946	94.00541687	196.0667419	132.7574615	149.3969421	187.4446869	98.35946655
Q8CCN5	0	33.6353569	85.59508514	22.04805183	33.21881104	42.70698547	34.27867508	59.64986801	84.63742065	20.23580933	77.6439743	27.50370979
Q8CCP0	68.65930176	189.9959106	159.0935822	69.57993317	113.8998871	85.19422913	148.497757	170.9064789	243.8396606	107.3146133	131.3458252	180.03508
Q8CCS6	314.3039246	354.9316406	271.9295044	441.8910828	509.0009155	342.4752197	442.613739	445.0702515	374.2937622	450.7409973	412.8816833	539.2288208
Q8CDG3	113.1980591	137.6209412	181.0835724	148.216568	112.047142	125.9401245	110.8419266	98.81483459	103.8569183	106.2527237	77.9445343	57.12539673
Q8CDM8	86.16312408	65.75806427	23.36256409	91.31990051	57.00348663	128.187149	44.25396347	46.80926514	67.92042542	93.65116119	90.98210144	41.88901138
Q8CDN6	2146.89624	2058.888184	1686.108765	2499.125977	1810.569336	1673.590454	1692.838501	1520.195313	1707.345215	1510.682373	1941.706787	1549.110474
Q8CEE7	384.2918396	373.165802	763.5900269	202.6782227	122.4544601	284.0549622	141.8929901	464.6204529	392.6263123	166.7637787	558.1779785	179.7941437
Q8CEI1	253.410141	355.2461548	326.969635	158.859314	342.6151428	362.3498535	424.0033569	370.3399353	284.8246765	493.7394409	406.6725159	151.8133392
Q8CES0	0	0	0	0	0	0	0	102.1269836	0	0	0	54.05500793
Q8CF66	229.9925385	262.573822	281.4554749	250.4837189	350.5160217	156.407959	319.7269592	260.9807434	234.6408844	170.5929565	217.5019836	204.4456635
Q8CFA2	1794.247437	1647.506836	1760.654785	1887.573608	1154.347412	1114.69104	821.2241211	1081.06897	1576.768555	1609.171997	1492.94397	1005.325378
Q8CFE4	263.0139771	222.5305481	223.2530975	219.4027863	218.2371368	172.7287598	166.410202	201.3122253	198.015976	208.9509277	192.1767883	217.9446716
Q8CFI5	23.86644554	42.22068787	32.92495728	58.94432831	20.3807888	82.0165329	36.22506714	28.64614868	90.95717621	67.97521973	41.92566299	21.32863617
Q8CFI7	60.67927551	82.43118286	129.9658356	75.66046906	76.77641296	67.29019165	45.02122116	67.65345764	112.4591293	84.46305847	80.10507965	82.76707458
Q8CFJ7	80.83782196	80.15825653	71.09619904	71.22254944	73.51689148	60.69636536	79.47922516	129.3209229	115.819046	47.41085815	126.4969025	127.6121368
Q8CFV9	54.52314377	49.89025879	0	46.40563965	0	94.04440308	178.1005707	84.66831207	167.1045837	52.30072403	101.1172562	37.80839539
Q8CFX1	1446.607544	1767.642334	2019.081299	1705.609741	2054.605713	1892.878296	2397.524658	2182.46167	1705.631348	1575.697144	1863.015625	1750.863647
Q8CG14	103.0683212	69.86093903	65.24419403	89.6444397	109.0588989	182.2667847	57.6872139	88.02281189	116.3333969	73.12059021	62.90818405	126.9927292
Q8CG50	26.69079399	65.32214355	80.57715607	60.59585953	69.32457733	62.16004944	70.00675964	131.8773193	52.0374794	70.24754333	29.15833855	135.8669586
Q8CG72	324.8536072	370.5340576	310.7184753	329.7173462	320.3085938	350.3675842	396.3439941	325.8220215	373.5577698	356.1070251	368.0765686	417.7264404
Q8CG76	4186.543457	4903.249512	3761.06543	3644.240234	2934.38501	3619.874023	3496.302002	2564.209717	3667.122803	3163.418945	3351.649902	3356.495117
Q8CGA0	190.79599	196.6861115	161.2732849	272.7109985	295.2373657	218.0205994	266.5228271	191.2466125	262.234314	190.422821	201.9205017	223.1643524
Q8CGB6	205.1293182	169.2428741	115.5932617	88.55121613	149.2549133	110.5062256	86.25558472	160.3788757	181.9674835	145.7544708	128.085907	132.9160309
Q8CGC6	57.70840454	0	0	26.67903137	75.59622192	15.06576252	0	32.82822418	73.78627014	35.32952499	22.26791191	22.10927773
Q8CGC7	2657.152588	2433.031494	2192.665527	2469.684814	2162.349854	2375.37085	2323.0896	2307.037109	2631.248047	2478.682617	2135.79541	2683.580811
Q8CGF5	24.08174896	0	0	25.27202415	11.91679287	134.118454	153.9303436	223.7553711	0	0	0	62.02502441
Q8CGF7	264.3274231	196.3081818	265.5951538	259.3599854	240.4927063	228.6783447	276.9827271	214.8947449	178.8179016	308.258728	191.3980865	241.7396545
Q8CGK3	4073.865723	3728.328125	4000.064209	3789.785889	4386.02002	4475.439941	4083.032715	4167.048828	4069.828613	3982.106445	4401.941406	3963.015381
Q8CGU1	0	0	60.29268646	37.11797714	0	0	26.98083496	0	30.64224243	48.00120544	19.34765625	0
Q8CGY8	93.36828613	114.2843475	104.3368301	106.0628357	106.289299	128.5058441	138.0241699	177.6979065	110.7754898	129.5061798	131.2879639	85.25357056
Q8CGZ0	77.89611816	160.5649872	138.0362244	129.7716217	178.4324951	102.2414322	155.5536652	164.2168732	156.8063202	175.0972137	126.053627	155.2378387
Q8CH18	318.3605042	235.9973755	293.1475525	207.5709534	323.572052	304.980896	317.9923401	411.1898193	305.3923645	264.1548462	173.2422943	400.6300659
Q8CH25	67.40910339	136.5927887	0	170.5307312	57.82689285	270.6665039	152.8308105	0	181.3359833	0	151.6433716	130.6313324
Q8CHG3	140.8671112	0	187.3356628	34.4523201	100.5054169	59.38619614	82.5446701	81.96929169	64.69171906	81.43307495	33.11850739	37.2914505
Q8CHH9	116.570755	177.7481384	126.4161911	84.42063904	94.52326965	176.0724792	197.7349243	214.6027374	146.7241058	124.1807938	159.7062225	153.1730957
Q8CHP5	0	277.5033264	33.11577225	122.5666809	99.5866394	131.0128326	48.24554825	225.4919586	162.328476	0	54.09725189	122.7284088
Q8CHP8	445.8742676	347.0230408	381.9386292	593.2622681	528.8696289	456.8330078	433.0061646	408.0106201	450.3209534	342.9935608	265.8763428	449.0359192
Q8CHQ9	817.0669556	794.8064575	964.2539673	863.9609985	905.4887085	806.9049683	958.2036743	882.1637573	948.293396	832.0438843	1161.342773	946.5264282
Q8CHR6	4079.975098	4015.650391	3749.138428	3901.299316	2241.302979	2372.496826	1617.031982	1958.322388	3153.968994	3531.065186	3509.330322	2894.025635
Q8CHT0	14042.31152	15641.25488	13251.54492	13685.64355	10171.8457	8767.105469	8307.725586	8722.261719	10229.61816	10363.87695	12510.12109	10656.5166
Q8CHW4	253.7414398	276.0964355	319.6158142	214.0623322	237.8734283	304.7242737	229.5326538	287.1378174	397.7888489	278.6028442	384.3343506	306.8693237
Q8CI04	7.661568165	0	53.75868225	143.8067627	59.61359787	25.70853996	47.95423889	34.66304016	34.45415878	71.72690582	29.9855423	26.94240189
Q8CI32	119.7244492	107.7556229	68.50956726	126.235405	136.6521301	144.3105774	95.12690735	133.3529968	135.7538757	106.7150955	178.6436005	242.0668945
Q8CI33	123.7995987	147.0611572	127.5018311	101.5724258	93.38493347	98.53282166	64.16589355	80.00123596	105.9888611	51.00583267	81.09000397	97.42794037
Q8CI51	769.5582275	872.2437134	697.1699829	604.2114258	579.7074585	576.6906738	687.1984253	873.2298584	916.8530273	667.4688721	702.961792	807.706543
Q8CI59	282.0175476	319.3034973	139.5528412	171.4227142	213.1403503	223.539566	301.4230652	261.5488586	243.289093	175.9009857	219.9808197	139.6667786
Q8CI75	130.5673981	79.27863312	107.3984985	112.3729401	114.355896	118.8507462	56.11735535	149.9380341	145.9020844	77.26531219	108.3190613	129.9023895
Q8CI78	88.13809204	86.04834747	0	90.00933838	56.12807083	132.9786072	45.97529602	126.6001587	104.5406036	77.44683838	92.77373505	112.2193756
Q8CI94	65.78074646	86.34073639	64.14748383	41.89681625	106.6996918	102.0357513	90.5708847	90.93197632	72.932724	72.88311005	47.12559509	77.90755463
Q8CI95	120.4633255	221.0249634	251.4770203	155.8817444	92.30080414	93.94790649	221.7448425	121.3594055	93.92720795	94.76273346	26.15433121	84.98019409
Q8CIB5	430.9569702	489.2485046	389.6157532	401.4662476	475.4427795	477.9502258	556.1507568	495.1595154	386.1357117	509.4335632	450.4819641	535.2177734
Q8CIE6	1876.387817	1721.324829	1921.782227	1707.764526	2176.506592	2185.399902	2161.352783	2361.79541	2120.635254	1974.090332	1953.982666	1883.557129
Q8CIF4	536.5826416	664.2056274	593.6870728	518.2140503	767.8477173	759.2387085	891.8108521	668.8070679	694.5215454	776.3070679	681.8181152	737.9768066
Q8CIF6	110.3560562	47.71150589	88.40524292	89.19296265	112.5692825	106.6451035	65.9909668	111.2126465	132.0839844	84.06138611	94.95709991	66.92108917
Q8CIG8	125.2376556	136.2489777	174.4816284	141.0878906	92.51747894	204.7039795	196.4188995	151.9833984	178.6973419	113.0991745	108.825943	103.7468719
Q8CIH9	235.3253937	159.3499756	218.5668488	212.9329071	313.7677917	249.1736755	329.9925537	294.0267029	185.2171326	211.2956238	228.0565948	91.18019867
Q8CIM7	10926.42188	13343.43848	12257.51758	10188.4043	12008.48047	11714.08984	11917.40723	14009.82715	12343.75098	10193.64648	13259.99707	11308.18164
Q8CIN4	105.8753967	128.9394989	166.7077637	61.10733414	141.8901825	200.6456604	187.6653442	255.9701385	234.6614075	158.309021	130.554245	135.6367035
Q8CIV8	0	53.08154297	0	109.1501236	52.45936203	49.16159439	64.92090607	75.12047577	22.7586422	19.17863274	78.50748444	0
Q8CJ53	113.7659225	165.1832123	128.2657166	49.49446487	159.2264252	85.37252045	58.62799072	80.67449188	209.5980835	133.3347015	97.69048309	71.23421478
Q8CJG0	82.17066956	172.6188507	265.4677429	127.319809	81.55918884	139.8810272	100.7610397	117.9725342	136.8974304	75.29685974	152.1555176	60.3217926
Q8JZK9	501.3041992	279.4962463	478.1993103	343.9025879	157.0644379	120.6420517	158.2237701	99.32000732	84.99253845	97.41104889	113.1921616	49.39276886
Q8JZL3	268.3529968	274.2323608	274.4058228	191.1134644	222.02948	207.3284149	208.8344269	176.11203	220.6062012	205.9069824	233.633728	186.8309174
Q8JZM7	77.47402191	35.96604919	46.24980927	48.88435745	43.58879471	52.96749878	54.68466568	54.74596786	67.33389282	40.74058914	69.08247375	79.23796082
Q8JZN5	1171.955566	1181.239258	1584.997681	1185.15625	1132.807861	1121.189209	1060.643921	1135.668579	1299.03418	1199.7052	1214.98999	1028.296265
Q8JZN7	274.5299988	219.8338165	234.5496826	157.2813263	204.4345551	222.1441345	231.4890137	264.1687622	199.3559418	252.5145874	224.0529785	250.834549
Q8JZQ2	793.0192871	691.0801392	678.6932983	709.0567017	726.5385132	791.1223755	653.9115601	692.7189331	732.7567749	917.6304932	675.6912231	660.4039307
Q8JZQ9	825.5966797	871.5303955	972.4071655	849.5206909	1354.134399	1182.549438	1100.066895	1357.63562	1141.892578	1190.472778	1067.224731	1174.641846
Q8JZR0	6008.344727	5424.953613	6768.112305	4925.141113	6154.882324	5035.451172	5518.796387	5074.875	5404.432617	5797.184082	6470.141602	5387.977539
Q8JZS0	159.9745636	250.6500244	310.9089661	215.2019806	357.4429626	241.5969849	275.5534668	205.4081421	268.5923157	141.3322906	268.5931702	338.394043
Q8JZS9	77.5378952	53.89089203	44.24285889	117.5266266	21.8354454	74.24073029	28.1609211	59.0620842	10.53989601	94.38378906	13.85786438	0
Q8JZU2	2540.381104	3108.760986	2890.86084	2687.583984	2332.053223	2433.478271	1971.534302	2210.964844	2837.833008	2590.003174	2269.905029	2324.814209
Q8JZV7	292.0025635	315.1756897	387.0975342	248.6935272	208.146286	193.0522614	233.4623718	176.744812	306.337677	276.5102844	211.3481903	218.9105225
Q8JZV9	143.1091766	137.6308899	173.9217224	90.10743713	106.8198242	77.71073151	34.53351974	77.69872284	109.7609024	118.6409454	100.2422562	76.30138397
Q8JZX4	26.3181076	141.9477539	240.5179901	199.2155304	58.31121826	81.20044708	53.64614868	116.0424271	49.78802109	87.38056946	5.941169739	131.5089874
Q8JZY2	321.9938965	292.5146179	0	211.4594116	191.9912262	125.5672073	182.1594543	57.55401611	71.68105316	208.3599396	0	170.9897461
Q8JZZ0	2944.185547	3202.639893	3343.731445	2734.255127	3477.236328	3833.458252	3688.915771	4792.567383	3247.670166	2567.665039	3115.398682	2886.981201
Q8JZZ7	199.6100769	0	78.52171326	132.5958862	119.5222015	133.9165039	77.13916016	53.6409111	0	70.70002747	35.09654999	76.34122467
Q8K010	1792.505981	1649.710205	1561.523315	1817.277832	2005.51001	2056.858643	1865.337646	1820.807739	1837.377319	1705.470459	1591.210327	1649.234131
Q8K021	20.99676895	53.5483284	22.33697319	33.57633972	18.05063438	14.66736221	27.53544807	36.15814972	80.42292023	40.8781662	31.39376259	7.149083614
Q8K0C4	629.1396484	535.8892822	624.0196533	462.364502	179.2646179	167.1734161	184.0485077	112.7617264	91.91091156	115.4997406	136.548584	74.12013245
Q8K0C5	0	0	386.6490173	0	0	0	31.08153343	3.324546099	0	0	0	0
Q8K0D5	1755.462402	1420.464844	1571.406494	1489.144531	1181.186646	1432.647705	1241.976929	1197.170532	1230.566895	1220.879639	1278.200439	1182.21936
Q8K0E8	1148.668213	1348.346802	1633.361206	1367.110962	1652.330566	1324.922974	1758.635498	1365.082397	1318.663452	1632.537109	1151.868408	1519.441528
Q8K0G5	61.36753464	162.8827972	94.46730804	0	107.103508	88.50037384	230.3175201	85.90712738	134.2132111	136.8493652	127.2823181	83.8017807
Q8K0G8	156.2171783	117.0595856	166.0542297	218.3124237	164.6999664	133.9311981	113.0362015	144.9629517	153.5107117	60.74360275	102.8210602	219.2784119
Q8K0L9	122.7945709	98.71026611	115.1524048	95.78525543	164.4315338	126.0114899	85.12718964	116.2792892	75.91946411	65.77560425	119.5983276	122.7900238
Q8K0P3	40.08462906	64.74885559	37.11670685	77.77510834	25.02502632	64.63389587	35.70845032	45.50563431	61.43404007	35.5552597	18.72218132	30.0970459
Q8K0R6	171.3308716	137.3806152	196.3310852	230.3299408	207.0756378	111.1161957	238.4142761	257.0747375	208.6772614	154.8991241	318.9830627	190.992981
Q8K0V4	138.3933716	103.8202057	135.1812134	80.6088562	81.44256592	108.3728943	108.736557	56.60824966	86.47550201	115.5226974	52.22893524	109.5215225
Q8K0Z7	409.5059509	441.3647766	479.9979248	443.7891541	334.4447632	280.2336426	220.4550629	238.0228882	467.3563232	263.4579468	352.4819946	317.5502319
Q8K157	5912.654297	5103.980957	4881.128906	4726.76123	5603.308105	5502.581543	5206.291016	5959.208984	5482.668457	5177.541016	5012.232422	5840.614258
Q8K182	248.5450897	211.1375885	265.7698364	153.4557648	270.3190002	255.2526703	347.6758423	270.6408386	167.6697998	106.7589874	118.3162842	297.0370178
Q8K183	1318.784668	1044.451538	1059.044678	1128.415283	971.527832	1006.520386	1188.872925	1112.237793	1239.806763	819.9697876	815.7327881	1095.361572
Q8K1B8	150.8440094	275.0484314	135.9074249	177.546402	102.013031	150.1138611	253.9114685	122.105545	207.4876251	126.6059341	126.9551849	45.94283295
Q8K1E0	2233.135742	2091.277832	2456.57959	2259.557373	3091.064209	2116.62793	2388.154297	3860.846924	3261.299316	2272.493164	3181.293945	2418.139648
Q8K1E6	80.72930908	82.74253845	53.97494888	143.3698425	97.42128754	117.0495605	91.54956818	112.8953934	118.9904022	98.57240295	117.6868515	86.21497345
Q8K1J6	216.9979553	246.4506378	281.9798889	180.6237335	193.3671722	204.7703247	169.4870148	234.0483551	140.9454346	259.7733765	229.9613342	229.6007233
Q8K1M6	762.0899048	669.6685181	631.8741455	643.2078247	689.0980835	612.5964966	613.8173828	573.5013428	669.5751953	674.8580933	640.7975464	554.8980713
Q8K1N1	113.5783691	87.99869537	90.38323212	63.80591965	92.43173981	90.3799057	72.35505676	59.85282516	83.51187134	53.31206894	129.0321198	87.96367645
Q8K1N2	54.59396362	72.47823334	43.25131989	131.3527069	88.84243774	72.26399231	180.964447	121.3795395	82.7759552	89.25505829	84.10187531	97.59781647
Q8K1R3	369.3031616	333.6639709	582.5244751	425.3330383	293.3026428	301.5945129	291.1342773	352.2778625	381.7276917	262.151825	354.9891357	337.1376038
Q8K1X1	46.80024338	51.27147675	94.86273193	41.98914337	70.05467224	78.71152496	40.47724152	101.3720856	105.5383301	63.12172699	71.33666229	35.08581924
Q8K1Z0	1440.885132	1441.899048	1519.600098	1291.283691	882.6830444	850.5705566	930.4625854	1118.966187	1174.329346	954.6907959	1121.092041	801.519165
Q8K211	543.7056885	323.355835	264.0400391	384.6419373	351.5978699	399.4706726	364.9714355	508.2697754	334.3811646	299.3496704	305.8036499	478.2723389
Q8K215	589.5985718	560.7697754	499.2154846	487.0552368	647.6229248	510.8047791	415.1069641	495.9498596	605.9970093	556.671936	467.3148193	481.0168457
Q8K224	412.049469	346.8214417	728.3250122	491.8696899	819.3163452	1006.713562	322.2805481	901.0047607	973.0802612	1151.637085	445.979248	863.7723389
Q8K268	138.962677	174.7807922	152.4585724	162.5250854	138.5542603	89.54030609	187.9078827	153.561142	116.5466309	163.9992981	139.3424225	92.71708679
Q8K273	43.3705368	75.12546539	0	82.62476349	50.11936569	36.12631989	6.638446808	253.2888336	43.57417297	78.1124649	218.5263977	201.2618103
Q8K274	190.5978851	202.6713715	154.2889252	185.0348969	236.0203705	169.2304382	325.4545593	290.3673096	266.0793762	351.942749	301.3313293	388.2810059
Q8K297	462.2579041	341.5044861	466.4394226	384.2084961	362.5510254	416.1662903	454.6864929	335.6429749	322.9649048	365.7150269	308.7046204	268.2619324
Q8K2B3	13699.72168	16056.06348	15415.37305	15043.64648	11125.5293	11464.19922	9913.273438	12016.2002	12132.88379	11815.57422	13000.15527	12146.99609
Q8K2C6	277.5463867	338.2070007	287.0692444	351.1662598	218.2694092	249.1292572	198.0122833	208.2514954	272.0403137	266.3445435	279.8044739	302.4610291
Q8K2C7	259.8040161	250.8811035	244.1395569	221.4415131	224.5411987	231.2424011	213.0770111	154.1482697	179.8326874	157.5946655	141.3833923	165.4564819
Q8K2C8	174.3325348	103.7752914	147.9163055	225.2392731	187.2258759	295.9726563	190.403656	149.0639648	223.8403778	192.7546082	180.686615	205.3669739
Q8K2C9	380.3078308	843.5855713	833.1106567	882.5227051	740.8469238	946.4348145	1188.331543	821.4380493	746.7289429	761.7077026	1020.090393	772.3874512
Q8K2F0;Q9ESU6	22.8658886	100.9930725	110.9136353	9.469122887	38.27660751	68.71881104	23.54589462	58.04788971	60.64417267	74.6080246	81.74565887	47.40051651
Q8K2F8	0	34.30415344	0	40.99214554	46.90889359	8.200705528	21.40176773	85.45810699	14.99736881	73.35663605	30.54097366	70.55207062
Q8K2I3	96.16775513	354.2163696	294.3129578	91.10972595	61.55924225	81.77957153	108.1322937	171.9356842	78.84169006	163.3353882	112.2594147	76.24226379
Q8K2I4	282.0668945	323.2001953	453.6064453	338.8928223	839.7028809	633.8863525	781.2648315	462.3473816	444.9593201	395.9674988	513.6879883	457.5585938
Q8K2K6	95.30857086	101.9528427	60.20121002	200.5287323	270.8268433	160.355484	173.7760162	149.547699	173.9404144	172.3346558	196.563446	117.7732162
Q8K2L8	0	27.18737221	76.33113098	24.82446861	27.05595398	0	20.57526588	62.10059357	32.97570419	68.5484314	42.82715225	36.35728836
Q8K2M0	268.2790222	370.545105	335.6342163	292.04953	350.4174805	249.8056641	201.757843	181.4597626	294.5403748	229.9843292	275.3810425	256.0279541
Q8K2Q0	194.6800079	158.7687531	143.9806671	159.2989044	96.51210785	88.72236633	175.0826721	116.9878235	163.686554	149.6192322	110.7181931	144.8712463
Q8K2Q9	158.8076935	140.3009338	116.9356003	113.0933533	151.4442749	214.4374542	144.0201263	180.9506989	129.9932709	163.1880035	155.4720306	91.32486725
Q8K2T1	297.2836914	248.1681824	254.0751953	289.9960327	369.4651794	357.6272888	262.4672852	335.5394592	354.0761414	367.5106506	275.9790039	315.8164063
Q8K2T4	92.53091431	54.64255142	54.72080231	66.59815216	0	50.23503113	33.21373749	51.6023674	187.8581848	93.93533325	130.5879822	26.64952469
Q8K2T8	46.50905228	51.18164444	30.64089012	91.40627289	85.34860229	64.57154846	73.78298187	84.38037872	18.0351963	55.41881943	70.63269806	41.69271088
Q8K2Y7	219.9141083	421.0324707	371.386322	280.7140503	349.5832825	378.9543457	339.7855225	273.0561523	246.4286652	316.2756653	264.372406	302.5937195
Q8K2Z2	134.8525848	0	0	138.3733521	0	123.8519974	152.3567352	96.67303467	118.5348282	0	100.9417496	0
Q8K310	627.513916	712.763855	644.0769043	674.4058838	616.7510986	643.1812134	660.3703003	749.4898682	813.5784302	744.9848633	602.3618774	631.4028931
Q8K354	1045.445679	1682.075684	807.7852173	1004.742859	2321.188721	630.3068848	3159.127686	756.4351807	740.7657471	593.7120972	587.6466675	410.7288818
Q8K370	2024.463013	2253.69751	2094.217773	1980.561768	1796.590332	1796.630981	1662.825317	1656.683716	1812.843384	1855.377441	1776.80835	1720.692139
Q8K385	343.5291138	277.5766907	206.76297	290.9516602	459.7425842	463.6496887	630.4008789	330.5585938	287.8420105	232.076767	244.5579376	399.3704834
Q8K3H0	137.8495026	140.6391449	122.2422562	96.28076935	152.7027283	63.12460709	96.9152832	164.1263275	108.3392334	97.96491241	77.32846069	163.2928162
Q8K3J1	5278.952637	5794.444824	6179.713867	5553.250488	4536.84082	4736.995605	4508.288086	4282.381836	4829.478516	5864.476563	5531.484863	6091.961914
Q8K3K7	173.3466339	115.3999405	222.9679871	146.2644196	225.8618011	254.7230682	278.5723267	329.9687195	300.6002502	347.6094055	322.0128784	210.4851532
Q8K3K8	172.4865723	143.1610565	218.7195587	147.5148468	222.9280396	177.4316559	249.6884918	155.0929871	166.1495056	152.7234192	234.7199554	132.5288391
Q8K3W0	190.7829132	258.6847839	269.3945618	144.8163147	254.7818909	379.3157043	272.5440063	333.2457886	173.996994	249.1692657	261.1643982	222.8483734
Q8K411	461.863678	463.6989441	552.027832	391.6466675	390.3328552	403.7680664	376.2025452	381.8415527	405.4692078	379.6806335	430.0165405	429.5914917
Q8K440	130.7403259	102.9137726	192.3831787	112.3857117	124.9802475	130.4506226	165.1468811	136.3347626	129.9079895	143.3390808	190.9910736	142.1408691
Q8K441	318.8191833	340.120575	338.1169128	300.946991	266.7099304	273.0279846	261.5451355	330.076355	319.934906	299.1833191	311.5809326	287.1619263
Q8K4F5	869.5487061	961.09729	1056.266113	974.7097778	701.0264893	683.0385742	703.3807983	689.9506226	817.9909058	804.2421265	673.0549927	772.4335327
Q8K4H1	496.367218	516.0255737	523.4400635	509.727478	334.0936584	342.3193359	340.4393005	414.6462708	462.9074402	504.9767456	528.1644897	551.3213501
Q8K4K6	74.07456207	63.21886063	142.6266479	116.2089539	120.4347534	102.7776031	119.7281876	144.8108063	91.56580353	81.87346649	107.2370148	117.206131
Q8K4L3	65.6964035	89.11392975	91.9250946	52.68572235	33.66108322	87.7948761	54.02259827	77.62039185	46.91376114	63.21543503	29.00372505	84.04398346
Q8K4M5	35.05609131	17.61493301	0	36.82150269	19.41159821	82.28888702	77.82089233	58.12129593	62.30391312	118.5282745	72.82694244	65.77220154
Q8K4R4	0	37.77418518	0	29.87348175	85.49514008	97.83621216	133.1711273	12.63576031	54.31574631	59.73900604	42.12553406	33.94007874
Q8K4Z3	2033.816284	2383.326172	1712.376953	2015.078369	1672.040161	1617.834106	1441.715942	1973.015747	1810.49353	1897.012695	1855.40564	1663.932739
Q8K4Z5	413.9880981	312.5669556	237.7847137	309.9031677	226.9895477	301.7472534	283.7979126	327.2400208	306.6547852	254.6220551	278.6313477	250.2806702
Q8K5B2	596.8616333	917.8382568	644.0423584	572.7567749	767.8266602	825.756897	954.4432373	1126.488892	680.8309326	650.9246826	613.3310547	726.8463135
Q8N7N5	497.0475769	435.0091858	448.0871887	521.4234009	521.272583	455.0249329	620.5668945	530.6278076	542.4008789	531.5512695	535.5591431	460.0721741
Q8N9S3	77.0611496	116.3136215	102.9748917	114.6779633	82.10166931	107.0396957	97.82907104	166.4104156	182.2322845	97.85036469	143.6253662	64.99102783
Q8QZR1	56.80596924	113.8478851	145.2631378	136.4685822	118.6038132	104.0605087	84.07515717	57.14603806	76.79734039	120.2565079	149.1096497	71.12388611
Q8QZR3	12706.0918	12734.29492	19727.26563	13168.82031	23491.36719	16805.27539	23130.16602	14299.89844	14230.18457	12907.72949	15384.73242	14426.30469
Q8QZR5	7447.980957	8840.522461	7324.46875	7707.501953	4819.658691	4678.912109	4096.34082	4300.040527	6338.581543	5742.652832	6122.527832	4997.73877
Q8QZS1	3734.380859	4128.679688	3926.413086	3836.138184	3330.91626	3287.641602	3170.599609	2812.020996	4025.608643	3307.42627	2838.152832	3547.22998
Q8QZT1	27079.75391	25461.60156	27723.39453	27718.95703	26060.45703	31061.67383	29190.21289	30239.0957	32643.35352	34381.13672	36965.41797	29958.57031
Q8QZY1	315.7964478	285.601532	458.4866943	360.3011169	420.905426	486.9732971	479.5994263	375.3354797	363.0956726	314.38797	376.3344421	393.0499268
Q8QZY2	1768.096313	1579.860718	1930.294678	1548.424683	2048.191406	1692.267578	1866.293945	1825.626343	1780.395996	1922.952026	1551.589233	1718.427612
Q8QZY9	138.0705261	192.687027	101.8770218	174.4986267	135.1430664	165.0968933	179.4743042	152.4869995	152.5951996	101.0758972	186.4167328	129.5241394
Q8QZZ7	329.9746399	234.3865356	218.9438324	251.9639282	193.736557	379.7173157	387.1695557	183.7436523	423.7855225	242.5587006	228.1532745	283.9216309
Q8R010	229.8589172	249.6232758	193.6270599	236.2587738	248.8059387	298.7568665	321.6218262	352.7315369	213.2606049	600.0827026	281.9751282	261.6585083
Q8R016	644.0341187	518.7428589	415.5737305	525.4816284	499.5823059	654.4208374	464.2689209	327.0824585	538.9301758	390.1806335	510.1096191	383.7701721
Q8R035	387.3073425	356.8991699	303.2475586	326.1643066	467.1634521	333.4464111	346.6079102	347.6480408	259.8035889	342.2164001	316.232666	325.3496704
Q8R050	773.2263184	588.3380737	676.7017822	630.7665405	738.2382813	701.8917847	631.1229248	675.8640747	845.7836304	802.6547852	554.6113892	807.2107544
Q8R059	486.2095337	338.591095	491.6451721	477.3790894	261.4096375	304.1851807	256.1990356	275.3780212	310.0131836	375.1770935	302.8078308	387.6666565
Q8R081	1492.38623	1591.110107	1737.904419	1446.351196	1355.809448	1333.123169	1279.962402	1468.288696	1399.563965	1391.662109	1491.738525	1568.70459
Q8R086	8165.260742	8276.458984	6714.609375	8569.382813	6262.312012	6424.620117	6355.697754	6750.725098	6799.534668	7443.576172	7849.244629	7457.132324
Q8R0F3	26.13655663	11.85998344	46.47886658	10.57327175	0	58.06720352	42.97294235	0	37.03230286	0	64.87340546	85.50624084
Q8R0F6	0	52.27130127	160.6986847	38.87605286	103.8965073	156.3766022	111.3993301	30.12705421	74.48686981	153.4436646	119.2596664	178.0119629
Q8R0F8	1117.835693	1406.748413	1226.601563	1305.039673	1092.074585	1112.675537	1074.404785	1203.421021	960.9764404	1134.319336	1351.11438	1434.710327
Q8R0F9	2942.37793	3227.293945	2952.080078	2921.803467	3039.215088	2640.376953	2564.125	3152.584473	2912.823486	3261.652344	3358.165283	3506.016846
Q8R0G9	80.30487061	108.4335098	105.6019135	52.7281456	62.23976135	130.0858002	65.19853973	89.30455017	39.3526268	102.8865128	162.5713654	43.38692093
Q8R0H9	124.6658173	100.1112366	144.9820099	127.9072876	143.4745789	84.90250397	93.41651154	117.0821457	124.6034241	90.15688324	212.6901398	89.67978668
Q8R0J8	332.8409119	477.4623413	281.071106	426.0545654	370.5816345	534.6136475	278.3699646	321.5804443	458.6440735	307.5480347	324.8675232	517.8834839
Q8R0N6	2912.447021	3086.334961	2689.007568	3009.84668	1895.254883	2038.285156	1742.191284	1315.170166	2291.9104	1831.896973	1933.594238	1770.285889
Q8R0P4	72.36598969	66.06576538	23.29040909	121.3658447	34.22830963	37.67688751	47.17750549	80.14896393	35.83120346	78.95404053	27.12474442	0
Q8R0V5	641.8345947	826.1048584	938.5574951	536.2265015	746.3543091	639.1610718	428.5177002	983.7683105	657.4664307	895.3031006	837.9533691	851.8198242
Q8R0W0	1734.444824	1298.085571	1664.155518	1468.283813	1266.426392	1040.884033	1242.343994	989.6165161	974.3050537	1152.383789	1040.061157	1109.131592
Q8R0X7	429.440033	342.1695862	413.7675781	287.1912842	371.7064819	353.5661316	342.3886108	456.4239197	390.8947449	416.4945679	415.6335449	423.5869751
Q8R0Y6	40823.58203	41256.20313	30978.13281	38767.96094	19246.33203	18031.79297	14275.55859	16489.28125	26410.84766	27884.64453	23317.3418	27642.56836
Q8R0Y8	644.1800537	436.4648743	798.0618896	631.5748291	654.7459106	781.6312256	623.4968872	810.991394	771.3832397	799.6641846	794.6054077	895.9464111
Q8R104	252.0320435	398.5705261	287.6076355	334.1712646	268.4322205	247.0487671	255.5452271	208.6221924	267.1868286	253.7759399	333.2982788	261.4736633
Q8R105	72.5463028	163.48703	135.3569794	0	56.06792068	126.4689713	77.47130585	74.59653473	120.0814896	28.02474213	115.8324051	84.77893829
Q8R121	112.0512543	100.6170807	21.38220406	123.0272598	98.06608582	141.90625	248.9203033	88.9842453	236.2347107	125.6301575	98.15379333	122.864502
Q8R123	224.0284271	279.9529114	221.941391	209.4418945	282.2705994	227.3848724	167.6259155	234.2537842	235.0020752	220.2681885	267.90979	260.2077026
Q8R146	851.8192139	956.2855835	922.3299561	918.8808594	908.5050049	896.0563965	855.9282227	998.472229	894.2875977	1022.590088	862.9315796	938.0536499
Q8R164	11016.4834	11286.68066	11096.90625	11906.62988	10072.53613	9688.331055	10625.20801	10520.21484	12191.66211	13514.31152	13717.14063	12970.78125
Q8R180	122.1618805	136.7393646	222.6036072	154.4634552	192.9010315	200.3368378	265.7965698	195.740387	81.13706207	183.1555481	116.7047653	212.9593811
Q8R1B4	1119.555298	1203.85376	1138.520386	1250.716675	1236.396484	1385.339355	1510.032471	1336.960693	1124.972412	1306.834473	1309.145874	1410.422607
Q8R1G2	2262.246338	2586.774658	3421.546631	2490.965576	2276.172119	2691.519531	2242.763672	2533.876221	3100.89917	2664.239014	2968.050293	2511.288086
Q8R1I1	2451.178711	2861.213623	2818.524658	3311.250488	1598.192505	2559.543701	1845.447876	1549.102051	3346.755127	1886.128784	2202.28833	1997.88623
Q8R1K1	0	60.13084793	80.10478973	104.5704117	94.02153015	100.760643	93.36245728	91.69737244	42.63927078	52.87301254	166.3089294	47.33335495
Q8R1Q8	298.0323792	382.7537231	338.7676697	294.967041	321.3872375	394.9011841	397.53302	234.2141266	262.3362122	305.3818665	378.8055115	252.6679688
Q8R1Q9	253.7336426	218.0063324	203.625473	178.0172577	161.3807526	224.6682739	208.3246613	188.1441498	158.9003601	195.9073944	165.9477692	199.0676727
Q8R1S0	717.2584229	803.3465576	787.6066895	721.4028931	716.8818359	548.159729	613.7284546	626.7145386	634.8445435	560.0119019	627.0995483	698.3112793
Q8R1S9	434.9225769	538.3686523	379.8299255	431.693512	422.0014343	288.8850098	425.1044922	251.7891083	454.7467041	368.2557068	301.0843201	294.4732666
Q8R1T4	30.83607483	148.2890472	97.9515686	70.66530609	217.894989	95.55112457	157.9488678	244.4773407	207.5924377	175.3325806	145.1387024	150.4947968
Q8R1V4	719.0510864	598.7625732	676.0490112	680.7092285	769.6919556	943.4911499	896.4740601	986.1939087	672.572937	715.5528564	701.1915283	788.567627
Q8R1X6	267.2662354	469.6578979	197.3397675	235.4543152	68.61554718	277.3838196	317.8711853	435.9313965	393.5456543	306.4052734	334.9235535	556.4032593
Q8R238	119.7312393	173.5266418	136.3554535	104.0543594	115.9898605	137.0828247	128.284317	124.0655746	91.06899261	114.99646	136.6386871	78.94491577
Q8R242	132.9101868	218.5045319	159.5726929	152.6767578	202.9431	85.79078674	173.2058105	117.9711304	110.7557755	108.128952	99.45960236	194.8042297
Q8R2E9	205.1950989	187.2282715	352.3092346	178.2476196	330.9753723	287.7237549	315.3780823	444.4431763	270.2454529	199.4659271	130.4838867	367.9487
Q8R2H9	73.77223969	0	0	0	32.07178497	55.24988174	42.45125961	0	0	0	0	0
Q8R2K1	540.5026245	475.784668	372.4189758	476.3209534	402.7493286	277.4520569	315.0314941	203.041214	349.0082397	304.4844055	317.9669495	411.7928162
Q8R2M2	430.9320068	123.1462173	1034.811768	400.2483826	563.3756104	1105.415161	418.8529358	1009.876526	196.3193512	384.2019348	0	809.7679443
Q8R2N2	91.55341339	41.11435318	73.84160614	48.58968735	89.8651886	0	59.03975296	7.88437891	0	12.40314388	0	0
Q8R2Q4	275.4732666	312.3546143	361.5455933	261.2153931	236.0763092	293.1641846	263.5586853	232.6210175	299.1072998	245.3988953	336.1008301	264.565033
Q8R2Q8	44.56513596	48.31587982	74.71842194	149.1762238	28.74259186	231.4383698	0	97.03227234	44.25675964	72.48748016	75.72354889	69.92817688
Q8R2U0	42.78288269	59.80925751	63.19068527	110.6820908	28.45017624	124.0886154	19.46491241	80.90249634	85.34030151	56.13501358	171.1049805	89.50641632
Q8R2U6	242.191864	130.2147064	85.06713104	72.62979889	98.08966827	25.04350662	182.1937866	0	89.82616425	148.4737091	127.7876205	106.11866
Q8R2V5	110.0386124	79.16986084	117.2410202	43.04203033	26.07387161	68.83654022	91.80351257	91.22189331	101.1323395	19.49097443	112.6547318	105.9576569
Q8R2Y0	102.1592331	112.1423492	167.6236725	146.6982727	180.3317566	173.0707245	246.2737122	223.0737	149.4923859	99.28222656	147.2272034	88.93582916
Q8R2Y2	150.6443481	126.0279999	0	85.8799057	100.4631805	119.6885757	32.80168915	93.48673248	102.0492401	245.8524933	100.6300888	85.818573
Q8R2Y8	856.1662598	844.9755859	857.0491333	752.855835	869.342041	894.7282715	688.3048706	987.8563232	860.1934204	829.7266235	740.5998535	836.1724243
Q8R317	465.4487305	390.459198	395.8197632	336.9508362	415.7979431	341.3315125	405.0065308	425.8658447	421.7189636	413.4847717	347.8430786	414.5547485
Q8R326	136.6094666	160.1851959	75.67828369	160.5888214	149.5591431	85.3190155	141.160965	81.86698914	92.9067688	84.51977539	138.0973053	116.3232193
Q8R3D1	18.95212936	91.96434784	0	43.9564743	96.71954346	88.3493042	80.59951019	78.16414642	49.09215164	97.2326355	57.22702408	121.4457169
Q8R3F5	188.3145905	168.5823517	210.7792969	195.9766998	97.38161469	204.6694794	164.8218079	177.7361908	160.7144623	271.7073364	209.2937164	162.1790924
Q8R3I3	15.71132469	60.38442993	53.7894783	66.55286407	53.76389694	106.8491745	56.60142136	63.91055298	48.19985199	59.77383423	63.30430603	60.08863449
Q8R3K3	33.38059998	58.61327744	0	114.6272049	0	70.95149994	0	93.09208679	60.26859283	0	45.17982864	0
Q8R3N6	129.345047	282.7390137	139.9065094	60.04666138	42.89529037	185.7153931	202.3661041	139.8423004	103.1615601	155.9853363	114.6521988	86.05319977
Q8R3P0	196.8957825	153.0648499	40.7686348	111.4027023	70.56486511	44.2591629	108.8031769	85.29987335	196.3269196	101.961113	57.21598816	122.782959
Q8R3P6	323.8246155	68.20553589	200.0013733	215.593811	169.700943	235.8242493	343.9853516	568.0941772	400.4195862	478.7759705	337.3594971	346.9060974
Q8R3Q6	607.3933716	530.4966431	719.779541	674.2142944	591.3544922	711.1130981	649.7676392	586.2783203	488.9996033	603.8479614	760.3502197	658.3488159
Q8R3R8	67.48786926	54.81349945	62.12814713	216.0490265	36.28968811	135.4745178	64.46117401	182.5246735	166.3787079	155.2218018	116.1031647	126.8747635
Q8R3S6	70.58563232	27.15568924	80.44075012	80.96435547	61.11193466	77.90657806	62.99466705	46.32020569	12.87616539	44.43217468	48.85203934	63.13554382
Q8R3T5	125.4270477	123.3186264	0	0	29.69476128	0	77.94593048	0	71.13004303	0	39.5220108	59.08521652
Q8R3V5	145.5707092	120.5617218	128.1708221	129.5783386	82.9987793	103.8014221	109.5042725	84.81330109	131.072403	77.99610901	96.83543396	71.55148315
Q8R404	777.440918	727.0648804	588.6286011	593.0019531	733.6781006	831.1291504	619.4329834	662.293335	722.979126	670.0886841	889.4608765	739.2810059
Q8R409	80.81044006	124.2584534	31.93138313	48.65276337	64.1954422	50.44124222	57.68611526	119.8955612	104.9286041	98.04620361	97.48940277	76.94030762
Q8R429	1895.366089	2122.293457	1916.296631	1851.733887	2180.244873	2044.015991	2314.970459	2120.977295	1432.835327	1455.390137	1738.115234	1468.835083
Q8R4H2	171.8932953	117.7550964	158.9924164	111.2196045	148.381134	129.6874695	147.9271545	229.7827148	103.0734024	162.8841858	77.62402344	135.1704254
Q8R4H7	364.4221802	458.2686157	490.1097107	487.9245605	409.8701172	309.9967346	292.3599243	337.9763489	448.0567322	341.253418	433.6192932	336.2986755
Q8R4N0	3196.643799	2578.399658	2899.617676	2852.618164	2482.875	2498.901123	2449.179199	2364.437256	2380.48999	2865.140137	2622.270264	2992.401367
Q8R4U0	204.4775238	211.8703918	177.4195709	180.8667297	140.5931549	232.0815735	155.2496643	287.7885132	188.4868317	228.4122314	221.9794312	172.7003174
Q8R4X3	95.13480377	64.81536102	68.71495056	97.05072021	166.0424957	134.0274963	130.1278992	93.4388504	143.8421783	172.9488831	118.2737732	82.0500412
Q8R4Y4	965.507019	1264.370483	1340.632202	1160.799194	1475.786133	1507.52063	2020.638184	1369.059692	1229.258057	1456.552368	1061.772461	974.2158813
Q8R519	391.7469177	438.5594482	369.97995	461.0805969	117.7594986	110.5847397	64.42765808	48.00887299	131.1364899	85.13607788	0	0
Q8R570	144.2284241	121.2946625	108.3941879	95.52161407	130.7812347	124.3333282	112.4402695	129.4512024	159.8889008	98.05233765	127.6531601	120.6029434
Q8R574	161.4746399	134.230835	160.1569519	140.4218445	94.84621429	105.3540726	89.71202087	153.7870026	150.7707977	92.32072449	135.6876984	43.47989655
Q8R5C5	294.5574036	136.1587372	30.17220879	176.0528412	185.1610565	169.2353363	216.9467621	106.4852371	131.8406982	181.4943695	109.0644989	120.0252533
Q8R5C8	0	0	73.64129639	0	0	0	819.649353	0	73.32463074	0	116.9646225	50.44321823
Q8R5F3	58.31980896	43.72676086	76.34677124	28.51081467	118.6422043	107.2358856	88.07601929	105.8301392	89.31372833	155.5748749	121.1481705	43.39493561
Q8R5H1	113.5557251	120.2009277	100.1336594	88.6320343	111.8473358	73.54518127	144.7823792	133.820343	111.4528732	137.3690948	135.634079	146.9886932
Q8R5I6	315.9697876	361.1653137	422.7135315	374.4526672	509.2496033	471.565979	661.6664429	262.1361389	327.6583252	356.2800293	339.8339844	608.0552368
Q8R5J9	327.9473877	248.8665314	322.525238	206.9244843	444.5969238	246.6617432	310.774353	330.7076416	305.611969	328.1042175	242.0845642	252.7316895
Q8R5M8	107.0478973	141.3868256	333.717041	105.4151764	100.9009247	35.32352829	188.1566315	108.4570084	157.1667633	202.8560638	198.3467712	31.33130455
Q8VBT0	77.47221375	77.83229065	171.5703583	94.58280945	129.1952209	137.8080902	118.9199219	198.6146088	77.31008148	237.897522	121.903038	105.2375641
Q8VBT2	2381.017334	4778.455566	3318.248047	3461.408447	1667.223755	1564.837891	1080.086548	1787.871704	2900.814209	2628.804199	2764.890625	2303.081543
Q8VBT9	314.625885	163.3603363	160.0155182	268.647522	244.2941132	194.6079407	162.8482819	192.5850525	241.9767609	208.2041168	115.6664886	257.4737244
Q8VBV3	17.09647179	26.43878174	50.28298187	37.14431763	92.7884903	57.77251053	41.24885941	66.21134186	45.26592636	57.71416092	38.80568314	24.91468239
Q8VBV7	828.2033081	1080.591187	679.6898804	875.4732056	771.8459473	1086.375732	810.399231	1015.546265	1436.651611	1117.742798	958.8493042	1091.298828
Q8VBW6	278.2662354	305.9446106	172.2310333	249.5222015	184.1126862	153.8835297	244.5744629	212.1249237	197.5550232	218.3569336	189.5486603	198.2221527
Q8VBW8	6730.563477	7008.204102	5599.90918	6421.165039	3972.743164	4677.139648	3553.133057	3716.430664	5395.808105	6110.550293	5516.451172	4902.519531
Q8VBX6	107.2695236	93.43055725	102.9575729	42.74040222	76.06428528	74.35162354	92.98874664	63.0934639	91.23719788	60.44260788	90.44689178	134.9510803
Q8VBZ0	142.7868958	121.6918411	155.1039886	17.67311096	66.61233521	113.2930374	71.77516937	118.4346619	73.62915802	85.38478088	150.2487793	80.97592926
Q8VBZ3	103.9933853	85.08776093	81.80500031	150.5416565	123.4543152	94.58673096	207.2278137	214.9619751	122.8422165	119.5692673	136.0707397	89.35289001
Q8VC03	123.3931808	0	30.81098366	59.17354584	82.48687744	67.00153351	96.802742	79.38285828	0	75.21714783	138.4309845	107.2416687
Q8VC12	6765.194336	9504.970703	10860.20215	8364.112305	6750.74707	6508.4375	5720.765625	7374.875488	8946.96582	8224.15332	8379.501953	7634.303223
Q8VC19	48.4563942	0	0	53.07651901	0	0	80.68101501	33.08507538	56.01538849	23.03806305	0	195.4004822
Q8VC28	8765.226563	9556.166016	8169.822266	9712.464844	10355.61621	9871.102539	10833.86523	9108.951172	8867.770508	8732.300781	8102.144531	9350.900391
Q8VC30	22360.44531	17739.05664	17454.52148	20103.2793	22007.98242	25856.33789	21310.89453	25694.48633	33032.30078	30985.61523	20963.97656	22637.01172
Q8VC52	412.8998413	449.0046997	288.6142273	385.3418274	213.3510132	324.7916565	353.3772888	531.2755127	421.6149902	311.9376831	397.5861816	389.9852905
Q8VC85	165.9830322	120.8376389	234.2852631	109.4944611	121.2447586	145.8601837	123.2388535	228.9417114	188.6160736	155.6470642	131.1565704	162.7490997
Q8VC97	1022.248779	1292.60083	1187.898315	1168.958008	723.6495972	705.9877319	729.9418335	610.0159302	816.7342529	784.668457	1128.150513	679.6680908
Q8VCA8	1099.355713	1191.133301	977.8239746	1066.543091	958.7067871	1058.774902	1062.743164	980.239502	1075.484863	1053.19751	960.5757446	965.6409302
Q8VCB3	4014.596924	4276.584473	4689.254883	4107.527832	3378.773926	3460.605469	3061.117188	4908.23584	3808.691162	4269.163574	4086.395508	3378.563477
Q8VCC1	474.1031799	477.8448792	607.9073486	441.3426819	516.3607788	461.4529114	590.6833496	446.17099	267.4962769	353.0731812	508.7954407	122.1429214
Q8VCC2	9277.036133	9396.011719	9751.273438	9127.594727	8153.950195	6637.825684	9142.702148	6534.64209	8239.070313	9245.118164	11021.19922	7776.802734
Q8VCF0	213.4876099	288.8651733	108.967804	229.7146149	246.509964	212.9070129	206.6176453	395.835022	679.0421753	415.2279968	206.0239563	392.8591614
Q8VCG4	620.3330078	406.6635437	508.9511414	516.6499634	559.6463623	563.6392822	663.4721069	588.3255005	422.3288574	451.868866	317.20401	535.8981323
Q8VCH0	30189.48633	21917.63672	34159.76172	26269.25391	45842.20313	42594.58594	48664.18359	36020.77344	40993.08203	37318.10547	44793.44141	26112.10156
Q8VCH6	271.6324768	383.2914429	320.8964539	267.8995056	341.0853882	239.7906342	351.6249084	336.0395508	205.1459961	180.3157806	117.771347	210.1643677
Q8VCH7	70.85774231	49.92877579	114.3895874	140.5396576	98.07637787	46.50204849	0	99.82989502	33.4980545	105.949852	46.23088455	0
Q8VCH8	500.433075	393.8226013	365.0820618	413.1790161	423.4038696	468.2985535	626.2155151	398.0812683	332.7648621	398.2585144	438.1240234	441.7953491
Q8VCI0	575.6994629	694.0255127	755.956543	761.8570557	939.5506592	822.9285889	1017.404114	895.0491943	557.6887207	808.678772	854.4649658	765.6210938
Q8VCI5	505.4361877	408.1341553	450.3572083	465.7208557	505.7750549	613.8533325	571.2699585	517.8134766	519.5460815	566.0319214	494.2310486	543.0941162
Q8VCL2	203.9687805	187.5423279	162.577652	96.89400482	222.1247406	184.5098114	199.5496674	151.664032	41.24869537	71.31039429	79.57990265	57.22737122
Q8VCM5	114.3643494	123.72258	139.7593079	126.8320236	85.16236115	194.9526215	95.82485962	72.0302887	77.82606506	78.12069702	68.31865692	124.608551
Q8VCM7	3804.685059	3893.603027	3556.51416	4063.571045	5279.483887	4156.330566	5596.855469	4250.081055	3882.204346	5431.761719	3256.173096	4401.770996
Q8VCM8	396.3965454	525.9520874	676.2666626	423.4272156	416.5360413	550.1993408	532.5648193	572.1325684	608.7400513	377.0377808	547.6512451	547.4717407
Q8VCN5	19845.75781	25754.36328	20139.14648	22567.82227	11799.56543	10364.6875	10291.4248	7659.657715	8763.670898	10479.64941	12911.75391	9593.324219
Q8VCQ3	37.15110016	50.56605148	78.17988586	144.0830841	52.38754654	61.54375076	50.39199829	86.73560333	85.80969238	93.16629028	52.25771713	22.12416458
Q8VCR2	6477.645996	7373.640137	7944.964844	6458.006348	10923.82617	9456.145508	12110.24609	15094.05664	7513.490723	7065.322754	8152.94873	8093.395508
Q8VCR7	19538.66992	16970.8457	16083.9541	19255.82227	15819.38672	14802.33301	15831.25684	14519.17188	18279.49805	17524.36914	16035.93066	16002.24023
Q8VCT3	450.757782	669.69104	681.3679199	512.9127808	592.2526245	834.9161987	651.3057861	700.7556152	821.6182251	645.06073	685.4733276	775.4840698
Q8VCT4	24435.29297	21795.12109	22921.18164	22076.7168	37222.59375	37378.00781	42697.46094	49945.40234	36453.99609	39300.27734	41599.54688	35684.95313
Q8VCU1	31101.58984	30920.30273	32493.71289	29986.81836	37854.48438	38822.60938	39713.375	49569.35938	44947.19531	40427.39063	39815.58594	56779.03906
Q8VCW8	13160.40527	14663.61914	16235.07129	15146.53418	14457.13965	12268.35156	13889.65234	11083.03613	11316.11621	10691.22949	12352.39258	9939.487305
Q8VCX1	2538.060059	2443.978271	2451.977539	2575.755127	1608.204468	1086.525146	1304.57666	1248.840454	2097.015137	1971.697754	2221.708496	1864.501221
Q8VCZ9	754.8236694	1037.927734	1299.775635	835.3653564	833.1697388	746.3060303	903.239502	884.2769165	1187.742188	1303.350708	1418.140381	1194.0354
Q8VD04	106.5971985	100.9370041	89.97505951	48.14730072	71.13850403	206.4693298	169.3442535	95.72292328	102.1616287	74.11322021	81.2443924	54.5658493
Q8VD31	105.7004623	131.6648712	99.92713928	107.3056335	86.65586853	43.60099792	57.50901031	0	110.8283386	32.55091095	82.43727875	51.21337128
Q8VD62	147.5542908	149.0053558	171.9943237	225.8829498	89.03219604	122.3765106	96.09059906	155.0361633	129.1265259	69.78131104	167.2872009	219.007019
Q8VD65	71.53917694	67.04814148	149.5667419	78.21097565	57.16098404	29.78431892	59.19404602	99.30802917	71.91860962	101.754509	60.15000534	71.63327789
Q8VD66	193.4638367	69.91986084	107.36026	115.0214691	248.2864227	141.9915314	206.3856201	164.5237732	122.708847	82.52114868	71.06287384	136.5827942
Q8VD75	16.13181305	47.56917572	25.62883377	23.49432373	28.31161499	30.44883919	57.74048233	17.81337357	0	12.66571331	40.25963211	43.90820313
Q8VDC0	127.0807724	77.68477631	86.43236542	115.5462341	113.0320587	91.74954987	112.6955032	125.8002243	53.33587646	42.48978043	73.77622223	89.06770325
Q8VDC1	110.4588776	104.3515701	120.6250916	81.88853455	78.28610229	76.11494446	58.8664093	125.6226807	84.96630859	45.93927383	73.0007019	93.61031342
Q8VDD5	4700.803223	4575.878906	4886.434082	4326.40625	4738.725586	4917.814941	5029.943848	5031.04541	3935.978516	4451.006836	4300.753906	4294.941895
Q8VDG5	409.7069092	438.142395	391.050354	525.1826782	495.8713684	524.3530273	651.4296875	473.180542	616.1656494	555.6763916	547.673645	582.4685669
Q8VDG7	319.7377014	234.5216522	462.3504333	295.7661743	246.3726501	319.0273743	289.0319214	264.2286682	315.5316162	242.415802	246.3647614	170.6316223
Q8VDJ3	4438.203613	4436.842773	4470.266113	4086.339355	4021.367188	4260.145996	3516.452881	4824.76123	6049.67334	4827.481445	4051.092529	4223.869141
Q8VDK1	2273.922607	2595.95874	2537.840088	2400.902832	2195.14209	2000.181152	2175.368652	1937.484985	2186.682129	2564.987549	2656.553711	2312.04834
Q8VDL4	139.5014343	152.9410248	176.2527618	58.56545639	189.7265472	197.4938049	179.1179047	178.6363678	134.4719238	93.49819183	225.4850922	162.6570282
Q8VDM4	1224.896606	1391.299194	1233.340942	1442.084961	1229.209595	1258.542725	1402.189941	1305.883789	1281.511719	1382.214233	1262.427856	1356.859253
Q8VDM6	110.222702	148.1937408	187.1032104	148.8552551	146.6983032	151.8902435	103.3319244	150.7022247	111.4530411	118.1450882	144.5219421	123.2404861
Q8VDN2	4080.958008	4344.857422	4781.442871	3812.804932	4211.388184	3842.590088	3788.311279	4041.537109	3945.126953	4110.833008	4431.201172	4148.771484
Q8VDP4	92.76342773	133.7529755	131.8890381	126.6861038	143.5461884	144.6491241	192.3923035	161.1527405	134.7503815	123.2565002	114.2664642	160.761261
Q8VDP6	128.7189484	169.3269501	70.61893463	128.302597	275.8439026	135.0862579	220.0241852	254.6229401	169.0346832	116.4332047	155.2333069	160.7059021
Q8VDQ1	1236.9104	1197.959106	895.3499756	1335.541382	1377.65625	1497.338867	1250.824585	1171.547852	1251.963623	1423.796997	1364.524048	1451.802856
Q8VDQ8	97.55023193	124.7334824	109.8805008	152.2897644	83.11894226	114.2941132	170.530426	148.3589172	129.7699432	70.82077789	74.09394836	102.7098846
Q8VDS8	68.51211548	44.26605988	139.559433	35.54581451	159.2092438	96.86641693	161.0372467	175.7362366	169.4661407	197.1334534	160.6558685	112.541481
Q8VDT9	445.2888489	388.138855	574.8023682	453.5837097	379.8258972	337.519989	383.3536682	457.0631104	459.9403076	345.0758667	288.5834351	411.4959717
Q8VDW0	1644.246948	2393.243408	2303.058594	1898.989258	2019.012573	1800.988159	2240.224854	2371.015869	1923.084961	2312.523438	2049.9104	2063.375244
Q8VE09	436.1665344	423.1378479	379.1096191	456.1048279	346.0136108	374.7980347	262.8087463	478.8201294	443.6469116	474.7441406	360.2802734	524.2249146
Q8VE22	498.8033142	620.5792236	532.5675659	599.7400513	487.6902771	486.4202271	306.7792664	485.3454285	496.5963135	478.5384827	575.5197754	541.4279175
Q8VE37	429.1451416	454.8108521	384.6881409	355.7233276	420.0514832	283.8555908	372.2606506	382.4012756	308.421051	375.7766418	308.1209717	349.3312988
Q8VE38	175.6205444	189.6177063	228.3057404	222.1020355	80.65661621	165.9172974	80.46999359	150.582428	141.2494354	135.216507	153.5400543	108.0276947
Q8VE47	189.764267	184.4355316	91.90558624	140.3257751	118.9571991	121.097435	144.2132263	134.1950226	148.5908203	142.7952271	129.8457947	149.1659241
Q8VE62	57.09111786	52.35266495	0	110.9627304	52.31185532	50.5556221	22.40540504	35.35712051	143.1484985	0	0	85.26010132
Q8VE70	172.545929	184.8723755	189.2212067	110.5777206	148.0578308	189.4204865	172.4789429	181.2264557	188.5571442	215.4293823	180.4600983	218.321701
Q8VE88	155.7418213	100.4995041	112.5800476	114.4780807	123.6115265	175.935791	142.5010986	84.05153656	93.8684082	101.1271591	148.5118408	111.2821426
Q8VE95	369.2519531	345.3560181	521.7750244	645.258667	374.2482605	333.4933167	421.4767761	410.0241394	433.2771301	555.3588867	500.8233032	612.359375
Q8VE97	813.7990112	993.1051636	718.9746704	411.6453552	795.5626831	694.9802856	849.7528076	1023.978088	486.9460144	843.678772	842.8536987	694.4188843
Q8VE99	130.1368408	151.2857208	120.1735077	149.2272644	42.0125885	94.57501984	92.97960663	89.82862854	46.79344177	85.08705902	102.3293915	66.68099213
Q8VEB4	388.425293	403.7039185	278.0373535	320.5864868	495.1694031	447.3630676	414.8133545	392.0814819	323.1862793	314.8066711	435.0573425	408.6783752
Q8VED2	64.00582886	166.1664429	162.2188568	132.9129944	106.6590881	110.8743591	62.73692703	85.03128815	111.140831	78.71208954	27.77168465	98.12506866
Q8VED5	36.18005371	88.58679199	215.9904785	29.50253105	50.85377884	198.0460663	170.7937622	205.8278046	118.0974655	214.4411163	152.770874	164.0265656
Q8VED9	236.8336639	107.4640121	38.42448425	64.68151093	69.55148315	61.37080765	54.09473038	201.5931244	139.0982819	131.8002777	207.3158417	74.95655823
Q8VEE0	89.24784851	229.4312134	187.1419678	203.4689636	129.9494629	214.3294373	227.1315918	172.0009308	121.1492233	229.9393463	241.5133667	197.4818573
Q8VEE4	51.31703568	21.78499031	146.5076904	28.88649178	54.83621979	84.07912445	40.785923	30.27872276	53.82810593	68.50378418	55.70776367	30.26201248
Q8VEH5	52.04674149	69.35840607	0	102.9846344	52.01230621	141.513855	220.1026917	83.46192169	31.96316719	61.22248077	16.65656662	49.66653061
Q8VEH8	123.6743622	113.305191	103.3437881	117.1447372	129.8485565	172.4831238	168.0557404	120.3588943	63.47994995	116.9563599	157.0894012	148.9640961
Q8VEK0	420.4837341	293.754303	401.611084	332.5408325	484.0666809	522.2824707	705.6425171	470.7860107	434.6416931	630.864624	514.7974854	664.0198975
Q8VEK3	431.8266602	576.6231079	484.140625	375.2499695	525.6321411	480.3682251	344.791626	1150.460571	1046.622314	664.2003784	605.6871948	560.2844849
Q8VEM8	8574.246094	6832.907715	9556.907227	8305.844727	7788.96875	7573.296875	7901.160156	7638.630371	8593.947266	7543.720215	9190.254883	8483.788086
Q8VH51	533.5844727	494.1592102	343.006012	547.4117432	595.4835815	596.0861816	558.2600708	587.3718872	566.3150024	658.2171631	558.4485474	657.8057861
Q8VHE0	705.3710327	655.541687	700.2023315	664.9095459	956.8999023	1005.223633	926.2186279	846.2028198	857.9091187	731.7391357	989.0256958	726.3178711
Q8VHK9	75.93412781	46.55168915	62.258461	0	53.85648727	71.73281097	11.98929214	50.31367111	93.8033905	61.04046631	31.85017967	35.37525177
Q8VHQ9	0	52.44207382	55.025177	0	71.84138489	65.30893707	0	48.85321426	112.9386292	104.5950317	0	89.13282776
Q8VI36	122.413681	68.87239075	91.95885468	64.79832458	105.5357056	102.8435822	45.13368988	297.1593628	198.5253143	188.8963318	68.84590149	120.6091995
Q8VI47	978.8197632	1195.355835	1057.193726	1008.414124	1195.643921	1151.140381	1323.09436	1154.431885	976.1743774	952.1726074	1012.840759	899.987915
Q8VI75	154.6228027	96.54388428	152.7517242	75.56430054	157.6795502	113.6964417	207.4892731	173.5109558	164.233078	147.0081024	127.6416473	123.0590744
Q8VI94	96.8589859	482.736084	214.1932068	121.6979523	133.8791351	102.3786697	0	66.53145599	73.50307465	90.24421692	134.823761	73.42797852
Q8VIJ6	1078.470215	1463.329712	1656.062256	1258.190308	1352.860474	1320.356445	1356.98645	1649.080444	1487.433838	1423.639404	1207.058472	1698.484985
Q8VIM9	94.36882782	71.04077911	67.7239151	97.15912628	107.3416901	87.01251221	32.88520432	66.47396088	96.46292114	0	87.70213318	83.68977356
Q8WTY4	231.2769928	262.7565002	153.458374	170.499588	181.8193054	229.3748322	144.3356018	250.1434326	461.8344727	207.5888367	289.0034485	366.6774292
Q8WUR0	570.1408691	653.4639282	492.6155396	590.3913574	387.4341431	517.1629639	342.5723877	430.7426758	512.546814	331.4379578	277.4136353	453.1038513
Q91V01	90.3103714	236.9814453	471.460144	164.0634613	312.1441345	108.9454193	312.3582458	382.4104004	408.3126831	287.00354	366.7668457	231.3130188
Q91V04	69.06367493	46.38676453	59.73317337	57.74410248	72.61321259	24.9079895	37.89623642	127.0535278	88.38827515	64.61477661	91.31877899	104.7550049
Q91V09	207.1691742	136.5697937	101.8196564	54.61922073	146.964798	102.1919098	140.1569061	94.3364563	135.348053	110.7597656	161.8342285	105.95858
Q91V12	589.4939575	781.8453979	572.5872192	626.092041	555.1171875	527.6152954	586.8649292	449.8641357	637.8445435	508.9108276	520.1845703	345.4551697
Q91V16	782.7241821	409.6271362	472.8896484	547.0737915	510.480957	718.97229	523.9768066	388.6143188	730.1967163	687.5333252	620.0704346	452.9793396
Q91V41	1257.345947	1147.065552	1399.271973	1184.793457	1211.9198	1160.062988	1102.599976	1122.153687	1068.562134	1079.421387	1322.28479	1153.056396
Q91V61	70.00852966	155.7906647	205.4349976	120.4038773	160.0076599	74.47861481	131.160965	149.4884186	114.5870743	50.72230148	124.9670105	94.04199219
Q91V64	873.1171265	765.3883057	908.118042	833.9526978	1041.911133	981.8908081	876.3247681	918.0991821	1091.20459	1036.907837	990.9315796	1078.273926
Q91V76	7906.250488	7179.567383	5893.621582	7474.679688	8871.791016	10566.87305	9973.555664	7705.20459	9522.882813	7802.498047	7888.572754	7739.629883
Q91V81	0	162.8215027	182.5572968	157.9797363	70.40895844	54.66553879	136.6014099	44.19130707	130.0978241	181.5250092	111.4501266	37.08173752
Q91V92	3907.15625	3693.56543	3468.302979	3894.854248	2766.170654	2441.847168	1751.469482	1852.270996	3004.987305	4651.87207	2107.546387	2984.30127
Q91VA0	22227.95898	19928.88086	19485.50781	20662.74023	20737.63672	19740.93945	19204.12891	18248.73828	20748.35938	21331.49023	23209.81641	22216.31445
Q91VA6	1061.142578	867.1660767	799.6826782	924.1506348	837.5054932	934.1810913	874.0472412	833.1589355	846.8603516	895.7996826	1175.697998	841.473877
Q91VC3	478.405426	515.0693359	629.8429565	541.0163574	402.4040833	503.8823242	617.9019165	409.1509399	374.4332581	440.3936768	523.6203003	489.489502
Q91VC4	221.5762939	225.4209137	189.0370636	182.8798676	174.8604126	227.3755188	161.1560059	247.2596588	222.7482452	80.72119904	95.69760132	104.3170319
Q91VC9	155.7097473	92.05253601	135.7711334	99.3375473	165.6515961	110.9177322	86.80944824	89.87454987	104.436203	99.67936707	64.72399902	140.441803
Q91VD9	5707.79248	5050.061523	5201.223633	4933.479492	4379.821777	4790.401367	4434.248535	4037.599121	5344.503418	5643.693359	5573.062988	5078.519043
Q91VE0	144.8401794	230.7994385	159.2814026	98.46857452	146.4091034	179.1387329	206.4009705	185.8912048	168.4561615	222.1041412	211.3630981	137.1211548
Q91VF2	235.3296204	345.7800598	290.0638733	308.7327271	237.6797943	184.9140625	177.3143158	267.0702209	331.591095	254.8215637	179.9407349	325.7944336
Q91VH2	212.7155304	157.7052765	204.1179504	187.4247894	151.937027	161.721817	179.8431702	101.1003418	169.1178894	143.8874512	132.5565491	184.3538818
Q91VH6	319.3012695	303.3821411	505.6298523	351.9645691	433.1795959	281.2787781	250.6598206	312.9546814	309.441864	357.4044495	403.5437622	279.6647034
Q91VI7	1838.796265	1607.782227	1599.590698	1762.23584	1856.560547	1707.098877	1911.726685	1513.32959	2080.508789	2126.985352	1365.829346	1697.433228
Q91VJ4	112.0984497	163.6562653	147.944931	166.6916504	151.018158	130.1133728	208.411972	271.3342896	87.64655304	177.0172424	160.835968	81.6881485
Q91VM5	1346.422729	1482.27002	1539.814697	1045.437134	1254.19104	1329.191772	1339.310791	1636.697754	1328.394653	1554.932373	1420.90625	1619.801392
Q91VM9	1524.349487	1649.640381	1448.281372	1628.207764	1447.340332	1405.167847	1252.276978	1269.557495	1673.094238	1332.773926	1520.66626	1640.93042
Q91VN0	412.6758118	432.7260742	477.1175537	388.7782593	326.4856262	323.6803894	416.7601624	262.3495178	309.031311	401.6278687	154.6484833	397.3700562
Q91VN4	40.19804001	26.9113884	52.5994072	55.85570145	23.34485817	61.85306931	11.08208084	31.51453209	41.39154434	18.1453495	30.1948719	22.35120964
Q91VN6	0	107.6730423	0	0	37.49346161	104.2552032	0	0	0	19.60919571	12.81126308	96.57467651
Q91VR2	10483.37305	8754.207031	10830.53223	10704.99902	6873.334961	8473.834961	7193.102539	6613.453613	9059.533203	7715.088379	8332.046875	8089.977051
Q91VR5	665.5759888	741.3901978	828.9255981	561.6481934	741.3174438	758.366394	748.303833	816.5751343	702.3458252	736.380249	643.565979	650.0760498
Q91VR7	0	127.4208603	63.98122406	0	187.5034027	272.8025818	310.8231201	375.8609924	0	57.76823425	97.36569214	68.19548035
Q91VR8	34.7057991	55.20135117	150.3998108	273.3359375	122.5386124	118.0885925	123.1300888	30.4990139	146.6609192	42.60031509	76.62523651	37.08374786
Q91VS7	11491.29004	16291.20508	17747.62305	22567.49805	28581.89453	25894.83398	28022.58594	17696.80664	29781.67773	21675.61914	31271.73633	24132.20313
Q91VS8	120.9447021	82.92321777	116.2358322	63.26391983	94.37440491	105.7745667	110.0392914	137.4523773	72.01026917	91.67024231	110.6884003	95.24023438
Q91VT4	1396.928711	1207.5625	1572.13562	1172.483765	1150.653687	1201.571289	1094.930786	1040.068359	1532.432495	1374.504761	1305.252563	1279.954468
Q91VU0	276.9568176	246.0381012	263.7991333	140.0034027	138.1661682	182.3584137	193.541214	120.8005676	119.143219	162.8228302	75.10353088	144.3383942
Q91VU6	73.0933609	100.0085831	128.6268921	82.45462799	136.5806732	64.50067139	99.43048859	97.34779358	144.0351715	129.8018036	110.9474487	111.0596161
Q91VW3	508.5938721	229.9726257	305.6216431	460.7557678	335.7967529	409.1447754	475.7062073	260.8798523	444.2513428	304.4265442	272.8238525	344.5158997
Q91VW5	0	146.8233643	96.12369537	119.2566376	181.8561401	269.7669678	343.6378174	245.6589508	985.303833	197.5979156	191.2438202	260.7159729
Q91VY9	31.65813255	78.84864807	76.74508667	59.84767532	64.36569977	42.06957245	76.31270599	83.58444977	86.53611755	79.70236969	126.0212555	87.17702484
Q91VZ6	219.225647	148.6184692	382.0352173	214.3455048	110.1928711	68.21035004	171.2863617	212.6129608	85.31949615	225.0296021	201.2864838	189.7735748
Q91W39	172.9802551	119.1776352	122.4539261	76.24440765	196.29776	52.37932205	107.7701492	86.79878235	158.9433441	118.1947021	57.39809036	131.1373138
Q91W43	1953.202393	2395.961914	2071.149658	1914.836182	1460.033203	1374.067139	1096.640503	1376.081421	1659.123413	1851.761597	1952.316162	1858.704834
Q91W50	1425.065308	1372.319458	1506.710327	1412.189819	1561.592407	2074.267822	1603.65918	1084.379883	1543.023315	1304.479858	1374.260376	1008.706726
Q91W52	406.7752686	226.8109436	342.4521179	668.6433716	327.7739563	388.6947937	261.3443909	803.9335938	239.0703888	790.1262817	1102.994263	419.8467407
Q91W63	163.1909027	74.31317139	167.4483032	222.8253021	107.6941605	172.6315308	113.4041748	139.8455048	71.97460175	157.9116364	161.346817	58.65922928
Q91W64	3043.912842	2900.760742	2525.755371	2249.512207	2445.209473	2302.243652	2304.307861	2369.747314	2330.181885	1884.699707	2577.139893	2877.862793
Q91W89	25.96058464	57.54802322	65.76867676	61.38595963	139.4210815	62.34621048	57.64627457	114.4501801	68.36936951	65.13821411	146.7705383	98.75782013
Q91W90	5565.211426	5443.930176	5506.406738	5541.76123	7125.097656	7128.047852	7991.078613	6918.185547	5374.723633	5537.097656	5431.162598	5291.981445
Q91WB4	41.89300156	35.08326721	0	0	0	22.28447914	34.42114258	44.589077	0	36.50998688	0	94.53787231
Q91WC0	100.3679886	49.35032272	306.3636475	181.1983337	104.0336838	191.777359	93.7177887	124.3632278	145.029129	93.77169037	110.6542511	69.93422699
Q91WC9	25.92733192	0	0	0	250.4118805	173.7489319	47.11294937	129.3875885	92.15896606	143.9999237	66.65047455	191.807724
Q91WD5	1742.027466	1969.327148	1873.272217	1594.064941	1644.14209	1598.06311	1553.013428	1665.419556	1956.503418	1748.618286	2140.003662	1829.845093
Q91WE1	83.11794281	72.07931519	47.66113281	205.8051758	62.98707199	174.2796478	50.5325737	45.28769684	47.70241928	0	43.76527405	0
Q91WE2	161.7527466	171.5929413	0	186.5602112	133.195755	51.13995361	105.4388046	59.30398178	230.5606232	205.1671753	0	87.89939117
Q91WG0	1518.044556	1767.015381	2877.63501	1645.771362	2137.506592	1744.191895	2384.364502	1695.479858	1840.200195	1575.678467	1307.633057	1928.664673
Q91WG4	0	137.4516296	0	0	127.1211853	97.21716309	208.2200928	72.65932465	0	0	60.47691727	0
Q91WG8	1149.666138	1302.438354	1010.180054	1156.154907	1026.311279	935.1976318	1291.449829	795.3397827	857.2302246	828.0021973	849.5808105	743.8291016
Q91WJ8	272.5467224	277.5374756	304.0073853	262.1771545	251.7992401	224.4144135	260.8635864	278.7312622	237.6616364	252.0519562	158.1322784	200.9357758
Q91WK0	71.59268188	76.5193634	130.0351257	61.95238495	58.29169846	95.76811218	86.85751343	79.27501678	77.35584259	52.95989227	57.05958176	45.05249405
Q91WK1	634.585022	529.3621826	580.9058228	575.5004883	498.127655	377.7055359	438.225769	319.0942688	481.2102966	577.0986938	560.2784424	556.3128052
Q91WK2	562.4849854	642.0076294	621.6949463	625.6888428	538.8345947	634.5159912	714.364502	784.6881104	580.9949951	661.0525513	576.3688354	665.0933838
Q91WK5	603.5061035	475.4873657	458.8818665	334.9076843	288.7008972	439.993927	467.4769592	705.4873047	29.78721237	392.7035828	96.1913147	343.6062622
Q91WL5	358.6504822	425.0159607	363.918396	327.9563599	632.289978	446.1271057	684.2973022	630.2800293	745.5823364	513.7266235	514.1567993	527.2180176
Q91WM2	909.6506958	736.284729	851.5802612	977.4564819	544.2587891	761.897522	652.9146729	592.8827515	688.632019	557.2936401	793.3787842	576.4158936
Q91WM3	100.9593887	102.8790665	103.8298645	100.4897461	165.5444794	97.81976318	140.5002747	116.0388031	0	51.3983078	63.52758408	88.96955872
Q91WM6	221.4256592	442.9755554	195.1135864	279.3897095	304.7215271	272.4949341	284.9438477	541.8338623	485.4641113	343.0429688	411.5993042	321.4250183
Q91WN1	49.88617706	30.99709702	0	69.84626007	0	0	12.69562626	0	42.55880356	52.17547607	0	55.82215881
Q91WN4	5646.058105	5446.972168	7217.055176	5393.04541	5260.312988	5093.483887	4899.163086	5369.884277	6571.189453	6043.438965	6051.029297	5904.186035
Q91WP6	119.3092575	72.42445374	216.4565887	119.5565033	124.2500458	107.246788	162.7078094	102.864357	160.7334747	193.3504639	121.6680222	236.4772949
Q91WQ3	611.8674927	612.5756226	701.1294556	624.0785522	812.9563599	809.2113037	894.2601929	622.3798218	647.2878418	491.2137451	605.6346436	781.2241821
Q91WR3	118.0308075	77.5385437	216.3659821	87.47966003	183.7582245	165.9651642	133.8059387	153.3235779	193.114624	78.64774323	109.4199142	145.3019867
Q91WS0	3327.856201	3869.244629	4228.60791	3632.912109	3811.857666	3282.90332	3835.090332	3121.168701	3024.657227	3268.344482	4577.79541	3710.692139
Q91WT8	589.7156982	463.8806458	452.248291	607.9664917	694.0403442	752.3640137	612.5389404	572.5957642	511.3233948	600.7995605	563.7532959	678.8395386
Q91WT9	5453.117188	5314.166992	5059.022949	5082.243164	4301.600098	4569.776855	5026.67334	3569.068359	4132.746582	3626.257324	4346.959961	4083.853516
Q91WU0	14001.2793	11105.60938	11830.74512	11927.49219	18734.67578	18173.00977	20951.3125	22444.68164	17164.19141	16370.8125	17583.63477	15688.90137
Q91WU5	686.6916504	689.7046509	632.87146	579.819519	554.1282959	546.8231812	482.2617493	494.4805298	434.0717468	463.678772	575.3114624	506.4099121
Q91X34	1799.067139	1722.354614	2025.827637	1558.862793	2597.945557	1981.64624	2775.410889	2153.365723	2328.733398	1973.542603	2703.122559	2147.341553
Q91X44	832.453125	985.0183716	1022.608459	840.7111816	887.3092041	976.4331055	800.6321411	1048.289429	1183.510742	1201.283936	1196.26123	1058.791504
Q91X51	113.3145905	144.2443237	63.40317535	65.92686462	0	64.22652435	71.59895325	55.50038147	67.82998657	44.37930298	16.03632164	61.37538147
Q91X52	1673.540161	2095.683594	1700.52832	1770.710815	1055.406616	1263.301514	1346.310059	1363.069946	1979.947754	1646.156006	1821.207886	1903.65918
Q91X72	2347.597168	2949.878662	2992.920898	2828.01123	3080.045898	2546.245117	2767.00708	2086.14209	2472.794434	3381.300537	1997.028687	2881.872314
Q91X77	2908.711182	2474.307861	3252.553467	2357.443115	2704.999512	3280.043457	2568.236816	4739.670898	4698.963379	3025.73584	4355.006348	3166.644775
Q91X78	298.3009338	293.7280273	321.7221069	308.8398743	277.5976257	257.2283936	400.9026794	399.7480469	229.713913	237.4983521	358.7554932	275.4398193
Q91X79	44.68222046	56.48126602	1218.065308	0	0	0	0	20.8333168	0	19.24563789	0	0
Q91X83	29648.5918	38259.36328	32058.49219	34940.31641	26887.05273	25752.07617	25753.4375	20682.50195	30932.0332	45052.40234	50053.76563	35014.35547
Q91X91	1756.790039	2323.249268	2231.301514	2157.646729	2040.569702	2033.667847	1805.866821	2410.678467	2280.134521	2905.328125	1863.354126	2405.745117
Q91X96	733.0794067	682.8325806	221.1841888	593.588501	656.0357666	598.8928833	624.5103149	612.0842285	642.8777466	759.0089722	548.7149658	610.9429321
Q91X97	102.2391052	13.89128971	74.56182861	56.02336121	90.08889771	82.18579102	91.28194427	117.3555374	80.62770081	26.0944519	28.76476669	0
Q91XB0	29.22754288	34.30709839	0	32.16953659	89.90788269	101.8701172	75.61490631	17.21765709	86.39338684	61.45127106	70.02733612	23.30611229
Q91XC8	88.57258606	0	0	113.0787048	0	173.8846893	0	212.3921051	300.1512146	569.829895	157.2414398	255.3436737
Q91XC9	141.9365692	74.68281555	153.9997864	80.23139954	93.59267426	132.1997223	163.9654083	57.49196243	152.0860596	125.6632538	259.1377869	58.55471802
Q91XD4	7677.34375	8453.493164	7393.664551	7954.449219	5727.10498	5640.475098	4947.539551	6851.739258	9056.259766	8714.560547	7472.001465	7788.801758
Q91XD6	317.3630981	207.9359589	296.9355164	198.9220581	185.5807953	247.5237274	126.6681366	162.9730225	235.2866974	226.9655457	269.7032776	168.7721863
Q91XD7	62.98749924	160.874588	128.2793732	105.8696594	159.8177643	233.6102142	264.8877869	163.9996185	154.1279602	129.1258698	91.36228943	142.6857758
Q91XE0	12913.02637	13461.18652	12596.30859	13020.26172	14146.56934	14113.55762	13237.15039	12996.10059	13302.19922	13803.05469	14061.25195	14793.5459
Q91XE4	877.2896729	1140.164063	897.2251587	1160.546387	1140.507568	1165.359497	877.4881592	988.9450073	1349.665039	1222.729736	867.9365234	1283.3927
Q91XE8	4164.64502	4369.249023	4646.402832	4294.761719	5182.774902	5902.058594	6484.434082	5386.624512	4359.924316	5359.800781	5312.315918	4847.272461
Q91XF0	1556.913818	1999.426392	1725.804688	2162.860107	2052.766357	1369.065796	1847.541138	1657.021729	1422.488403	1613.071533	1597.787354	1686.505737
Q91XL9	256.6133118	184.697525	113.8609314	155.1083221	233.5861969	217.5119324	151.9222565	166.8942261	171.8723907	166.160202	214.5655518	182.7081451
Q91XT4	316.3125305	340.9512329	327.4993896	300.7542419	353.6969299	319.7466125	413.9039001	315.184021	372.9787598	280.881012	319.2116394	254.3092499
Q91XU0	59.06081772	67.25717926	125.3454742	70.0218277	109.9257431	134.0307922	96.16162872	165.0656891	63.74355316	79.71524048	160.2616577	104.7455826
Q91XU3	110.1934128	54.92176056	95.83515167	72.69480133	104.386261	132.0095825	60.02846909	49.21860504	88.78265381	35.5758934	71.82204437	56.11076736
Q91Y74	55.7586174	72.97016907	80.22822571	77.38470459	42.82698441	155.3678284	34.48807907	44.45559692	39.93051147	36.09469223	85.20386505	50.47153091
Q91Y97	97224.625	94858.84375	84067.85938	99769.82031	90992.32813	90538.91406	86089.14063	83373.80469	103171.4609	120621.1484	92062.25781	94345.36719
Q91YD9	136.847702	140.9362793	173.7199554	165.8774414	144.6867828	161.9926758	179.7857513	222.9420776	182.0562897	237.5596008	202.2417908	212.0319214
Q91YE6	101.4546127	115.5701447	184.7874451	127.2966995	85.79693604	115.2847672	65.8802948	65.71750641	102.9854584	108.9303284	72.72324371	79.22364044
Q91YH5	376.746582	344.9847412	399.8503723	323.3044128	450.3144531	411.1585083	551.9578857	466.622345	499.2652893	445.5519714	434.79953	396.2250366
Q91YI0	18203.39258	20582.58398	19403.62109	20914.99609	14593.11816	13441.98047	12272.91309	13974.65527	20502.27734	19621.32227	18990.91797	19746.33008
Q91YJ2	95.48384094	116.4980392	167.4427338	132.9218903	134.5877228	148.6519012	217.2598419	120.2478027	119.4440994	74.54401398	86.83348083	101.5438385
Q91YJ3	211.0433197	130.6554871	121.3242264	123.3416977	108.8953934	146.3053284	211.5034332	135.7988739	74.29780579	137.4433441	215.9534149	139.2684479
Q91YJ5	80.70383453	92.78790283	108.9725723	125.1113281	64.49422455	102.0160522	144.3845673	185.2138062	107.4214401	61.29135513	105.1516113	126.8220749
Q91YM2	58.7111702	51.80545425	41.72416687	34.21366882	50.07940292	76.44944763	64.0539856	63.11249542	53.76829529	42.25238037	45.83402634	198.270462
Q91YM4	167.7915039	163.2072906	84.97516632	94.32532501	287.4897156	243.6878967	258.1356506	245.4832001	342.5929871	325.1357117	189.3795776	272.0213013
Q91YN5	141.5480957	266.9388733	162.5180206	230.0454865	144.5015869	207.1581268	169.7933502	169.8873901	234.4782715	146.5414734	147.2783966	266.8070068
Q91YP0	747.8998413	928.803894	1001.482971	812.6028442	694.9694214	594.2427368	626.527771	580.8477173	608.7574463	600.2957153	838.234375	777.973999
Q91YP2	202.7214661	280.7356567	349.3435669	283.2161865	178.0831146	294.6474915	218.4411621	300.8939514	307.3131409	279.715332	300.5475464	233.4139557
Q91YP3	525.0298462	640.9647827	476.2590027	561.9092407	567.855957	543.4155273	428.4112854	666.9528198	508.7111816	640.9647827	505.4236755	664.446228
Q91YQ5	4725.59668	4551.854492	5926.057617	4781.73291	6216.118652	6300.255859	5341.710938	6628.396484	5501.006836	5942.714355	5809.977051	6141.00293
Q91YR1	388.9126892	437.7157898	499.2029114	563.4700317	492.0558167	489.0696106	527.6387939	463.0582581	574.9602661	525.5227051	524.6533813	601.6011963
Q91YR7	110.2053223	76.73574066	152.0227661	115.0247498	104.953949	151.4499359	70.79319	96.62234497	118.695076	90.66976929	111.7326736	100.9368439
Q91YR9	120.3095856	109.7407608	183.9663849	168.3873596	106.2520828	75.55786896	61.64064407	73.40322876	124.0608749	381.6760559	95.39216614	95.57227325
Q91YT0	4194.319336	4234.643066	5007.122559	3708.012939	3694.598877	3590.252441	3522.799072	3722.301758	3807.307861	4112.758789	4696.154785	3960.994385
Q91YT2	46.069664	89.98763275	51.40161514	24.8204174	86.67790985	44.48440552	50.94826508	45.49542236	26.19709587	165.4713898	81.37998199	56.7294693
Q91YW3	1100.341797	928.1135254	974.9294434	806.0032959	1298.997437	1181.18042	1257.808716	1242.714355	952.8745117	1093.971191	878.256897	1102.98999
Q91YX5	288.4285889	355.8476257	347.7399292	203.3834839	300.5087891	306.6083679	377.3102112	443.1026611	194.1873322	286.2250671	326.3389587	308.1155396
Q91Z31	55.89360428	66.81520081	45.01782608	84.76828766	54.54047775	90.23951721	47.6495018	85.53767395	66.73432159	26.82331085	80.59391785	56.66094208
Q91Z38	279.481842	196.2516327	366.180603	166.6295319	206.8918152	123.0481796	257.826355	142.4961853	285.5164795	309.8207703	159.2465363	193.3153992
Q91Z40	18.14355087	75.58654022	23.04524422	0	0	29.86394501	0	54.06502151	0	28.99291039	0	0
Q91Z53	11439.54688	11271.34863	13560	11195.99609	11818.13672	13017.79883	12175.03809	11585.85547	14190.56738	12189.16113	10761.45801	13614.1084
Q91Z67;Q91Z69	0	0	0	28.3751545	94.00933838	0	20.83838654	128.7834473	30.0366478	42.52704239	133.2289886	0
Q91Z83	0	210.8619385	397.8766479	0	0	355.0403137	280.2776184	852.7193604	0	131.539978	0	0
Q91Z98	0	0	0	0	0	0	0	99.84713745	0	32.53358841	0	0
Q91ZA3	4630.335449	4208.80957	4575.931641	4371.57373	3752.022705	3711.494385	3222.377441	3832.119141	4728.939941	4493.212891	3763.422852	4505.008301
Q91ZE0	169.2423096	100.9678726	78.26069641	167.0812378	86.94226837	154.3294067	100.4848557	111.557106	89.45452118	72.50915527	129.5388947	93.64295197
Q91ZH7	135.3587646	69.85488129	109.5473251	69.17790985	170.0835266	195.0413208	210.7250977	217.5534515	287.9256897	104.5259781	144.7161102	152.815094
Q91ZJ5	11389.56543	10904.47168	9757.833008	10151.91211	9516.154297	9925.716797	11775.87988	11761.81543	11922.43457	11897.84473	9506.129883	12411.02051
Q91ZJ9	120.5102768	52.05821991	240.6948853	115.9630508	117.5714035	180.3522644	140.0426788	140.0550842	106.2749939	54.24230957	116.7294312	205.0787811
Q91ZP3	0	0	15.70423126	0	64.18830109	35.42178726	43.40758896	0	15.4024334	0	4.105085373	0
Q91ZR1	15.37661076	139.8703156	15.30241966	106.6866074	60.24583817	104.6589355	75.10533142	121.6921768	86.47794342	122.6988144	179.5231323	162.1268463
Q91ZU6	0	0	0	0	0	0	0	0	0	8.61585331	0	11.55929947
Q91ZV0	715.2049561	543.4807129	736.7600098	560.1338501	621.0953979	759.7706909	793.8991089	651.192749	483.3143616	570.8146362	626.9727783	614.9482422
Q91ZW3	119.9380875	124.8406525	157.0720825	97.73633575	68.11417389	92.61864471	140.6536713	161.8355255	115.6307907	122.9044037	118.4011688	107.8637161
Q91ZX7	1090.942139	920.2240601	1083.646362	988.9432373	1019.1604	1040.494141	1071.482544	1107.99231	964.4997559	1052.093506	1103.874268	1180.438843
Q920A5	916.4363403	1086.395264	1310.578613	1261.393066	1385.306763	1098.418091	1634.036987	1010.743591	760.6581421	772.3562012	842.1897583	801.8765259
Q920A7	161.723877	204.2595062	276.031311	227.5552216	182.6790619	196.8195801	179.2838898	277.3362732	189.8844299	218.3907623	198.1001434	329.3996887
Q920B9	137.5714417	152.9968567	151.6312408	103.5172272	151.8769684	156.7688599	120.6307144	154.0801544	119.0448837	124.8839722	53.12133408	142.6895447
Q920E5	4459.719727	3996.659912	3560.256836	3948.038086	742.3744507	391.4416199	260.3909912	206.7904816	566.3862305	609.1408081	643.22229	289.8092651
Q920L1	429.4329529	384.3304443	461.397522	428.0617981	516.9725952	410.6734924	459.7024231	321.3308411	309.038269	424.0509338	505.3664856	311.8985596
Q920Q4	67.40011597	160.3596039	280.5053406	108.961441	111.8213959	116.1456375	201.4862823	180.3966827	112.0769958	146.9509888	166.6185913	113.8971558
Q920Q6	131.1678467	113.8966827	100.9367294	176.6405487	134.6687164	196.6064453	171.7218323	148.5080719	196.6164856	196.3001709	107.5895691	57.27030182
Q920Q8	107.8454819	62.14010239	73.52185822	72.26203156	133.9717865	90.49990845	115.7083282	146.2729797	135.165329	33.72980881	42.32276535	48.30070877
Q920R0	54.58888626	62.05524063	95.85728455	71.10946655	75.91802979	84.5140686	70.44165802	107.2186279	32.67258453	49.99046326	55.93826675	61.62626648
Q920R6	365.9604187	477.3892517	512.9661255	589.9713135	353.5916138	470.9146729	384.5200195	530.2642822	530.6342163	267.1393433	535.4840698	339.8597717
Q921F2	1489.18689	2032.938843	1690.800659	1665.250244	1589.824219	1745.511597	1482.24707	1882.855347	1768.04834	1676.676392	1857.774414	1432.859741
Q921F4	204.2186737	297.2891541	222.1949615	330.0565796	201.5675812	148.9005737	150.3123474	265.2361755	172.9238281	248.8419342	275.0996094	304.4312439
Q921G7	9545.927734	8606.975586	9385.961914	8247.910156	8508.933594	9007.753906	8639.638672	9044.71875	9049.958984	8761.62207	10274.80762	9093.375977
Q921H8	6011.907227	5002.561523	5847.803711	6494.683105	6041.037598	6349.52002	7601.823242	7355.062012	5876.693848	5585.029785	6180.620117	4223.188965
Q921H9	504.7217102	294.3279114	496.9627991	406.9320679	732.5507813	473.145813	461.9478149	369.3070068	421.0230103	507.2249451	567.4936523	399.6103821
Q921I1	11254.34766	11540.26074	12346.87695	11851.16406	11958.14355	10633.59473	12690.49512	11511.59668	10200.08105	11966.07031	9216.748047	11138.09375
Q921I9	101.1320114	109.1792068	280.7523804	183.072403	187.9356689	83.00298309	113.2227707	128.1902161	103.5892868	98.13772583	97.98508453	103.8732834
Q921J2	167.4967346	140.7981415	184.0502167	72.69393921	175.3369598	184.1248474	198.140152	133.8506927	180.8512421	114.1351471	125.4270096	121.6387405
Q921L3	420.4116516	496.0535889	251.0142975	508.5135803	510.0975037	523.3753662	339.8077393	643.557312	634.1727905	404.6982422	291.9435425	551.7056274
Q921L5	167.529129	123.5618896	81.8091507	138.3792419	107.3789215	143.7865601	66.91622162	93.07879639	144.8724518	22.55393219	55.12678528	94.89674377
Q921M3	280.5522156	301.8049011	338.7593994	267.7531128	315.8439941	313.1120605	339.5704346	323.9067993	343.4914856	292.3418274	336.1698914	303.155365
Q921M4	175.4225159	195.270752	271.9324341	209.1007843	91.6149292	166.1629791	187.7679443	155.7159119	154.486084	166.6925659	154.7256927	177.1122284
Q921M7	123.1323929	63.6689682	236.5736084	139.0410919	0	148.3308868	180.2012329	165.5343628	187.7185974	152.7068024	121.135994	168.353653
Q921N7	91.60819244	203.5756836	266.0785828	167.0992889	163.2507019	203.7221832	31.95232582	159.2133331	218.2526855	162.7723083	44.77347565	128.7948914
Q921S7	164.3896484	191.1304779	234.9259644	188.1574249	105.7434769	188.2421112	173.3561554	189.9711914	192.3547974	192.2204437	213.3482208	185.4037323
Q921T2	262.6279602	245.7881622	185.9050446	223.6737671	308.8617859	290.1479492	297.2389221	369.4397888	395.5770264	207.1289215	302.5583801	226.5586243
Q921V5	58.27645111	58.55050278	60.43223572	25.57944298	24.69101906	31.53611374	46.50249481	70.76985168	26.40308189	0	42.32627106	81.95716858
Q921W0	62.26655579	149.3076324	158.9644165	186.1576233	237.6622925	82.33272552	187.6710968	101.3237228	118.3046875	160.818924	265.687439	146.0999908
Q921X9	1694.774292	1693.743774	1981.465942	1753.609863	2019.875366	1973.991333	1822.641479	1988.242676	1865.465332	1696.607666	1729.831421	1978.601563
Q922B1	7874.701172	12245.43066	9925.290039	8827.739258	10409.75	9343.273438	8039.361328	9699.783203	14025.92285	12015.58691	13007.61035	11052.74121
Q922B2	1932.87793	1720.221558	1995.290527	2103.710938	2062.598633	1965.595459	1975.814697	1937.795776	2131.621338	2088.110107	1833.714478	1998.26123
Q922B9	163.1404114	85.21285248	258.283783	117.9108124	186.6841888	158.0876007	141.7339935	82.40769196	244.28302	218.8797607	149.2164307	138.0152283
Q922D4	99.88091278	106.4441376	35.75527954	100.9091797	75.16273499	40.57097626	42.82709885	106.7221222	75.40712738	49.45920944	86.06349182	74.28736877
Q922D8	12557.77441	10391.41602	10186.61914	10804.77344	8588.196289	9109.261719	8341.255859	9358.240234	10949.50195	10072.49512	9845.317383	9302.671875
Q922E4	1675.159912	1486.786987	1523.654053	1729.85791	1482.101074	1478.304199	1072.709961	1307.7229	1232.231079	1518.317749	1362.590088	1257.741455
Q922F4	156.951355	246.4315796	180.0378571	129.1329498	201.2120819	118.9686356	130.9661102	242.053833	146.3871613	194.1378174	129.5654297	195.6891785
Q922H4	98.23274231	222.7520447	228.0788116	213.8110352	196.9442596	166.1218719	244.1888428	230.6513672	227.1943817	221.0320129	193.7595367	208.8123474
Q922J3	64.62227631	63.37740326	86.03759766	78.9943924	148.9014435	87.70682526	126.7692642	53.11134338	9.478904724	34.43088531	91.97312927	34.74618912
Q922K7	143.0579834	112.8812561	139.4154816	122.2612381	175.6088867	181.0272675	178.0507202	204.5997467	97.51255035	153.7050476	156.2877502	120.1889038
Q922P9	189.4730225	15.01743698	72.6404953	131.067337	119.6734695	105.9461441	125.5694046	66.16109467	125.2291489	118.5883713	134.4893494	111.3847733
Q922Q1	3761.836426	4800.493652	5062.354004	4690.364746	5715.233887	4464.400879	5117.430176	5276.275391	4983.561523	5132.885742	7101.097168	4684.452637
Q922Q4;Q922W5	15.76408482	0	173.1867218	15.67723465	57.41561508	0	0	31.03918266	0	13.55845928	0	0
Q922Q8	9299.128906	8742.119141	10121.16797	9045.848633	10437.37695	9644.207031	9149.392578	10456.09863	10694.97754	9587.947266	8036.097168	9772.798828
Q922Q9	21.04356956	140.6485596	105.8813934	20.86636543	53.0103302	280.6357117	57.29283905	81.6227951	20.75829124	34.63999939	59.27518845	79.48735046
Q922R8	13153.08398	11296.08887	13807.0957	11437.06738	15659.32129	16518.66016	16223.27246	18438.91016	12313.52246	13061.55566	13760.69336	15913.38965
Q922U2	775.7341919	630.4484863	1370.786011	722.7028198	104.9656372	332.70578	594.7670898	479.5128479	1253.252075	783.1765747	537.8552856	922.4812012
Q922Y1	298.7088318	315.2793579	192.3442688	188.5459137	316.3345642	167.7290497	234.6045837	358.1880188	368.1822205	290.3233643	263.1835632	179.2481842
Q923B0	185.776825	286.2253418	212.1098938	247.800705	316.2427368	287.03479	351.2092285	453.0687866	215.9124603	431.8019714	425.9391174	476.0334167
Q923B6	417.9667053	361.6592102	355.1768799	477.7272644	665.8195801	501.8363953	617.4971313	450.4465027	483.2310486	557.0415649	398.5815735	438.5157776
Q923D2	10248.93848	10126.50781	10225.46289	11733.38477	15135.89941	14714.45703	16658.76758	14809.19531	12806.25586	13542.91797	11705.38184	11368.79199
Q923D4	70.19464111	135.3942413	55.74728394	118.208107	83.56864166	65.06430817	104.5408859	90.74210358	74.7469635	79.05715179	116.4216385	26.25913048
Q924D0	583.0424194	692.552002	695.9104614	460.9295044	614.0970459	608.8244019	502.3409119	688.590271	581.536438	468.8032532	523.6921387	714.5336914
Q924L1	89.5485611	74.21950531	189.2433929	73.08521271	62.74676895	85.61460876	45.4053688	48.68842316	70.57346344	63.56781387	121.9367065	60.79332733
Q924M7	48.66684341	96.92327118	131.5196686	95.16576385	108.885025	72.31246948	111.378624	89.37962341	133.2716522	120.5144806	63.1848793	90.17241669
Q924T2	305.697998	282.8255005	195.1679077	311.3751221	132.3327332	132.1543579	220.0376129	182.8381805	292.9014587	174.7862854	133.9931946	178.7112122
Q924Y0	1630.280884	1620.387085	1911.609253	1563.53418	1981.107178	1679.208008	1848.497925	2006.948853	1963.828979	2415.941895	1858.937866	1759.846436
Q924Z4	800.6679077	846.6045532	656.1921387	965.3678589	863.8182983	684.4917603	740.3039551	843.9755859	974.1850586	817.6467285	833.8303223	748.5222778
Q925B0	31.67506409	99.58641815	126.1535492	58.02163315	104.5480804	43.88124084	87.22875977	123.1597748	49.20673752	129.6007996	76.29333496	78.11721039
Q925F2	122.612442	81.56531525	0	76.73064423	177.2336731	0	123.1114273	99.85682678	0	185.9395142	65.53741455	118.9318619
Q925I1	2592.108887	2451.130859	2743.112549	2382.444092	2175.840332	2332.915039	2130.201416	2038.751465	1976.07666	2412.894531	2799.726074	2217.581055
Q925N0	125.3107147	183.9076996	198.8334351	262.2354736	254.6368256	210.7414703	167.3311462	179.9418945	148.3267212	290.4961548	258.7115173	102.9480896
Q925N2	1472.406372	1257.044556	1233.721802	1315.113525	1133.976318	1024.199707	905.5740967	1041.11377	939.6654053	1121.229736	1668.175049	923.3393555
Q93092	4209.771484	3610.003662	3149.190186	3144.26416	4118.446289	4105.394531	3710.468994	3182.059326	4118.947754	3602.151123	3781.320068	3297.877197
Q99020	2271.218262	2593.483887	2294.090332	2146.348633	2182.136719	2329.293213	2639.480713	2526.580078	2366.036865	2286.583252	2368.2229	2287.654053
Q99J08	7364.604004	6928.524902	6649.627441	7844.609375	7564.662598	7444.727539	8055.219727	7396.809082	9148.535156	8694.608398	9064.694336	9714.52832
Q99J09	141.2903137	57.15879059	222.5828705	85.19028473	120.139122	97.37011719	159.8616028	146.9783936	151.5150146	104.7174683	111.3657608	211.2598877
Q99J23	0	13.05626583	0	41.83319092	23.86868286	8.762572289	38.23796463	64.28348541	5.935908318	51.97289658	86.63260651	46.73963547
Q99J36	65.49843597	121.6082458	88.53878021	100.3783951	179.1173859	107.8967133	110.2232437	162.7376556	63.01575851	51.1724472	92.66023254	85.87969971
Q99J39	1038.130615	942.1191406	1090.275024	911.807312	915.668396	806.3648071	789.427124	789.3240967	840.2700806	697.1038818	940.3865967	946.3505859
Q99J47	414.7380981	347.5559692	467.6872559	482.7099609	467.162384	491.4602051	576.4407349	376.5308228	480.0641174	330.1216431	297.2734985	331.8098145
Q99J56	408.0834656	279.8574524	281.8821716	262.0943604	246.6008911	298.3222351	339.2257996	489.2851257	399.9752502	220.3367767	300.2858582	232.5434418
Q99J62	0	59.27570724	0	0	0	0	0	89.1980896	0	0	76.9066391	0
Q99J77	522.1101685	470.2210693	504.3504639	394.1850891	480.5805969	534.7703857	596.9395142	503.3808594	550.6080322	543.7405396	355.0056152	540.4144897
Q99J83	82.88311768	78.63568115	31.9503212	61.26539612	35.8359108	50.35020447	78.3649292	85.13452148	116.8037796	53.17887115	47.12451172	40.62704849
Q99J93	247.7952728	82.39189911	269.537262	149.2314911	88.62986755	292.3100891	241.7427979	263.3535156	145.899231	203.3235016	79.47222137	291.1604919
Q99J95	0	224.2100067	0	52.91606522	155.5225525	177.5928802	185.2719574	143.4019623	243.8059845	21.26263618	0	83.63459015
Q99J99	4214.749023	3828.057129	3591.375732	3753.7854	2178.324951	1985.703613	1899.128296	2151.886719	3463.070313	3844.592041	3650.533203	3400.847168
Q99JB2	1059.089722	729.9658813	867.4359741	677.392334	622.7043457	849.3075562	608.2229614	732.8560181	780.4186401	743.7265015	916.7536011	744.5975952
Q99JB8	406.1648254	526.2819824	543.3597412	583.8250732	374.3720398	405.5438538	444.5296021	422.5087891	409.2145081	414.0126343	448.3617859	413.6913757
Q99JF5	221.9416199	230.1054077	230.3165131	168.2636719	69.19394684	61.69408417	67.36129761	69.50641632	125.2573166	116.2982025	42.49002457	75.3931427
Q99JF8	197.7550201	199.7223511	269.7986145	217.5170288	236.1904755	393.420105	280.04245	278.2216797	218.8427734	244.8695221	168.6429749	207.0128937
Q99JH1	258.5936584	269.1168213	441.2062378	117.3829269	124.712883	61.39297104	65.01407623	121.5957031	136.4524689	79.57967377	126.0634537	131.6468048
Q99JI4	672.2605591	911.9130249	828.3625488	846.5090942	859.8603516	703.4645996	1017.598816	746.0714722	1020.900391	810.9296875	837.4954224	700.3790894
Q99JI6	44.61979294	0	0	45.25828171	6.953682423	48.78120804	66.92227936	142.2752075	0	0	0	77.09838867
Q99JR1	7669.077637	6781.867188	6983.660156	7562.592285	5360.815918	5715.602051	4280.775879	5319.452148	5307.780273	5817.219727	4968.105469	5396.540527
Q99JR5	200.4319458	144.9579163	119.1942825	172.8178711	154.7552185	140.7746124	163.5359192	309.6452942	156.139389	243.1440582	263.0183716	218.5774078
Q99JR6	286.5300598	280.5513	274.3774414	166.1618805	172.5634918	227.6424255	89.2907486	164.265976	268.0464172	226.358429	133.2733154	126.0634232
Q99JT1	108.4661636	117.0749664	88.86964417	89.34428406	52.91081238	76.01821136	74.09347534	134.10672	80.19754791	73.1696167	52.60887146	69.95556641
Q99JT9	1310.767944	1482.073364	1043.954468	1534.380859	1080.03418	1247.587646	1268.706421	1113.465332	1344.572632	1345.85437	937.4223633	1087.845703
Q99JW2	1531.618774	1311.176636	1077.993042	1237.848511	1059.179932	987.7235718	983.0412598	948.2041626	1148.670166	1530.608643	1347.543335	1485.012695
Q99JW4	79.78491211	157.7233887	132.2189789	76.80131531	141.1251831	58.47223282	176.5823822	109.8687592	129.5228729	189.0622101	166.6172485	144.6319427
Q99JX3	191.4801636	326.8089905	358.1201782	341.4706726	226.5983124	246.6375122	223.5764618	155.7151947	281.8042908	260.4616394	263.4707336	178.1025848
Q99JX4	243.6679535	206.7503204	201.0993042	180.9254761	160.7926025	173.7540741	164.9280243	154.9771271	174.7528534	80.07465363	133.9380646	143.6650543
Q99JX7	177.5070496	111.8084259	187.4487	113.8513565	131.4261322	145.604538	165.5469666	137.9811249	123.9634399	118.7269974	105.4477234	74.02223969
Q99JY0	23970.79102	24517.76953	18767.08984	23564.48047	24385.86328	23955.89063	24679.33984	25082.9043	21193.85156	24275.83008	26529.80664	22202.85156
Q99JY3	533.0122681	435.6057739	424.6105347	379.0834656	621.7771606	649.6674194	614.4289551	647.1461182	651.8705444	574.8046265	758.4802856	677.4992676
Q99JY4	99.39441681	117.4904633	129.4400024	128.5211334	119.8760376	105.399231	148.1853333	101.8691559	101.5987473	79.04998779	119.6052246	112.2042694
Q99JY8	166.4179077	154.8935394	207.2857361	146.3807068	213.6180878	225.7029724	245.8933716	236.9025726	276.5693359	273.7059326	215.3491211	295.0072632
Q99JY9	1939.101196	2321.385742	2307.133057	2257.193604	2269.141602	2180.001709	2250.268311	2272.680908	2166.180908	2325.448242	2057.637695	2241.370605
Q99K01	107.4320526	180.6768036	147.5020294	162.0188141	149.3833466	143.9163818	146.7532349	208.8690338	193.0449982	172.786087	215.1013641	194.2442017
Q99K23	257.8043823	247.2362518	224.2200928	197.4568634	246.5048828	163.2356262	282.4495239	239.9401398	221.1208038	167.3937988	263.3912964	321.1795654
Q99K28	489.2087708	587.5333862	340.3691406	428.428009	407.739502	300.8234253	314.8684387	507.2108765	600.8822632	429.458252	350.3923035	361.8659668
Q99K30	703.1453857	690.2402344	623.4696045	684.2442017	640.8933105	660.3573608	792.4136353	799.1143188	693.0099487	580.8450928	557.2754517	635.0611572
Q99K41	172.8422241	217.9441986	166.5588074	176.8940277	215.7928772	216.3698578	181.7144318	268.3696594	185.7318878	166.4247131	141.318573	172.3909912
Q99K48	1127.219849	970.6322632	1090.655884	1224.864258	1115.850952	1363.144287	1327.268921	1127.189819	1034.609253	943.6636963	970.1066284	1133.860596
Q99K51	3194.348633	3700.9729	3395.637451	3427.047363	4232.549805	3834.061768	3609.562988	3585.669678	4161.321777	3973.718262	3795.370605	3822.161621
Q99K67	11254.98047	12981.13867	12222.87988	11444.50098	6329.275391	5652.000488	4984.015625	4894.07666	6400.911621	6738.372559	8193.072266	6407.431641
Q99K85	0	64.35340118	122.9203568	0	186.6107788	223.9025421	386.230011	156.0737457	0	134.3097992	98.3746109	76.18812561
Q99K95	65.31388855	74.40567017	65.81908417	165.5199585	226.8775787	198.8025818	135.0329285	32.52590942	195.3247375	73.26712036	120.9011688	179.1755829
Q99KB8	5236.248535	3713.80542	3676.242676	4881.925293	3353.817871	4348.649414	4094.175293	3151.155273	3997.02002	3918.48999	3670.302246	3875.875244
Q99KC8	733.6296387	569.9314575	721.0112305	679.6478882	798.6643677	808.6966553	713.5038452	796.8778687	863.2657471	822.7285767	678.0852661	978.4904175
Q99KD5	80.72220612	92.37615204	65.82165527	97.38085938	34.11198044	12.13581944	77.49041748	110.9511795	80.44454193	78.95739746	0	47.56566238
Q99KF1	1007.294495	1498.008423	1127.274414	866.2280884	1216.726563	1467.381958	1412.817383	1444.323364	1279.514771	1120.776611	1490.629395	1360.225464
Q99KG3	102.3164215	135.6660767	0	43.94002914	51.85092926	28.36439323	107.2700729	111.010437	87.54047394	186.1703339	107.8673248	92.88366699
Q99KG5	269.401123	395.3316345	265.4036865	255.1011963	466.2766724	284.303772	326.3450623	404.233551	243.7310944	266.3827515	365.5649414	375.7675476
Q99KH8	123.5194855	217.2349548	123.5134659	149.7495575	131.952774	122.1850586	118.4134216	176.7358398	226.9726715	145.9996643	63.13681793	118.0044861
Q99KI0	11944.89746	11120.55859	10601.56836	10378.55371	9414.607422	9320.473633	8772.799805	8700.996094	9008.396484	10142.69336	10567.11816	10036.11328
Q99KI3	84.14104462	41.69689941	81.84675598	53.58337021	40.13100815	100.039444	72.30603027	81.3939209	88.45243835	112.878891	83.59025574	45.39645386
Q99KJ8	649.2963257	611.1164551	552.3296509	653.3830566	593.2322998	607.9017944	664.8427124	647.296936	741.3582153	808.7490845	619.8016357	706.7769165
Q99KK1	99.21460724	108.5634689	82.14355469	107.1572418	196.7756958	106.6867294	124.8424225	172.4765472	147.723587	148.8052063	139.6162567	57.08099747
Q99KK2	635.5228882	771.3283081	932.1433105	761.0470581	676.2902222	872.5424194	975.1960449	910.2182007	1013.28656	942.2449341	734.9697876	1026.970703
Q99KK7	512.9437866	468.2118835	444.5153198	526.8756104	405.758728	457.7573853	439.2382202	304.5074463	483.5776672	354.1490784	356.3623962	511.9423828
Q99KK9	103.2368088	84.81187439	154.5387421	97.87330627	171.9022064	197.2374878	99.49953461	116.8912506	45.98177719	150.0187378	92.35852814	84.13002777
Q99KN2	0	26.52121735	0	57.62693405	115.235733	21.93577194	75.38059998	37.29011536	63.88600159	87.40452576	90.82580566	0
Q99KN9	247.8151093	305.2628784	244.9465485	320.3585205	257.5777283	392.2399597	326.286438	265.5997009	335.9258728	355.8385315	338.1531372	220.8181305
Q99KP3	459.8551331	605.492981	425.6914978	507.3668823	192.3759308	195.4435425	213.5383606	248.4218292	220.3374939	287.5170288	231.1513672	257.3362122
Q99KP6	601.9106445	465.3135681	556.4588623	543.8294678	473.160675	486.7373962	473.3346558	475.7584839	485.9298706	357.1272888	465.6292114	405.2972107
Q99KQ4	2168.205078	2146.700928	1945.248535	2486.762939	2340.43457	1947.571655	2399.899902	2266.988525	1819.81604	2262.146973	2098.381836	2253.324463
Q99KR3	2793.389893	2593.64917	3443.25293	3250.481934	3106.374512	2724.494141	2953.19751	2760.424805	2141.436279	3195.710938	3278.085449	3113.678467
Q99KR7	1227.585205	1262.351929	910.2080688	1304.985962	916.2359619	799.6856689	662.4622803	805.2803345	628.2276001	1002.002502	1068.148315	722.5952759
Q99KU0	85.59326935	0	118.4844055	33.32252502	125.1302261	72.92647552	90.07375336	202.6893005	176.8677368	175.3693542	127.7475204	59.79330826
Q99KU6	254.7381134	73.67247772	69.80475616	23.36499405	41.03993607	112.8939438	93.57762146	93.8976059	31.56774902	151.7718658	156.7188416	80.12490845
Q99KV1	1351.458252	1110.588989	1347.065186	1100.551514	1189.453735	1364.612305	1411.713745	1686.574341	1108.380249	1130.503784	1246.981567	1313.119507
Q99KW3	32.85683823	45.20443726	37.72833633	21.45294571	78.46524811	61.74622345	70.37412262	26.98780823	86.51914978	44.84845734	26.12714386	52.01461029
Q99KY4	98.67631531	119.2322083	101.1561203	65.51165009	118.8791733	76.71311188	109.2796478	122.1366272	155.4390411	102.6357498	141.6808014	119.8243484
Q99L04	3086.436279	2839.015869	2972.380615	2716.414063	3349.361328	2648.438232	4146.428711	4303.735352	2384.004395	2337.990479	3446.802246	2705.810547
Q99L13	12772.56543	11135.59375	11919.14063	12442.97656	11317.90527	11423.10547	10416.8125	10495.35645	11821.42676	12359.49902	12128.41211	10898.25195
Q99L20	1874.199585	2388.02832	2213.731689	2827.577637	1177.0271	1153.183716	1259.034912	1107.494507	1780.075073	1584.213257	1459.690308	1211.233765
Q99L43	162.0380707	145.3346252	129.0922089	148.5180969	113.4649887	121.0153809	160.2526703	199.0194397	159.1159515	149.8670044	137.814682	123.1260834
Q99L45	1223.215454	1176.705933	885.2519531	1092.891968	1449.822388	1454.286621	1655.248291	1453.202026	1242.681763	1261.072266	1135.75061	1370.546875
Q99L47	4052.610352	3389.648193	2534.183594	3413.782959	4190.089844	4359.932617	4226.364746	4609.002441	3341.321533	3695.740723	3450.677002	2783.668701
Q99L88	862.887146	867.7267456	1010.986755	716.9013672	786.7756348	755.1185913	840.9794922	757.6912231	777.4719849	794.4625854	759.4795532	691.5509033
Q99LB2	6156.001953	5747.628906	5730.633301	5046.402344	7622.696777	6814.114258	8385.950195	7124.464844	6325.401855	5435.723145	6953.64209	6101.777344
Q99LB6	664.2105103	571.5057983	448.8704224	500.2339478	460.92276	426.3404541	567.2785034	515.5626221	588.8813477	548.4506836	526.791626	502.1380005
Q99LB7	21840.30664	26287.625	20261.24023	22794.24609	18403.44141	18748.11328	14974.17578	18355.43164	23766.01758	15712.37988	19935.32031	15243.98047
Q99LC2	176.1983948	66.83158112	84.74835968	96.65775299	113.2960663	112.7943649	120.4112167	109.025528	121.8913879	133.052536	139.425766	159.5711517
Q99LC3	1861.984985	2226.688721	2355.591064	2153.381836	1838.278198	1803.585815	1997.660767	1720.413086	2046.730347	1977.020508	2321.467529	2037.277954
Q99LC5	62930.79297	61120.80859	57029.98828	54564.23438	49573.0625	53483.75391	50366.55078	54693.99219	52534.16016	55718.80469	53087.20313	50739.72266
Q99LC8	96.5463562	17.49023819	0	59.5293808	102.4340591	39.27015686	35.90393448	148.6258545	89.69252777	30.98129654	73.63809967	10.57741451
Q99LC9	171.2818909	146.7142792	179.2034454	195.9383698	231.5651093	139.5086365	254.4616852	238.8753357	220.6135254	115.958786	156.9967957	198.8909912
Q99LD4	139.4882813	166.086792	92.03804779	165.8356171	181.7869263	95.65893555	114.9116974	120.6288071	141.9458313	183.2822418	233.7773132	199.2234955
Q99LD8	231.7086182	209.8379822	274.987854	188.9681091	290.996582	175.0550079	267.6142578	268.0388794	226.8789368	240.5590363	248.2043762	145.675766
Q99LD9	137.1965027	147.6513977	224.1158295	117.6888504	178.0063477	228.9840698	165.6730042	180.6707764	269.8780518	258.6429749	141.9668274	224.5559082
Q99LE6	240.6184845	189.0182343	266.455719	181.4349365	330.6322937	210.3042908	268.2161865	207.0183716	213.9017487	224.3253326	197.8181	257.7245178
Q99LF4	1312.645142	1294.390991	1214.024536	1199.653198	1237.13208	1296.130859	1294.039429	1216.664063	1314.056763	1424.876221	1171.781494	1348.858032
Q99LG0	68.62580872	81.5227356	104.5490952	44.25549316	127.8556595	72.89608765	70.5315094	86.65016937	42.50775909	100.1290894	69.86326599	71.94776917
Q99LI2	57.65874481	32.70708466	9.399831772	24.84022141	69.62014008	25.86765099	31.8937645	47.84975815	67.29707336	55.98846817	49.67655182	18.24819374
Q99LI8	165.6405182	195.2926941	130.7089691	129.5485992	67.35723877	222.9346771	141.4925995	133.6838531	179.503067	161.4500732	74.27835846	116.2064667
Q99LM2	440.2692871	430.3082275	487.7546387	428.7062683	466.1109619	416.693573	443.9417419	421.9921875	462.0393677	430.5237732	408.7058716	462.2309265
Q99LN9	199.3059082	211.8911285	156.6653442	167.5540619	104.8730392	99.66074371	108.3740845	67.05958557	105.1233826	52.3430748	53.87734985	60.99216461
Q99LP6	2203.64624	2236.377197	2489.685791	2297.285889	2267.753418	2405.480957	2005.557739	2178.764404	1531.901367	2190.573975	1657.892822	2007.993286
Q99LR1	125.2738953	197.4429474	128.6095276	148.6710968	146.4231262	191.7206268	179.274353	144.3475647	214.8005981	163.1832428	159.9982605	159.3197632
Q99LS3	95.57789612	36.12490845	160.7807312	56.02360153	243.9737244	53.5691452	260.3266602	191.8768921	105.2828903	128.1153412	46.91924286	58.322155
Q99LT0	223.2229156	266.9399414	153.9563446	278.0230408	245.8379822	269.8923035	179.053421	99.93161774	256.4958496	174.9554901	169.358078	310.6056213
Q99LU0	42.14832687	108.5988617	97.77833557	115.6331558	67.18468475	76.05498505	0	124.7644424	130.8966064	97.70536804	23.57642365	53.61420822
Q99LX0	9380.691406	6329.033691	7910.624512	9355.085938	7434.090332	8532.753906	7735.392578	6320.939941	9983.770508	9556.90918	8743.798828	8371.563477
Q99LY9	2418.317871	1994.400757	2318.42334	2018.478149	2402.585449	2188.454102	1576.143799	1667.243408	1944.933228	2249.24585	2301.880859	1835.587402
Q99M04	102.2766647	91.10035706	76.42424011	87.68093109	103.6246872	110.611496	219.3446808	163.7375641	81.90312195	112.8991241	97.67886353	81.41585541
Q99M28	219.1738892	190.2900085	229.3765564	212.5831604	288.7319946	205.5143738	289.7654419	290.258667	263.7745056	249.4109039	289.0440063	216.5266571
Q99M31	63.83268356	83.73304749	32.05651855	143.7704773	45.14071655	87.65400696	62.70251465	57.55111694	73.76486206	35.71438217	70.23045349	59.34035873
Q99M51	278.3501587	207.3531342	204.0164642	180.7367249	242.0806427	227.513031	258.1043091	245.0676575	257.1341248	226.6409454	177.9824829	265.4446716
Q99M71	72.3936615	17.76470566	73.00994873	29.38437653	91.29553986	20.80957222	142.4049835	9.053736687	32.32354736	86.85151672	65.34465027	68.35391235
Q99M87	1776.544067	1633.067871	1491.591187	1529.495972	1157.051392	1227.410645	1313.158081	1342.992065	1137.203613	1237.905518	1306.725098	1235.996826
Q99MB1	0	0	0	0	0	46.686203	0	0	84.83753967	0	0	18.04584885
Q99MB2	142.9004211	172.9653473	45.02878952	173.669281	86.68573761	109.6933899	155.3011017	0	222.0501099	134.7277374	120.2281342	69.7627182
Q99MD9	101.1434174	54.17802811	108.1682434	68.52726746	104.7639236	117.7501907	104.8911896	95.27140808	126.0678482	104.7546768	122.4235992	96.71001434
Q99ME9	0	0	62.37209702	0	18.53044319	129.2572174	0	88.93331909	70.64826202	41.47951126	0	44.43893433
Q99MI1	183.4919739	195.6448669	166.6571808	224.0915833	176.0185852	148.2784271	176.9352112	190.0243988	225.117691	212.0293732	160.9293365	263.9942932
Q99MJ9	59.54008865	122.2548599	81.19785309	0	73.69513702	36.04585266	74.52246857	23.8985405	40.65954971	0	19.57374001	32.55851364
Q99MN1	663.0011597	758.6674805	763.0950317	721.3375244	695.3686523	661.8485718	758.3792114	757.8607788	765.2902222	675.2223511	672.8570557	769.9342041
Q99MN9	5339.363281	5039.049805	5544.291992	4887.319824	4689.372559	4796.317871	4300.86377	5570.505371	5973.822754	6068.271484	5536.794434	6285.019043
Q99MP8	155.4709625	60.16060638	86.51102448	88.88047028	144.0431976	116.6058502	137.2815552	129.2247925	142.2942657	90.59056091	88.61798859	65.10619354
Q99MQ4	0	227.1618195	90.63013458	0	0	5.124965668	2.95489645	17.8142395	0	14.12731075	0	0
Q99MR6	344.0774841	457.9047546	580.6052246	544.1194458	615.3944092	435.3715515	443.9025269	464.0504456	410.6247253	519.5475464	311.5103455	353.3901978
Q99MR8	2204.484619	2181.412598	2300.493896	2082.733887	1778.682617	1874.77356	1566.160156	1794.069702	2081.289795	2310.300781	2057.059814	2152.532227
Q99MZ3	125.0000534	109.1901855	99.00747681	58.51675034	115.313324	81.1142807	117.2659302	141.1248016	160.7386169	70.23627472	119.8450241	100.6305237
Q99MZ7	5057.205078	5179.899902	5737.69873	4532.518066	5171.016113	3395.314209	4441.75293	3613.533936	4383.428711	4870.990723	4926.336914	4372.26123
Q99N16	236.4777069	236.981369	0	237.3484039	396.3473206	467.2183228	394.5278015	558.9297485	342.0650024	379.7540894	453.9043579	586.4918823
Q99N42	171.2194214	163.0802917	262.9300232	160.5051727	88.80281067	119.2638321	119.3973541	154.370285	764.8262939	1004.122009	647.039917	766.1623535
Q99N50	1404.267212	1358.993286	1756.022095	2369.589844	2391.737305	992.7137451	1169.723022	2046.847168	3416.800781	2230.369385	911.9660645	2333.513672
Q99N57	116.5201492	131.4704895	228.2711182	139.0765076	120.3178101	125.7339249	103.0579453	162.926178	210.4253845	147.2706757	113.2313919	107.7053146
Q99N85	98.61907196	103.6650314	157.0643311	54.21556473	28.02723122	65.1832962	47.49836349	162.1487122	117.9178391	0	46.7949791	123.4512253
Q99N87	582.2525635	518.7958984	734.1621094	535.8577271	397.9245605	306.1574402	317.7077942	298.5358276	514.2733765	442.2408447	417.3349609	458.4488831
Q99N89	397.7277527	504.0205994	454.1871338	423.153595	316.1764221	279.4197693	307.3348389	355.6251526	333.1269836	349.8293152	335.5762024	345.3769531
Q99N91	225.8672485	268.54599	319.5934448	397.2983704	248.3722839	231.7379456	262.520874	259.5671692	190.8487091	471.9821777	271.7210999	135.4052429
Q99N92	128.6255951	184.4005127	149.995285	101.0614624	104.4271698	154.7154999	101.6836319	85.69490814	118.4006729	170.7880707	126.1707458	131.9116364
Q99N93	110.45784	133.1166992	125.1566467	151.213089	140.2976837	122.4123459	60.06773758	114.4255219	118.5165405	126.7256088	145.3367157	106.3265152
Q99N94	172.4752808	161.0809021	152.2254181	133.8441772	139.4059906	77.21894073	80.88440704	98.11425781	70.9343338	125.1865463	106.7350082	133.271225
Q99N95	718.0606689	939.3497925	971.2003174	508.9650269	540.807251	325.7787781	560.0699463	524.7139893	411.7782593	330.6369019	516.9120483	339.9020386
Q99N96	144.1552429	167.2748566	124.5331802	180.6427765	164.7077179	103.8912048	124.9516144	92.75398254	112.118187	154.6345367	138.0480957	133.6815948
Q99NB9	226.7985687	215.7262878	262.734436	234.4154053	258.8749084	247.7374878	230.1986847	350.239502	254.8990936	234.1353607	256.7261963	240.5922089
Q99NF1	107.5632553	114.9000702	133.2277527	157.7965393	98.91113281	190.1157684	101.6416855	116.304657	110.3190231	165.9789734	113.6486969	111.5498962
Q99NH2	183.9150085	143.9623413	183.8031769	152.5821686	136.2196198	118.1391296	223.316925	185.1928253	170.1358795	159.845871	141.2430573	84.01530457
Q99P27	291.2987976	288.8524475	226.597702	308.995697	417.3048401	302.5204163	446.2340698	269.7459106	292.158844	314.4214783	105.2881851	263.2969971
Q99P30	6837.981445	5050.654785	4939.302246	7164.641113	9136.762695	9490.52832	11588.58887	10654.88477	13549.53711	9802.991211	14781.71387	12926.56055
Q99P72	144.7550507	145.8830719	136.0080566	71.6195755	83.43504333	126.8910522	138.8864288	188.6195679	134.5914764	65.12864685	117.8830872	89.72006226
Q99P88	73.29206848	106.1000061	88.45323944	101.6527405	59.21753311	82.7930069	98.02082825	67.11517334	72.27210999	102.8466492	93.52600098	87.28033447
Q99PE8	15.83899879	47.15065384	74.97356415	27.4839077	89.07704163	29.48363113	143.9674683	105.5108337	152.7637634	81.57710266	190.4133453	140.9496613
Q99PG0	3882.103027	4205.432129	5284.42041	4518.098633	5821.776367	5637.586426	5703.713867	5703.564941	5911.16748	5514.26416	6347.405762	4975.125488
Q99PG2	98.43115997	94.4054184	242.5097961	88.19997406	0	157.5478516	21.80566025	196.0990143	50.07159042	60.176754	215.7659912	145.8224182
Q99PI5	0	0	0	23.76249123	71.84718323	47.01330185	129.918808	31.05893517	0	0	166.3936157	47.64080811
Q99PL5	2893.791504	2955.895508	2614.69165	2970.954102	3028.352295	3000.935303	2696.598877	2783.252441	3181.317871	3440.892578	2564.821533	3138.769043
Q99PM3	299.0059814	461.4934692	194.1531525	264.8887634	100.5002136	190.3920593	217.0018005	140.8022461	0	121.3272247	241.0177917	161.0553894
Q99PT1	3388.947021	3509.004395	3280.079346	3575.572021	2819.537109	3362.544678	3085.388672	3367.009033	2964.912842	3186.81958	2939.048096	3042.0354
Q99PU8	123.4764938	110.4495239	123.4845428	129.6587677	130.6170197	128.3196716	106.7448044	131.6960449	75.48641205	145.5142517	139.7046509	103.4617996
Q99PV0	224.8416443	355.0747681	357.3970947	282.1246948	286.2532654	364.7552795	343.1667786	413.9372559	352.8282166	294.1661682	328.256897	326.4458923
Q99PW4	230.1616516	303.7032166	248.4334412	233.0021515	141.830307	193.2559967	111.5624161	129.0263824	179.7537994	81.23688507	135.1878815	125.4585953
Q9CPP0	86.83209991	75.18063354	89.73714447	0	0	60.58317947	94.81220245	175.5188141	64.8602066	0	36.55659103	70.96270752
Q9CPP6	3194.353027	3267.439453	3437.038574	3016.861572	2502.618896	3035.09668	3082.160889	2663.716309	3286.091797	4131.562012	3239.062744	2663.303223
Q9CPQ1	4579.909668	5812.635254	4316.23877	5745.433105	4414.619141	3581.818359	5149.816406	3950.453369	5022.489258	5446.569336	6181.446777	5846.985352
Q9CPQ3	517.2026367	842.7711182	326.2234802	557.3326416	345.478302	349.7289124	391.0546875	343.8638916	442.936615	300.8132324	472.8342285	500.6386719
Q9CPQ8	6891.009766	7233.601563	8014.882813	7530.487793	3949.219482	5146.902344	5616.76416	5224.115723	6032.70166	6125.725098	7446.504395	5949.506836
Q9CPR1	139.5168915	146.0152435	240.2036438	99.44946289	46.01251602	140.3791962	51.01441574	124.6229019	82.62148285	74.00509644	95.42515564	58.13652039
Q9CPR4	3836.125488	3774.753906	3895.440918	4177.441895	4715.928711	4508.714844	3997.507324	4383.114746	3887.428223	4354.53125	4255.766113	4414.208008
Q9CPR5	305.4156494	265.2756348	224.7767029	312.1115723	239.001297	270.8026733	235.09729	262.4532776	214.7234955	314.2895813	251.6716156	251.5506744
Q9CPS6	206.5737915	87.93891907	118.1150131	182.002243	95.14006042	81.23126221	128.6924591	184.821167	87.87876892	110.8730316	163.1207733	144.7713623
Q9CPT3	33.09403229	112.6171112	128.6771088	105.2039642	155.0817261	169.2767029	133.528656	121.534935	122.4138412	100.5815811	74.91178131	166.1257935
Q9CPT4	1762.268799	1748.5448	1239.744263	2074.126221	1992.79187	1607.435181	2138.916992	2090.533447	1174.851685	912.7611084	1159.477417	1736.491211
Q9CPT5	174.901535	167.7944489	120.5010757	168.4180908	165.0844574	160.3099518	153.040802	170.7708282	162.6104431	201.151001	93.8229599	200.4048615
Q9CPU0	15066.2832	13166.4541	14472.2002	15921.96191	16910.04492	17436.82813	18491.43945	18786.17969	18210.53516	17868.4707	17339.1875	19677.5293
Q9CPU2	188.1182251	378.058197	329.8717957	288.9898987	267.3855286	228.8340912	283.609314	208.3526306	142.3192291	198.5521088	176.1358032	353.9147644
Q9CPV3	47.87412643	102.4489517	130.4359283	152.5899963	131.743866	29.24183273	23.75975418	66.76051331	60.34248352	138.749939	90.27167511	157.2535095
Q9CPV4	1595.967285	1481.510376	1563.783813	1418.984619	1831.041626	1621.536987	1731.706421	1694.124756	1696.049072	1782.77771	1619.015137	1819.276611
Q9CPW2	226.6412506	336.2942505	535.5371094	300.9724121	198.098999	166.4884491	228.2798462	207.8905487	241.9828339	136.1847839	214.0704498	141.9516296
Q9CPW3	49.51821518	68.13226318	51.61130905	0	60.59454346	27.01333237	62.38152695	0	88.43021393	68.38424683	11.49335861	50.85889053
Q9CPW4	1268.935059	1195.848389	1296.574219	1177.097412	1346.376709	1166.094849	1099.530884	1036.668213	1126.960205	1157.80481	1141.811646	1468.029297
Q9CPX6	511.7647705	482.3628235	403.5864868	370.5975342	383.0529785	405.1419678	437.0940857	511.2115784	508.9285278	483.6295471	438.9415588	539.6773071
Q9CPX7	349.0502014	392.0380554	412.6831665	372.6494751	368.7681274	240.8980408	241.8548126	232.1930237	271.5761719	377.1696472	304.4821167	322.421051
Q9CPX8	7985.062012	4661.424805	1550.352051	7486.434082	6760.310547	8058.762207	6633.252441	4910.213867	5941.153809	7697.383301	7842.019531	6171.096191
Q9CPY1	251.4336243	323.504303	227.9252167	270.9978638	139.1271515	186.9455872	255.1153717	174.0888062	151.3318176	194.5112305	245.0922089	73.23940277
Q9CPY7	11575.49609	11260.56934	9744.923828	11888.68262	10143.45801	10169.49121	10102.21973	9738.930664	10745.18457	10717.11621	10809.21973	9718.202148
Q9CPZ8	483.3448792	354.2495117	473.5512085	338.1536255	667.2792358	500.5464783	301.190094	396.5542908	348.6904602	408.8623657	528.6096191	526.380127
Q9CQ00	228.1527863	188.5357361	245.4433746	117.0669327	187.7441864	20.77926636	0	13.37189579	71.24463654	166.0063629	153.5626221	0
Q9CQ06	271.2828674	229.4244537	236.3863068	181.0202179	147.4750519	149.2128754	133.2738037	188.8349609	184.9640808	196.4909363	181.7103882	134.7648621
Q9CQ10	139.4342041	242.8158569	307.1878052	209.0544586	313.517395	325.7473755	284.7241211	254.3681793	175.5245361	157.5869293	344.9401855	270.1733398
Q9CQ19	34.05145645	696.1781616	394.0928955	38.9479599	64.94799805	59.22153091	81.41168213	95.86126709	77.44644928	92.70720673	41.31607056	65.3855896
Q9CQ22	226.2793732	236.5982819	298.7512512	162.7155457	248.5591888	209.7541199	237.4614868	246.4478607	248.3603516	252.8435822	223.9454956	294.7019043
Q9CQ40	218.9067078	247.1242218	309.0874939	321.0286255	186.9941406	219.3056793	245.0471191	196.9636841	186.1521759	227.0994415	215.8922577	228.6850128
Q9CQ43	133.4863281	52.46769333	147.5351105	48.92337036	95.0670166	68.34290314	39.51402664	70.56983185	38.74790573	72.45959473	49.24283218	87.66989899
Q9CQ45	139.6545258	175.2692719	73.0304718	74.37412262	228.5870056	87.07640839	205.3778687	114.8284912	55.33324814	91.52359772	120.7354202	61.50382614
Q9CQ48	217.747879	0	196.5913239	69.55647278	0	57.5957756	230.2431335	170.3106842	39.29098511	88.08429718	127.5680542	0
Q9CQ49	100.1049042	127.4487762	118.2199707	97.59923553	174.9735718	96.49513245	106.8492584	107.1731873	49.68183517	117.7478409	88.87278748	89.84088135
Q9CQ52	69.10942841	55.89011002	2063.213867	0	50.79123306	0	0	19.58473015	0	0	0	0
Q9CQ54	2426.760986	2245.585693	1285.219604	2445.256348	2313.78125	2298.122803	2093.80957	2471.240723	2494.218018	2082.415771	2621.648926	2290.966064
Q9CQ56	148.6334839	99.15699005	136.5436859	148.9260864	101.4360046	142.8246765	89.68726349	152.8550568	157.1768799	93.53524017	135.549408	111.0052032
Q9CQ60	3264.744385	2706.325684	2888.473145	2414.955566	2611.026611	2936.17041	2737.609131	2785.29126	3275.361084	3526.120117	2755.960693	3148.841553
Q9CQ62	23584.70703	21359.37305	25955.24023	24150.80859	23966.97852	24456.25195	23742.6582	21811.70508	23624.83008	23106.21875	24108.6582	23816.06836
Q9CQ65	783.9039917	672.7553101	676.8821411	490.8562927	825.6815186	712.9950562	699.8998413	847.4414063	704.9938965	642.2714844	712.9911499	686.25354
Q9CQ69	11659.03418	10472.50488	9841.289063	10223.91504	9445.901367	9873.128906	8369.4375	9417.083984	7704.164063	11020.36133	10925.38086	9981.418945
Q9CQ71	113.7451782	69.86100769	17.67310524	82.61611938	51.63051987	107.4319382	97.57765961	78.71987915	89.83932495	138.0465546	138.4270782	138.0826569
Q9CQ73	271.4757996	222.2049408	249.9225769	263.4035034	194.0971832	220.6395569	226.6018677	360.6984253	141.7216644	211.2631226	183.2393646	115.0662308
Q9CQ75	3526.36499	2914.466064	3276.607666	3126.208252	2670.123047	2764.407471	2636.713135	2945.724854	2455.83667	3453.213135	3224.406738	2767.723633
Q9CQ80	170.9576263	327.8183289	290.1069336	295.1869507	222.7298279	209.8865814	227.7853088	354.2611084	159.8668518	363.4232788	301.6950378	351.4034424
Q9CQ85	337.6921387	419.7882996	381.1229553	281.9690247	259.6784973	335.0095825	365.3227844	358.4819031	301.7456055	312.7983704	379.9547424	288.4968262
Q9CQ86	246.6845856	242.542099	270.9402466	256.2514648	295.3366394	267.9268188	335.6694641	287.5508728	311.6086731	220.1277161	189.8069458	282.3122253
Q9CQ89	780.4678345	879.6668701	356.5591431	793.8037109	767.8814087	653.302124	621.9260254	561.4196167	646.7632446	781.0278931	477.2207947	739.2850952
Q9CQ91	1349.875366	1249.593018	671.5889893	1238.1427	941.6809692	944.3565674	930.1864014	898.0723267	908.0864258	1240.686646	1318.68457	776.8434448
Q9CQ92	611.4353638	284.1481628	294.1611328	497.2294312	419.7336426	461.405304	561.8154907	503.8331909	496.1777344	531.7883301	489.782196	455.8435059
Q9CQA1	85.14401245	58.14259338	133.1118317	161.1975708	87.42632294	104.6629028	155.6929016	55.52175903	158.7634277	137.8218231	47.49693298	84.62109375
Q9CQA3	14739.56543	14350.42188	11532.50879	15823.01563	10451.40234	10773.74707	9363.446289	11272.67383	10399.62305	12137.19629	13378.30469	11801.4248
Q9CQA6	165.0826111	84.72208405	7.8511796	68.93035126	147.4956207	9.249137878	52.06450653	48.76958466	0	187.3049774	38.31094742	38.10846329
Q9CQA9	44.62716675	41.74166107	36.37985992	73.95907593	89.67575836	99.82868195	127.41539	44.63595581	134.4225464	88.42797089	99.30634308	61.38395691
Q9CQB2	209.7361755	185.2985992	119.7974167	167.4940033	136.4140625	195.2243347	210.8402557	167.3766632	175.1155243	130.5252228	84.92458344	120.9568939
Q9CQB5	506.9810181	409.5456543	448.7729187	314.6010742	381.3434143	410.0031128	514.8370972	585.2468262	485.8207092	335.9398499	411.7116699	302.4491882
Q9CQC2	14.74133205	0	306.9518738	0	0	0	0	23.38258362	0	0	0	0
Q9CQC6	355.1833191	456.6607056	556.0583496	389.0817566	464.7702942	463.7190247	436.4282532	426.4286804	441.4165955	380.0563049	474.5934143	335.1273193
Q9CQC7	3385.867676	3025.407715	3414.709473	3198.923828	2818.67749	2958.571289	1942.537842	2732.384277	3213.425293	3292.009521	3402.923584	3068.019043
Q9CQC8	208.8961945	103.4865189	160.9159546	214.1455383	243.9195099	173.333847	98.90164185	215.5910492	0	197.4798889	149.9778137	193.9622345
Q9CQC9	2536.578857	2538.518311	2289.051514	2535.815674	2848.192627	2900.100586	2868.047852	3148.654053	3145.594482	2934.164063	3201.542969	2467.186279
Q9CQD1	856.3106079	862.93396	920.0783691	1092.034912	841.112793	923.9650879	999.62677	701.5012207	927.1968994	855.4227905	708.050293	869.9243774
Q9CQE1	1250.746094	1706.783691	1839.683472	1576.072754	1703.450684	1503.014771	1737.955078	1564.367432	1734.083008	1726.524292	2015.887085	2037.355469
Q9CQE3	325.1399231	307.1497803	190.1795197	328.6298523	142.3144684	149.0495605	154.8780823	141.5265503	263.3136597	209.2893066	182.5843964	105.064743
Q9CQE7	95.27721405	47.56063843	101.8540497	17.02592087	98.3706131	79.48818207	0	108.5750275	46.82727432	30.72879601	110.8875198	150.8353882
Q9CQE8	612.2393188	666.0149536	714.1260376	647.2696533	610.8754272	655.2033081	646.1679077	575.4001465	660.7106934	705.6907959	657.5803223	651.2860107
Q9CQF0	215.7902832	214.9033508	167.5994568	210.1564178	220.2725067	235.3131409	168.2470245	161.4250488	192.9814758	244.1444244	185.2213135	220.6786499
Q9CQF3	353.9864502	567.2348022	365.7841187	366.9210205	424.0730896	391.352417	491.2739258	369.4603271	399.3425293	335.7443542	325.9277649	524.8001099
Q9CQF4	241.0157928	152.1763153	161.3891907	204.2111511	79.73761749	91.8784256	134.1342926	85.08540344	81.55825806	114.0436096	126.8365173	138.1049347
Q9CQF6	66.38518524	110.2623291	70.34967041	114.6455383	69.79875946	149.0488129	66.27765656	64.66620636	56.96450043	74.31314087	94.30870056	68.66643524
Q9CQF8	93.58440399	159.1188812	218.917511	251.9844513	137.5325775	219.9220886	117.9863586	128.6646423	268.4141541	60.96922302	187.1537628	141.8696289
Q9CQF9	761.8008423	970.5271606	1183.496704	896.2786255	832.4388428	858.0267944	871.9905396	756.274292	781.1685181	824.8955688	1066.072266	903.2227783
Q9CQG0	0	61.99641418	116.6831741	0	0	0	0	0	0	0	0	0
Q9CQG1	150.6739807	128.7358093	123.0545349	150.7100067	189.6074371	150.4461517	135.5788879	107.5608139	176.7718964	159.8243256	195.3057251	120.4853973
Q9CQH3	2570.944824	2231.293945	2515.960938	2371.703613	2415.472168	2169.500732	2452.87915	2292.658447	2638.170898	2707.68457	2424.473633	2627.206055
Q9CQH7	488.5223389	499.4870605	477.3385315	465.9978333	225.7488556	408.3917847	373.6670837	538.2062988	545.6165161	661.2357178	411.0453796	471.8499756
Q9CQI3	324.2878723	340.7029114	320.8928528	398.6779175	469.1528931	358.9624939	386.7691956	296.350647	351.6988831	146.0263062	387.603241	260.3330078
Q9CQI6	721.3973999	766.7370605	841.0765381	996.085022	1007.698547	1062.851929	1145.207764	1137.80603	1063.959351	994.1549072	1110.68811	1070.559448
Q9CQI7	70.49938202	147.2066345	83.64830017	85.99874115	47.51587677	62.5162735	45.87940216	83.09857941	83.32791901	107.9709396	71.74632263	72.6944809
Q9CQJ6	221.7041931	172.0691833	125.5684052	168.7749786	229.2201996	100.5469971	197.6171875	259.6187744	99.38316345	181.3384552	188.5049591	191.9226532
Q9CQJ8	1310.639282	1428.238647	1290.032715	1207.042847	994.0234985	969.4072266	992.5690308	925.3587646	1052.136108	1505.997803	1304.93103	1234.567017
Q9CQK7	68.91542053	101.1741104	91.06356049	61.31486893	94.23565674	59.80379868	77.6279068	92.27097321	55.29170609	74.7170639	65.15105438	38.87385178
Q9CQL5	266.0159302	157.1362762	316.9065857	292.4780273	203.6794739	266.3727722	227.5067749	142.1909943	204.4914551	234.4954071	199.0921783	165.9935303
Q9CQL6	146.8872223	94.48169708	78.14591217	103.6538696	104.3100128	129.7807617	146.3143463	85.92462921	113.208847	155.3957672	120.9666595	104.3360901
Q9CQM5	732.2918701	751.4771118	809.0536499	798.7404175	835.9425049	743.6630249	766.442688	722.0671997	811.6114502	721.2318115	666.6754761	840.7705688
Q9CQM9	1392.474121	1348.446777	1090.917358	1453.576782	1620.211182	1435.257935	1506.266724	1534.501099	1442.049316	1657.723145	1251.219238	1298.616455
Q9CQN1	2768.94458	2760.681885	2762.470215	2712.624512	2994.092285	2999.206543	2897.667725	2754.324463	2603.811523	2506.977295	2890.30127	2830.9104
Q9CQN3	367.3193665	364.4581909	313.8740234	284.4753113	78.39297485	161.2561646	252.4994965	246.1387024	173.2679749	435.6732788	300.2767639	331.21521
Q9CQN6	136.5087128	293.5217896	253.9872437	159.4933777	145.3216705	245.7329102	162.7053223	67.689888	159.7361755	162.3483734	180.367691	257.1486816
Q9CQN7	354.3315735	398.0897217	256.2707825	298.1035156	260.6200256	287.0267029	247.5491028	225.6325684	217.7135162	322.8167725	248.3027496	346.2631226
Q9CQP0	67.96662903	120.2472534	75.56889343	151.5117035	82.24876404	183.073349	130.3740845	120.5768814	77.86457062	127.2759552	151.3401489	90.36496735
Q9CQP3	14.60329533	87.78347778	101.0250549	0	0	0	25.5755558	25.01031494	61.29371643	41.6381073	23.27607727	62.90832901
Q9CQQ7	4906.379883	6510.444824	7020.956055	6332.538574	5265.791992	5904.60791	5059.749023	5227.253906	5012.943848	6538.36377	7120.30127	6236.193359
Q9CQQ8	661.3413696	663.3148193	671.4978027	442.9295044	610.8208618	421.489624	500.0548096	470.919342	363.6974792	451.4388123	389.5313721	287.8601074
Q9CQR2	3516.223145	3146.106934	4343.458008	3577.260986	3494.2229	3213.507813	3155.414063	3280.390381	3133.918457	3175.515137	3306.371826	2904.647217
Q9CQR4	1814.130493	1726.56604	1807.918091	2222.405518	1538.759277	1506.810669	1684.753052	1117.312988	1783.308472	1442.144043	1954.018555	1491.331299
Q9CQR6	220.6154785	270.7771912	123.5846024	179.8805389	158.2616577	194.4400635	104.5344162	98.8039093	166.2892303	91.08831024	144.4397583	86.73312378
Q9CQS2	149.5725708	242.5335999	93.81305695	85.16942596	82.53734589	108.0242386	96.88563538	56.79433441	193.0381317	116.1272278	71.8565979	84.9666748
Q9CQS8	109.4191513	299.7675781	284.9181519	215.4151306	182.6651306	307.6599426	343.1852417	515.1315918	107.2850342	148.2944946	211.4395447	157.9967651
Q9CQT1	617.8240967	608.0595093	527.9309082	571.2196045	480.7429199	518.784729	442.4448853	505.2117615	631.3424072	686.1053467	471.1438293	833.7683716
Q9CQU0	1459.720459	1049.347046	1472.372925	1589.873779	1342.101563	1295.148193	1827.77063	1482.190918	1411.852783	1430.372925	1287.258301	1287.472412
Q9CQU3	118.4890823	239.0203705	142.6695404	71.91216278	259.1307068	194.0299377	211.4021454	323.9293213	219.4515076	163.5014191	131.0263214	114.8543854
Q9CQV1	183.2883301	180.1253052	216.1573639	150.3946838	186.4089813	168.9364166	134.0106506	180.4709015	263.7966614	323.6858826	174.6763763	242.8844452
Q9CQV4	252.5993805	291.4203796	232.8402863	252.9613342	198.6796875	356.4063416	110.1443176	309.3991394	330.7536011	87.67921448	125.8109283	286.3925781
Q9CQV5	0	318.1688538	238.4136047	300.2254639	128.4102325	278.7741394	0	159.9056549	200.2761993	165.8818512	79.42985535	131.995697
Q9CQV6	194.0766144	190.772171	234.9965515	143.4144897	239.7696991	202.6313019	206.8963776	237.0036316	201.8554535	69.10359955	238.6340332	277.7354126
Q9CQV7	361.5820313	333.2993469	302.5299072	238.5735931	287.755249	255.2841949	148.7669373	191.4453735	277.0643311	257.3761597	203.8565063	183.3500671
Q9CQV8	13117.7207	12883.79297	9551.453125	11587.42188	12590.49609	12204.46094	13212.78027	13252.60254	12572.91113	12088.58984	11168.19434	11635.92969
Q9CQW0	250.6526337	284.3680115	549.2504883	332.5801697	469.3870239	513.2382202	257.1886597	487.8351135	438.6029358	683.258667	434.7557678	222.1622925
Q9CQW1	117.8990631	98.14295197	135.3439178	118.4380798	160.1979218	120.1347275	153.8671265	142.7066498	153.7914124	160.4571991	174.9890137	100.2936096
Q9CQW2	766.7646484	636.7783203	663.8366089	652.0050049	660.0374756	844.9337769	996.2838745	815.4493408	797.6254272	487.7027283	814.8752441	728.6477051
Q9CQW9	52.23131561	81.95329285	57.47791672	55.53448105	17.10247612	123.3737946	55.37277603	97.8620224	142.5825043	200.4107819	66.82180023	76.032547
Q9CQX2	7580.694336	8252.859375	6697.08252	6600.459473	6162.159668	7798.411133	8111.398438	6611.07373	5760.115234	6690.761719	8630.99707	3922.937256
Q9CQX8	269.4102478	248.7835846	157.2614441	243.9801331	174.5362701	232.7389679	32.6344986	206.5540009	437.4972229	316.2086182	245.0537109	137.331192
Q9CQY5	226.9972534	336.1968994	447.5963745	290.0949097	311.3431396	345.4067993	405.3782959	504.1469116	495.6499023	426.2416382	502.4007263	305.9787903
Q9CQY6	343.7828979	209.7317657	286.8320313	195.1258087	181.8800964	147.8599396	203.5263062	193.5375824	131.6365204	148.2919006	175.8139648	63.47109222
Q9CQZ1	26.80376244	157.1796722	189.6412354	122.6494598	226.3392944	163.7611847	256.297821	358.9582825	226.3233337	246.3748779	122.7350006	178.0823822
Q9CQZ5	3681.528564	3689.374268	3873.697266	4336.699219	3592.984131	3963.832275	2998.854004	2680.818115	4521.857422	4297.469727	3568.627441	3982.728027
Q9CQZ6	1567.023193	1610.914795	1905.684692	1869.927979	1431.388794	2135.600586	1265.825073	1745.293823	1579.801758	1789.36145	1670.486938	1456.130493
Q9CR00	1154.284668	1087.519775	782.0856323	1041.503784	1095.395752	862.2032471	928.1448364	960.9564209	580.8380127	999.7285156	635.2080078	835.8962402
Q9CR09	608.7259521	651.3210449	541.3968506	739.3284302	404.677887	707.4158936	583.7523193	625.4102783	610.0133667	707.6638184	535.946167	843.487915
Q9CR10	340.8191528	261.5229797	216.282608	266.6767883	171.318573	255.120285	0	48.81309128	147.931366	46.38253784	0	296.6522827
Q9CR13	156.4616547	143.8180695	181.2943878	113.320961	127.4737244	96.03285217	69.73168945	61.2606926	48.42463303	76.03281403	40.61600113	81.66616058
Q9CR16	1534.804932	1443.770874	1429.096924	1738.365356	1656.153931	1750.79834	1941.865479	1366.438477	1426.931885	1416.715942	1423.938843	1498.494873
Q9CR20	532.71521	468.9037476	666.8834839	268.956604	660.0949707	517.1283569	61.23899078	643.3566284	490.5328369	507.6680298	364.2243652	571.8449707
Q9CR21	238.6711884	233.3912201	415.5448608	349.3312378	257.853302	220.5658722	271.9259644	213.9262848	209.4768829	284.8800354	331.2157288	266.5730591
Q9CR24	386.1937561	366.2422485	476.5205688	374.6111755	329.4507141	311.460022	329.2142639	271.4184875	401.3182678	406.0135193	439.6410217	445.9833374
Q9CR25	178.736618	0	95.97660828	78.33039093	177.9162292	61.01609421	70.90668488	0	63.20148849	0	0	0
Q9CR26	120.2699661	166.8455811	189.6960449	163.9085541	93.18726349	170.8203125	167.1564941	118.8208618	158.7296295	131.8484192	172.1767578	191.818634
Q9CR27	160.7793884	87.26451111	157.1320496	51.7748909	42.60878754	55.04695511	56.42972565	113.1153412	21.50118065	133.9552002	92.5178833	183.5622101
Q9CR35	81.63856506	120.0561752	3294.819336	0	84.07442474	25.58131599	27.81035805	134.9067535	0	31.41012383	23.35012054	0
Q9CR41	297.3597717	366.1153259	396.887207	381.8770142	308.1384888	266.9795532	439.8990479	313.704834	385.92453	408.2306519	266.9554443	300.6612549
Q9CR51	338.7815552	225.8118134	80.03701019	169.2788391	106.8708191	222.8966827	360.6356201	190.4533386	226.2935944	134.9185486	232.5470734	238.5187836
Q9CR57	3640.002441	7892.402832	6772.61084	7590.562988	7565.714844	7030.084473	7123.258301	7629.834961	8160.946289	8304.669922	5182.01123	7920.841797
Q9CR59	153.1035461	164.2859039	137.5973816	103.6224594	197.0050049	136.925415	130.2542572	184.0933838	133.350296	181.7187653	194.0175629	203.4186249
Q9CR61	904.0274048	747.890564	682.7628174	694.729187	775.4262085	876.7688599	681.3605347	749.3684692	911.2179565	1117.642334	999.232605	673.6246338
Q9CR62	1743.501953	1868.992065	2602.764893	1850.061768	1876.981934	1833.754395	1585.457275	1556.565308	2191.458008	1938.768921	2621.865234	2200.852783
Q9CR67	328.171936	297.3265991	446.4927673	314.2756348	372.8166809	315.2879333	421.0222778	368.1191101	390.0870667	307.3166809	276.7790527	206.8310852
Q9CR68	9348.112305	8998.90332	8618.428711	8188.564453	7206.486816	7750.026367	6835.587891	7650.903809	8063.006836	9479.740234	10806.91895	8651.889648
Q9CR86	373.5288696	429.4778137	498.1976013	554.0355225	646.1821899	189.4525909	468.5531006	483.9400024	1005.137512	616.621521	285.5254211	515.5679932
Q9CR88	199.4726563	150.3503265	178.670639	157.6867218	158.2021484	153.0741119	137.5567322	168.0672302	187.8822327	208.4265594	219.4979553	272.481842
Q9CR89	235.8938141	205.9333038	33.45025253	70.75257111	61.63320923	152.2206726	112.6723709	98.40232086	63.67851639	75.95797729	115.2308502	124.310051
Q9CR95	87.38687897	77.29023743	105.3815002	104.9094467	158.9403534	123.0557709	112.4845581	151.2319946	130.704895	171.2797852	113.2441711	163.4050903
Q9CR98	1174.86084	915.6752319	1047.69397	1003.327393	886.5276489	818.4662476	732.333252	432.1437683	999.9473267	985.3518677	830.5959473	1207.46582
Q9CRA0	112.4549408	121.4632263	53.64040375	127.0799332	93.82940674	150.2610321	128.7942047	77.30885315	136.4950867	106.9154663	183.5433044	206.1088867
Q9CRA5	242.2956085	115.0590439	221.5957947	159.9666901	237.1083832	153.5146179	181.2036285	224.3842163	256.7703857	144.4165192	185.5046539	144.3098755
Q9CRA7	183.2664337	121.8893585	103.6654816	178.3881531	84.43087006	130.7698669	101.820549	69.38493347	128.1435089	78.59783173	175.4313354	127.784462
Q9CRA8	118.4344482	89.30931854	93.13194275	77.12650299	148.1274261	90.50292206	111.5976715	184.0603943	80.48807526	140.404007	103.2419357	90.91996765
Q9CRB0	127.2921448	55.35417175	146.8635559	81.68040466	106.4837723	84.05934143	91.89967346	46.52363968	88.32377625	35.68190002	42.79844284	45.84528351
Q9CRB2	358.4720154	432.5707397	394.3723755	605.6602173	136.1353302	417.1335449	200.9750366	241.2614441	150.7254028	170.7948608	141.6082001	260.1291809
Q9CRB3	5986.69873	7038.98291	2594.865479	7723.634766	7527.183594	6691.741699	8123.265625	6672.705566	6576.498535	7559.169434	6696.726563	7662.393066
Q9CRB8	114.5096359	146.4203491	209.1416473	190.2094574	169.240036	154.8806458	142.3932953	123.6067963	166.7400513	181.0296631	241.9824677	177.2284393
Q9CRB9	910.4828491	1021.184875	700.3152466	785.1532593	627.475647	626.9044189	689.7278442	921.1795044	1214.613159	850.0178833	880.026123	863.2349854
Q9CRC3	0	0	0	0	0	0	0	35.9936409	98.17613983	0	0	0
Q9CRC8	131.3553162	89.11023712	63.94128418	6.27130127	21.68481255	139.5553284	73.50086212	60.10041428	287.3109131	3.276126623	31.46336174	22.19988823
Q9CRD0	630.6931763	655.2672729	574.8552246	664.8239746	664.6119385	674.7830811	482.1828308	499.9917297	877.7360229	852.4406128	691.2554932	477.107605
Q9CRD2	334.5229187	238.2119904	334.9064636	289.6065063	382.7532043	304.157135	315.8067017	391.3640747	294.4285583	276.8906555	341.6771545	263.2861938
Q9CRT8	0	3.405154705	13.20632744	28.00185204	11.12072372	28.90884018	62.37457275	18.64631653	7.993721962	37.4653244	54.51776505	0
Q9CS42	177.2943878	167.6678925	15.90348148	160.2973328	223.893158	162.458725	102.2269135	124.6611252	141.4723358	146.9811707	128.0281372	109.9544678
Q9CSH3	45.09973145	98.27827454	107.315712	86.04865265	92.77607727	98.47408295	120.5339508	77.8733902	62.645298	101.1698151	81.70648956	61.13083267
Q9CSN1	90.96347809	166.0669403	107.1155014	74.46346283	161.257782	65.51626587	132.4235077	124.8473206	142.63237	192.6109314	161.9232941	132.2608948
Q9CSU0	229.7123413	225.1503601	187.0570679	166.7467194	263.1781616	239.9880219	253.640564	282.8899841	175.4331207	211.9062958	205.7313843	342.8364258
Q9CT10	77.21637726	65.67643738	123.138649	61.49803162	67.46219635	127.7080688	128.5312653	94.91928101	156.953064	150.5888977	77.48789215	104.105957
Q9CU62	183.0350189	139.9741211	162.2701569	149.7910156	186.0264587	116.6882935	202.1997986	196.2051239	221.7567902	261.2417297	170.937149	174.7091217
Q9CV28	63.40419006	76.51355743	142.4275513	72.86325836	19.80265999	49.79286194	40.69895172	39.15171051	0	1.736553669	23.17857361	83.9717865
Q9CVB6	507.4709473	593.7653809	810.5353394	580.5183105	742.5662231	666.4520874	820.7823486	671.8104248	743.3798218	575.3005371	710.7008667	846.3919067
Q9CW03	135.3786774	147.1567383	182.0299225	139.9259338	91.17740631	116.6621399	141.4956818	168.2594604	130.6996155	120.8487396	109.749527	115.5649338
Q9CW42	1247.810425	1354.900879	1631.861084	1339.840698	1225.890625	1186.295776	1107.416016	976.1838989	1257.915771	1168.990967	1431.801636	1153.265015
Q9CW46	75.591362	89.55564117	298.7410278	0	89.68183899	113.9549561	134.7195129	114.3811417	99.66953278	95.67584229	79.67486572	66.16175079
Q9CWB7	186.5092773	87.98646545	46.0223999	0	72.6869278	62.89195251	58.3573761	108.4357758	92.88526917	0	83.73756409	69.02136993
Q9CWD8	120.1418152	63.22872543	67.71190643	169.9384308	107.7025986	87.62042999	118.0573578	102.6421204	184.2549286	143.6147308	197.3616943	96.62010956
Q9CWE0	62.83609009	74.8903656	52.7462883	62.7503624	52.60552979	23.56290245	51.71903229	75.87563324	62.98531342	91.81156158	20.49406242	76.19341278
Q9CWG8	79.91410828	153.3215332	217.1430511	217.4081116	177.6750336	127.8478775	74.34801483	141.793045	95.74182892	75.44313049	133.7686768	140.2903748
Q9CWG9	601.0154419	349.0525513	318.3543091	408.8712158	393.3588257	219.1816406	448.3513184	238.5586853	641.6011353	654.5534668	508.9524536	303.2851868
Q9CWH5	252.24617	366.7109985	352.848053	374.4507446	661.6160889	329.721405	744.2034912	421.9425049	0	73.33280182	248.275589	384.9060059
Q9CWI3	96.1384964	201.9824524	247.5588684	130.911026	111.8796387	150.5292511	149.8909302	176.2588196	169.0573883	191.2920837	173.3195496	162.6397705
Q9CWJ9	1354.192993	1241.761475	1290.678101	1437.736572	1414.927124	1384.185669	1517.236816	1366.555054	1454.53479	1486.999146	1246.2229	1498.732056
Q9CWK8	780.7595825	1009.573853	1034.348877	804.0837402	815.7800293	1037.012573	910.1066895	1124.184082	1208.514648	919.3666992	704.7168579	995.5327148
Q9CWL8	97.33641815	133.0105591	223.060379	147.7752228	0	97.09892273	281.1565552	79.2394104	118.9977722	102.1593781	67.43084717	109.1090546
Q9CWM4	286.0799255	190.7392426	208.8231354	168.0197449	180.6721649	316.1391296	272.6203003	238.9233856	154.8233948	337.8732605	205.6690979	222.552002
Q9CWP6	242.6937561	81.79577637	180.073822	174.1541748	154.3176117	90.92980957	173.2500153	130.9458771	177.0340118	197.9374084	245.7568359	107.5085678
Q9CWS0	3953.17334	3572.736572	3564.537109	3654.091797	3418.875488	3542.416992	3747.780518	3170.261963	2666.051514	2692.724854	2219.848877	1944.766846
Q9CWS1	0	0	0	0	0	0	6.431833267	0	41.43023682	5.6114254	0	0
Q9CWW6	214.111496	155.9828339	206.4838257	143.523407	200.6459808	216.3116608	215.7317963	147.9642029	123.1633224	181.8772888	108.8504181	208.5797577
Q9CWX2	244.9269409	265.0487366	299.1450806	293.7854614	252.8725586	363.0864563	306.9080811	257.8443909	184.2040558	258.0039063	288.4591064	288.363739
Q9CWX9	0	54.772686	129.4488373	38.0518837	75.29719543	101.4688568	86.25418091	13.24877739	108.6778183	91.97736359	84.39878845	0
Q9CWZ3	247.507309	207.4224548	200.0892181	273.8089294	342.3536072	172.04599	271.4833374	223.6787567	387.7664795	329.5081482	241.7315826	216.1486969
Q9CWZ7	257.2548218	315.7820435	274.6294556	232.4176941	94.45882416	235.5895081	140.3056793	162.0820618	156.1765137	302.8436279	244.9872742	166.2501831
Q9CX00	216.5774078	137.4720459	199.2636566	249.7335968	166.0212097	243.8153229	280.6925659	291.3801575	202.6682587	319.6869507	349.9909058	165.5931854
Q9CX34	144.1082153	162.8102264	180.9984131	219.7209473	149.6836243	101.1308441	152.0574646	133.6559601	117.8642654	191.5191956	167.4775848	166.0708466
Q9CX56	324.8192444	238.9454498	290.3706055	289.0405884	216.4976349	215.6729889	265.5686646	255.6652222	274.3815308	227.8523254	254.0967712	298.4266052
Q9CX86	418.7390747	401.329834	322.1451721	349.8951721	283.308136	173.9035492	221.2022705	597.7350464	303.5900574	176.5738068	525.598877	327.5679932
Q9CXA2	399.5466919	303.5157166	183.9291687	368.4227905	351.3700256	388.3337402	377.9866638	484.9569702	419.7136536	505.9075317	291.9939575	362.8058777
Q9CXE7	686.5075073	644.9522705	535.3608398	521.5153809	884.5737305	827.2265015	1112.066406	1082.260132	628.7848511	570.7203979	823.5479126	522.5783691
Q9CXF0	3309.998047	3445.243652	3490.310303	3830.893799	3250.485352	2952.578613	2444.782715	2579.562256	3674.613281	3586.813721	2913.0354	3137.571533
Q9CXF4	163.2024841	128.5617523	175.9737091	293.9561768	220.9106293	128.9358978	254.6159515	206.8627167	199.253006	107.9484482	102.2985229	186.8438721
Q9CXI0	222.3261108	205.8825378	224.9560852	143.9815826	226.9273529	168.7140808	132.9675751	185.405365	238.8066864	134.8545685	165.0428314	124.3096695
Q9CXI5	787.7474976	548.1177979	709.7496338	499.1622314	607.8268433	701.9387817	695.3139038	685.1035767	498.3474426	473.1069031	384.2660828	340.6920776
Q9CXJ1	146.6403961	142.3159027	525.0238037	132.5919037	75.78507233	97.42056274	194.4133301	194.746582	188.9533844	155.8822327	122.8249741	134.4441833
Q9CXJ4	224.7585297	229.635788	241.6497345	183.405777	187.0884857	158.5942078	187.0434113	185.1572876	205.4750671	241.2830811	174.4221191	267.9221497
Q9CXN7	3683.692139	3562.778076	3332.801758	3528.873535	3965.131348	3503.968994	3203.915283	3014.430908	3856.826416	4346.394531	3096.918701	3588.638672
Q9CXR1	363.5982666	278.605835	263.4856873	293.3680115	294.0002441	268.2686462	499.3520203	373.3875122	345.4208984	331.4288635	275.8168335	327.1891785
Q9CXS4	576.3187256	647.4025879	631.6289673	647.973938	379.938446	573.0826416	554.9800415	753.0358887	626.4093018	617.2985229	666.8831177	649.8347168
Q9CXT8	685.5001221	598.1777344	748.5600586	610.6309814	583.8890991	534.8533325	513.1522217	619.3046265	580.5179443	500.274292	576.7212524	700.9872437
Q9CXV1	242.8110809	261.1003418	319.7672119	312.6096497	221.0522461	224.2062073	154.4597626	102.8180084	180.6553192	266.8959961	214.8383484	185.5861359
Q9CXW2	254.1818542	268.9168701	357.1764221	275.4506836	190.782959	192.2704163	219.0857544	185.1018677	220.0175323	273.8482666	203.2465363	249.9879608
Q9CXW3	880.7354126	878.0598755	769.8063354	870.2956543	1196.615845	811.5195313	1261.689941	962.7831421	880.3765259	895.2269287	736.9348755	747.7982788
Q9CXW4	6858.757813	6506.831543	7134.26709	6168.035156	6622.666992	7294.751953	6657.89209	7457.953613	7000.296387	6733.273438	7311.766602	7512.033203
Q9CXY6	230.9542999	141.5980835	190.8624878	189.394104	259.5067749	138.556778	214.3947601	109.0142288	167.9595337	84.91921997	155.3059845	192.6149139
Q9CXY9	55.0102272	180.4602966	166.756485	0	109.6796188	48.15731812	75.32237244	227.1003265	66.19680023	0	82.51693726	136.9120178
Q9CXZ1	2666.570313	2884.753906	2642.880859	2952.171143	2479.18335	2251.060791	2084.119629	2196.535156	2605.374756	2804.896484	2854.435059	2606.14624
Q9CY16	186.8708649	159.8422852	223.7291412	170.0503082	104.8639984	71.65479279	88.71920776	126.0317307	171.4827881	73.39916229	98.74314117	34.89858246
Q9CY18	39.57298279	39.93105316	40.51642609	24.36114502	17.55617142	76.02854919	65.91831207	54.81724548	37.77893448	47.60837936	91.69107056	15.50130749
Q9CY27	765.5083008	786.9586182	1259.761353	885.1642456	856.4804688	786.6894531	795.1350708	1103.233032	1140.283691	1021.435608	604.1358643	720.8006592
Q9CY50	4643.185547	3226.678467	4628.432129	4100.811523	4302.868652	4656.240723	4431.601563	5049.95459	4142.655762	4521.759766	4439.230469	5324.069336
Q9CY57	26.42463684	3.270400286	0	57.69582748	48.58034134	0	28.84250832	60.28239441	88.89489746	66.77062225	0	27.08174896
Q9CY58	766.4082031	611.3973389	651.7935181	814.1314087	411.6939087	568.7606812	717.3189697	763.1151123	867.7228394	789.6012573	706.1967163	612.947937
Q9CY62	93.11722565	92.49102783	50.37218475	0	0	42.87586975	29.53805923	115.6375046	45.89867783	75.32434082	33.37546921	19.54299545
Q9CY64	332.7453613	373.3416138	396.5812683	429.4847107	393.7447205	493.7955017	449.1764832	437.6405945	516.2485352	543.2816772	473.6065369	455.6466064
Q9CY66	408.0439453	435.3057556	539.9570313	622.8565063	407.1114502	452.8372803	488.0898438	491.7205505	432.7123718	511.6272583	425.3441467	537.1555786
Q9CY73	48.45782471	60.80919647	136.7898865	148.0816345	73.61412048	109.4615479	75.10199738	63.39879608	87.10501862	81.52964783	129.1096039	100.3376999
Q9CY97	104.9624023	76.63929749	52.29933548	110.7075653	140.9189911	52.44002151	78.57606506	90.91149139	47.59036636	81.51548767	112.8615494	22.16421318
Q9CYA0	204.1663513	262.3764648	283.3280029	343.172821	189.2147522	275.9382629	304.2648926	377.1573792	125.4490509	163.5736237	153.6318359	139.1596069
Q9CYG7	154.1689911	131.4526978	100.9627838	141.9568787	159.177536	114.9957581	192.1384125	197.0656891	134.0235291	189.2115021	110.255928	71.36310577
Q9CYH2	657.3101807	889.1210327	837.401001	720.9128418	655.5196533	833.6905518	727.2850342	636.0161743	768.7095337	697.8302612	888.0932007	544.7927246
Q9CYH6	43.49287033	60.1147995	46.09033966	199.8170319	90.97853851	94.16542053	83.51002502	91.44661713	53.82616425	64.31478882	39.47610092	265.8096313
Q9CYI0	101.2858658	65.12397766	107.7424393	55.88222122	32.19857025	38.87418365	83.79718781	47.27112961	24.00341797	0	11.06779289	5.06530714
Q9CYI4	54.41485977	133.5749969	62.99417114	49.86120605	0	74.59862518	47.13853073	131.3138428	57.9488678	110.8051453	62.84023285	111.6795349
Q9CYN2	905.9732056	770.4608765	978.1974487	991.4282837	712.7886353	935.5458374	866.3995972	1004.669617	875.5350952	884.6138306	907.0106812	813.1403198
Q9CYR0	556.6141357	530.5490723	509.1893921	517.6878052	456.5439758	491.1981812	563.2210693	382.3291626	539.2889404	558.8190918	472.9815979	372.1885986
Q9CYR6	335.0834045	500.8023987	463.6051636	340.3800659	454.8716736	463.90979	530.2138062	561.3391113	418.6278381	522.8898315	431.0211487	542.0061646
Q9CYS6	584.7072144	401.7814331	482.3754578	358.8462524	368.6933594	403.2235718	415.5477905	348.0146179	357.8679504	361.3237305	350.6888123	304.2947998
Q9CYV5	161.6244049	246.1222534	242.5153503	218.187912	343.7707825	405.1523132	371.9673462	329.526886	359.8997803	226.7030945	113.1113586	128.5197754
Q9CYW4	1428.78479	1073.241821	1660.935791	1188.692139	980.6578369	1178.191772	657.1359863	913.6019897	1085.591064	1008.997498	1027.822021	1171.842041
Q9CYZ2	485.6539307	478.758667	373.2142029	388.3250427	569.5464478	555.432373	470.3291016	576.3339844	749.9730835	731.8665771	550.382019	564.5097656
Q9CYZ6	137.1832886	205.4914551	251.3034973	165.297699	219.264389	176.1108551	189.5011444	187.2966919	202.3611755	260.7580566	278.4584351	258.2428589
Q9CZ04	172.7624054	196.0849304	171.7349091	255.1106415	213.4565735	112.8795853	185.6095734	176.7329254	187.3499603	220.5738678	206.1461029	252.0818634
Q9CZ13	23042.95313	20404.81055	21256.95898	21183.5957	17668.06641	20775.67773	17073.13086	17675.35156	18468.17578	19670.44531	21541.11328	17701.71484
Q9CZ28	108.3892822	137.8963928	134.5537567	161.3937531	150.616272	115.0355988	87.78009033	284.8143616	139.9934692	82.28244781	40.84908676	95.93218994
Q9CZ30	1391.942993	1207.351074	1203.319092	1177.411743	1074.530884	1058.616943	1112.897827	1122.466309	1212.266846	1143.728638	996.4453125	1189.885376
Q9CZ42	822.2958374	748.3966064	802.5227661	766.7398682	748.6368408	840.4971924	727.0506592	829.4779053	828.3033447	974.7498169	1038.593994	888.967041
Q9CZ44	876.2653809	980.4522095	865.8808594	773.5812988	788.0210571	784.5723877	1009.54425	766.8200684	754.8435669	944.0199585	708.7689819	675.7268066
Q9CZ83	524.7562866	383.2977905	249.6138306	283.302124	272.4885864	202.2995605	284.9906006	234.4637756	302.8320618	323.0751953	237.6807251	226.5126038
Q9CZB0	362.7914429	442.9919434	273.2808838	234.5805054	227.9849854	174.6381836	161.3460693	440.6842651	244.8519592	145.222168	268.4884338	173.9314575
Q9CZD3	548.5738525	601.5126343	600.2828369	550.6057739	545.0227051	560.0577393	685.40802	484.4104309	558.5684204	504.7234497	393.2832031	526.3510742
Q9CZD5	174.5372772	166.3651428	178.6850433	141.8752441	134.8209991	141.4981079	80.41360474	215.3733215	190.1866455	119.4240189	212.9532623	169.0572815
Q9CZE3	121.5483246	112.9466248	142.1279602	61.86773682	176.8133392	154.7762146	140.7745972	177.1421661	82.91201019	144.0523224	217.9963226	142.0849915
Q9CZG9	113.5899429	98.94599915	115.2589111	134.6347198	177.1634064	131.9233551	148.1179504	139.4001007	119.704689	107.5203094	125.5084076	171.5854034
Q9CZH3	95.82815552	0	93.71437836	80.0027771	103.8070297	66.95597076	110.1773148	103.1616135	77.32367706	68.81336212	89.94068146	83.81817627
Q9CZH7	0	0	0	33.53145218	0	0	134.5070038	0	37.61542892	19.9894352	108.7672043	0
Q9CZL5	893.1871948	1045.854736	916.4046021	978.2723999	796.1929932	751.661499	729.6028442	644.9402466	726.6544189	823.2196045	785.8999023	908.4276733
Q9CZM2	2104.470459	2828.252686	4146.23291	2881.647461	2838.76416	3413.655518	3650.602051	3375.249268	3254.17749	2926.359375	3919.849121	4282.45752
Q9CZN7	8793.350586	8410.875	8827.064453	8550.801758	7160.705566	6533.925781	6989.859863	5991.853027	7083.17041	6690.349609	7039.528809	7310.847656
Q9CZP5	61.68354416	36.20042801	128.4734497	56.09553528	83.01194	71.55931091	95.71297455	87.28601837	101.2952271	138.331955	125.4330063	102.4206467
Q9CZR8	515.4324341	476.1347961	480.703064	629.404541	451.4317932	443.2568359	433.6799927	365.7755127	399.0449524	468.1107483	442.410553	541.0280762
Q9CZS1	19166.38281	23308.44141	22899.05469	21239.08398	6232.968262	5015.185547	3832.878418	8246.132813	10335.08496	12368.13086	8281.057617	11974.27051
Q9CZU3	118.7167664	61.52852249	181.2111359	171.9140167	152.1608276	68.85739899	93.0841217	205.6347504	133.0747223	123.7748032	173.8747864	219.9637299
Q9CZU6	5056.507813	6478.455078	7168.999512	6535.894531	5694.693848	6570.914063	5436.844727	5561.823242	6473.270996	7026.060059	6750.035156	7076.688965
Q9CZV8	0	0	0	0	176.6046143	0	58.36878204	30.44805336	85.9886322	61.53884506	96.14135742	85.60118103
Q9CZW5	1590.566528	1508.111084	1510.485718	1493.938354	1284.49939	1272.865601	1298.466675	1362.440552	1267.060181	1298.429565	1261.861084	1191.694946
Q9CZX0	9.63574791	10.03621101	0	0	31.16452789	42.85057449	20.51875114	56.38351822	36.31002808	60.73751831	43.37508011	60.59289551
Q9CZX8	5341.144531	5222.661621	6348.737793	5789.65332	5818.852539	5348.783691	5397.039551	6012.573242	5606.54248	4980.705566	4995.367188	5781.259766
Q9CZX9	178.7554932	214.6538086	156.9748077	154.5983276	188.2469482	240.678421	193.2646942	227.3228149	217.3795929	223.9099884	269.414856	223.0752106
Q9CZY3	105.4302826	165.0291595	250.8898926	52.66991043	290.9985657	180.3136139	101.3751984	228.4356079	122.6628876	211.6356659	195.5138092	200.6460724
Q9D020	196.8269196	215.6439667	269.6954346	210.5194397	263.1464844	141.0546417	137.7941437	141.4974823	169.3307953	135.5709686	178.3866882	162.2711792
Q9D023	3477.571777	3436.169189	3952.277344	2961.572266	2774.455566	3357.463867	2946.307861	3113.202881	2909.973389	3070.653076	3939.266602	2792.681152
Q9D024	545.913208	529.9098511	676.7068481	559.8120728	547.1315308	528.9052124	687.6844482	672.6881714	492.460907	595.3729858	677.0317383	630.2946777
Q9D051	5512.278809	5070.760254	5252.52002	5422.727051	4509.018066	5460.691406	4695.724121	4636.103027	5319.984375	5073.705566	4664.104004	4833.267578
Q9D0B0	135.3914948	138.6205444	62.88843918	107.4874496	133.7442322	141.0814209	164.5546112	87.82129669	71.16786194	182.3672943	131.5866699	127.5930176
Q9D0B5	241.1649628	223.4200439	261.3487244	199.8641205	50.4044342	92.1100235	67.82834625	54.40604019	149.8930206	152.3768616	77.96022034	107.9172211
Q9D0D5	225.9441528	228.8841553	109.3061447	153.1473999	40.2269783	16.15281487	42.62566376	35.61442566	64.78352356	77.42288971	24.38760757	0
Q9D0E1	2165.76709	2505.682861	2369.610352	2048.233887	1867.189087	1778.199707	1540.249878	2654.116455	2187.079834	1963.839233	2037.082153	1705.441162
Q9D0F3	3653.928955	3318.11499	3559.063721	3164.477783	3799.327148	4060.357422	3982.357178	4102.99707	3235.548584	3384.253174	3232.815186	3926.424805
Q9D0F9	4853.319824	5315.952148	4808.811523	5635.419434	5675.344238	5616.899414	4819.50293	5948.598145	6146.454102	5280.790527	5391.584473	5809.056641
Q9D0G0	160.7777405	198.9986877	341.9556274	244.0019989	281.4996948	284.8022766	249.427948	224.1435852	222.5747375	326.1297607	251.8981781	274.9530334
Q9D0I8	42.08878708	57.00212479	108.4902191	91.88169098	101.3480606	175.0241547	107.7026443	68.65455627	60.39185333	83.22698212	120.9664383	52.97925186
Q9D0I9	1302.727783	1229.2146	1413.245239	1389.212646	1246.811279	1620.940674	1391.145508	1555.14978	1559.940063	1367.333862	1224.484619	1428.566895
Q9D0J8	1433.953979	1616.433105	1252.505615	1507.749878	1995.127808	2641.752197	1448.96521	834.1990356	2699.344238	2648.303223	2096.476563	1345.483398
Q9D0K1	40.0990715	40.82079697	62.67683029	50.39484787	56.83192062	112.8864136	86.04669189	59.2718544	129.5116119	83.43947601	74.04407501	55.58041
Q9D0L7	197.7695923	287.7338867	129.467392	241.8388214	127.6490555	167.3745575	137.6195984	209.308197	144.990509	156.1204987	250.0421143	115.5827408
Q9D0L8	123.5933456	130.9283447	292.5578308	225.451889	175.0811005	180.5531616	124.954689	104.0077667	140.1558685	164.0305786	126.5660324	123.9347687
Q9D0M0	80.77310181	120.0497437	57.14349365	86.724823	0	0	134.688446	197.4831085	225.505722	94.67006683	131.0624237	162.0076752
Q9D0M1	363.7226563	309.4024353	214.1489716	309.1385498	347.783844	284.7615051	299.8493958	368.5856628	324.8069763	313.9398499	336.1904907	366.9016724
Q9D0M3	8051.354492	7646.960938	9707.569336	8291.828125	7982.958984	7896.105957	7121.24707	8089.182617	6785.946289	9286.100586	8855.859375	8010.376465
Q9D0M5	927.9020386	878.1430054	1034.327515	1162.299805	1056.128784	637.9829712	902.7861328	1275.738281	1184.866211	1179.299561	1327.069946	1350.661743
Q9D0Q7	215.8921204	155.4079437	309.8617554	253.4505005	219.7469635	230.7737732	143.920517	167.2792358	197.353653	195.3210602	241.8830566	155.121933
Q9D0R2	2551.796631	2649.31958	2745.088379	2525.642822	2891.496826	3277.069824	2839.218506	2726.293213	3221.798096	3039.225098	2764.057373	3414.528564
Q9D0R8	202.7421875	186.9308014	324.9223633	208.120697	229.7082672	191.911499	256.905365	224.4591675	225.3535004	208.5653229	178.6738586	292.2238159
Q9D0S9	10617.24902	9937.025391	7705.529785	10812.19043	8574.709961	9411.768555	8599.164063	7791.719238	9767.111328	8625.614258	9945.780273	10519.0498
Q9D0T1	206.9258575	290.4606934	158.909729	440.0114746	367.2894897	313.9248352	510.5323181	296.5362854	285.5431213	266.3251038	384.9201965	402.6119385
Q9D0W5	94.58781433	161.9243317	155.4811096	94.21897888	138.8684235	130.2840118	70.60560608	110.6690369	72.39974213	141.2865295	152.5825806	175.1520386
Q9D0Y8	163.9252014	17.61104202	27.7849617	0	116.8034439	150.9484253	58.35503387	111.1691818	117.4139633	90.35868835	108.4258194	115.122818
Q9D110	330.1757507	197.651886	328.4256287	264.8797913	198.0758057	222.6885376	217.3328857	269.39151	183.2143402	215.7970581	198.0742798	268.1208496
Q9D125	177.3808899	103.5732574	166.528244	145.5262756	160.3065643	96.11038971	106.4758224	113.7846298	93.74505615	70.27133179	165.256012	84.8965683
Q9D142	71.02650452	62.25270462	57.38628387	82.33673096	44.12885666	50.97728729	70.88895416	20.77307892	56.59080124	47.78261566	69.95635986	53.74284744
Q9D154	221.8917999	247.4091187	425.390564	282.5160828	140.5817566	180.2419434	147.2432861	291.3719177	277.4468994	192.6539612	168.0892487	124.1166229
Q9D172	698.9393311	838.3069458	683.6433105	576.6595459	643.2844849	701.3395386	485.336792	1043.32959	1605.947021	992.8179321	816.1601563	1008.787598
Q9D187	199.6690979	183.9962616	146.392334	309.2159729	166.2001953	218.0460205	259.0433044	135.8480988	158.0483551	127.5	186.0240631	211.0157471
Q9D1A2	3090.698242	2712.68335	2476.829102	2718.424316	2487.396729	2603.112793	2607.314941	2870.417969	2519.672363	2658.953125	2163.547607	2835.617432
Q9D1B9	309.9237061	295.1368713	305.3479004	226.1166534	165.0915527	294.8499756	238.9676819	203.5362854	333.1743469	255.4545288	232.4595184	241.7021484
Q9D1C8	52.61680603	46.32106781	138.4043121	45.46776199	70.26667023	88.81933594	57.07670975	75.22885132	40.92288971	75.18171692	48.68931961	73.84751129
Q9D1D4	776.3927612	875.2692871	849.284729	706.5872192	933.6021118	888.3889771	1051.921631	883.1195068	764.3383789	846.9768677	881.642395	890.0209351
Q9D1E6	187.3806915	205.174118	155.7178345	133.2665405	212.4082947	155.6061401	135.5681305	207.5029602	134.4899139	120.1088257	145.247818	159.562027
Q9D1E8	0	116.0838013	0	57.52215576	81.67247009	105.2827377	17.95712662	209.2883148	49.20465851	93.53314209	229.1461792	112.7013779
Q9D1F4	303.1095276	514.1552734	392.9760437	455.6433411	307.8231201	309.7502441	194.2212067	295.9448547	268.2598572	334.3170471	261.4259338	454.3222046
Q9D1G1	2132.672607	1635.635376	1339.424316	2253.97876	2174.652344	2470.491455	2326.293945	2160.83667	2006.690674	1940.545288	2476.290283	1877.059204
Q9D1G2	322.7362976	241.8608551	235.5914764	362.1930542	82.794487	61.79228973	78.12961578	46.33987045	89.38769531	113.856163	78.69728088	83.38866425
Q9D1G5	287.8143005	218.9225769	161.671875	124.8901291	158.2281494	73.37181091	171.6474915	168.3401794	178.1532593	173.2530823	116.2071991	131.9883118
Q9D1H6	183.4925232	188.3966217	232.5391998	211.0962372	169.5048828	213.6929016	201.9769897	162.4512939	187.5105133	131.116333	165.161972	152.8688354
Q9D1H8	242.7351379	283.2605286	229.3377533	142.7165375	233.2957764	177.0098114	147.8574524	135.5192871	97.03446198	228.7767792	165.4683838	167.3659363
Q9D1H9	0	354.170166	164.2566223	57.57327652	137.8204956	24.95153236	93.84786224	31.50142288	101.5919266	98.80342865	111.1111298	303.4783325
Q9D1I5	1871.217773	1349.129272	1676.088989	1681.664795	1122.73877	1168.193237	1277.089233	1176.916626	1169.654785	1689.102295	1240.537598	1390.020386
Q9D1I6	182.6167908	99.8323288	127.3659821	111.5653076	62.40696335	148.598999	128.9989777	155.4358978	120.234436	194.4058533	156.4245148	226.8209686
Q9D1J3	128.8237762	77.05149078	120.5286026	190.8363647	131.1092529	75.3924408	55.41122055	63.31324005	245.0146179	302.1595459	215.9508362	43.33159637
Q9D1K2	268.893158	200.5534973	262.8151855	362.2263794	380.8826904	342.1202087	374.3596802	285.7676392	258.2939758	306.4990234	326.9147949	224.0847931
Q9D1L9	546.8476563	661.4047241	588.8220825	521.3344727	706.2853394	701.7578125	842.1022339	781.7474976	511.9128723	717.2479858	638.0419922	780.1112061
Q9D1M0	332.1648254	370.4452209	800.6653442	662.1643677	734.2039795	699.1897583	739.5440063	429.5808716	650.1190186	399.0814819	658.1617432	586.2362671
Q9D1M4	124.9959183	189.5007172	273.7450562	84.48324585	131.6547546	115.8149719	132.3379059	139.6928864	163.3975677	174.3972778	46.08248138	135.4614563
Q9D1M7	342.2002869	369.8022156	883.9845581	423.4223022	468.2766418	522.3136597	418.1410828	396.3220215	526.9840088	570.6087036	286.5926208	462.1442261
Q9D1N9	256.0459595	345.040863	420.3571777	354.9742126	290.7658997	191.6493988	177.6224518	237.7901001	265.8100586	254.9059448	207.261261	185.5499573
Q9D1P0	348.0354004	363.0431824	431.2745667	345.4349976	353.752533	324.5476685	247.5349884	305.819397	335.9680481	393.2944946	337.219635	383.1412048
Q9D1P4	163.5677338	154.9646759	96.29607391	161.0688324	211.8612213	222.2768097	160.3740845	240.5861053	143.9069519	203.3580933	130.9962158	194.0925598
Q9D1Q4	8.780039787	22.08377838	0	110.8683319	17.06193352	17.9112606	259.8344727	92.50775909	113.5898666	210.0076599	59.99155045	129.1234436
Q9D1Q6	2333.415283	2124.22168	2240.989502	1946.766968	2379.864502	2150.73584	2657.831055	2441.450928	1833.206665	1956.216309	2280.284424	2193.424316
Q9D1R9	4998.497559	3615.714844	4226.879883	2888.045898	4683.211426	3317.774902	4514.067383	5327.055176	5487.793945	5597.416504	4998.438477	5553.221191
Q9D273	332.5901489	443.1674194	338.9430847	398.3787842	177.5823517	158.9868774	98.31122589	122.358223	192.9647217	161.6618652	245.9069366	164.8319855
Q9D281	58.70439148	96.32752991	84.42166901	120.1153946	89.2397995	0	63.64177704	94.07158661	144.0756226	105.9381561	60.90979385	125.6928635
Q9D287	214.0597229	91.13716888	155.246994	120.5523453	104.9351044	113.234024	177.503479	148.9105682	144.0860596	159.0638123	126.7741165	108.9816284
Q9D2C7	309.0359192	583.9814453	705.6818237	389.6905212	221.1344757	217.9487305	144.6026764	464.5475464	227.0022125	303.7291565	308.053833	241.5930023
Q9D2G2	8792.888672	8996.646484	8868.039063	10499.85156	7538.775391	7843.179199	7050.29541	6424.377441	9079.191406	8467.922852	8559.532227	8328.084961
Q9D2M8	2236.378662	2044.05835	1926.04126	1936.042847	1702.509399	1570.945557	1868.187988	2182.880615	2287.735352	1792.515747	1923.102173	2367.013184
Q9D2N9	26.9826107	82.16461182	54.39033508	0	60.00687408	12.70470524	23.82299614	57.55791855	33.76306534	0	7.633814812	9.875209808
Q9D2R0	1400.404663	1472.33728	1023.239197	1344.073242	1162.995239	1085.813232	767.1956177	959.3084717	1622.130615	1820.080566	1196.17688	1304.346069
Q9D2R4	0	0	131.7401886	0	0	0	0	95.35428619	0	0	0	0
Q9D2R6	463.7288513	682.270874	496.7841492	422.1936646	609.8164063	513.0617065	439.3175354	545.3409424	547.8359375	510.8465576	456.1965027	365.1982727
Q9D2R8	199.1872406	326.2351074	280.3082886	380.0156555	222.0623016	331.4180298	297.34375	165.6551819	403.7612	304.9594727	307.7485352	186.4739685
Q9D2V7	538.3977661	474.876709	440.3781433	544.6050415	501.8913879	515.1187134	545.2769165	424.1852417	485.905365	409.9594421	467.7790527	431.9516296
Q9D338	295.2460938	265.9105225	347.1599121	335.0090942	275.1860962	259.3748779	225.5363922	223.0323944	277.8107605	267.7037964	214.4246674	225.4060059
Q9D358	2006.872803	1973.970825	1656.646851	2112.412109	2067.467529	1710.078369	2032.873779	2079.666748	2005.300171	1965.849365	1640.394287	2051.643066
Q9D379	7177.196289	7183.566406	9914.960938	7593.499023	15410.71875	12414.96094	19629.05078	16935.91406	10075.2334	7780.101074	10759.27148	8681.054688
Q9D394	90.81755829	77.10650635	61.67882919	83.63357544	92.33659363	111.8865967	102.3073654	102.4478989	61.51379776	96.84098053	95.42011261	119.7973175
Q9D3B1	27.22493362	5.133251667	108.3479538	42.969841	0	0	0	346.9769897	398.0207825	113.618309	42.15909195	19.74698639
Q9D3D9	4798.8125	5854.441406	6891.31543	6000.568848	4190.07666	6495.16748	6290.483398	4303.86084	6483.019043	7290.82959	5177.733887	6197.926758
Q9D404	601.4906616	552.8394775	580.2752075	587.8536987	544.7803955	560.3651123	513.5709839	521.5842896	554.8818359	700.9067383	747.2288818	623.0843506
Q9D4H1	102.3184357	51.45285416	131.0314484	135.3154297	149.5985565	162.7168427	140.661438	147.8229218	148.8289795	120.7080078	25.04352951	172.7373047
Q9D4H8	84.51473236	136.8530579	185.9707336	136.6768036	138.4200134	96.12498474	140.5158997	132.9091797	161.777298	116.9430618	112.5154648	199.0301208
Q9D517	320.9938965	230.973465	322.9964294	285.5711365	302.3861694	299.6164246	233.6422272	498.7962036	357.3660278	382.6767273	251.3948212	374.2562256
Q9D554	261.0903625	237.9723511	312.303833	250.8044434	211.846405	319.379364	278.8222351	328.3370972	243.0812988	243.0758209	253.0728149	244.0112762
Q9D5J6	861.519043	888.210144	873.7209473	660.9247437	663.4085693	594.4102173	573.0662231	791.6167603	831.1376343	826.7058716	727.6787109	778.7171021
Q9D5T0	181.1065521	165.6631012	184.943985	134.0282135	225.2983398	190.3366547	202.1401215	173.5627899	166.0143433	165.1957703	241.8741455	134.1207123
Q9D5V5	158.0050507	134.1180115	150.8425751	123.6689758	126.9322433	125.3193893	227.3414917	153.8552246	156.4449615	136.002243	165.8644104	161.3813782
Q9D5V6	138.04953	123.3768692	117.9651337	119.7593842	133.8399963	105.4382324	106.6584396	98.96114349	132.8277283	124.7401733	94.4545517	181.4039001
Q9D662	1266.555176	1021.864197	1556.78125	1084.978516	1380.05188	1312.21936	1575.925659	1384.109985	1277.719116	1312.793945	1267.243042	1290.297852
Q9D665	202.1711426	0	143.6459503	178.2238159	0	55.60108185	31.11465263	130.832077	183.3769684	109.431366	108.9804306	94.39495087
Q9D6F9	53.28824615	527.93573	555.9365845	595.4884644	831.7669678	505.6279297	500.7557983	974.269043	752.1325684	1096.533325	884.6343384	1430.571045
Q9D6J5	2948.273926	3286.437988	3066.261719	2960.001953	2717.919922	2759.550781	2424.780029	2694.584717	3030.961182	3104.2771	3254.565674	2824.085205
Q9D6J6	8525.157227	6832.032715	7945.360352	8257.901367	6340.249512	6910.544434	6120.897949	5753.138184	7517.424805	7367.814453	8307.339844	7225.707031
Q9D6K5	640.9385376	561.7299194	529.2991333	648.1314697	500.2145691	640.0974731	609.4625854	716.9227905	716.243103	584.6105347	593.5961304	626.6876831
Q9D6M3	3586.123047	3599.909668	3518.539795	3410.429688	2431.270508	2366.650879	2539.700439	1659.133545	2137.127197	1543.499634	2224.650146	2008.050415
Q9D6N5	72.40133667	107.4739838	121.22612	153.4873352	105.1668243	92.25868225	83.36282349	91.79639435	59.24067307	93.99760437	39.35938263	100.8275909
Q9D6R2	2188.782471	2042.816895	2280.388916	2049.4375	1868.902954	1638.644775	1639.695679	1384.250244	2049.271729	1774.873413	1569.883545	1829.42749
Q9D6S7	370.3491211	362.4692993	456.572113	344.1881409	441.8064575	454.9795837	341.3795776	347.0168457	400.2459717	374.7972717	380.7648926	490.7071228
Q9D6U8	948.0675659	1075.599243	1553.473755	867.4935913	724.6182861	1136.099365	1172.665161	969.1559448	961.7389526	935.9390259	1175.355469	1059.328735
Q9D6V8	103.5726089	248.0604401	40.46632767	0	80.01107025	147.9043579	56.05263138	70.58689117	105.3711624	111.0290833	80.94400024	59.58023453
Q9D6Y7	6770.882813	6806.443359	6350.71875	6402.066406	6913.581543	7500.646484	6947.557617	7027.588867	6824.703613	6308.693359	5824.258301	6224.703613
Q9D6Y9	4637.575195	4915.520508	4442.437988	4831.809082	4477.243164	4258.914551	4062.016846	5470.704102	6301.647461	5710.202637	4629.305176	4848.805664
Q9D6Z1	442.418457	494.2877808	411.2295227	445.2928772	447.6368103	409.8697205	468.4789124	420.0621338	523.7365723	414.9184265	408.2387695	459.9602661
Q9D706	70.8685379	34.06562805	21.09518433	76.2793808	75.10691071	41.09420013	37.86128235	77.90892792	0	71.71850586	0	27.93980789
Q9D710	748.1977539	699.4028931	1033.953613	515.9418945	473.9606018	542.0509644	356.7942505	586.4815063	242.2791748	548.5601807	409.4831543	380.0692749
Q9D711	553.6921997	524.421814	561.4764404	513.7364502	419.3113098	456.2728271	554.6009521	361.9049988	459.0201721	328.8205261	409.3236389	310.2423096
Q9D773	145.6299133	239.199234	273.3305359	237.5178833	120.9107056	65.86026764	150.8229065	177.1844177	73.75323486	106.5378494	189.1406403	245.9413605
Q9D787	0	0	0	0	0	0	0	0	0	0	0	0
Q9D7A6	186.7213745	164.641571	270.4115601	213.7427216	477.6258545	199.1240692	242.3298492	235.6923218	247.1535645	484.0921631	378.2776489	339.4433594
Q9D7A8	583.3724976	370.4350586	404.8426514	558.6118164	322.2904663	418.3800964	529.1599731	423.9591064	432.6410828	558.7346802	222.1782227	345.513855
Q9D7B6	3339.42334	3351.20874	3729.337158	3366.577637	2824.000977	2681.194336	2495.145264	2538.579102	2972.939453	2646.28833	3189.7854	2979.844482
Q9D7G0	441.8579407	448.269165	427.2861938	627.9082031	516.1712036	577.4257202	650.8789673	641.6990356	575.7484131	630.7266846	583.776062	580.6976929
Q9D7H3	96.92389679	57.33131027	0	31.72317505	130.6283417	51.65200043	39.02451706	88.39685822	85.11479187	119.9500961	103.4616928	80.90442657
Q9D7I5	390.6720581	604.8449707	595.8513184	487.4101868	443.6838989	273.3247375	329.2832642	309.4031677	230.2012024	353.5820007	340.834259	341.5992432
Q9D7J4	0	0	131.0997772	39.31468964	0	145.2809143	176.3888092	0	219.9716034	170.3160706	49.72520065	0
Q9D7J9	2094.289307	2268.209473	2417.009277	2411.059814	1861.975952	1636.003296	1704.504761	1737.248047	2404.977051	1822.622803	1924.684448	1997.198608
Q9D7K5	83.54576111	60.87080383	17.96430016	140.3120728	158.9098206	129.1996002	106.1202927	14.00527	22.74239349	40.05152893	21.19631195	94.17463684
Q9D7M1	117.3358307	78.75242615	122.6871948	64.79811096	139.8820801	123.0711136	99.06023407	71.77738953	104.8813095	65.96266174	111.2448349	107.2364044
Q9D7M8	114.3946152	111.7394028	90.30783081	78.33772278	185.4760437	134.6637878	313.2290039	180.2078857	133.2937012	171.9638367	63.1396637	90.44462585
Q9D7N3	407.2938843	330.31073	305.5256653	394.3955688	263.8067322	303.6554871	250.3700867	214.4805603	268.9977722	365.0889282	351.8473206	337.5499878
Q9D7N9	482.494873	471.9769287	631.4020996	396.6384277	476.0176086	587.0261841	553.1052246	531.1317139	463.6168213	543.7457886	459.8118286	566.3286133
Q9D7P6	161.4831238	129.6810608	149.74086	256.2814331	224.7147064	82.90174866	160.0746155	327.2974854	564.4024048	269.3585815	150.3693085	263.0136108
Q9D7P9	39.51958084	26.27537727	18.59269333	0	0	0	6.872301579	32.94397354	0	0	17.40289307	0
Q9D7S7	237.7720032	197.7578125	337.729248	252.4468384	82.89102173	59.75178528	169.6388702	83.3380661	60.87334061	144.5297852	211.0274506	128.8373871
Q9D7S9	125.7076569	141.5089264	167.2545776	278.7781372	169.7571716	296.3673096	347.3551941	410.534729	0	106.6513138	7.7771101	208.0615234
Q9D7V9	86.80854797	60.53622818	53.74009705	97.73271179	75.82032776	90.28314209	134.7529144	60.33909988	18.70901489	62.98439789	133.7338867	68.05393219
Q9D7X3	344.2483826	276.3971252	362.7783508	308.5176697	364.8794861	296.6246948	353.335022	449.3636475	309.9706421	373.6757202	291.8623352	356.492981
Q9D7X8	62.50254822	46.79330826	58.66591644	87.41226196	132.4216614	99.16265869	103.0042572	52.41775513	113.5939026	40.76625824	97.84085846	86.20980835
Q9D819	13158.49316	12402.63281	11800.02148	13391.14941	11751.87793	11266.91699	11360.90332	9430.652344	11058.93555	10900.90039	10805.56934	12179.94727
Q9D820	336.4359131	236.5205536	323.1456299	359.2328186	348.6143188	291.315033	271.833374	378.8764648	314.011322	333.8221436	298.1170654	468.3119202
Q9D824	101.883316	0	39.61373138	74.13327789	0	25.62388229	67.55537415	88.06597137	150.6188507	62.67840195	72.50023651	77.85076141
Q9D826	3018.662109	2931.557129	3243.445068	3009.762695	2881.998535	2611.145264	3364.169678	2785.349854	2628.567627	2419.801025	2956.242188	2142.078125
Q9D832	337.0664063	405.6181641	480.9295044	288.6656494	360.0966492	326.5083008	408.3260803	302.00354	306.7632751	348.8986511	349.1534729	258.1014404
Q9D855	12889.51465	12265.69629	11175.42676	11934.49512	9898.299805	11055.05176	9733.725586	10065.22559	10184.33105	12333.33496	11549.77734	10793.26953
Q9D868	541.9468994	452.0369873	521.6878052	279.5843201	654.2700195	475.3300781	607.8233032	769.9871216	456.2710876	696.9661255	399.4232178	695.1434326
Q9D880	742.4511719	609.2068481	793.147522	659.8032837	554.6472778	639.0175781	575.8341675	506.6142273	592.914856	682.9922485	763.390564	665.80896
Q9D883	538.1692505	819.8689575	548.7009888	809.9916382	446.1466064	658.5092163	511.3595276	544.1208496	625.2584839	459.3224182	661.4034424	224.4893646
Q9D892	493.3144836	485.0096436	486.5610352	437.5502014	480.9952087	376.2151489	498.380127	405.2017517	435.084198	464.8991699	380.367218	500.5126953
Q9D898	805.1938477	1002.165466	789.6958618	805.1278687	1176.547485	1072.722412	958.3286743	1185.915039	986.3966675	852.359436	1104.074341	1128.68103
Q9D8B3	76.79666901	179.4172363	275.0513306	81.10855865	76.26322174	77.68276215	101.8214035	119.954361	135.7600708	214.9687958	42.85390472	196.4904633
Q9D8B4	410.1317444	481.7304993	571.5271606	447.5304565	407.9629822	347.9195251	318.9360657	268.2127075	435.6974487	344.144165	353.526001	349.0330505
Q9D8C4	378.3197632	429.8222961	386.7137146	325.2304382	341.2417908	393.1148376	379.2057495	366.8574524	313.9499512	355.7023315	306.8915405	520.2579346
Q9D8E6	10692.37109	10318.66504	9427.381836	10345.73145	11749.82715	11601.26367	11757.18359	12045.27344	10981.51855	11410.79395	10833.40137	11658.67773
Q9D8N0	5318.87793	5232.580566	4985.421387	5091.837402	5662.513672	5629.75	5737.170898	5856.165527	5773.486816	6021.828613	5577.617188	7348.20459
Q9D8P4	322.8786011	498.238678	543.2805786	432.3347168	262.3983765	306.1568604	308.3569031	355.8552551	217.5608978	400.2124329	332.5090332	370.4572754
Q9D8S4	457.1912842	639.105835	554.9384155	567.9768066	561.8337402	532.552124	411.0608826	548.6569824	413.3091736	379.5835571	400.7565918	503.3391724
Q9D8S9	561.3776245	533.8675537	440.9333801	458.6504822	519.809082	495.3057251	387.9667358	379.5920105	469.7802429	421.4781494	422.2217712	429.6177673
Q9D8T0	49.90518951	170.5155334	113.6125259	0	56.867939	52.48849487	55.55397797	0	121.4708862	15.97496128	43.02068329	54.97069168
Q9D8T2	632.1359863	559.8745728	464.434906	600.7720947	694.9987793	594.4129639	778.4254761	700.3494873	765.6747437	879.0959473	851.0999756	848.4436646
Q9D8T7	218.2029114	328.792511	231.5358276	395.4430542	332.4876709	300.2895813	322.1677856	191.6590271	212.864502	252.7838287	380.3157349	358.2133484
Q9D8U3	113.2884369	0	1717.318726	151.3735962	50.09792328	0	0	49.95825577	0	0	0	0
Q9D8U8	545.8704834	571.7406616	521.0689697	618.5409546	506.769165	531.0651855	523.9067383	546.0889282	537.5193481	619.3831177	521.3446045	585.909668
Q9D8V0	403.0913696	260.6912842	277.8298035	341.1307373	359.1088867	499.4858093	643.7908936	698.6605225	539.8282471	245.2140656	297.0256348	468.6953125
Q9D8W5	768.4077759	924.7061768	940.6000977	748.2232666	854.6044312	762.9597168	947.5976563	706.6870728	657.0561523	791.2241211	617.6636353	705.9978638
Q9D8W7	385.5488586	253.1151581	138.6674042	406.692627	450.4353333	766.9703369	670.3842773	923.3192139	704.7890015	923.6829834	401.2399292	571.739563
Q9D8X1	411.9465332	381.400116	390.9653931	345.8623352	207.6437683	292.3615112	270.2650757	223.3666534	356.3892517	367.6809082	526.2896118	582.3739014
Q9D8X2	182.7145844	105.2429428	178.4811707	213.6166534	225.5074615	187.1706848	154.8805542	302.6418762	424.643158	331.5476074	182.3946533	259.4555664
Q9D8Y0	208.2124939	307.9910278	260.9179077	169.801239	229.0069885	142.9123535	206.5671844	307.2008057	153.7143097	206.7663269	275.9140625	288.4368591
Q9D8Y1	165.3647461	231.2428284	210.3198395	199.9108124	70.22797394	223.0325775	204.3814697	217.505249	212.5523834	233.3411865	231.2494354	247.9507599
Q9D8Z2	249.4847412	257.0257874	277.7372437	220.2168274	73.76403809	0	66.47409821	173.2710266	49.57669449	0	0	109.9801483
Q9D906	350.7586975	278.7773743	365.2721252	343.0291443	394.6027527	496.4407654	390.0941467	372.4660034	401.2677002	314.7339783	272.9270325	321.1392822
Q9D938	94.87889862	226.2698517	185.5949554	173.7850189	151.17836	145.8473816	167.2898407	223.3569183	180.1318207	111.7000351	260.4287415	192.8356476
Q9D939	157.7754211	237.6985474	141.4090271	100.2412262	141.8299255	140.0874481	198.2113647	178.0948486	245.8688965	266.087616	170.2964325	216.9489136
Q9D958	129.2612762	183.9778137	183.1656647	90.34524536	165.6568146	217.3729858	167.9488068	224.2237396	175.470993	170.8939972	100.9960175	139.7690582
Q9D964	16.66416931	14.20358658	133.4349976	22.72634888	60.64581299	16.97390747	26.04844093	68.34166718	20.03271866	15.68502712	5.414462566	53.91585922
Q9D967	332.6569214	382.6017761	305.973938	261.6737366	314.3325806	371.8963013	228.0985565	301.2319031	399.9401245	375.4619751	260.6769409	300.0371094
Q9D975	70.11228943	57.81842804	50.20404816	107.2066574	116.3711243	0	338.2113953	83.03462982	0	0	0	0
Q9D9V3	1025.741089	872.4798584	892.7583618	865.5002441	641.4196167	556.2363281	479.2364807	375.3425903	679.2176514	645.5255127	576.0804443	596.1208496
Q9DA03	50.69092941	149.0434265	255.5948944	113.8406525	254.2429504	153.3795319	283.5194702	117.1770172	283.9801025	340.5617676	356.142334	370.2868347
Q9DAA6	68.97183228	39.20101929	63.1892662	32.36407471	26.46982574	36.15082932	57.53762817	43.83376694	29.92749214	84.3249054	113.384552	44.18741608
Q9DAK9	110.0541	112.2214737	78.4912262	113.7953033	63.59958267	85.07247162	72.48364258	124.0805435	111.13414	107.0206604	115.628418	60.34118652
Q9DAR7	466.6227112	401.4586792	495.2753906	368.2665405	445.1231384	364.4585266	537.260437	429.1550903	295.3887329	416.9066772	486.0852051	466.1478882
Q9DAS9	469.215332	394.9482727	401.6572266	308.7401733	416.383606	430.1008301	507.2414551	465.4659729	447.2209167	424.4159851	450.9428711	488.4542542
Q9DAT5	76.19684601	90.73992157	82.96147919	131.5625916	87.00279999	55.50952911	24.24233055	63.80983353	106.7203445	65.9594574	147.4128113	62.85776138
Q9DAU1	120.4581833	142.1495819	200.9539337	127.3752823	179.6830444	201.821106	343.6566467	215.05513	281.2189026	233.9029999	103.9358673	199.0687866
Q9DAW6	156.9570465	128.8757324	67.24478912	108.4853439	128.2795258	94.83112335	125.1914139	79.32779694	75.36441803	113.4755707	107.5164642	112.2503967
Q9DAW9	197.7399597	218.8224945	176.3552551	250.4604034	239.0046997	152.5729523	199.6032562	154.6203613	146.8761749	224.4281006	237.5776672	203.1579132
Q9DB05	689.6036987	684.6856689	741.0658569	543.9884644	588.6220703	587.0671997	622.3759766	638.2574463	572.3059692	597.4330444	777.3045654	560.8980713
Q9DB15	1241.788452	1345.328125	995.8606567	1023.400146	872.1713867	886.574707	1103.767578	706.1590576	1305.943359	842.9021606	540.4176636	746.1446533
Q9DB16	131.8145447	108.8986511	207.6346741	154.9543915	187.5862122	208.568512	121.6247406	167.6702881	128.2735748	169.9902496	188.9246063	145.2147675
Q9DB20	28647.85352	24411.13086	24643.0957	26583.56641	17694.59766	18602.91797	18544.24023	16640.7207	19316.66016	20956.52734	27111.50195	22092.71484
Q9DB25	459.8906555	630.8538818	470.9754333	487.1433105	654.4716797	578.0499268	803.5280762	815.1127319	530.9568481	399.093689	695.5804443	597.0125732
Q9DB26	314.6587524	262.6686096	180.5718689	283.3401489	236.3109283	188.0817566	173.9974518	218.0741119	313.2222595	285.5600281	215.9665222	288.5067139
Q9DB27	529.7423096	324.0493164	379.9447937	385.1263123	504.3292847	498.5361023	452.1056519	348.8322144	337.6591492	284.5560303	329.7932739	373.1470947
Q9DB29	3866.181396	4191.878906	3969.857178	3595.267578	3316.895996	3425.44043	3152.802979	3310.88501	3115.567871	3417.100342	4034.247314	3392.29248
Q9DB30	0	78.49365997	190.679657	126.4851761	54.79961777	52.13605499	311.6690063	212.3756561	144.1225891	154.0335999	137.901947	115.0409317
Q9DB34	145.3144073	215.9307251	172.6575928	203.4981995	155.3345337	164.8765869	185.4611359	218.1611023	198.6203308	173.2237701	129.580368	128.3387451
Q9DB60	377.4572449	419.6176147	609.15625	422.480072	349.8353577	132.6176453	221.1108398	253.982193	400.4915771	216.0752106	195.7299042	317.9068298
Q9DB77	8891.232422	8875.043945	8098.432617	8109.074219	7554.01416	7551.658691	6819.479004	6815.137207	7788.424805	8185.937012	8812.226563	8199.962891
Q9DBA6	106.7872162	81.31282806	23.88696671	72.88330078	94.06998444	83.98618317	98.16165161	160.3136749	89.22882843	104.6512985	79.66532898	67.12203979
Q9DBA8	2802.028076	3071.599121	3340.497314	3330.864014	2209.026123	1952.08606	1864.452515	2036.795776	2038.427002	2138.811523	2130.67334	1982.294189
Q9DBB8	4813.222656	5848.092773	5795.918945	6005.438477	5122.630371	5376.889648	5435.170898	5873.099121	6955.476563	5542.446289	5327.134766	5868.936523
Q9DBB9	174.427536	181.9036407	260.1981812	223.5618744	198.5399933	189.3869019	220.8838501	168.4492493	171.0639496	220.4072876	171.7092285	286.0094299
Q9DBC0	375.5385437	403.4983215	405.1951294	296.9111023	251.4303741	183.6220093	212.8425293	294.3482056	297.9743347	269.8507996	342.5623169	302.2203674
Q9DBC3	20.48753548	36.63907242	0	15.95593262	130.0824585	39.28022766	0	35.977314	99.54771423	0	120.7517853	31.53870964
Q9DBC7	225.2063751	227.3031769	326.0507202	240.3218384	277.2702026	297.2949219	296.1503906	256.3492432	243.060791	313.3034363	242.1379242	287.910614
Q9DBD0	163.1980286	253.2039185	197.1543732	127.9633713	231.9701843	198.5760651	213.1664276	313.7698059	174.013916	241.7367249	155.4052124	300.3087769
Q9DBE0	9536.474609	9819.013672	10366.01758	13568.14941	19229.39648	18394.58398	19897.10742	17550.03711	12666.6377	13572.97754	16343.52148	14244.46973
Q9DBE8	52.68096542	95.34399414	51.49497986	29.79296303	100.5725555	131.2931671	119.6269455	132.3925476	87.98760223	48.64885712	104.0396729	68.86341095
Q9DBE9	93.23933411	42.76993561	87.59111023	59.93993759	32.49897385	233.800827	0	122.0798111	114.8623199	291.917511	97.72976685	149.8823242
Q9DBF1	15321.52539	18454.72266	17812.78516	17521.25	13528.2041	12672.26953	12935.46777	13391.48047	16760.00781	15942.61621	17622.77539	16097.83789
Q9DBG1	3966.408691	4641.079102	4753.887695	4098.497559	3100.854492	3002.72876	2993.637207	3426.756592	4548.406738	3409.158203	4091.107666	4225.09375
Q9DBG3	782.7233887	814.932373	655.1417236	851.6931763	692.197998	824.2192383	855.3912964	765.5969849	718.5751953	690.9819336	717.8775024	854.5496826
Q9DBG5	208.6024017	201.155014	212.6725006	211.5183411	201.3295593	186.7845306	233.7887421	262.3275757	328.081543	191.9450989	150.670639	178.7595978
Q9DBG6	3206.176758	3438.480713	3688.24707	3210.530273	4114.038574	4428.991211	3971.135498	4632.810059	3998.948975	4050.551758	4561.536133	5269.513184
Q9DBG7	1270.154297	912.640686	910.3518677	1054.447632	1311.197754	1345.05542	1541.60376	1751.402954	1274.836792	955.4477539	1359.367188	1252.16272
Q9DBG9	116.99646	117.7727737	160.2114868	59.46467972	87.99732971	27.74347687	157.5996704	74.59703064	70.21671295	167.6436615	103.3437042	39.21714401
Q9DBH5	1575.556396	1405.887695	1352.45874	1369.629272	1775.577271	1842.242065	1519.384277	1708.588501	1504.53186	1578.077515	1604.512695	1626.42627
Q9DBI0	52.2304306	80.88200378	104.6715775	45.50643539	66.16510773	78.79670715	37.57432175	155.8246918	60.35172272	0	37.78753281	85.92447662
Q9DBJ1	14949.33691	13953.91602	11144.71582	14356.09375	14497.08691	13319.02637	14277.01953	13804.67773	13547.05176	13669.91797	11983.4248	13956.12305
Q9DBJ3	42.31694031	67.02900696	53.31289291	83.30304718	87.04432678	51.77257156	51.17884827	64.87499237	54.59471512	29.46052742	59.98397446	41.97340775
Q9DBK0	736.2121582	761.9246826	952.2107544	724.7632446	1131.230103	1143.926636	1412.322754	1105.703125	903.890625	853.9023438	1028.465576	932.5436401
Q9DBL1	1927.513794	1738.68042	2115.70459	2042.125244	1861.581421	2019.606812	2050.717041	1490.641235	1867.977417	2037.015137	1785.973755	1867.428955
Q9DBL2	279.9138184	107.8307419	214.9716949	116.6554031	71.8443985	88.3093338	70.52443695	155.6596527	234.769577	86.7639389	96.59062195	92.2049408
Q9DBL7	2316.26709	2613.791748	2600.374023	2300.31958	2575.395752	2653.976074	2570.596191	2555.901367	2446.277588	2508.242676	2777.433105	2722.87793
Q9DBL9	197.8350372	248.5835571	153.3871613	239.703186	193.5715485	234.1946411	213.5107422	276.7670898	195.7780914	207.5282745	196.8803406	182.0644989
Q9DBM0	98.59814453	169.3759613	207.8010712	71.17618561	193.7274628	186.1321564	147.9171753	256.6514282	171.0953827	199.0979462	256.5864563	187.4463959
Q9DBM2	28632.05273	22925.33594	29348.41992	25141.5625	56172.57422	47191.51172	71446.42969	35882.99219	23202.0625	28407.52734	37981.52344	24245.41602
Q9DBN5	1087.850464	773.020813	1026.959717	847.2733154	1301.298706	1427.518433	1649.633911	1404.160034	1134.971924	935.8061523	1150.131592	1112.468994
Q9DBP5	3367.335205	3873.365723	3389.450439	3379.189941	4008.075439	4401.151855	4422.348145	4211.978027	3863.15625	3816.936035	3441.827148	2801.86499
Q9DBR1	245.9027557	249.5896149	157.0549622	223.5463104	131.978775	172.0652618	197.3308105	236.9382782	191.1047058	224.8723297	223.8305054	205.226593
Q9DBR7	140.277771	91.31274414	61.25227737	50.82481384	82.62441254	93.09156799	78.80548859	84.49200439	91.46207428	76.07745361	94.37073517	99.95140839
Q9DBS1	54.91827393	41.98914337	87.89290619	79.63084412	138.7457581	128.4081726	103.209671	126.2445297	111.9884338	49.68910599	99.70235443	85.75958252
Q9DBS5	102.3645859	63.22889709	92.00276947	61.46035004	67.86717987	41.54327393	88.98674011	87.92478943	85.53203583	84.85235596	39.42926025	58.64944839
Q9DBT5	92.83103943	101.7615738	67.31977844	48.88049316	151.8787231	103.4081955	185.7535248	196.1363068	142.1560364	133.4165039	48.72056961	184.5581665
Q9DBT9	17108.40625	17819.19727	16383.55371	16124.62793	8614.605469	8771.879883	7785.933594	8963.320313	12713.57227	12372.66016	12825.15137	14496.38867
Q9DBU0	194.7846832	0	157.1734467	0	179.1339722	189.1261444	227.2186584	171.0148468	188.6348114	267.1925354	213.2589111	151.7742157
Q9DBW0	1656.753418	1716.973511	2312.84375	1627.332642	2365.877686	2433.273193	2075.247559	3069.843018	2260.396484	1961.460205	2285.417969	2570.100586
Q9DBX3	38.74509811	55.89710617	73.12874603	42.09518814	76.43133545	87.94678497	0	65.53174591	98.89787292	19.95036316	0	132.500412
Q9DBZ5	775.2525635	769.9742432	603.8631592	731.2190552	462.6975403	641.628479	767.9990234	710.6347046	799.0766602	655.2883911	535.5858154	720.0652466
Q9DC16	385.9468994	439.8874817	546.4202271	437.6443176	441.4489441	372.8961792	447.4213867	498.7251587	655.0187988	274.100769	442.3813782	602.0895386
Q9DC29	53.73469543	32.82922745	189.3135223	135.5729065	94.80571747	145.1308594	78.04501343	88.56462097	149.9573517	68.5213089	114.7375336	80.44537354
Q9DC48	23.245718	140.9460449	126.8639374	32.33351898	69.26993561	146.9031982	166.3434448	19.72224998	135.3105316	81.53257751	57.05799866	0
Q9DC50	2159.672363	1982.301514	2615.029541	1939.503784	4143.089355	2939.47876	5039.505371	3546.686279	2613.943115	2273.332764	2608.685791	3391.960938
Q9DC51	237.2142181	167.9692383	264.0768127	330.6577759	418.9724731	351.7809753	454.8591919	374.4395447	394.3297424	343.2316589	350.8079224	311.3297424
Q9DC61	738.0116577	791.9707642	1437.136963	801.9439087	720.8270264	683.2516479	818.2598267	671.7602539	726.8388672	474.137207	595.5360107	652.7828979
Q9DC63	168.6973724	60.59160233	117.8443604	195.2898102	171.378479	281.1417542	171.281601	287.882782	288.4040833	150.6887207	329.2583618	261.1190796
Q9DC69	3539.325439	3772.513184	4168.530273	3840.25	3684.12793	3107.434326	3068.179199	3354.464844	3516.902832	3910.520508	4935.019043	4000.591797
Q9DC70	2314.882568	2062.837158	2636.014893	1678.744751	1477.663208	1841.901123	1563.105957	2044.906738	1880.810791	2144.445068	2087.894287	2382.66626
Q9DC71	228.8331909	291.9890137	260.4033508	295.4694519	221.3659058	289.353363	251.1199951	228.9370728	270.3899231	321.9064941	241.84729	224.8329315
Q9DCA2	102.0373535	203.1838226	138.1745605	166.2434235	171.7457886	111.3305435	43.69741058	83.36910248	90.58575439	102.0835037	170.5536804	66.78710175
Q9DCB8	405.0335999	609.0413208	422.0196838	349.6529236	284.3514099	352.4862976	302.4059448	265.7688599	234.6806641	323.6883545	334.985199	391.8989258
Q9DCC4	80.95528412	64.50045776	93.00505066	168.7458954	286.9012146	143.7008209	53.95485306	591.619751	822.4328613	439.0176086	284.8614807	442.1121521
Q9DCC7	211.4164734	294.4859314	354.5157471	416.8697815	217.8274841	273.8547363	297.7792969	167.5918274	533.3780518	268.2231445	268.7331238	233.5547333
Q9DCD0	1221.368164	1327.542236	1329.478516	1443.121582	1206.860962	1246.433838	990.4069214	935.668396	1417.62793	1373.768066	852.9042969	1319.539185
Q9DCD2	1582.786255	1456.297485	988.1845093	1799.147827	2850.221924	2843.50708	1742.402954	2993.293701	2476.99292	8501.806641	5194.111816	6060.643555
Q9DCD5	1358.57373	1139.586182	899.3096924	1200.63623	968.7844849	1768.101563	994.3220825	1097.230469	957.5129395	1377.574951	1123.90686	1184.749512
Q9DCE9	184.0431213	135.2429199	66.20158386	157.290802	230.0980377	268.6562805	350.5943298	303.1015015	283.2862854	219.5932617	222.9070435	292.8911743
Q9DCF9	419.7191467	611.7463989	759.3531494	360.4908142	531.4209595	569.7344971	492.3292542	739.7038574	644.1694946	590.8306885	597.010376	551.9619141
Q9DCG6	8189.574219	8778.004883	8094.608887	8959.134766	8083.722168	8045.281738	7799.121582	8092.982422	9188.958984	8973.083008	9581.173828	9625.382813
Q9DCG9	264.7024536	412.8042908	396.8986816	273.5257874	306.6816711	359.1099243	350.2745667	789.7659302	294.1221924	567.8295288	299.8321228	329.2432251
Q9DCH4	1002.496948	1061.159668	1260.271973	1199.675171	1240.396606	1150.527954	1227.200562	991.2241821	1213.883789	950.84375	922.8067017	1100.601563
Q9DCH6	78.26729584	34.58158493	33.90548706	10.31426907	47.95430374	0	0	0	120.7454453	33.05158234	83.63759613	23.27826118
Q9DCJ1	23.17993355	70.92066956	46.32037735	22.5130291	77.45479584	0	14.34287834	49.06701279	30.77399445	13.31989765	42.21342087	83.6318512
Q9DCJ5	4756.307617	6836.691406	5021.915039	5437.288086	3371.436523	4183.158691	2920.768799	3100.346924	3649.938721	5629.767578	4416.355957	4590.364258
Q9DCJ7	116.2935944	111.3598404	0	181.9064941	100.3235245	135.3594971	216.6168518	171.4716949	195.2958374	125.3677597	151.1796112	69.4161377
Q9DCJ9	93.29341125	92.54403687	97.88502502	49.07619858	80.85279083	106.8170471	112.7661057	45.2644043	40.13100433	55.89884567	68.72029114	74.74705505
Q9DCL8	0	0	14.91226101	39.80420303	0	0	0	49.66662979	19.7327137	0	0	0
Q9DCL9	434.822998	549.7330322	542.5136108	414.5631104	377.4710693	330.3295898	397.1791992	364.3106384	425.4566345	404.4665527	458.8301392	452.8530884
Q9DCM0	6565.963379	6226.469727	6061.228027	6569.065918	3323.567871	3173.597656	2653.824463	2421.351074	3463.342529	4031.148926	3809.608398	3385.036377
Q9DCM2	5480.817871	5517.084473	4702.608398	5248.74707	4762.92334	5044.092773	5843.098633	4974.353027	4853.245605	4960.27832	6012.099609	5025.378906
Q9DCN1	629.5977783	610.8920898	552.5554199	547.4857178	680.0778198	549.3774414	623.0418091	605.5475464	550.1437988	475.9108887	615.3822632	402.0260315
Q9DCN2	10405.70313	12007.99316	13207.55859	13150.00195	12585.36426	10200.60059	10646.00195	11856.63379	12169.76953	13718.6377	14515.55371	14563.16113
Q9DCP2	974.3411865	850.5963745	926.0220337	912.7137451	727.9077148	365.2654724	407.2938232	572.2735596	629.2420044	538.2766113	637.7443237	585.7133789
Q9DCQ2	3441.674805	3879.114258	3275.994873	4032.068848	4813.216797	4694.146484	4270.282227	4756.984375	5109.429199	4589.875977	4732.044922	4939.366699
Q9DCR2	94.10555267	89.55786896	146.1408081	103.1429062	152.3218231	158.9790497	153.2586975	142.0349731	214.2602844	64.78987122	100.4291153	110.936554
Q9DCS2	3639.769287	4174.510742	3252.472656	3646.616943	3107.573486	3771.236084	3269.622559	3551.924316	4443.550781	3953.051758	3577.523193	3920.367432
Q9DCS3	1586.617432	1593.799683	1313.369263	1589.416504	1162.449341	1205.520142	1234.427246	1106.316406	1266.551147	1032.896729	959.8291016	1343.711548
Q9DCS9	5333.556641	5105.479004	5490.254395	4447.974609	4069.651367	4222.413574	3677.024658	3385.8479	4599.050293	4253.984375	4985.479004	4509.881348
Q9DCT1	535.2148438	684.7942505	572.9628906	579.3187256	459.2352295	492.912262	552.272522	443.9448547	531.7678833	505.1873169	620.465271	529.5265503
Q9DCT2	8539.579102	8153.748535	7954.166016	7067.178223	7762.672852	8099.510742	6741.886719	7509.000977	7774.486816	8114.384277	8150.341797	7567.662598
Q9DCT5	293.8474731	311.6856384	302.5315552	305.3687744	497.4064636	348.1334229	542.2851563	513.1929321	524.654541	420.8143921	333.428009	331.0154419
Q9DCU6	474.711853	612.227356	476.9531555	507.9183044	397.3753662	264.0236816	221.7789764	238.434967	314.098938	228.0788727	339.4601746	163.3041077
Q9DCU9	4715.012695	5719.203125	4313.319336	4855.917969	4492.913574	3814.251953	4429.859375	4704.249023	4981.318359	5465.250488	6503.181152	5735.407715
Q9DCV4	1517.597168	1728.383545	1784.846558	1840.904785	1315.264038	1209.293457	1287.314209	1309.804688	1437.526489	1586.737427	1662.747559	1411.671143
Q9DCV7	90.2118454	151.1216583	230.124939	160.2626343	108.1484375	95.4673996	157.3445435	241.0224304	171.5394135	242.2894592	105.4403076	115.7777176
Q9DCW4	39630.86328	38256.32422	39438.81641	40784.30859	32511.12695	33580.32422	31014.08398	32045.80859	33902.75	37063.50781	41573.31641	37184.86719
Q9DCX2	15180.45605	14607.01367	14002.34766	13735.26563	11338.51563	12244.02051	10998.9541	11865.97949	12330.3291	14586.50879	15801.28418	13556.82324
Q9DCX8	1230.390015	1118.88855	1223.097168	1209.75769	1141.685791	888.012146	1118.735962	1272.778442	1192.583984	1281.261108	1266.340088	1096.178101
Q9DCY0	4888.561523	5164.589355	5226.947754	5824.258301	5796.84375	5984.80957	5752.125488	5684.642578	5044.156738	5130.012695	5812.774414	6452.098145
Q9DCZ4	1023.368591	749.7957153	852.762207	848.3724976	777.7735596	917.4435425	833.7615967	829.8641968	726.9417725	735.1876831	972.1305542	768.8737793
Q9DD03	0	0	0	96.87488556	175.2444916	161.2357025	190.4116974	137.2393646	246.2023621	0	163.0730896	70.80610657
Q9DD06	111.7152023	93.06639862	0	0	0	140.6076355	341.8006287	219.0252533	119.1777954	144.7580566	285.8911743	181.9009857
Q9DD18	87.91587067	159.7483978	119.3711166	175.2008972	116.5655746	123.7790833	174.2303772	89.44617462	178.8137665	129.4144592	111.2459259	77.69474792
Q9DD20	7582.271973	7081.966309	8012.825195	7095.060059	8921.461914	8530.101563	9823.091797	9861.900391	7359.599609	6712.394043	7786.191406	7302.525879
Q9EP53	0	0	0	0	0	24.49540901	0	0	0	0	0	120.5163574
Q9EP69	710.6085205	766.1526489	919.7130737	637.2456665	854.6506348	680.9904175	815.4298096	916.1661377	788.7087402	711.0712891	722.039917	740.953064
Q9EP71	294.4308777	288.0612793	213.001236	399.5206299	343.9977722	250.3681946	285.5929565	270.8716431	284.1967468	358.2835999	273.5379333	341.168457
Q9EP72	523.7999268	534.40271	558.5303345	628.9094849	785.9420776	748.8635864	797.5706177	741.5797119	702.6989136	774.2213135	836.1897583	556.5791626
Q9EP75	749.8114014	1167.666748	1238.133301	855.2286987	939.1030273	898.2148438	1079.276367	1270.259521	959.7807617	954.1737061	1124.595947	849.2422485
Q9EP89	829.501709	912.9817505	1047.262451	746.9396362	777.6600342	786.4290771	888.9442749	688.6396484	693.2807007	862.4968872	1096.545776	800.616272
Q9EPA7	215.9568329	137.381958	217.8912048	138.008606	147.6603851	131.8181915	141.808075	225.4290771	159.5646362	264.8621216	197.0166473	187.8946533
Q9EPB5	113.3044968	200.3132172	90.12084198	91.9056778	69.07122803	98.31234741	128.9866791	85.85486603	155.4055481	118.2689056	94.46151733	166.5602264
Q9EPC1	198.515686	223.7158966	121.6089096	217.7569275	148.7600555	238.3599396	189.6024323	168.7397614	206.6724548	171.2202759	145.7604675	242.9915161
Q9EPE9	246.8505249	210.6020355	285.800415	293.347229	328.8016968	284.9979553	290.2306519	312.473877	298.7096863	306.0313721	293.7737427	328.7946167
Q9EPJ9	79.80594635	65.01216125	69.67888641	143.2623749	119.5812073	224.399231	106.774765	147.8252258	156.951004	216.7642975	137.8075256	103.6496811
Q9EPK7	26.17503548	51.77211761	26.02080154	27.84446526	55.83781052	50.18865585	62.62956238	81.623909	69.09225464	114.5064697	36.96710205	77.33130646
Q9EPL8	235.157608	347.0218201	505.3704529	305.3356018	351.5580139	288.6636963	376.377594	341.5785828	341.2219849	264.420929	467.4467163	318.0225525
Q9EPL9	186.5458832	191.7832794	211.1956329	180.2411804	254.8178101	295.8576355	269.5255127	315.5942688	272.9838562	247.9375153	146.8907623	305.6453247
Q9EPQ7	877.7216797	947.6047974	830.9489136	803.5029907	762.321228	855.6710205	995.4822388	706.8433838	960.4197388	736.2841187	903.6749268	601.1535034
Q9EPU0	518.9375	631.0255737	548.2915039	537.7769775	688.331543	605.7960815	748.7964478	733.6832886	497.7801819	546.8711548	457.3686218	579.5771484
Q9EPU4	102.9841766	120.1695938	65.54888153	122.0363922	124.9594879	72.03887939	145.4277954	64.29481506	83.33508301	88.19158936	120.6099777	22.82046509
Q9EPV8	45.54039001	517.6027222	0	112.0497055	130.5318909	521.2600098	239.4388275	596.2572021	190.213028	0	762.4807739	70.55820465
Q9EQ06	979.1375122	1013.523621	1268.183105	985.6774902	2051.499756	2264.122559	2897.270264	3920.675781	2027.185059	1620.379028	1943.457764	1943.61499
Q9EQ20	22188.79883	23198.13477	24252.5293	22224.69531	19796.55078	19620.32617	17835.57031	19270.20898	21473.97266	20392.23633	22665.13477	21381.28711
Q9EQ32	135.3978119	172.5994415	110.1798401	149.4522095	184.2252502	134.3689728	186.7095337	216.9029999	157.2975616	147.1904449	147.7744293	124.3407822
Q9EQ61	29.58698273	91.77285767	110.3343277	107.3791122	64.9210968	55.26087952	48.18179321	54.94867706	118.8838806	58.29127884	76.17829895	149.7026367
Q9EQ80	166.1601715	94.87163544	78.21331024	109.1970978	101.3851471	150.7281342	141.8677368	150.6103363	171.057663	127.5808563	156.2577057	146.7254181
Q9EQC1	837.5549927	846.7739868	985.4890137	870.9335938	880.8364868	898.4558716	1006.251526	1178.18335	1324.086304	1011.702209	1354.680054	854.517395
Q9EQC5	44.85093307	50.00062943	29.55672646	29.21196365	16.89947128	67.80245209	39.60504913	80.95316315	41.26912308	42.45965576	25.57326889	56.35438919
Q9EQF5	8157.944336	8420.588867	8679.467773	8748.826172	9617.439453	9073.959961	9398.586914	9222.870117	9377.864258	9780.064453	10389.30176	9812.099609
Q9EQG9	63.98035812	100.9032974	119.7319794	78.26242828	135.1589508	115.2672119	144.4549255	95.48245239	108.3167877	154.2719116	98.9369812	152.2220001
Q9EQH2	521.7375488	601.1432495	715.5977173	579.2634277	646.8497314	797.3882446	804.2568359	744.5167236	634.2504883	676.0697021	689.4401245	670.0325928
Q9EQH3	731.317627	637.052124	676.0020142	602.2307129	801.4711304	749.2556763	837.6278076	931.8078003	913.6280518	899.0128174	867.024231	913.3168335
Q9EQI8	465.7090149	296.539978	402.3100586	282.456543	302.3643188	179.9484711	275.6421509	246.2476807	288.4190674	292.7400513	295.6121216	373.0135803
Q9EQK5	2468.193848	2428.092285	2501.112305	2581.001465	3707.94165	2672.734375	3973.104736	2549.118164	2273.288818	2407.808594	2011.667725	1930.27356
Q9EQP2	86.8838501	101.1380005	113.6016006	126.5248566	94.87600708	113.2493896	97.89763641	117.8612976	154.3735199	113.7769165	160.5751038	101.3036194
Q9EQS3	434.9115906	505.709259	603.4360352	636.5541382	639.6826172	537.9431152	648.0539551	490.3070374	588.2662964	561.9985352	557.1799927	490.6769714
Q9EQU5	2086.955566	1550.535645	1869.178589	1790.449341	1969.320313	1930.187378	2420.044922	2042.219482	1581.022217	1883.75354	1792.923096	2054.9021
Q9EQW7	224.4441376	147.5307617	204.9368286	173.1853027	135.9603424	171.3426361	134.2248383	207.4110107	173.5886536	173.0374756	179.3175659	203.0941315
Q9EQZ6	38.28476715	83.6354599	117.3932037	58.33506775	49.57385254	65.82616425	44.76542664	28.94609642	23.85851669	36.63900757	58.19325638	67.1650238
Q9ER00	446.5785217	286.4352112	442.7969971	363.0313721	469.7834167	555.0139771	507.2260132	516.2540283	368.5889282	431.3068542	445.9621887	335.7414551
Q9ER35	127.8473358	132.6534729	53.1437645	91.60146332	133.8489227	87.34281921	129.8876648	159.2569122	137.3200073	176.1953888	94.60899353	125.6387405
Q9ER41	25.52565765	24.09123421	86.55059052	43.23256683	144.8553619	46.67093277	131.6919708	73.22483063	90.92193604	91.94680786	84.05958557	61.69358063
Q9ER72	471.0173645	391.7784424	481.7651672	401.9487305	582.7406616	585.9862671	720.7484131	523.7206421	581.2061768	439.9216919	431.59021	546.1504517
Q9ER88	474.8189392	466.6021729	420.412323	369.0760803	420.2829285	441.7119751	441.1719055	445.4197693	387.4402466	475.5493774	481.6004028	475.2759705
Q9ERA6	38.70007706	0	0	72.09609985	28.95546341	46.8225441	0	48.41145325	53.85229492	32.14676285	81.03836823	45.62916183
Q9ERB0	236.0595551	155.194458	201.8005676	186.9302826	185.4963531	69.05623627	78.76803589	73.49703979	138.5203552	130.4416809	115.515274	134.9854584
Q9ERE7	387.5383911	381.4252319	368.4783936	370.9969177	408.9647217	411.4711609	513.3508911	579.1091309	444.2077942	316.6776123	518.9144287	418.2710266
Q9ERF3	254.9532928	215.0189667	149.5155029	146.4257202	211.2733002	201.2347565	178.7383575	242.7170105	182.8479614	232.3890991	142.0751495	207.8734131
Q9ERG0	149.9223785	184.4389801	149.735733	149.0981445	84.81813049	153.1292419	125.0044708	279.0355225	286.7388	191.7964172	142.826767	119.3394699
Q9ERG2	38.58532333	51.44994736	31.94062233	58.31546783	154.5905914	146.4942474	66.31357574	130.6160431	26.65719223	27.78549576	92.24777985	42.84677124
Q9ERI5	58.87150192	70.1280365	135.6520538	239.3096619	159.0038605	326.0584106	125.9857178	108.4007721	92.98880768	147.6732025	205.569809	171.4774017
Q9ERI6	230.4371643	154.9555664	241.4221954	177.8824615	144.0032349	192.6058197	202.3940125	143.1223602	268.9253845	221.2246246	228.2162933	148.3323669
Q9ERK4	54596.96484	50611.73047	59487.82422	64232.88281	67142.71875	50652.96875	60607.80859	64113.625	63552.62109	55173.33594	70684.73438	65876.4375
Q9ERL7	129.2634735	184.670578	0	41.78420639	64.66452026	202.3460999	244.4892426	142.2120209	114.746666	54.73877716	36.57565308	69.9149704
Q9ERR7	256.1585693	129.5323639	144.9588776	219.8359375	359.1180115	294.6770325	356.5816345	387.8291931	275.2668457	263.0219421	329.4784546	470.7043762
Q9ERS2	4953.123047	5092.233398	5655.958496	4791.575684	4706.455566	4855.319336	4308.925781	5014.742188	5120.96582	4680.447754	6390.30957	4905.937012
Q9ERU9	217.6112671	148.8291779	134.635025	160.688736	164.6392822	176.4427948	134.7983856	194.7157745	220.4803925	149.7595367	175.2278137	257.2676086
Q9ES00	74.29464722	72.61392975	64.79004669	50.49901962	0	48.66395187	48.36818314	37.95890427	64.56343079	49.38223267	2.442504168	140.8533173
Q9ES28	122.9565735	198.9679718	0	136.4401855	203.2858429	108.2722321	56.65526962	202.2027893	90.9984436	95.44894409	196.1224823	202.9802094
Q9ES74	151.8926239	67.8258667	126.4479446	86.70147705	100.7996445	157.1681061	108.9117203	100.1679153	95.38205719	81.7403717	93.86986542	128.9942474
Q9ES97	69.69991302	159.9796906	195.7693329	149.47612	144.7814941	131.0732269	206.4611206	165.6374969	116.4965057	228.8089905	55.3398056	125.7056503
Q9ESB3	722.3379517	1074.804321	970.4787598	1701.491211	701.2373047	529.7614136	632.9205933	732.1099854	556.9928589	735.9087524	598.4683228	684.2598267
Q9ESD7	64.84621429	55.67515564	82.40285492	74.15847015	108.6324615	81.80117035	69.52416229	161.9021606	17.01687431	72.88853455	134.2349091	109.8241882
Q9ESE1	78.52883911	166.7969971	140.9967651	159.2361908	152.4191742	108.2172089	127.7435608	136.7949066	120.7490234	64.91286469	155.6203461	134.6455383
Q9ESN2	0	0	0	0	167.1210327	0	0	0	0	0	41.42931747	0
Q9ESP1	489.8261414	478.6716614	461.7037048	459.6394043	389.7756042	636.8956299	619.9416504	578.5658569	402.6329956	354.4051208	372.808136	543.7865601
Q9EST4	135.8975067	18.55440521	0	0	198.7748566	0	98.33403015	241.3152618	122.9595032	50.58725739	148.3435974	88.2465744
Q9EST5	1118.804321	1011.386414	1299.796387	1110.604492	1195.688599	960.850769	786.0657959	1508.544312	1027.744263	1114.511353	1388.418335	1403.765747
Q9ESW4	268.3194275	200.7853699	251.2947235	177.0468903	273.5868835	228.5082092	210.3017578	190.0936279	191.9673767	208.9133148	262.4758301	239.2010498
Q9ESW8	208.3047638	430.8702698	192.6136322	251.4386139	463.5430603	140.8228149	190.8036499	213.318634	345.5899353	343.4420776	289.0546875	219.4138031
Q9ESX5	283.7275085	297.0912781	388.9863892	306.2254028	291.0084534	315.4396667	385.5835571	323.4592285	285.7857666	255.3633118	320.9741211	331.6985168
Q9ESZ8	212.8080597	209.460495	149.5540009	168.0484924	235.7183533	191.7286987	166.0356598	280.1180115	188.6677246	198.8550415	196.666687	252.626709
Q9ET01	8914.027344	10401.40137	10074.80078	12025.94629	10470.5332	12499.6875	9683.157227	15310.9834	15487.8125	14340.08984	14440.6709	15116.0752
Q9ET22	347.3521423	485.6867371	457.028656	479.5844421	463.5845337	620.916626	798.3386841	496.9129333	419.0170593	434.3123474	444.9568787	511.8813171
Q9ET26	38.9279747	67.40063477	110.3620682	78.43156433	54.16003799	35.47386169	69.19348907	41.19208908	118.0846558	78.46790314	46.32329559	31.7264576
Q9ET30	91.39619446	134.2223206	166.8362885	104.3642731	195.6959534	251.7845764	149.3204346	91.97738647	103.6965637	97.83452606	157.9801483	144.3329163
Q9ET54	290.5383911	292.3952332	255.046875	223.1467438	190.6385193	249.9389038	257.4693298	199.7427216	302.9867554	213.9610138	355.5370483	333.5519104
Q9JHI5	8287.662109	8147.269043	7880.686523	8512.158203	6496.606934	5655.571289	5387.096191	5825.32959	6055.133301	5795.890625	7010.244141	6901.888672
Q9JHI7	40.39930344	73.95291138	78.73464203	57.96310806	41.70461655	59.41269684	18.27402496	58.65426636	96.01515198	74.3069458	76.83166504	27.62298965
Q9JHJ0	760.5264893	828.6090088	799.7833862	800.8633423	717.0617676	657.5351563	787.1936035	724.8085938	731.1182861	777.803833	758.0647583	743.0526123
Q9JHJ3	145.445755	230.5887451	170.1416779	52.24567795	144.1793976	174.8427429	281.6177673	224.080658	204.6735535	129.5756683	52.21665573	244.1924591
Q9JHK4	136.9826813	188.8047943	197.2319489	225.7445526	195.4365082	200.804184	146.6998901	179.1422272	152.4402008	162.0603333	199.3014984	186.6088867
Q9JHL1	89.49189758	105.9237747	132.37883	103.5885925	162.9396057	150.3451996	170.8741455	135.7823792	116.3194427	184.8012238	148.4272766	109.1309891
Q9JHR7	744.3365479	785.7793579	764.1256714	764.5648804	738.7271729	701.6184692	871.0870361	660.4215698	848.2438354	604.4087524	596.4389648	722.1681519
Q9JHS3	111.6855698	110.4685287	199.1986542	114.5350037	192.7230835	198.4879913	175.9162903	122.303299	154.7069855	163.0332489	194.486969	201.4558563
Q9JHS4	715.6079712	781.7909546	898.6071777	506.0691528	658.8513794	713.692627	566.0949707	879.6939697	831.2998047	879.4957886	740.2427368	636.4592896
Q9JHU2	188.6100311	139.2024384	153.9429016	218.2170868	137.3067627	51.69633865	127.7538834	134.7098083	124.2973938	70.98345184	71.46629333	116.8115082
Q9JHU4	750.6040039	718.9903564	795.2197876	678.0905762	858.0731812	804.0942993	887.3724365	874.9785767	734.9811401	765.7709961	792.2055664	785.1741943
Q9JHU9	43.71854019	92.9569931	88.92059326	65.12636566	172.4123535	111.6803589	165.506546	121.9403152	48.44347763	127.6272049	69.0306778	63.68199539
Q9JHW2	6172.943848	5957.125	3945.281006	5695.980957	5996.925293	5563.848145	5462.917969	5323.920898	6106.888184	6094.729004	6834.09082	5819.465332
Q9JHW4	148.1454926	131.8207245	148.4548492	127.825325	99.37604523	93.03669739	100.8441696	161.6057434	100.9561539	107.0553894	115.8187408	135.0099182
Q9JI08	121.0396805	112.8409576	0	0	104.7144775	207.5200043	95.4128952	85.57805634	146.4785461	150.1865997	180.9374847	99.51277924
Q9JI11	136.5401154	53.75287247	50.97362518	128.7266541	85.59768677	109.928627	104.3136292	78.6999588	116.7987823	113.7008667	77.24550629	106.3504333
Q9JI39	323.3962402	379.6452942	417.1932983	338.2289734	315.5912781	354.3578491	322.355957	288.4847412	298.824646	326.8536377	373.6213684	359.4329834
Q9JI48	911.9985962	449.6339111	632.9520874	671.5334473	69.54763031	950.7507324	1283.928467	1642.013794	1453.931519	898.5264282	1070.808838	960.8527832
Q9JI75	1844.270874	1996.831665	1916.520508	1975.67395	1916.800659	1554.088379	1745.095581	2071.888916	2155.032715	2163.650879	2282.30127	2269.474854
Q9JI78	105.2110977	151.5954742	115.8928909	93.04048157	111.7505569	111.5626221	123.7327805	78.37430573	75.66483307	83.72358704	95.39463043	135.5921326
Q9JI91	0	188.2316742	156.6844482	38.0442009	36.23831177	0	0	0	0	0	0	0
Q9JIA7	157.0948639	266.4678345	211.7838745	274.5578003	225.9638367	343.2476501	250.7950745	389.6219177	344.0409241	271.708252	379.5930481	353.9231873
Q9JIB6	180.6962128	0	79.45731354	88.4077301	271.8146362	140.9868469	142.4524994	144.0792999	134.9966888	0	155.2347565	153.5969543
Q9JIF7	1122.510132	1288.029907	1216.332275	1547.240723	1569.839966	1400.434204	1399.206055	1600.168457	1585.520996	1508.448608	1346.69458	1560.998657
Q9JIG7	228.0116272	215.9989014	269.8236389	247.3251801	286.6641541	221.499054	235.7546692	321.2693787	249.3461914	296.1920166	202.0767059	297.8884583
Q9JII5	352.5244446	348.259491	379.6524963	364.3228455	526.0463867	579.2316284	427.5482483	636.8538818	610.7578125	598.2902222	597.9940186	688.7454834
Q9JII6	23203.82422	22269.08398	22377.73242	20733.58398	24040.74219	22942.92188	26164.07227	23127.83594	24109.58398	22522.21094	21837.29102	20068.19531
Q9JIK5	447.4848022	424.2710876	359.1360474	465.9214783	606.883667	557.809021	674.8695679	556.1051025	454.0400696	677.5761719	414.3050537	522.5093994
Q9JIK9	663.055481	569.0084229	469.8527222	598.9803467	447.239624	426.8731689	357.2281189	460.6001587	535.3894043	478.7214661	465.2094116	453.4385681
Q9JIL4	1327.481079	1257.613647	1086.753296	1175.553223	1514.245117	1302.395996	1411.7854	1296.000244	1572.890259	1474.400391	1623.626709	1765.429321
Q9JIM1	478.6300354	340.4578247	288.6024475	240.7991638	226.3726654	298.1955566	222.1626892	290.2909851	267.4556274	303.8310852	255.907074	482.7285767
Q9JIQ3	137.4648438	229.414856	273.0248108	269.9441833	126.0650406	134.5870361	0	95.62580872	219.5683899	64.14891052	0	111.678627
Q9JIW9	74.20001984	84.83399963	35.65163422	62.91128159	77.7883606	120.411377	79.35707092	86.23204041	63.35564041	84.79693604	77.24430847	44.97608566
Q9JIX0	259.6098022	212.7994385	236.0785522	142.0521851	173.2672882	246.7285156	216.0511932	253.2944641	120.8071671	287.1546936	165.262207	371.8495483
Q9JIX8	289.097168	406.7466125	297.9518738	347.1078491	337.9601746	427.0645752	326.7037354	460.1419373	467.9111938	523.927124	388.3891602	433.9667358
Q9JIY5	559.5500488	452.1696777	461.6000366	395.1583862	411.4311218	461.9786682	487.1482544	385.645813	357.6690063	366.268219	452.5586853	368.0646973
Q9JIY7	539.9920044	566.7139282	522.208313	554.5470581	470.5659485	426.3667297	459.1637878	351.2077942	657.1251221	428.3829956	348.5354919	149.216507
Q9JIZ0	2705.242676	3337.801758	2309.048584	1962.811523	2868.222656	2145.736816	1738.270386	3048.131348	2006.008667	2430.611816	2928.378174	2168.235596
Q9JJ06	0	120.366188	154.7894897	23.86149597	91.85921478	77.02490234	73.2345047	153.7689972	0	62.5850296	48.02283096	0
Q9JJ28	198.2964325	141.3444061	165.5832825	164.2348328	158.9618835	106.5012741	198.3476563	219.1541138	181.5549622	173.2435303	163.2484741	197.0288544
Q9JJA2	33.90591812	0	0	0	0	14.20746326	0	0	26.00193596	0	18.85130119	69.79299164
Q9JJF9	0	92.43710327	0	0	0	113.8953247	164.3053436	124.107666	243.1113129	108.5150604	206.7880707	82.8274765
Q9JJH1	145.7690277	63.50392532	253.8703308	233.7403412	275.0620728	330.089325	436.1569824	115.3395462	203.1314697	184.0354309	340.9969788	210.0643005
Q9JJH7	69.19251251	104.1289825	0	32.44410324	117.9544678	0	9.650594711	124.5319901	27.51245308	57.36269379	93.19702148	121.7070999
Q9JJI8	4462.616699	4536.536621	4216.235352	4541.776367	5005.508301	5308.105957	4643.714844	4981.260742	4961.797363	4802.879395	3877.202881	4160.654297
Q9JJJ3	108.164299	11.23503685	736.2244263	0	31.76653099	11.70735645	660.2520142	0	1758.585571	1200.722046	292.976593	245.0713806
Q9JJL3	282.3139954	187.4371643	184.9849091	267.7979126	292.6592407	392.2509155	287.1562195	379.6958923	390.8564758	448.0935974	355.1253967	312.4471741
Q9JJL8	117.4313126	185.1700592	119.4997482	78.34039307	153.8435059	97.17533112	85.96672821	125.0998306	81.32296753	59.37431717	99.6701355	81.87240601
Q9JJN5	80.56429291	108.0312119	76.38613892	132.6671448	111.8308716	141.3323517	209.536499	164.1090088	211.6703186	260.6778564	140.6832733	259.385498
Q9JJU8	976.5311279	981.678772	549.4500732	816.3202515	803.543457	738.9491577	811.9675293	844.6055908	892.9411621	682.5710449	678.0342407	710.1572876
Q9JJW0	781.3624878	408.8310242	879.1940918	578.2056274	597.836853	499.8302307	710.953186	568.0172119	491.3531189	500.9335022	611.4407349	364.9429932
Q9JJX6	115.8181915	132.1276855	144.0782318	138.4412384	65.1740036	124.5105209	117.5419922	133.765213	68.80661774	213.076355	106.9442673	48.04516602
Q9JJZ4	150.0759583	201.26474	176.6860962	146.8878174	91.84533691	174.0448608	225.0871429	163.7171631	254.3105316	110.8470459	148.1439209	130.5951538
Q9JK23	178.965332	101.5439301	163.9750519	110.0209961	100.346962	123.2736435	150.304306	140.2311096	114.6787186	72.29430389	59.27807999	96.69733429
Q9JK38	522.5626221	720.8517456	693.8505859	426.8983765	307.8602295	516.5745239	365.8419495	659.3005981	515.163269	460.1574402	463.333374	353.5783081
Q9JK42	308.9423523	315.2881775	278.377594	330.3883667	272.9826355	396.5767212	293.6288452	255.7396545	357.3415833	389.3492126	385.6657104	437.3291626
Q9JK48	98.50338745	124.0279465	80.74706268	148.5255432	78.90354919	133.3708954	111.7561264	146.6358185	123.395401	195.6915436	138.530838	150.2358398
Q9JK53	521.34021	1254.034302	832.3671875	538.5299072	751.1793823	703.4398804	843.9213257	644.9298096	526.5792847	836.144043	771.5983276	971.2223511
Q9JK81	593.5739136	747.7426147	596.3224487	661.6274414	626.4176636	721.0543213	551.9851074	589.2626343	630.7901001	603.7401123	695.703186	706.7362671
Q9JK88	0	0	384.8459778	0	0	0	0	0	0	0	0	0
Q9JK92	236.4358215	230.3144684	203.111145	287.2243652	277.0393677	225.3748322	427.1807251	289.7208557	176.0995789	242.9422302	164.4627533	137.7614441
Q9JKB1	492.1158752	465.0756836	551.2894897	577.7628174	616.680481	491.8029785	636.5134888	622.3235474	598.3272095	600.2288818	544.8426514	519.3544312
Q9JKB3	51.84854507	61.4581871	33.83311844	114.0753098	29.48537064	34.92250061	216.5215759	37.24757004	60.55030441	50.38009262	110.9930115	125.4246063
Q9JKC8	188.358017	187.7812653	246.2584381	159.7406158	189.9849854	203.1882477	283.4570923	269.7033691	158.7897797	151.8140106	251.1173706	277.8665466
Q9JKF1	313.3963013	301.3632202	268.651825	246.9942017	259.151062	251.5001984	291.2484436	280.7976685	271.5582886	244.0628815	196.9869995	314.9971924
Q9JKF6	109.4708023	102.4826965	208.8616638	125.0006714	37.75696564	34.29364395	91.31335449	126.7871246	56.36649323	38.31225586	142.1121826	164.7451477
Q9JKF7	543.9501343	497.9891052	697.8889771	558.211792	380.6447754	377.8511047	392.0687256	371.6799316	389.7280273	390.7201233	403.6190186	386.9547119
Q9JKJ9	89.31296539	96.29616547	137.1368103	169.5180054	391.9380798	186.7103577	243.4615631	158.9524841	106.5166016	65.59794617	173.4294891	149.9255524
Q9JKL4	119.7609787	149.2420197	173.4281921	52.62504578	109.0989761	95.10042572	79.85324097	68.86724854	110.8775711	93.75413513	66.89557648	112.0869217
Q9JKP5	56.48780441	41.948452	0	54.94888306	47.82198334	0	13.44585705	112.4821396	43.72288895	99.7474823	42.22347641	76.55387115
Q9JKR6	3255.350342	3142.292725	3484.130615	3028.700928	3678.670166	3787.274902	4381.931641	4281.146484	2868.092529	2885.135986	2681.539551	3492.60791
Q9JKS5	0	51.02794647	0	101.5110626	0	0	40.02054214	251.8893738	266.9875183	158.7445221	0	165.4050446
Q9JKV1	1730.696411	1298.272095	1078.170044	1338.012085	1281.761597	1601.061279	1533.377686	1287.891113	1350.397705	1474.928833	1134.329346	750.9944458
Q9JKV5	129.4577026	124.4288712	57.68931198	73.85459137	0	215.1563416	136.4169159	116.7764359	85.6268692	218.8276978	75.26971436	237.8927155
Q9JKX3	231.1541748	207.8044434	264.5093689	255.3506165	221.2385559	175.3718567	235.5656586	145.155426	215.6497955	240.7090302	217.1505432	214.4527588
Q9JKX6	559.9976807	385.0500793	328.8341064	397.2919006	450.116394	449.8120422	549.8649902	382.2536926	398.496582	340.9038391	397.4642029	253.6445923
Q9JKY5	109.6813049	108.0529251	111.9638901	134.9003296	140.9275055	167.1255035	159.235199	139.6255035	131.0372314	122.7163315	106.8005676	95.618927
Q9JL15	519.6521606	651.0744629	705.5396729	482.3893433	760.9903564	436.2260742	798.9321899	609.515625	849.7286987	734.7658691	701.2599487	589.0094604
Q9JL35	107.2074738	109.0553207	87.53259277	137.4589386	126.1877594	181.4237518	122.844017	55.8627739	162.7699585	191.1925964	66.66418457	146.6116638
Q9JL56	76.78527069	22.5041256	0	129.1072845	60.20990753	78.70629883	277.5813599	174.3154907	97.61637878	33.59925461	78.91636658	33.12094116
Q9JLB0	755.6497803	651.4193726	593.3197021	941.2416382	1068.133179	1074.736938	1143.106079	1095.549072	940.4388428	1073.884888	866.3504639	1089.368774
Q9JLC3	64.79408264	115.6818466	128.3386078	129.9555359	0	16.64168167	0	0	29.83837891	79.87787628	25.76263618	54.69997787
Q9JLF6	310.5270081	422.0292053	490.1167908	535.8082275	304.4273987	257.704834	472.625061	241.5947113	293.7050781	202.4533234	306.8042908	280.6911926
Q9JLI6	1164.778564	1302.128418	1256.106201	1158.441406	1021.907288	1133.615601	1161.894531	927.7875977	1254.856079	1284.73877	1131.688232	1117.526367
Q9JLI8	69.33017731	51.98032379	87.17909241	114.5045242	78.06937408	57.17105484	110.9032364	136.1157227	76.13050842	114.3669739	90.96533203	112.3268051
Q9JLJ2	12310.68262	10765.03906	10441.82324	10911.13672	8769.460938	9252.254883	8571.192383	9694.353516	9098.777344	10012.42773	10708.56836	10478.71582
Q9JLJ4	0	0	0	0	25.23254585	37.17294312	52.34095001	99.60727692	3.866976976	39.38454437	56.91662598	112.4988251
Q9JLM9	279.7558594	398.6948853	297.1696472	447.3770142	0	263.2441406	274.4611816	248.212204	0	264.2005615	193.2353058	317.2827759
Q9JLN9	111.8617096	104.8786774	176.5944977	99.77629089	142.5105591	131.0361176	156.0681152	134.7850037	156.3267975	160.8015594	145.8957214	87.39776611
Q9JLQ0	86.36537933	148.0267181	144.2396393	88.97402954	104.6659622	221.7249146	236.9947815	227.009903	170.7513885	203.273407	191.8217773	226.2058868
Q9JLR9	106.3345261	195.0704346	132.0990601	317.6845093	0	0	240.7838745	284.5632324	364.6165771	555.1514282	344.6133728	198.3855286
Q9JLT4	659.6136475	487.7379761	641.1723022	724.1744385	351.7791443	599.7385864	431.6412048	469.3751831	433.7062073	435.6431885	537.164917	450.2055054
Q9JLV1	582.8400269	748.6895142	582.8206787	702.8061523	540.5529175	394.2888184	455.6781006	445.2528076	458.4745178	624.8173828	417.2830505	262.5531006
Q9JLV5	156.3258972	161.1562653	178.3807068	117.1511154	102.8709106	111.1878967	152.5210724	82.12023163	132.8946228	55.7502327	58.10316086	131.5910339
Q9JLV6	197.5065918	153.2443848	152.9954224	179.1945496	156.3078918	119.9580841	165.917572	217.4831696	209.989975	223.4528351	154.1638031	173.1307831
Q9JLZ3	3336.576172	3112.574707	3581.975586	2701.734863	2621.647705	2590.70874	2436.759521	2311.074707	3398.931885	3224.463867	3024.76416	2645.463623
Q9JM13	167.9354858	117.885704	57.65542603	140.6214752	92.61209106	54.48986053	42.58399963	32.0042038	115.3988876	68.20959473	74.11481476	27.09752274
Q9JM14	663.7075806	815.7161865	743.7785034	682.8590698	669.4448853	544.6385498	602.1571655	793.8921509	789.192627	620.2799683	696.2174072	740.0114746
Q9JM62	3627.491699	4856.509277	5461.248047	5097.579102	5512.445313	5780.057617	5837.089844	8858.87793	7319.645996	6289.605469	5708.000488	6291.503906
Q9JM76	2277.550537	2277.734131	3094.95166	2855.26709	3252.426758	3403.228027	3097.678467	2355.569336	2963.533203	2211.611816	3369.999512	3638.583008
Q9JMA1	699.7637939	626.3336792	770.9865112	763.3530884	647.5834351	724.3254395	750.5950317	715.0981445	656.9671631	746.1599731	749.3004761	717.1337891
Q9JMA7	1623.855103	2055.297363	1200.765381	1985.997437	888.3955078	895.8355713	656.4977417	473.4645996	848.498291	388.640564	570.194519	360.5698853
Q9JMD0	263.120575	60.48602676	254.8796387	230.7461395	258.8349304	224.3014832	205.3721619	324.8612671	153.3038025	28.51611519	200.464386	273.0317688
Q9JMD3	4921.759277	6133.739258	3615.152832	5964.90918	7256.502441	5394.089844	5955.681152	5842.382324	7283.624023	6127.178711	6629.13916	6145.598145
Q9JMG1	461.9433899	246.2668304	358.0075378	254.0527039	134.7445831	466.6335754	393.160675	218.9418182	511.615448	217.2245636	361.6932678	475.7447815
Q9JMH6	1247.795288	1068.705811	1268.34436	1029.73645	948.4295044	886.40979	1040.63269	1012.122498	810.7706299	684.7196045	852.7561035	864.8604736
Q9JMH9	675.9341431	619.3429565	736.1367798	555.5095825	553.0688477	608.303833	686.3306274	593.9719849	446.0023804	665.1958618	574.3954468	612.7957764
Q9QUH0	1895.39209	2406.409668	1892.673706	2010.347656	1792.04541	1246.740967	1620.716309	1470.082153	1813.224487	1657.556641	1285.218262	1524.791748
Q9QUJ7	218.3385162	284.1869202	191.4552612	179.2961121	196.0230865	134.5019379	249.9967041	159.8192596	82.00621033	122.0048294	137.3667297	103.624733
Q9QUK9;Q9R0T7	74.64207458	30.22474861	3358.444092	0	33.82782364	27.41558456	0	214.9078674	0	0	0	0
Q9QUM9	2192.336426	2140.905273	2072.84375	2538.205566	2804.407471	2649.929199	2328.19043	2084.308105	2569.840332	2224.113281	2433.774902	2673.022217
Q9QUR6	722.6179199	737.8379517	610.3920898	639.5410156	530.9260254	554.1148071	583.5963745	516.333374	628.883728	559.9907227	469.8850403	654.1533813
Q9QUR7	3190.297852	2017.907959	1503.67627	2729.658936	2759.681396	3207.105225	2636.20459	2617.87915	2623.45874	3126.156006	2268.911621	2761.698975
Q9QWG7	389.4042358	308.3681641	330.8444519	259.8182983	174.7372589	264.2841492	126.5308075	236.4363556	403.2675476	282.90979	367.3696899	279.0068665
Q9QWR8	939.5644531	1499.713013	1108.388916	1124.02417	1773.028809	1652.392212	2697.080078	1782.808716	900.696106	1043.64502	1286.708496	1413.114868
Q9QX47	86.6491394	112.0379715	66.71601105	88.13105011	107.3857422	163.3148651	65.44149017	185.4230347	175.4134064	169.2611084	91.37481689	84.72701263
Q9QX60	86.89229584	146.5487061	233.6896362	203.1887512	170.0556488	150.3551483	151.4128723	111.2167892	139.2409668	97.03928375	172.8391418	167.9848785
Q9QXA5	208.2076569	204.6017761	204.0895081	246.9623718	295.3355408	145.2812653	307.7814026	240.7073669	255.5747986	289.3323975	305.6068115	413.34552
Q9QXB9	148.143158	215.6388702	156.9554901	221.2007141	237.030014	161.5596771	181.2131958	191.6988068	219.426178	209.1733093	189.8935089	157.4232941
Q9QXC1	535.7906494	595.6047974	636.4627686	368.2318726	356.7865295	496.1426086	360.0616455	511.0551453	291.2904663	365.2053223	378.1572266	212.2405701
Q9QXD1	3166.344238	2721.47168	3930.818115	2862.345703	4511.862305	4073.202881	5343.087402	4112.300781	3901.07959	3372.311523	4427.268555	3230.279053
Q9QXD6	53592.87109	47215.46094	49377.25391	54454.52734	49644.33984	55404.65625	50696.03906	46951.73828	56467.46094	57741.07813	46494.125	52982.02344
Q9QXE0	7648.462402	5915.300293	6419.157227	6617.32959	7981.460449	6613.869629	9639.021484	6323.024414	7370.185059	6903.895996	7625.762695	5078.851074
Q9QXE7	50.9267807	186.1174469	82.84740448	167.3885956	79.98569489	142.5658722	5.197057724	97.6569519	165.471405	30.13031578	62.84958267	31.32856178
Q9QXF8	44612.5625	54928.84375	43525.82422	50322.19141	26014.20117	24988.30273	19370.78711	19493.77734	32358.51367	33304.76953	34960.54688	33953.35938
Q9QXG4	1391.170776	1392.327637	1121.875122	1155.30127	421.8750916	244.8654327	261.6166687	117.4375916	322.2287598	457.2200928	342.9307861	274.778717
Q9QXK3	201.8258514	211.7133331	249.2107086	169.8827972	136.5710297	174.3391571	139.7646637	168.1374359	260.5363464	173.8044891	160.9162903	142.5035706
Q9QXK7	49.57744217	41.02462387	91.07203674	86.26766205	77.05947876	57.95822525	119.9633026	26.33204842	68.60171509	134.2834167	50.22964478	46.81342697
Q9QXL2	76.36714935	120.8704758	123.117424	122.3658295	77.52437592	87.72186279	83.89342499	124.0517044	145.4256287	62.3492012	80.01184845	92.24256897
Q9QXN3	222.2416534	21.32367325	102.0679626	40.0639801	65.49102783	25.66005135	40.14377213	23.56604958	0	0	59.34412003	0
Q9QXS1	1060.819824	1248.65686	1185.96875	1076.008301	1159.179443	1075.359863	1152.878906	1138.984497	1059.553467	1098.053223	1013.213013	1049.087646
Q9QXS8	464.0600586	384.5375366	420.032074	571.1801147	707.1609497	525.2677612	551.5353394	516.7542725	686.9063721	473.2987976	566.9423218	298.9935303
Q9QXT0	2610.948975	2329.069336	2351.489502	2444.593506	2566.426514	3143.743896	2573.299316	3224.485107	2540.661865	2936.404785	2659.667236	2556.653809
Q9QXX4	10191.95313	10673.91992	10573.19531	10545.59766	9378.972656	10545.02051	9117.84668	10142.76563	10726.71191	9934.80957	11550.83496	9304.168945
Q9QXY1	222.2908173	271.9428101	187.07547	162.0727081	216.8077698	137.8819275	183.3187714	232.0435791	210.0822601	284.731781	305.2538452	204.6055603
Q9QXY6	1534.452637	1729.421509	1836.031738	1675.588623	1522.664063	1673.194824	1469.432373	1458.115967	1317.101196	1509.48877	1671.62854	1615.995361
Q9QXY9	125.853981	39.83689499	93.90169525	186.2931366	91.65303802	113.3725357	160.0808563	289.5354004	108.9350357	231.3687439	262.4361267	122.7080154
Q9QXZ0	122.878067	114.6138611	122.170517	119.4478836	103.4061127	112.3584824	97.77932739	118.8908539	90.27015686	90.94459534	123.8153458	128.3950806
Q9QXZ6	275.315094	160.6896057	203.9786835	181.1173859	265.5499878	396.9391479	320.0576172	339.4518127	404.1221619	238.1599579	378.8484192	418.9908752
Q9QY30	3097.472412	2919.874023	2891.514404	2622.745117	2516.667725	2220.309082	2473.337891	2145.638184	2041.162231	1997.451416	2024.981812	1899.984375
Q9QY36	208.0886993	133.2374878	138.9660034	179.2936249	143.2288208	242.50177	170.6598206	158.9285889	242.6797943	161.838623	156.8986206	168.914444
Q9QY76	564.7491455	800.0771484	628.2540894	690.1491089	766.7172852	990.5680542	823.7102051	1028.083252	1017.675964	886.295105	662.468811	1048.218018
Q9QY81	214.0184021	199.349884	228.4692993	169.6846161	172.6790314	177.3345642	197.3136139	277.7745056	256.0678101	252.6119232	215.730072	235.9793091
Q9QY93	192.2912445	178.6486969	39.74074936	222.5402679	31.61982918	65.95937347	183.9826202	58.13702393	82.39096832	19.38378525	137.1774292	99.67703247
Q9QYA2	824.7411499	815.6774292	759.9563599	837.0852051	514.5189209	572.6087036	639.8914795	678.9510498	620.6225586	634.6177368	692.5682983	378.5800171
Q9QYB1	395.6828308	507.2724915	413.0117493	423.7693787	416.3834534	350.5839539	414.3926086	457.4008789	448.2789307	444.9897461	324.9777527	327.746582
Q9QYB5	115.059845	121.8187408	116.1642685	68.65764618	98.6261673	67.64781189	56.09606171	152.6049042	35.32662964	95.68179321	129.4318542	127.1032639
Q9QYC0	119.135849	139.6499176	142.8537903	156.8193512	89.14212799	81.43523407	46.05152512	117.5364914	132.2446442	84.087883	81.32488251	117.2759018
Q9QYC7	644.5802612	887.84552	747.5617676	613.2479858	1114.159546	854.2159424	926.3432617	1332.519775	1130.064331	1265.729492	1102.769043	1413.706177
Q9QYE6	73.70055389	79.42381287	43.72966766	78.89732361	51.69675064	37.18746567	156.1648865	65.99807739	38.68865204	49.47697449	69.98827362	56.46923065
Q9QYF1	654.0802612	582.2138062	646.9970093	442.5834045	263.4108887	152.5222473	279.3613281	246.4975891	183.0592957	198.6250458	229.2050629	165.5931244
Q9QYF9	0	136.617218	0	0	0	100.0711594	112.2189636	135.8902893	43.72540283	97.73390961	85.53495026	0
Q9QYG0	7700.85791	8979.829102	7719.329102	8397.506836	6514.741211	7529.056152	7110.12207	5832.570313	8296.785156	6883.031738	7435.256348	6863.240234
Q9QYI3	124.8646545	148.2516479	139.6611328	174.8171997	148.3343353	133.0238647	179.8588867	128.0478821	113.7840652	66.62496185	138.5847931	100.2566681
Q9QYI4	42.90352631	127.8589859	77.42926025	69.78765869	110.7923431	88.38965607	97.4446106	103.8347702	97.52780914	69.21040344	79.09602356	109.1616135
Q9QYI5	61.03633118	59.48430634	147.409668	114.5409012	75.35646057	35.86201859	196.4247437	64.09594727	87.37742615	60.01316071	66.49849701	109.5275955
Q9QYJ0	796.8865967	1007.37616	801.7279053	975.1419067	1137.533569	944.2042236	1208.164551	1049.676025	1122.891602	939.2533569	928.1413574	1035.904419
Q9QYJ3	138.9326477	77.34519196	139.2967834	200.8309021	168.6157227	212.8111572	341.0368958	167.5194702	171.5172729	141.6454926	203.592926	253.6950989
Q9QYR7	3222.572754	3844.044678	3645.408691	4343.868652	4650.92041	5745.390137	8533.118164	3761.247803	5127.807129	4179.303223	4668.085449	3645.250732
Q9QYR9	3126.476563	2750.964844	2988.530029	2502.452393	3706.983887	3527.883545	4829.836426	3832.831543	2028.77356	2301.850586	3241.262451	2204.853027
Q9QYS9	129.8479919	216.597168	169.2714691	204.6504517	188.4320831	170.285141	109.9183655	253.3956909	223.5876923	167.6646881	181.3971863	215.6867981
Q9QYY9	926.6261597	1095.138794	1256.481934	704.1601563	385.1762085	318.3178101	436.821167	577.0250854	393.923584	482.592804	454.342865	372.9795837
Q9QZ06	363.5907288	319.1757813	447.8315125	304.6782227	457.1967773	329.112793	305.536438	324.2724304	403.4410706	312.6606445	356.0947571	359.329834
Q9QZ08	221.9328003	320.1455994	227.6638031	251.1294556	246.3625336	268.8626404	332.051239	280.3930664	307.690094	232.080307	315.5639038	196.9154358
Q9QZ23	623.5094604	638.6854248	573.7192383	657.3855591	343.585968	668.3857422	579.9317017	535.3403931	548.234314	510.2003174	646.9124146	558.2980957
Q9QZ47	0	346.0923462	161.7533417	0	0	0	0	0	0	0	0	0
Q9QZ73	131.5950928	87.85289764	74.5841217	48.41658783	72.31512451	112.9373627	157.4750061	29.51211357	74.82025146	94.7691803	65.19008636	89.93725586
Q9QZ85	1115.355469	1153.009644	1208.884399	1266.656494	1200.438354	1184.981323	1218.488037	1239.747681	1253.132324	988.1640015	1147.730469	1661.599365
Q9QZ88	284.3713684	413.6994019	445.7208557	454.2195129	505.9195251	403.3028564	348.5558167	478.3387451	397.598938	403.1369324	400.0709839	428.0756226
Q9QZB7	675.8248291	779.7891235	1052.554199	546.7755127	0	496.6191101	424.3143616	466.3275146	455.7803345	461.1904907	505.996582	401.4269409
Q9QZD8	2236.860352	2605.192871	3231.846924	2872.283203	2830.392334	2617.290039	2716.55127	2683.045898	2583.812988	2467.869141	2746.39917	2258.123535
Q9QZD9	553.8635254	569.6841431	508.3590698	541.602356	576.7003784	536.3320313	598.4070435	650.6174316	501.7583923	481.334259	494.6889343	695.7805786
Q9QZE5	475.2050781	405.8265381	473.7215881	522.0407715	580.5805664	641.5997314	503.8314514	516.1171265	616.5078125	453.3882141	506.4906311	484.1676331
Q9QZE7	125.5316238	140.8105469	147.6423798	132.6898956	117.836647	144.4870148	104.3632813	190.9734497	204.5053864	189.6048737	114.4152985	155.3802795
Q9QZH3	166.5232849	108.2885056	127.2440262	63.84925079	96.42285919	168.3822021	148.3540955	205.8126984	47.6240654	123.4894104	122.5593567	162.3482971
Q9QZH6	524.8716431	303.1481934	243.9918976	383.4530945	351.3328552	368.0110779	366.9591064	273.7459106	331.0628662	114.3741379	269.2636414	314.5601501
Q9QZM0	95.70187378	50.64684296	70.48674774	75.19740295	108.0702057	23.90178871	59.21521378	91.57780457	103.8963699	73.7180481	47.9577179	52.7502861
Q9QZN4	309.5883179	281.8930054	334.2528687	422.7820129	466.3852234	118.2121429	484.2489319	316.7500305	421.0907288	360.1849365	379.5476074	262.9210815
Q9QZQ1	278.4886475	314.53125	370.021637	335.8408203	320.6253357	324.0244446	295.4162903	398.2423401	412.915802	350.852478	315.7433167	394.3986206
Q9QZQ8	4561.369141	5060.810059	5124.480469	5278.220215	5449.669922	5568.128906	5561.006348	6141.899902	4597.509277	4875.362793	5454.125	5158.59082
Q9QZS3	199.1572113	248.5849609	253.7554321	266.1391296	325.5223694	286.7338562	304.4140625	248.5254517	354.3004456	285.3356934	333.4624634	302.5596619
Q9QZS5	325.1140747	369.9579773	354.1363831	315.1955872	170.1651459	173.7830963	333.2410278	248.2563934	99.22502899	229.0097351	174.1889038	162.9468079
Q9QZU9	124.9336319	143.8449097	130.8491211	118.1380615	135.6668091	97.36347198	173.4752808	107.6846542	136.6183777	111.1194153	0	56.88222504
Q9QZW0	1013.902405	1079.549438	1065.4729	1012.802429	1163.443848	1264.111816	1148.925537	1452.116943	1347.132813	1331.092407	1556.100342	1422.106323
Q9QZX7	140.9092102	130.1906586	171.583847	111.1138077	132.867218	140.9570313	92.46808624	182.6232758	232.8434296	104.8159409	108.4243698	176.4907837
Q9R008	264.6109314	258.9162292	324.5507813	276.8835449	44.32308578	54.42511368	0	99.09876251	94.35331726	52.25381851	61.44859314	99.67556
Q9R013	411.18573	440.8252869	468.1650696	453.3954468	612.4850464	702.0697632	686.3603516	807.8737793	659.7457275	694.367981	719.6818848	569.6904907
Q9R049	266.8762207	309.7045898	289.846405	263.2130127	283.8261719	323.6495667	347.5213928	297.8613892	300.9347534	259.8363953	318.4629211	232.9195557
Q9R061	126.0136261	182.2530518	0	58.50823593	133.660202	100.3188248	43.91257477	208.8892517	144.141449	151.3488312	176.2791595	147.9769592
Q9R062	377.5263977	346.6734314	378.4334717	322.2688599	137.3269958	141.7830353	277.6500854	253.5171661	202.5055237	355.7205811	254.6750946	406.096405
Q9R078	79.90663147	59.55010605	111.7862167	59.60340881	90.397789	37.63964081	36.80307388	51.75162506	51.4514122	61.38124466	47.53675079	48.80650711
Q9R092	496.6734314	837.6224365	1381.446167	412.7106323	510.8942261	339.5010681	689.1408691	663.5725098	183.6600494	557.3865967	474.9737854	629.7307129
Q9R099	424.9409485	345.9860535	607.1488647	395.570282	402.1035461	511.7611389	472.8167419	514.6068115	402.0202637	322.8718872	498.2330933	737.3272095
Q9R0A0	519.1014404	346.4919434	328.0022278	505.9354248	464.3638916	595.4244385	450.8408813	494.9316101	380.5001526	664.1633911	611.5360718	459.0589905
Q9R0E1	21.24731636	374.6495361	33.45216751	192.4669342	141.7855835	148.1459351	83.1463623	97.77864075	66.25587463	3.080426931	58.90660095	0
Q9R0E2	0	33.76883698	0	44.28411865	88.60468292	65.60316467	49.10435867	80.73268127	59.44280624	0	59.33652496	72.58559418
Q9R0H0	18535.79883	16583.91992	22104.27539	18155.5	27188.98047	25743.56836	34743.08594	20043.05859	19594.80664	20902.06641	27220.17773	17302.0918
Q9R0M5	668.1642456	255.9826508	552.3110962	372.4012146	581.5616455	562.5621948	518.4326172	377.7719727	612.1073608	541.1235352	326.4132385	448.2190857
Q9R0M6	577.6186523	581.9525757	651.2333984	610.3516235	643.7644653	637.1484375	745.5266724	738.7008667	574.5759888	656.8226929	677.9437256	659.4414063
Q9R0N0	1072.865112	1128.515015	1634.683105	1131.176147	1622.906128	1886.353516	1861.040161	1624.069946	1798.433228	1200.608887	1672.005127	1429.409912
Q9R0P3	7535.379395	5814.689941	7303.580566	6943.027832	9238.426758	7699.879395	7733.234375	7982.415039	8951.845703	8727.064453	9127.816406	9720.508789
Q9R0P5	4288.335449	4981.834961	5437.345703	4358.291504	4520.795898	3803.39917	4415.545898	3954.723389	3953.367676	4324.046875	3505.32959	3899.655273
Q9R0P6	884.0640869	801.3292847	999.1137695	711.2227783	730.6936646	832.4904785	782.2783203	786.3511963	752.1108398	627.6208496	782.3017578	679.7442017
Q9R0Q3	196.4785767	291.6381836	320.0093079	227.2317505	225.1107941	295.6125183	249.9346924	377.9411926	249.7879181	205.323288	270.5793457	324.3724365
Q9R0Q6	250.3190308	223.2031555	238.7155457	292.3569641	297.3980713	261.6638489	303.5697021	285.6689148	353.6327515	205.8958588	344.6825256	343.8787231
Q9R0Q7	1556.735107	1609.227539	1091.468994	1599.511963	1450.447266	1399.875	1613.859375	1604.712524	1328.668335	1347.883911	1492.818848	1415.755127
Q9R0Q9	0	0	68.52457428	51.22495651	40.63674545	60.05141068	51.19781494	26.19108009	40.90089417	36.14549255	173.9757233	81.23110962
Q9R0U0	460.7677002	415.6982727	356.6087341	344.8060608	403.9130859	421.7249756	512.7325439	494.9708862	425.2843323	458.4266663	352.3490601	486.6150818
Q9R0X4	89.00659943	72.00170135	64.65402985	73.62358093	54.01891327	81.51872253	67.1516571	109.3622284	45.8151207	52.50458145	39.41537094	66.66513824
Q9R0Y5	0	34.68326187	78.99485779	0	0	0	0	69.69165039	0	234.4656067	0	0
Q9R111	575.2275391	431.0561523	534.0552979	477.2891846	432.3904724	455.240387	492.6656799	427.9494324	620.0823975	504.2410583	435.3566284	577.2915649
Q9R112	1320.38855	1377.040771	1403.839355	1155.094482	1087.404419	664.4487915	814.4853516	734.0985107	673.921936	857.663208	960.8111572	770.9874268
Q9R182	43.15182495	114.8318024	37.63021851	88.6493454	22.34709549	65.90231323	156.1056671	51.03329468	122.325264	61.81512833	91.93756104	17.6986599
Q9R190	575.5266113	469.5899658	589.0046387	661.4489136	756.864624	770.5055542	783.9038086	617.6027222	677.4140625	703.0941772	660.4928589	857.2198486
Q9R1C7	134.1914368	166.6737518	268.9455566	182.1953735	275.3832703	210.7390442	258.8453064	290.938385	298.7169495	356.7039795	230.4290924	206.1219788
Q9R1J0	926.531311	799.9127197	1251.573853	784.2546997	175.5687561	128.9473877	169.1897278	186.9984741	110.8924255	188.0211792	137.7816162	149.4250641
Q9R1P0	1005.382507	960.2556763	1192.85791	1337.852295	1456.054688	1245.748901	1228.486816	1278.890503	888.2324219	1390.422119	1098.20813	1385.323242
Q9R1P1	1195.014526	802.0326538	1044.514526	984.1335449	1167.530151	1007.039734	1240.543091	885.5806274	1128.158569	901.1381836	987.355835	1153.414551
Q9R1P3	1786.33313	1575.0896	1660.174194	1798.324463	1980.479126	1913.973389	2366.756104	1981.090088	2137.493408	1731.775391	1761.996338	1877.17981
Q9R1P4	3112.394043	2832.047607	2748.476563	2912.209229	2980.941406	2773.532471	3230.08667	2371.672119	3077.780273	3281.451416	2842.498779	3516.410156
Q9R1S7	394.4500427	488.2496643	490.986969	353.4421387	383.7399902	385.0575256	385.2079773	593.815918	465.8373718	553.3983765	494.1538086	698.5930786
Q9R1T2	217.8916168	125.521843	157.6704254	130.6582336	172.9369659	119.0625153	166.2037201	214.3798065	72.77593231	135.8363037	86.74206543	142.3647461
Q9R1Z7	211.341568	248.1281433	214.033905	256.6946716	153.189682	198.509079	257.5983582	127.2666245	259.2225647	103.8735809	259.7218628	207.357605
Q9R1Z8	145.3717957	201.4738007	258.0689087	147.9004517	217.0778351	191.2561493	135.9273071	179.7632446	154.0122986	205.0182343	145.1768341	134.4138336
Q9R226	44.5537262	152.3453827	293.5975647	56.5378418	81.24894714	98.42131042	64.64312744	162.9178619	118.6226425	51.89578247	99.06419373	195.9428406
Q9R233	537.7047119	434.3715515	588.0745239	429.2154541	454.1036682	511.3876648	469.2590942	636.1504517	545.0072021	523.9175415	559.5657959	651.4561768
Q9R257	1321.232178	1255.263916	1054.904541	975.8221436	701.635437	1103.728149	868.5794678	783.6170044	2717.519775	4363.549316	3071.701172	2929.473389
Q9R269	35.24991989	82.22186279	112.2801437	85.4580307	81.08605957	0	51.12005997	0	14.83250618	50.04968643	10.25679588	15.78125381
Q9WTI7	475.3943176	651.3991089	589.1478271	585.8580933	673.4438477	619.8533325	675.9071045	651.2877808	576.0505371	626.7299805	667.6209106	641.543396
Q9WTL7	122.7020645	197.2837219	121.0740738	127.1355896	188.2359924	123.3208542	182.1262665	151.1852417	182.4130554	168.8580475	155.859024	184.3101196
Q9WTM5	259.7085266	292.9127502	280.1970215	325.1415405	327.2543945	315.6984253	359.9354858	341.9620667	297.1850281	375.8830566	327.3208008	273.7818909
Q9WTP6	17668.16992	18304.18164	19425.78711	19790.12305	17334.08984	17841.94336	17495.81641	17779.83984	17516.98242	18357.6582	17992.00586	18734.86523
Q9WTP7	7969.455566	9366.801758	7460.949707	8500.082031	5411.400391	5829.984375	6252.991211	5631.119629	6290.437012	6385.254395	7030.185059	7108.389648
Q9WTQ8	417.7779846	244.6918335	444.376709	356.1594543	335.4512939	247.2108307	295.1332703	327.1158447	431.5971069	364.1362	432.3896179	247.5629272
Q9WTR5	138.4108124	208.5225525	155.686615	21.88496017	80.22698212	107.6805954	104.2481537	58.34667587	66.75764465	146.2114716	95.62934875	37.32081223
Q9WTU6	134.9701538	121.7084579	191.0010529	141.9444733	117.2715454	104.8962173	135.2973633	162.3466644	82.75491333	68.6559906	109.0940399	78.38127899
Q9WTX2	135.6178894	198.4104156	142.7333221	164.2368622	118.8253555	181.7842865	123.8539047	126.6868134	228.4154816	266.6655273	80.25421143	145.9785919
Q9WTX5	476.1204529	536.4971313	362.4903564	431.8050842	563.8377075	449.1292114	508.5212708	621.697998	459.4515381	495.4763184	489.3893433	513.0142822
Q9WTX6	93.94551086	148.3678131	140.1004333	103.0692825	76.90943146	164.1461334	105.0059128	153.8387604	114.4205093	122.5490723	118.9239731	143.1637878
Q9WU19	1884.035522	1163.356812	1107.385864	1204.150635	1276.907593	1456.24353	1747.518921	1725.018188	1510.846802	1352.184082	1312.798462	1743.652832
Q9WU28	194.236145	329.2800293	247.0475006	252.7185364	248.3701935	254.3097382	342.0660706	256.0617371	364.8315735	346.8623047	346.7601929	222.2345886
Q9WU78	1371.402832	1338.685425	1284.568237	1434.170898	1267.634277	1329.871582	1230.317749	1093.069336	1232.813599	1334.754761	1155.990967	1322.545288
Q9WU79	3883.967773	3654.413818	3254.953369	3139.769531	2012.075684	1938.024048	1889.861816	1623.661743	3028.267822	2882.886963	2833.252441	2271.806152
Q9WU84	1024.684937	1021.720703	1025.526978	1003.888672	1057.884399	1133.406006	1007.932861	1115.179077	992.6744995	1224.322388	977.2496948	929.0427856
Q9WUA2	949.1164551	894.2384033	1321.615234	845.5479126	1301.423096	910.9766235	956.1878052	1292.717407	1087.276245	1050.791626	957.0600586	1209.4823
Q9WUD1	282.5482483	316.8253784	208.2698975	175.8156586	207.2696228	222.638916	267.8502808	205.2957458	183.0742493	227.2729034	180.1312714	209.9773254
Q9WUH7	107.335083	98.34632111	163.3202362	92.1223526	77.25658417	185.4467621	80.56079865	92.34779358	83.19212341	36.69163513	77.28739166	153.6384888
Q9WUK2	438.8875732	678.7930298	437.6169128	590.9021606	699.5939331	590.8331299	411.0797119	886.1730347	757.8412476	735.5131226	369.5201111	372.1037903
Q9WUL7	293.6796265	314.8306274	290.2744141	295.488739	281.6161194	257.3519287	240.0061035	306.2209167	365.2177734	261.2458801	215.8794861	228.8760529
Q9WUM3	1142.817261	1031.319336	949.5084839	892.7855835	1264.115112	1074.213867	1346.094849	1019.258423	1134.963745	1050.094604	1084.186646	1215.598755
Q9WUM4	566.8257446	654.189209	486.7166138	486.9891663	617.2406006	528.3410645	564.90625	622.3602295	392.0230408	575.1005249	475.8814392	628.2969971
Q9WUM5	6905.239746	3585.921387	6061.214844	4637.299805	5682.485352	5396.407715	3140.825439	5448.061035	9389.836914	6172.94873	5342.131348	6013.9375
Q9WUP7	436.9000549	433.2575073	382.8019714	396.5682983	383.2756042	436.0827637	419.3338013	302.4228821	372.2855225	396.2726135	364.7965698	330.3338623
Q9WUQ2	948.5006104	835.5740967	1101.710449	794.3666992	1415.325073	1105.390869	1193.172485	1186.187622	1002.15863	997.9008179	926.3818359	1030.464111
Q9WUR2	4159.645996	3749.547607	4862.445801	3928.560303	5023.656738	4750.04248	6197.217773	5341.439453	3988.868652	4166.256348	4967.750488	3813.259521
Q9WUR9	2314.575439	2072.628906	1844.058594	1707.688599	1869.9646	1522.030151	1631.079834	1691.163818	1765.339722	1405.294678	1434.38501	1498.018066
Q9WUU7	2431.467285	2936.927002	2236.699463	2503.530518	2809.413574	2671.225342	2649.132568	2238.935547	3309.437012	2715.368408	2800.827881	3386.403809
Q9WUZ9	1642.095825	1896.037842	2745.413818	2553.074219	3157.394287	2864.883057	4451.041504	2414.89209	2718.327148	2012.508789	2471.147217	1307.095459
Q9WV02	463.9873352	636.9581299	355.0543518	374.8164978	257.2128906	210.2419434	304.2675476	272.964447	0	397.4634399	508.3845825	295.4590149
Q9WV18	89.09616852	49.26148224	0	0	45.63271713	69.161026	212.7612305	0	168.932373	257.0725098	200.5834656	33.27059937
Q9WV27	163.5094757	75.5704422	419.6082458	194.9327087	94.89038086	289.4452515	184.4832306	194.436615	337.9117432	468.5196533	104.5932922	55.35428619
Q9WV32	623.1696167	572.8259277	779.3088379	529.3175049	920.295105	713.9766235	591.067627	752.0363159	394.9594116	518.1060791	582.390564	562.2689819
Q9WV54	1028.903442	737.5389404	823.0965576	924.0634766	999.4855347	1149.827515	1070.288208	933.4731445	679.8157959	641.3814087	826.8873901	758.2348633
Q9WV55	2434.228516	2327.230713	2233.36792	2699.742432	2493.529785	2467.197266	2443.438965	2654.709473	2628.460205	2359.609863	2325.157471	2683.663818
Q9WV60	162.6403809	80.02220154	101.7166214	100.8318787	108.8668442	47.48883438	89.31747437	126.9494476	49.68436432	41.72425842	47.92292786	114.2580032
Q9WV68	2624.67749	2307.059814	2569.565186	3011.204346	3137.943604	2889.673584	3933.061279	3484.560303	2855.593262	2559.688477	3012.125488	2293.881836
Q9WV80	219.421814	207.7923431	182.114975	270.394928	222.2483826	178.0237885	243.3144379	213.5283051	204.2994843	212.9530792	240.121933	256.8965454
Q9WV85	384.7654419	304.1881714	364.7477112	361.7144775	453.9365234	381.5259705	485.9394531	265.9745483	419.5205383	406.4921265	395.6639404	449.7547607
Q9WV96	166.9765472	173.6936951	123.4116364	231.4136963	141.7025146	246.3488464	180.2643433	224.1340637	179.2855682	196.1087799	198.0774689	226.3906555
Q9WV98	400.9382935	487.6443481	303.129364	335.4685364	261.5601196	354.5835266	399.3167725	489.0708008	545.0065308	501.7380676	486.2405701	351.1845093
Q9WVA2	1671.51001	2603.119141	2296.192383	1618.810669	884.2511597	1545.80835	1194.053467	1345.206299	1680.786377	1801.444824	1651.327515	1814.867432
Q9WVA3	386.8942566	395.6151123	282.2897339	348.4148865	324.5972595	336.8267212	379.7595215	405.7867737	326.7581482	346.5057373	277.2156982	339.9044495
Q9WVA4	1190.557495	1201.354614	1244.139038	1105.346191	1271.691406	1180.194946	1197.322266	1112.83374	1142.074707	980.0172119	1136.404785	1378.43042
Q9WVB0	446.8007813	530.0463867	516.1901245	496.8289795	766.2698975	788.1451416	771.2957764	827.4495239	576.3776855	835.0355835	620.3764648	946.8971558
Q9WVD5	1825.592529	2669.06958	2911.81958	2679.305176	2017.972656	1730.172729	1513.58252	1547.037109	1916.55542	2052.723145	2432.432129	1923.147949
Q9WVE8	564.2532349	594.2019043	590.5820313	508.3770142	762.8531494	658.8141479	683.8873291	801.0459595	698.6621094	597.7553711	664.9770508	611.3533936
Q9WVG6	101.6834946	128.7394409	0	240.9336395	235.9003601	194.9530182	174.7479248	218.8281097	196.1119232	103.2459412	160.9127655	143.6853485
Q9WVJ2	787.5611572	777.3521118	867.2902222	914.65625	1104.942017	999.8447876	995.4446411	859.8251953	1000.606384	966.5487671	933.2570801	809.3911133
Q9WVJ3	1370.537476	1582.166138	1716.941284	1551.022339	1303.161621	1603.297363	1668.733643	1628.493408	1518.818604	1722.490234	2026.533325	1811.156616
Q9WVK4	403.8890381	369.6703491	331.7226257	360.5297241	368.925354	512.7943115	390.0947876	324.9685059	419.1634521	390.3973083	448.250946	453.2934875
Q9WVL0	17546.11523	17061.07813	17646.00586	17384.81641	16543.76367	17416.13281	15196.37012	18662.82031	21163.08008	19352.33398	19157.84766	21545.10938
Q9WVL2	116.3014221	111.2458267	77.46272278	138.4954529	128.1121674	183.6438904	150.6194153	132.9529572	105.3141785	176.2330933	78.81925964	147.2165527
Q9WVL3	67.54584503	46.99340439	77.27607727	107.5108948	135.1874695	142.6156769	121.6895676	111.2520142	81.444664	94.86018372	76.76830292	116.7642441
Q9WVM8	6369.717773	5671.628418	5219.620605	5919.557129	4596.413574	5709.10791	5120.996582	5564.612793	6361.48877	5964.664551	6299.111328	7580.880371
Q9WVQ5	292.3399353	223.707901	292.571167	174.1428528	164.754715	189.2445679	220.1725922	133.6309662	210.7172699	196.8067932	212.0957947	312.8826294
Q9WVR4	75.66753387	69.14596558	60.20461273	69.91807556	73.57099152	56.29511261	99.31690216	110.9190445	33.6490593	84.00324249	75.72735596	76.00485229
Q9WVT6	670.6196289	580.5466309	738.2056885	747.8651733	471.0397339	375.0031738	310.6663513	417.8982849	583.6251831	456.1282043	548.4683228	457.4485168
Q9Z0E6	53.93498993	117.5041428	41.33165359	102.6413498	58.38968277	79.0688858	31.04565048	39.29336548	103.033226	31.84427261	57.10906601	45.21938324
Q9Z0G9	0	0	0	0	109.2262039	120.0076294	49.14985275	100.6843414	119.6615601	33.99381256	111.9004822	147.6662903
Q9Z0H3	107.259407	128.8136597	71.47620392	85.32833099	85.90843964	114.9939575	67.62177277	89.73754883	128.5872803	185.34198	118.9609833	81.5684433
Q9Z0H4	68.95573425	132.4805756	55.23313141	147.8549194	60.4971962	119.3764114	45.15212631	38.14540863	17.69930267	30.81266594	121.2142563	21.90071869
Q9Z0J0	67.6856308	12.45615673	13.52327633	132.5602417	0	168.1673431	20.42882919	82.20969391	0	0	54.8252182	0
Q9Z0K8	281.3517761	237.453125	417.5734253	227.8620758	806.6081543	1106.051392	1235.45874	1112.085083	713.2736816	450.9002686	651.1279297	630.7470703
Q9Z0L8	67.77148438	65.08735657	0	102.029274	20.45382881	86.15078735	57.652668	77.52316284	91.33670807	130.5519562	107.268959	125.2167816
Q9Z0M5	1066.514893	1129.003662	1042.818726	1208.230225	1379.680542	1527.04541	1760.446533	1351.526367	1169.431519	1039.672607	1329.351685	1576.551392
Q9Z0N1	345.9243164	298.5422363	389.596344	341.5000305	492.9181213	351.8540344	315.3034973	486.2348938	329.3084412	263.4547729	190.7224274	273.4677734
Q9Z0N2	1385.722656	1171.410034	1659.281372	1166.94519	1491.827881	1344.043091	1517.936035	1354.700195	1508.741699	1556.658936	1330.780396	1363.89624
Q9Z0R4	182.3227844	151.9880066	142.7723846	129.0223541	147.3635712	171.6950989	88.93248749	116.8891525	124.9231873	130.1997375	190.2847443	239.8370209
Q9Z0R9	248.3260651	304.8011475	370.7080078	396.7382507	623.8169556	501.7669983	533.5844116	483.5212708	357.9536743	498.5379639	557.6738892	521.6013184
Q9Z0S1	1028.147339	1151.667969	790.1391602	1163.767578	1140.861572	1034.374268	1104.206299	785.8192749	999.7471924	1000.110107	998.6051636	1421.609253
Q9Z0U1	302.1451111	276.0829773	335.1674194	180.6500397	251.3084564	267.3138733	275.9790344	300.9955444	324.3512268	295.6019897	290.3653564	232.2085114
Q9Z0V7	712.6132813	713.3604126	519.1912842	774.2165527	729.5194702	828.2445068	882.5645752	687.1995239	664.0248413	759.8136597	875.7115479	737.1122437
Q9Z0X1	11398.04883	9717.925781	10306.12793	10273.02344	9240.757813	9728.807617	9301.34375	10503.48242	10142.74512	10697.50391	11210.20996	10525.97852
Q9Z0Y1	111.9405365	76.2571106	130.0981903	171.5571136	116.6636505	176.9160004	169.6561432	162.7796326	166.6910858	188.3295898	125.1785507	68.22246552
Q9Z108	290.3153381	241.8003235	162.2286377	248.0492249	179.6165314	321.7776794	303.2834473	286.2198486	258.4525757	282.5090027	220.1917267	231.2889404
Q9Z126	15.47388458	15.4477129	38.81616211	0	24.80796623	0	0	0	189.6903229	114.6537476	86.66660309	38.64237595
Q9Z130	115.5318222	227.9634857	161.5103302	142.2207794	208.1034546	257.5556946	251.5626678	209.4538574	204.7151031	225.8162689	221.6276398	244.1590118
Q9Z160	63.43175125	91.88762665	53.59617615	7.862151146	97.06667328	103.5133514	77.54306793	143.8577271	111.3561249	69.28221893	77.41523743	63.03486633
Q9Z1B3	89.79177856	53.4460144	68.3792038	21.5307579	21.21673775	53.33279419	15.9381609	17.92175293	86.49112701	54.44672394	69.17704773	64.34437561
Q9Z1D1	849.8919067	838.8456421	964.4316406	1051.290894	1230.20874	1228.327759	754.5272217	1159.510254	1282.685303	1261.555054	1123.27124	1230.043701
Q9Z1F9	115.7129898	89.77467346	133.9523468	164.5467377	175.3535614	160.2436371	105.1684036	91.69249725	50.90156174	110.2239151	147.4080505	163.4187317
Q9Z1G3	142.7585907	44.43978119	75.8975296	106.3944397	49.96638489	132.0374451	53.54029465	114.993248	31.42634583	38.83533859	0	100.5658493
Q9Z1G4	261.2498169	243.6656036	364.8974609	245.8157043	229.7354736	207.1118927	317.7158813	217.7119751	270.9222412	236.3832092	347.6184692	157.7149506
Q9Z1J3	480.3486633	374.9906311	344.2095947	386.3081055	395.4141235	394.8587952	373.7134094	442.5475464	438.81604	310.2640076	380.5843811	321.3837891
Q9Z1K5	97.47453308	27.49382019	54.7615242	126.8871765	106.6128616	46.68618393	109.7942276	82.91300201	95.57997894	122.4533157	47.63759613	94.26425934
Q9Z1M8	74.15142822	141.2999878	56.69649506	84.85231018	287.1147156	256.2337646	113.7947311	160.1605682	204.810791	203.4655914	51.21603394	9.650687218
Q9Z1N5	562.6809082	958.2589722	827.071228	905.6555786	727.5979004	1000.884583	1071.897949	1272.812866	919.9692383	1248.104858	1289.027344	1332.947144
Q9Z1P6	2268.852539	1722.342773	1830.643433	2318.08374	1362.797119	1483.069092	1316.654663	1736.101196	2073.686768	2203.351807	1985.058105	1496.587158
Q9Z1Q2	172.6164551	222.7948303	179.304718	157.5514984	278.7336121	230.4275055	329.5780945	291.182373	270.9918823	248.1895752	248.9378357	198.649765
Q9Z1Q5	764.881897	772.4820557	756.0588379	683.897522	507.357605	266.0727539	569.3336182	515.7141724	619.1636353	460.8249207	510.0094299	321.6927795
Q9Z1Q9	1036.126953	1045.961792	1295.659058	1183.442505	1345.718872	1328.416382	1197.312744	1345.875488	1537.394897	1198.587158	1144.839233	1479.81604
Q9Z1R2	282.9269104	280.0863953	307.1244507	215.8328247	259.0052795	236.468811	231.3615417	258.1071777	258.0076904	272.1525879	174.3275757	256.0569763
Q9Z1R3	158.9344482	198.2920074	209.5802612	107.132309	282.9593506	160.7559357	368.5603638	190.7246399	218.5984039	380.1580505	333.8579102	220.9252472
Q9Z1T1	287.1438599	240.6456299	285.5738525	214.8686676	391.585144	332.4741821	279.041687	250.664093	358.5108032	229.673996	262.3448486	240.1964722
Q9Z1X4	209.4569702	233.8238678	217.2940063	155.7362518	176.3891754	169.4549713	201.0293121	236.5953827	211.1570129	181.0241241	157.1554565	218.4835815
Q9Z1Y4	0	55.0532074	0	31.6101532	0	25.83208847	0	20.91638184	42.04497147	31.46063042	8.708465576	44.77953339
Q9Z1Z0	600.4785156	519.541626	467.7870789	518.6329956	557.1796875	735.0861816	552.3171387	650.963501	588.1594849	511.7651672	493.1107483	570.2619019
Q9Z1Z2	619.4454956	557.7153931	485.7718201	537.6728516	575.5504761	582.9177856	664.1422729	481.6878357	539.5388184	493.1920776	528.9031372	527.005249
Q9Z204	2555.929443	2646.467529	2126.58374	2178.637207	2677.969727	2286.385498	2412.240234	2648.711182	2151.218994	2218.718506	2358.599365	2271.964844
Q9Z211	55.61748505	38.99639511	156.980423	53.01361847	233.2995605	121.7206116	270.6705627	190.8500824	112.817009	142.6848297	310.5205994	64.81402588
Q9Z223	563.5842285	322.5014648	319.8705444	436.1425171	730.9677124	539.0906982	501.110199	314.0392456	263.1045227	357.0367432	310.3595276	370.167511
Q9Z224	433.7077637	316.9601135	268.6305847	410.7637634	226.8517914	296.8179626	337.8806458	207.439743	381.6134949	388.3407288	280.5703735	222.8668976
Q9Z239	1531.077637	794.2985229	557.7695313	1340.10376	1142.100342	1999.577148	579.2296753	1431.307007	1341.786377	1229.800659	2730.545898	1243.426147
Q9Z255	0	155.6106415	0	109.8995056	10.08465004	33.14962769	75.43287659	73.80303955	129.9908142	12.86390877	72.77958679	56.77981567
Q9Z266	159.6669922	129.1147003	100.0462952	79.69754028	181.680603	78.52309418	141.5689545	146.4979706	135.5354919	168.410675	76.55580139	85.79294586
Q9Z277	151.2955017	125.6411896	85.05773926	119.0614014	95.037323	180.8771515	152.4893494	96.07019043	130.5027161	113.6756058	83.47192383	111.739624
Q9Z2A5	50.17466354	56.17984772	0	186.4193726	76.93341064	128.4603424	58.81911087	48.4948349	105.680603	0	119.9565659	213.9082031
Q9Z2A7	295.8499756	403.637146	268.9812012	412.2177429	171.9174805	656.7427979	250.9581299	162.6184387	730.7107544	396.8639832	650.3303833	369.5989075
Q9Z2A9	121.7457275	222.9679108	153.6927643	121.7291946	96.91439819	133.3210449	96.20565033	137.7127533	83.43846893	150.0480194	100.2031326	147.0960388
Q9Z2C5	125.0307846	340.6135864	0	213.4800262	231.9548798	182.274765	230.6070862	334.6326294	311.2545471	305.9365234	193.4296265	193.7914734
Q9Z2D6	154.3838043	273.8761902	208.9170227	134.34198	255.2976227	205.2661133	206.8486176	241.2964172	205.0599823	254.1754608	272.3829651	188.4751587
Q9Z2D8	0	0	0	0	38.10654068	72.81008911	0	75.42378235	80.48403168	77.71646881	44.52043152	35.48592377
Q9Z2G6	215.0416718	136.4194031	253.0764313	204.2887115	282.7460632	206.5034637	229.3141632	234.3009796	254.2292328	266.4833679	194.035965	254.2353668
Q9Z2G9	1556.594482	1134.918091	1080.221924	1186.489746	1642.358887	1479.800903	2040.288696	919.0559692	778.5239258	798.7220459	1021.411987	633.1599731
Q9Z2I0	2076.684326	1544.836304	1914.080811	1741.22876	1626.564331	1857.324463	1362.825195	2237.974121	2070.745361	1924.737793	1904.406372	1964.559937
Q9Z2I8	9297.981445	6207.816895	8323.357422	6149.484375	6788.806152	5384.624512	4500.22998	6504.146484	7231.765137	7544.566895	6675.332031	6132.524902
Q9Z2I9	2549.526611	2865.083984	2770.119385	2613.648193	2255.384766	2529.040283	1866.165771	2678.738525	2984.120117	2862.330322	2934.894043	3207.45459
Q9Z2L6	346.8517456	284.7086182	260.9346619	159.1150818	263.5654602	166.9554596	239.9324646	329.1265564	181.3444672	148.1051941	104.9362411	106.9400482
Q9Z2M7	1223.256958	1258.00647	1072.420044	1389.227539	1126.222046	1175.179077	1202.616089	1140.66687	1438.849243	1385.691162	1259.273315	1554.200806
Q9Z2N8	209.3190308	185.0654755	203.7796021	193.3506622	153.4411011	199.1524048	224.6180878	152.6291656	160.9079742	235.2166443	187.6931458	151.0685883
Q9Z2P8	210.6054382	197.9235077	213.6894379	224.2753143	151.8442383	158.4240112	216.1156311	111.4324951	305.7924805	103.185112	140.6853638	35.13062286
Q9Z2Q5	445.2763977	395.2098999	376.0142517	310.3943481	185.2732239	249.5652008	186.5809937	154.4730835	274.5504456	208.9981537	196.1325684	171.3951874
Q9Z2U0	3333.599854	3080.94043	2976.272461	3645.340088	3603.841309	3408.304932	3775.474365	3308.481445	3878.48291	4143.341309	3384.135254	3621.256348
Q9Z2U1	3543.326416	2037.27417	2620.936279	2501.553223	2664.520508	2963.387451	3139.561035	2539.576904	3413.324463	2635.199219	2575.69873	2510.041992
Q9Z2V4	10181.23242	11002.27539	10222.56934	13017.80469	13860.45605	8625.334961	12459.56934	6847.252441	6764.296387	7849.035156	9191.783203	11077.17383
Q9Z2W0	1239.128418	1589.609741	1940.239014	1385.356934	1623.371094	1542.525513	1677.876465	1748.612305	1736.241211	1122.550293	1499.632202	1642.251099
Q9Z2X1	1840.332764	1734.412109	1387.87915	1793.115601	1835.676392	1727.174805	1606.062378	1872.13855	1803.448486	1896.776367	1750.108398	1854.102417
Q9Z2X2	0	15.34284592	19.80250549	61.56192017	76.33016205	27.7725563	43.91869354	27.57831192	18.22962189	45.31718445	21.38799477	25.76584625
Q9Z2Y8	2426.599365	2147.266846	2389.421875	1826.333862	1687.725586	2044.516724	1931.652344	2239.218506	1602.727539	2245.018799	1518.906372	2300.713135
Q9Z2Z6	2348.499268	2408.996338	2689.981934	2370.630615	2749.999512	2898.296143	2669.971436	2203.921631	3193.098145	2544.4729	3013.663818	2540.250977
Q9Z315	18.13572311	52.53194046	49.46997833	49.8964653	11.07746887	44.39305496	0	31.89319992	90.0074234	11.35652161	14.02018833	76.05744171
Q9Z329	30.90188408	62.29322433	54.07962418	37.31873322	44.02702713	57.6485939	30.42630005	38.79686356	77.14937592	34.75238037	44.15165329	58.72127151
